timestamp,voltage,current,temperature,soc,delta_v,cell_v1,cell_v2,cell_v3,cell_v4,cell_v5,cell_v6,cell_v7,cell_v8,ntc1,ntc2,ntc3,ntc4,bluetooth_connected
2026-09-16 13:43:53.480,27.24,0.0,32.3,0.0,0.039,0.089,3.854,3.889,3.874,3.891,3.874,3.893,3.885,32.3,31.6,31.2,31.2,True
2026-09-16 13:43:58.455,27.23,0.0,32.3,0.0,0.039,0.077,3.854,3.889,3.874,3.89,3.874,3.893,3.885,32.3,31.6,31.2,31.2,True
2026-09-16 13:44:01.877,27.22,0.0,32.5,0.0,0.039,0.077,3.854,3.889,3.874,3.89,3.874,3.893,3.885,32.5,31.6,31.4,31.1,True
2026-09-16 13:44:05.219,27.22,0.0,32.5,0.0,0.039,0.071,3.854,3.889,3.874,3.89,3.874,3.893,3.884,32.5,31.6,31.4,31.1,True
2026-09-16 13:44:08.566,27.22,0.0,32.2,0.0,0.039,0.064,3.854,3.889,3.874,3.891,3.874,3.893,3.885,32.2,31.7,31.1,31.3,True
2026-09-16 13:44:11.835,27.22,0.0,32.3,0.0,0.039,0.064,3.854,3.889,3.874,3.891,3.874,3.893,3.885,32.3,31.7,31.2,31.3,True
2026-09-16 13:44:14.899,27.22,0.0,32.3,0.0,0.039,0.062,3.854,3.889,3.874,3.891,3.874,3.893,3.885,32.3,31.7,31.2,31.2,True
2026-09-16 13:44:18.002,27.21,0.0,32.4,0.0,0.039,0.06,3.854,3.889,3.874,3.89,3.874,3.893,3.885,32.4,31.6,31.2,31.3,True
2026-09-16 13:44:21.245,27.21,0.0,32.4,0.0,0.039,0.058,3.854,3.889,3.874,3.89,3.874,3.893,3.885,32.4,31.6,31.2,31.3,True
2026-09-16 13:44:24.308,27.21,0.0,32.5,0.0,0.039,0.058,3.854,3.889,3.874,3.89,3.874,3.893,3.885,32.5,31.6,31.2,31.2,True
2026-09-16 13:44:27.311,27.21,0.0,32.3,0.0,0.039,0.054,3.854,3.889,3.874,3.891,3.874,3.893,3.885,32.3,31.6,31.2,31.2,True
2026-09-16 13:44:30.290,27.21,0.0,32.4,0.0,0.039,0.052,3.854,3.889,3.874,3.89,3.874,3.893,3.885,32.4,31.6,31.2,31.3,True
2026-09-16 13:44:32.861,27.21,0.0,32.4,0.0,0.039,0.05,3.854,3.889,3.874,3.89,3.874,3.893,3.885,32.4,31.7,31.2,31.2,True
2026-09-16 13:44:35.976,27.2,0.0,32.5,0.0,0.039,0.05,3.854,3.889,3.874,3.89,3.874,3.893,3.885,32.5,31.6,31.3,31.2,True
2026-09-16 13:44:40.202,27.2,0.0,32.5,0.0,0.039,0.047,3.854,3.889,3.874,3.89,3.874,3.893,3.885,32.5,31.6,31.3,31.2,True
2026-09-16 13:44:43.722,27.2,0.0,32.5,0.0,0.039,0.047,3.854,3.889,3.874,3.89,3.874,3.893,3.885,32.5,31.6,31.3,31.2,True
2026-09-16 13:44:46.744,27.2,0.0,32.5,0.0,0.039,0.045,3.854,3.889,3.874,3.89,3.874,3.893,3.885,32.5,31.6,31.3,31.2,True
2026-09-16 13:44:49.859,27.2,0.0,32.4,0.0,0.039,0.045,3.854,3.889,3.874,3.89,3.874,3.893,3.885,32.4,31.6,31.3,31.2,True
2026-09-16 13:44:53.298,27.2,0.0,32.5,0.0,0.039,0.042,3.854,3.888,3.874,3.89,3.874,3.893,3.885,32.5,31.6,31.3,31.1,True
2026-09-16 13:44:56.561,27.2,0.0,32.5,0.0,0.039,0.042,3.854,3.888,3.874,3.89,3.874,3.893,3.885,32.5,31.6,31.3,31.1,True
2026-09-16 13:45:00.078,27.19,0.0,32.5,0.0,0.039,0.041,3.854,3.889,3.874,3.89,3.874,3.893,3.885,32.5,31.5,31.3,31.1,True
2026-09-16 13:45:02.776,27.19,0.0,32.5,0.0,0.039,0.039,3.854,3.889,3.874,3.89,3.874,3.893,3.885,32.5,31.6,31.4,31.1,True
2026-09-16 13:45:05.910,27.19,0.0,32.3,0.0,0.039,0.038,3.854,3.889,3.874,3.891,3.874,3.893,3.885,32.3,31.6,31.3,31.2,True
2026-09-16 13:45:09.160,27.19,0.0,32.5,0.0,0.039,0.038,3.854,3.889,3.874,3.891,3.874,3.893,3.885,32.5,31.5,31.4,31.2,True
2026-09-16 13:45:12.454,27.19,0.0,32.5,0.0,0.04,0.037,3.853,3.889,3.874,3.89,3.874,3.893,3.885,32.5,31.7,31.2,31.3,True
2026-09-16 13:45:15.862,27.19,0.0,32.5,0.0,0.039,0.036,3.854,3.889,3.874,3.89,3.874,3.893,3.885,32.5,31.7,31.2,31.3,True
2026-09-16 13:45:19.161,27.19,0.0,32.5,0.0,0.039,0.036,3.854,3.889,3.873,3.89,3.874,3.893,3.885,32.5,31.7,31.2,31.2,True
2026-09-16 13:45:22.711,27.19,0.0,32.5,0.0,0.039,0.034,3.854,3.889,3.874,3.89,3.874,3.893,3.885,32.5,31.6,31.2,31.2,True
2026-09-16 13:45:26.216,27.19,0.0,32.5,0.0,0.039,0.034,3.854,3.889,3.874,3.89,3.874,3.893,3.885,32.5,31.6,31.2,31.2,True
2026-09-16 13:45:28.748,27.19,0.0,32.6,0.0,0.039,0.033,3.854,3.889,3.874,3.89,3.874,3.893,3.885,32.6,31.6,31.3,31.1,True
2026-09-16 13:45:31.668,27.19,0.0,32.5,0.0,0.039,0.032,3.854,3.889,3.874,3.89,3.874,3.893,3.885,32.5,31.6,31.2,31.2,True
2026-09-16 13:45:34.987,27.19,0.0,32.5,0.0,0.039,0.032,3.854,3.889,3.874,3.89,3.874,3.893,3.885,32.5,31.6,31.2,31.2,True
2026-09-16 13:45:38.283,27.19,0.0,32.5,0.0,0.039,0.03,3.854,3.889,3.874,3.89,3.874,3.893,3.885,32.5,31.5,31.3,31.1,True
2026-09-16 13:45:41.624,27.19,0.0,32.5,0.0,0.039,0.03,3.854,3.889,3.874,3.89,3.874,3.893,3.885,32.5,31.5,31.3,31.1,True
2026-09-16 13:45:44.764,27.18,0.0,32.5,0.0,0.039,0.03,3.854,3.889,3.874,3.89,3.874,3.893,3.885,32.5,31.7,31.3,31.2,True
2026-09-16 13:45:48.133,27.18,0.0,32.5,0.0,0.04,0.029,3.853,3.889,3.874,3.89,3.874,3.893,3.885,32.5,31.6,31.3,31.1,True
2026-09-16 13:45:51.545,27.18,0.0,32.5,0.0,0.039,0.029,3.854,3.889,3.873,3.89,3.874,3.893,3.885,32.5,31.6,31.3,31.1,True
2026-09-16 13:45:54.629,27.18,0.0,32.7,0.0,0.04,0.027,3.853,3.889,3.874,3.89,3.874,3.893,3.885,32.7,31.5,31.3,31.1,True
2026-09-16 13:45:58.129,27.18,0.0,32.5,0.0,0.04,0.027,3.853,3.889,3.874,3.89,3.874,3.893,3.885,32.5,31.6,31.3,31.2,True
2026-09-16 13:46:01.857,27.18,0.0,32.5,0.0,0.039,0.027,3.854,3.889,3.874,3.89,3.873,3.893,3.885,32.5,31.6,31.3,31.1,True
2026-09-16 13:46:05.174,27.18,0.0,32.5,0.0,0.039,0.026,3.854,3.889,3.874,3.89,3.874,3.893,3.885,32.5,31.6,31.3,31.1,True
2026-09-16 13:46:08.047,27.18,0.0,32.5,0.0,0.039,0.026,3.854,3.889,3.874,3.89,3.874,3.893,3.885,32.5,31.6,31.3,31.2,True
2026-09-16 13:46:10.756,27.18,0.0,32.5,0.0,0.039,0.025,3.854,3.889,3.874,3.89,3.874,3.893,3.885,32.5,31.6,31.3,31.2,True
2026-09-16 13:46:14.840,27.18,0.0,32.5,0.0,0.04,0.024,3.853,3.889,3.874,3.89,3.874,3.893,3.885,32.5,31.6,31.3,31.1,True
2026-09-16 13:46:18.685,27.18,0.0,32.5,0.0,0.04,0.024,3.853,3.889,3.874,3.89,3.874,3.893,3.885,32.5,31.6,31.3,31.1,True
2026-09-16 13:46:21.686,27.18,0.0,32.5,0.0,0.04,0.022,3.853,3.889,3.874,3.89,3.874,3.893,3.885,32.5,31.7,31.2,31.2,True
2026-09-16 13:46:24.228,27.18,0.0,32.6,0.0,0.04,0.022,3.853,3.889,3.874,3.89,3.874,3.893,3.885,32.6,31.5,31.4,31.1,True
2026-09-16 13:46:26.974,27.18,0.0,32.5,0.0,0.04,0.022,3.853,3.888,3.874,3.89,3.874,3.893,3.885,32.5,31.7,31.3,31.2,True
2026-09-16 13:46:29.649,27.18,0.0,32.5,0.0,0.04,0.022,3.853,3.888,3.874,3.89,3.874,3.893,3.885,32.5,31.7,31.3,31.2,True
2026-09-16 13:46:32.233,27.17,0.0,32.6,0.0,0.04,0.021,3.853,3.889,3.874,3.89,3.874,3.893,3.885,32.6,31.6,31.2,31.2,True
2026-09-16 13:46:35.130,27.17,0.0,32.6,0.0,0.039,0.021,3.854,3.889,3.874,3.89,3.874,3.893,3.884,32.6,31.6,31.2,31.2,True
2026-09-16 13:46:37.547,27.17,0.0,32.5,0.0,0.04,0.02,3.853,3.889,3.874,3.89,3.873,3.893,3.885,32.5,31.6,31.2,31.2,True
2026-09-16 13:46:41.229,27.17,0.0,32.5,0.0,0.04,0.02,3.853,3.889,3.874,3.89,3.873,3.893,3.885,32.5,31.6,31.2,31.2,True
2026-09-16 13:46:44.328,27.17,0.0,32.6,0.0,0.04,0.02,3.853,3.889,3.874,3.89,3.874,3.893,3.885,32.6,31.6,31.2,31.2,True
2026-09-16 13:46:47.643,27.17,0.0,32.5,0.0,0.039,0.02,3.854,3.889,3.874,3.89,3.874,3.893,3.885,32.5,31.7,31.2,31.2,True
2026-09-16 13:46:51.144,27.17,0.0,32.5,0.0,0.04,0.018,3.853,3.889,3.874,3.89,3.873,3.893,3.885,32.5,31.7,31.2,31.2,True
2026-09-16 13:46:54.772,27.17,0.0,32.5,0.0,0.04,0.018,3.853,3.889,3.874,3.89,3.873,3.893,3.885,32.5,31.7,31.3,31.2,True
2026-09-16 13:46:58.112,27.17,0.0,32.5,0.0,0.04,0.017,3.853,3.889,3.874,3.89,3.874,3.893,3.884,32.5,31.7,31.3,31.2,True
2026-09-16 13:47:01.771,27.17,0.0,32.5,0.0,0.039,0.017,3.854,3.889,3.874,3.89,3.873,3.893,3.885,32.5,31.6,31.2,31.2,True
2026-09-16 13:47:05.518,27.17,0.0,32.6,0.0,0.039,0.017,3.854,3.888,3.874,3.89,3.874,3.893,3.885,32.6,31.6,31.3,31.2,True
2026-09-16 13:47:08.205,27.17,0.0,32.6,0.0,0.039,0.016,3.854,3.888,3.874,3.89,3.874,3.893,3.885,32.6,31.6,31.2,31.2,True
2026-09-16 13:47:11.207,27.17,0.0,32.6,0.0,0.039,0.016,3.854,3.888,3.874,3.89,3.874,3.893,3.885,32.6,31.6,31.2,31.2,True
2026-09-16 13:47:14.199,27.17,0.0,32.6,0.0,0.039,0.016,3.854,3.889,3.874,3.89,3.874,3.893,3.884,32.6,31.6,31.2,31.2,True
2026-09-16 13:47:16.599,27.17,0.0,32.5,0.0,0.04,0.015,3.853,3.888,3.874,3.89,3.874,3.893,3.885,32.5,31.7,31.2,31.2,True
2026-09-16 13:47:20.170,27.17,0.0,32.7,0.0,0.04,0.015,3.853,3.888,3.874,3.89,3.874,3.893,3.885,32.7,31.5,31.3,31.2,True
2026-09-16 13:47:23.555,27.17,0.0,32.5,0.0,0.04,0.015,3.853,3.889,3.874,3.89,3.874,3.893,3.885,32.5,31.7,31.2,31.3,True
2026-09-16 13:47:26.870,27.17,0.0,32.6,0.0,0.04,0.015,3.853,3.889,3.874,3.89,3.874,3.893,3.885,32.6,31.7,31.2,31.2,True
2026-09-16 13:47:30.504,27.17,0.0,32.6,0.0,0.039,0.013,3.854,3.889,3.874,3.89,3.874,3.893,3.885,32.6,31.7,31.2,31.2,True
2026-09-16 13:47:34.136,27.17,0.0,32.6,0.0,0.04,0.013,3.853,3.889,3.874,3.89,3.874,3.893,3.885,32.6,31.7,31.2,31.2,True
2026-09-16 13:47:37.478,27.16,0.0,32.6,0.0,0.04,0.013,3.853,3.889,3.874,3.89,3.874,3.893,3.885,32.6,31.6,31.3,31.1,True
2026-09-16 13:47:40.612,27.16,0.0,32.6,0.0,0.04,0.013,3.853,3.888,3.874,3.89,3.874,3.893,3.884,32.6,31.6,31.2,31.2,True
2026-09-16 13:47:44.340,27.16,0.0,32.5,0.0,0.04,0.012,3.853,3.889,3.874,3.89,3.873,3.893,3.884,32.5,31.7,31.2,31.2,True
2026-09-16 13:47:47.670,27.17,0.0,32.5,0.0,0.039,0.012,3.854,3.889,3.874,3.891,3.874,3.893,3.884,32.5,31.8,31.2,31.3,True
2026-09-16 13:47:50.673,27.16,0.0,32.6,0.0,0.039,0.012,3.854,3.889,3.874,3.891,3.874,3.893,3.884,32.6,31.6,31.2,31.2,True
2026-09-16 13:47:53.856,27.16,0.0,32.6,0.0,0.04,0.011,3.853,3.889,3.874,3.89,3.874,3.893,3.885,32.6,31.6,31.2,31.2,True
2026-09-16 13:47:57.235,27.16,0.0,32.5,0.0,0.039,0.011,3.854,3.889,3.874,3.89,3.874,3.893,3.885,32.5,31.7,31.2,31.2,True
2026-09-16 13:48:00.596,27.17,0.0,32.6,0.0,0.039,0.011,3.854,3.889,3.874,3.89,3.873,3.893,3.885,32.6,31.6,31.3,31.2,True
2026-09-16 13:48:03.246,27.16,0.0,32.6,0.0,0.04,0.011,3.853,3.889,3.874,3.89,3.874,3.893,3.885,32.6,31.6,31.2,31.2,True
2026-09-16 13:48:05.959,27.16,0.0,32.6,0.0,0.04,0.01,3.853,3.888,3.874,3.89,3.874,3.893,3.885,32.6,31.7,31.2,31.2,True
2026-09-16 13:48:08.853,27.16,0.0,32.6,0.0,0.04,0.01,3.853,3.888,3.874,3.89,3.874,3.893,3.885,32.6,31.6,31.3,31.1,True
2026-09-16 13:48:11.768,27.16,0.0,32.7,0.0,0.04,0.01,3.853,3.889,3.874,3.89,3.874,3.893,3.884,32.7,31.5,31.4,31.1,True
2026-09-16 13:48:16.189,27.16,0.0,32.5,0.0,0.04,0.009,3.853,3.889,3.874,3.89,3.874,3.893,3.885,32.5,31.7,31.2,31.2,True
2026-09-16 13:48:19.843,27.16,0.0,32.5,0.0,0.04,0.009,3.853,3.889,3.874,3.89,3.874,3.893,3.885,32.5,31.7,31.2,31.2,True
2026-09-16 13:48:23.234,27.16,0.0,32.5,0.0,0.04,0.009,3.853,3.889,3.874,3.89,3.874,3.893,3.885,32.5,31.6,31.2,31.2,True
2026-09-16 13:48:26.418,27.16,0.0,32.5,0.0,0.04,0.009,3.853,3.889,3.874,3.89,3.874,3.893,3.885,32.5,31.7,31.2,31.3,True
2026-09-16 13:48:30.371,27.16,0.0,32.6,0.0,0.039,0.008,3.853,3.888,3.874,3.89,3.874,3.892,3.885,32.6,31.6,31.3,31.1,True
2026-09-16 13:48:33.686,27.16,0.0,32.5,0.0,0.04,0.008,3.853,3.888,3.874,3.89,3.873,3.893,3.885,32.5,31.6,31.3,31.2,True
2026-09-16 13:48:37.609,27.16,0.0,32.5,0.0,0.04,0.008,3.853,3.888,3.874,3.89,3.873,3.893,3.885,32.5,31.7,31.2,31.2,True
2026-09-16 13:48:41.209,27.16,0.0,32.5,0.0,0.04,0.007,3.853,3.889,3.874,3.89,3.874,3.893,3.884,32.5,31.7,31.2,31.1,True
2026-09-16 13:48:44.809,27.16,0.0,32.5,0.0,0.04,0.007,3.853,3.888,3.874,3.89,3.874,3.893,3.885,32.5,31.7,31.2,31.1,True
2026-09-16 13:48:48.024,27.16,0.0,32.7,0.0,0.04,0.007,3.853,3.888,3.874,3.89,3.874,3.893,3.885,32.7,31.6,31.3,31.2,True
2026-09-16 13:48:51.320,27.16,0.0,32.7,0.0,0.04,0.007,3.853,3.888,3.874,3.89,3.874,3.893,3.885,32.7,31.6,31.3,31.2,True
2026-09-16 13:48:54.840,27.16,0.0,32.6,0.0,0.04,0.006,3.853,3.889,3.873,3.89,3.874,3.893,3.885,32.6,31.6,31.2,31.2,True
2026-09-16 13:48:58.568,27.16,0.0,32.6,0.0,0.04,0.006,3.853,3.889,3.873,3.89,3.874,3.893,3.885,32.6,31.6,31.2,31.2,True
2026-09-16 13:49:01.865,27.16,0.0,32.7,0.0,0.04,0.006,3.853,3.889,3.873,3.89,3.874,3.893,3.885,32.7,31.6,31.3,31.1,True
2026-09-16 13:49:05.333,27.16,0.0,32.5,0.0,0.04,0.006,3.853,3.889,3.873,3.89,3.874,3.893,3.885,32.5,31.7,31.1,31.3,True
2026-09-16 13:49:08.998,27.16,0.0,32.5,0.0,0.04,0.005,3.853,3.889,3.874,3.89,3.874,3.893,3.885,32.5,31.7,31.1,31.3,True
2026-09-16 13:49:12.610,27.16,0.0,32.5,0.0,0.04,0.005,3.853,3.889,3.874,3.89,3.874,3.893,3.885,32.5,31.7,31.1,31.3,True
2026-09-16 13:49:16.337,27.16,0.0,32.7,0.0,0.04,0.005,3.853,3.889,3.874,3.89,3.874,3.893,3.885,32.7,31.5,31.4,31.1,True
2026-09-16 13:49:19.234,27.16,0.0,32.6,0.0,0.04,0.004,3.853,3.888,3.874,3.89,3.874,3.893,3.884,32.6,31.7,31.2,31.2,True
2026-09-16 13:49:22.038,27.16,0.0,32.6,0.0,0.04,0.004,3.853,3.888,3.874,3.89,3.874,3.893,3.884,32.6,31.7,31.2,31.2,True
2026-09-16 13:49:25.238,27.16,0.0,32.6,0.0,0.04,0.004,3.853,3.888,3.874,3.89,3.874,3.893,3.884,32.6,31.7,31.2,31.2,True
2026-09-16 13:49:28.705,27.16,0.0,32.6,0.0,0.04,0.004,3.853,3.888,3.874,3.89,3.874,3.893,3.884,32.6,31.6,31.2,31.2,True
2026-09-16 13:49:32.824,27.16,0.0,32.7,0.0,0.04,0.004,3.853,3.888,3.874,3.89,3.874,3.893,3.884,32.7,31.6,31.2,31.2,True
2026-09-16 13:49:36.340,27.16,0.0,32.7,0.0,0.04,0.003,3.853,3.889,3.874,3.89,3.874,3.893,3.884,32.7,31.6,31.2,31.2,True
2026-09-16 13:49:39.806,27.15,0.0,32.7,0.0,0.04,0.003,3.853,3.889,3.874,3.89,3.874,3.893,3.884,32.7,31.6,31.3,31.1,True
2026-09-16 13:49:43.219,27.15,0.0,32.7,0.0,0.04,0.002,3.853,3.889,3.874,3.89,3.874,3.893,3.884,32.7,31.6,31.3,31.1,True
2026-09-16 13:49:46.624,27.16,0.0,32.7,0.0,0.04,0.002,3.853,3.889,3.874,3.89,3.874,3.893,3.884,32.7,31.6,31.3,31.1,True
2026-09-16 13:49:49.966,27.15,0.0,32.7,0.0,0.04,0.002,3.853,3.889,3.874,3.89,3.874,3.893,3.885,32.7,31.7,31.1,31.3,True
2026-09-16 13:49:53.235,27.15,0.0,32.6,0.0,0.04,0.002,3.853,3.889,3.874,3.89,3.874,3.893,3.885,32.6,31.7,31.1,31.2,True
2026-09-16 13:49:59.465,27.15,0.0,32.6,0.0,0.04,0.001,3.853,3.889,3.874,3.89,3.873,3.893,3.884,32.6,31.7,31.1,31.2,True
2026-09-16 13:50:02.654,27.15,0.0,32.6,0.0,0.04,0.001,3.853,3.889,3.874,3.89,3.874,3.893,3.884,32.6,31.7,31.1,31.2,True
2026-09-16 13:50:06.081,27.15,0.0,32.6,0.0,0.04,0.0,3.853,3.889,3.873,3.89,3.874,3.893,3.884,32.6,31.6,31.3,31.1,True
2026-09-16 13:50:09.439,27.15,0.0,32.6,0.0,0.04,0.0,3.853,3.889,3.873,3.89,3.874,3.893,3.884,32.6,31.6,31.3,31.1,True
2026-09-16 13:50:12.937,27.15,0.0,32.6,0.0,0.04,0.0,3.853,3.889,3.873,3.89,3.874,3.893,3.884,32.6,31.6,31.3,31.1,True
2026-09-16 13:50:16.283,27.15,0.0,32.6,0.0,0.041,0.0,3.852,3.888,3.874,3.89,3.873,3.893,3.884,32.6,31.6,31.3,31.1,True
2026-09-16 13:50:19.758,27.15,0.0,32.5,0.0,0.041,0.0,3.852,3.889,3.874,3.89,3.874,3.893,3.884,32.5,31.7,31.1,31.2,True
2026-09-16 13:50:23.222,27.15,0.0,32.6,0.0,0.04,0.0,3.853,3.888,3.874,3.89,3.874,3.893,3.884,32.6,31.6,31.2,31.2,True
2026-09-16 13:50:26.581,27.15,0.0,32.6,0.0,0.04,0.0,3.853,3.888,3.874,3.89,3.874,3.893,3.884,32.6,31.6,31.2,31.2,True
2026-09-16 13:50:29.749,27.15,0.0,32.6,0.0,0.04,0.0,3.853,3.888,3.874,3.89,3.874,3.893,3.884,32.6,31.7,31.0,31.2,True
2026-09-16 13:50:33.431,27.15,0.0,32.6,0.0,0.04,0.0,3.853,3.888,3.874,3.89,3.874,3.893,3.884,32.6,31.7,31.0,31.2,True
2026-09-16 13:50:37.181,27.15,0.0,32.6,0.0,0.04,0.0,3.853,3.889,3.874,3.89,3.874,3.893,3.885,32.6,31.6,31.1,31.2,True
2026-09-16 13:50:40.892,27.15,0.0,32.6,0.0,0.04,0.0,3.853,3.889,3.874,3.89,3.874,3.893,3.885,32.6,31.6,31.1,31.2,True
2026-09-16 13:50:44.778,27.15,0.0,32.7,0.0,0.04,0.0,3.853,3.889,3.874,3.89,3.874,3.893,3.884,32.7,31.6,31.1,31.2,True
2026-09-16 13:50:48.513,27.15,0.0,32.7,0.0,0.04,0.0,3.853,3.889,3.874,3.89,3.874,3.893,3.884,32.7,31.6,31.1,31.2,True
2026-09-16 13:50:52.025,27.15,0.0,32.7,0.0,0.04,0.0,3.853,3.889,3.874,3.89,3.874,3.893,3.884,32.7,31.6,31.2,31.2,True
2026-09-16 13:50:54.511,27.15,0.0,32.7,0.0,0.04,0.0,3.853,3.888,3.874,3.89,3.874,3.893,3.884,32.7,31.6,31.2,31.2,True
2026-09-16 13:50:57.822,27.15,0.0,32.7,0.0,0.04,0.0,3.853,3.888,3.873,3.89,3.874,3.893,3.884,32.7,31.5,31.2,31.1,True
2026-09-16 13:51:01.389,27.15,0.0,32.7,0.0,0.04,0.0,3.853,3.888,3.874,3.89,3.873,3.893,3.885,32.7,31.5,31.2,31.1,True
2026-09-16 13:51:04.850,27.15,0.0,32.7,0.0,0.04,0.0,3.853,3.888,3.874,3.89,3.873,3.893,3.885,32.7,31.5,31.2,31.1,True
2026-09-16 13:51:08.437,27.15,0.0,32.6,0.0,0.04,0.0,3.853,3.888,3.874,3.89,3.873,3.893,3.885,32.6,31.6,31.1,31.2,True
2026-09-16 13:51:12.387,27.15,0.0,32.6,0.0,0.04,0.0,3.853,3.889,3.874,3.89,3.873,3.893,3.884,32.6,31.6,31.1,31.2,True
2026-09-16 13:51:15.811,27.15,0.0,32.8,0.0,0.04,0.0,3.853,3.889,3.874,3.89,3.874,3.893,3.884,32.8,31.7,31.1,31.2,True
2026-09-16 13:51:19.285,27.15,0.0,32.6,0.0,0.041,0.0,3.852,3.888,3.874,3.89,3.873,3.893,3.884,32.6,31.6,31.1,31.3,True
2026-09-16 13:51:22.595,27.15,0.0,32.5,0.0,0.041,0.0,3.852,3.888,3.874,3.89,3.873,3.893,3.884,32.5,31.7,31.2,31.2,True
2026-09-16 13:51:25.909,27.15,0.0,32.5,0.0,0.04,0.0,3.853,3.888,3.874,3.89,3.874,3.893,3.885,32.5,31.7,31.2,31.2,True
2026-09-16 13:51:29.240,27.15,0.0,32.6,0.0,0.04,0.0,3.853,3.888,3.874,3.89,3.874,3.893,3.885,32.6,31.6,31.2,31.2,True
2026-09-16 13:51:32.535,27.15,0.0,32.5,0.0,0.04,0.0,3.853,3.889,3.874,3.89,3.874,3.893,3.885,32.5,31.7,31.1,31.3,True
2026-09-16 13:51:35.847,27.15,0.0,32.6,0.0,0.04,0.0,3.853,3.889,3.874,3.89,3.874,3.893,3.885,32.6,31.6,31.2,31.1,True
2026-09-16 13:51:39.174,27.15,0.0,32.6,0.0,0.04,0.0,3.853,3.888,3.874,3.89,3.874,3.893,3.884,32.6,31.7,31.1,31.2,True
2026-09-16 13:51:42.646,27.15,0.0,32.7,0.0,0.04,0.0,3.853,3.889,3.873,3.89,3.874,3.893,3.885,32.7,31.6,31.2,31.2,True
2026-09-16 13:51:45.927,27.15,0.0,32.6,0.0,0.04,0.0,3.853,3.889,3.874,3.89,3.873,3.893,3.885,32.6,31.6,31.2,31.2,True
2026-09-16 13:51:49.434,27.15,0.0,32.6,0.0,0.04,0.0,3.853,3.889,3.874,3.89,3.873,3.893,3.885,32.6,31.7,31.1,31.2,True
2026-09-16 13:51:52.948,27.15,0.0,32.5,0.0,0.04,0.0,3.853,3.889,3.874,3.889,3.873,3.893,3.884,32.5,31.7,31.2,31.2,True
2026-09-16 13:51:56.375,27.15,0.0,32.5,0.0,0.04,0.0,3.853,3.889,3.874,3.89,3.873,3.893,3.885,32.5,31.7,31.2,31.2,True
2026-09-16 13:52:00.442,27.15,0.0,32.6,0.0,0.04,0.0,3.853,3.888,3.874,3.89,3.874,3.893,3.885,32.6,31.7,31.2,31.2,True
2026-09-16 13:52:03.709,27.15,0.0,32.7,0.0,0.04,0.0,3.853,3.888,3.874,3.89,3.874,3.893,3.885,32.7,31.5,31.3,31.1,True
2026-09-16 13:52:07.190,27.15,0.0,32.7,0.0,0.04,0.0,3.853,3.888,3.873,3.89,3.873,3.893,3.884,32.7,31.5,31.3,31.1,True
2026-09-16 13:52:10.520,27.15,0.0,32.6,0.0,0.04,0.0,3.853,3.888,3.873,3.89,3.873,3.893,3.884,32.6,31.7,31.1,31.2,True
2026-09-16 13:52:13.861,27.15,0.0,32.6,0.0,0.04,0.0,3.853,3.889,3.874,3.89,3.873,3.893,3.884,32.6,31.6,31.1,31.1,True
2026-09-16 13:52:17.574,27.15,0.0,32.6,0.0,0.04,0.0,3.853,3.889,3.874,3.89,3.873,3.893,3.884,32.6,31.6,31.1,31.1,True
2026-09-16 13:52:21.077,27.15,0.0,32.6,0.0,0.04,0.0,3.853,3.889,3.874,3.89,3.873,3.893,3.884,32.6,31.6,31.1,31.2,True
2026-09-16 13:52:24.724,27.15,0.0,32.7,0.0,0.04,0.0,3.853,3.888,3.874,3.89,3.874,3.893,3.884,32.7,31.7,31.0,31.3,True
2026-09-16 13:52:28.370,27.15,0.0,32.7,0.0,0.04,0.0,3.853,3.888,3.874,3.89,3.874,3.893,3.884,32.7,31.7,31.0,31.3,True
2026-09-16 13:52:31.575,27.15,0.0,32.6,0.0,0.04,0.0,3.853,3.888,3.874,3.89,3.874,3.893,3.884,32.6,31.7,31.1,31.2,True
2026-09-16 13:52:35.074,27.15,0.0,32.6,0.0,0.041,0.0,3.852,3.888,3.874,3.891,3.874,3.893,3.885,32.6,31.7,31.1,31.2,True
2026-09-16 13:52:38.462,27.15,0.0,32.6,0.0,0.04,0.0,3.853,3.889,3.874,3.89,3.873,3.893,3.884,32.6,31.7,31.1,31.2,True
2026-09-16 13:52:41.760,27.15,0.0,32.6,0.0,0.04,0.0,3.853,3.888,3.874,3.89,3.873,3.893,3.884,32.6,31.6,31.1,31.2,True
2026-09-16 13:52:45.339,27.15,0.0,32.7,0.0,0.04,0.0,3.853,3.888,3.874,3.89,3.873,3.893,3.884,32.7,31.6,31.2,31.2,True
2026-09-16 13:52:48.689,27.15,0.0,32.7,0.0,0.04,0.0,3.853,3.888,3.874,3.89,3.873,3.893,3.884,32.7,31.7,31.1,31.2,True
2026-09-16 13:52:51.955,27.15,0.0,32.7,0.0,0.04,0.0,3.853,3.888,3.874,3.89,3.874,3.893,3.884,32.7,31.6,31.3,31.2,True
2026-09-16 13:52:55.198,27.15,0.0,32.7,0.0,0.04,0.0,3.853,3.888,3.874,3.89,3.874,3.893,3.885,32.7,31.6,31.3,31.2,True
2026-09-16 13:52:58.465,27.15,0.0,32.7,0.0,0.04,0.0,3.853,3.888,3.874,3.89,3.874,3.893,3.884,32.7,31.6,31.3,31.2,True
2026-09-16 13:53:01.876,27.15,0.0,32.7,0.0,0.04,0.0,3.853,3.888,3.874,3.89,3.874,3.893,3.884,32.7,31.6,31.1,31.3,True
2026-09-16 13:53:05.714,27.15,0.0,32.7,0.0,0.04,0.0,3.853,3.888,3.874,3.89,3.874,3.893,3.884,32.7,31.6,31.2,31.1,True
2026-09-16 13:53:09.272,27.15,0.0,32.6,0.0,0.04,0.0,3.853,3.888,3.874,3.89,3.874,3.893,3.884,32.6,31.7,31.1,31.2,True
2026-09-16 13:53:12.672,27.15,0.0,32.7,0.0,0.04,0.0,3.853,3.888,3.874,3.89,3.873,3.893,3.884,32.7,31.6,31.1,31.2,True
2026-09-16 13:53:16.096,27.15,0.0,32.7,0.0,0.04,0.0,3.853,3.888,3.874,3.89,3.873,3.893,3.884,32.7,31.6,31.1,31.2,True
2026-09-16 13:53:19.482,27.15,0.0,32.6,0.0,0.04,0.0,3.853,3.888,3.874,3.89,3.873,3.893,3.884,32.6,31.7,31.2,31.2,True
2026-09-16 13:53:23.047,27.15,0.0,32.6,0.0,0.04,0.0,3.853,3.888,3.874,3.89,3.873,3.893,3.884,32.6,31.7,31.1,31.3,True
2026-09-16 13:53:26.276,27.15,0.0,32.7,0.0,0.041,0.0,3.852,3.888,3.874,3.89,3.873,3.893,3.885,32.7,31.6,31.3,31.1,True
2026-09-16 13:53:29.966,27.15,0.0,32.7,0.0,0.041,0.0,3.852,3.888,3.874,3.89,3.873,3.893,3.885,32.7,31.6,31.3,31.1,True
2026-09-16 13:53:33.783,27.15,0.0,32.5,0.0,0.04,0.0,3.853,3.888,3.874,3.89,3.873,3.893,3.884,32.5,31.8,31.1,31.3,True
2026-09-16 13:53:37.435,27.15,0.0,32.7,0.0,0.039,0.0,3.853,3.889,3.873,3.89,3.873,3.892,3.884,32.7,31.6,31.3,31.2,True
2026-09-16 13:53:40.820,27.15,0.0,32.7,0.0,0.039,0.0,3.853,3.889,3.873,3.89,3.873,3.892,3.884,32.7,31.6,31.3,31.1,True
2026-09-16 13:53:44.094,27.15,0.0,32.7,0.0,0.041,0.0,3.852,3.888,3.873,3.89,3.873,3.893,3.884,32.7,31.6,31.3,31.1,True
2026-09-16 13:53:47.390,27.15,0.0,32.6,0.0,0.04,0.0,3.853,3.888,3.874,3.89,3.873,3.893,3.884,32.6,31.7,31.1,31.3,True
2026-09-16 13:53:50.721,27.15,0.0,32.7,0.0,0.04,0.0,3.853,3.888,3.874,3.89,3.873,3.893,3.884,32.7,31.6,31.2,31.2,True
2026-09-16 13:53:54.612,27.15,0.0,32.7,0.0,0.04,0.0,3.853,3.888,3.874,3.89,3.873,3.893,3.885,32.7,31.6,31.2,31.2,True
2026-09-16 13:53:58.005,27.15,0.0,32.7,0.0,0.041,0.0,3.852,3.889,3.873,3.89,3.874,3.893,3.884,32.7,31.6,31.2,31.2,True
2026-09-16 13:54:01.522,27.15,0.0,32.6,0.0,0.04,0.0,3.853,3.889,3.873,3.89,3.873,3.893,3.884,32.6,31.7,31.1,31.4,True
2026-09-16 13:54:04.823,27.15,0.0,32.7,0.0,0.041,0.0,3.852,3.889,3.874,3.89,3.874,3.893,3.884,32.7,31.6,31.2,31.2,True
2026-09-16 13:54:08.203,27.15,0.0,32.7,0.0,0.04,0.0,3.853,3.889,3.873,3.89,3.873,3.893,3.885,32.7,31.6,31.2,31.1,True
2026-09-16 13:54:11.486,27.15,0.0,32.6,0.0,0.041,0.0,3.852,3.888,3.873,3.89,3.873,3.893,3.884,32.6,31.7,31.1,31.3,True
2026-09-16 13:54:14.869,27.15,0.0,32.6,0.0,0.04,0.0,3.853,3.888,3.874,3.89,3.873,3.893,3.884,32.6,31.6,31.2,31.2,True
2026-09-16 13:54:18.338,27.15,0.0,32.6,0.0,0.04,0.0,3.853,3.888,3.874,3.89,3.873,3.893,3.884,32.6,31.7,31.1,31.3,True
2026-09-16 13:54:21.717,27.15,0.0,32.6,0.0,0.04,0.0,3.853,3.888,3.874,3.89,3.873,3.893,3.885,32.6,31.7,31.2,31.2,True
2026-09-16 13:54:25.186,27.15,0.0,32.7,0.0,0.04,0.0,3.853,3.889,3.874,3.89,3.874,3.893,3.884,32.7,31.5,31.3,31.2,True
2026-09-16 13:54:28.567,27.15,0.0,32.6,0.0,0.041,0.0,3.852,3.888,3.873,3.89,3.873,3.893,3.885,32.6,31.6,31.3,31.2,True
2026-09-16 13:54:32.154,27.15,0.0,32.7,0.0,0.04,0.0,3.853,3.889,3.873,3.89,3.873,3.893,3.884,32.7,31.6,31.2,31.2,True
2026-09-16 13:54:35.545,27.15,0.0,32.7,0.0,0.04,0.0,3.853,3.888,3.873,3.89,3.873,3.893,3.884,32.7,31.6,31.2,31.2,True
2026-09-16 13:54:38.817,27.15,0.0,32.6,0.0,0.04,0.0,3.853,3.889,3.874,3.89,3.873,3.893,3.884,32.6,31.7,31.2,31.2,True
2026-09-16 13:54:42.204,27.15,0.0,32.7,0.0,0.041,0.0,3.852,3.888,3.873,3.89,3.873,3.893,3.884,32.7,31.6,31.3,31.1,True
2026-09-16 13:54:45.711,27.15,0.0,32.7,0.0,0.041,0.0,3.852,3.888,3.874,3.89,3.873,3.893,3.884,32.7,31.7,31.2,31.2,True
2026-09-16 13:54:48.952,27.15,0.0,32.7,0.0,0.041,0.0,3.852,3.888,3.874,3.89,3.873,3.893,3.884,32.7,31.7,31.2,31.2,True
2026-09-16 13:54:52.278,27.15,0.0,32.7,0.0,0.041,0.0,3.852,3.888,3.874,3.89,3.873,3.893,3.884,32.7,31.6,31.3,31.1,True
2026-09-16 13:54:55.614,27.15,0.0,32.7,0.0,0.04,0.0,3.853,3.888,3.874,3.89,3.874,3.893,3.884,32.7,31.7,31.2,31.1,True
2026-09-16 13:54:58.985,27.15,0.0,32.6,0.0,0.04,0.0,3.853,3.888,3.874,3.89,3.874,3.893,3.884,32.6,31.7,31.1,31.3,True
2026-09-16 13:55:02.300,27.15,0.0,32.7,0.0,0.04,0.0,3.853,3.889,3.873,3.89,3.873,3.893,3.885,32.7,31.7,31.2,31.2,True
2026-09-16 13:55:05.736,27.15,0.0,32.6,0.0,0.04,0.0,3.853,3.888,3.874,3.89,3.873,3.893,3.884,32.6,31.8,31.2,31.2,True
2026-09-16 13:55:09.110,27.15,0.0,32.7,0.0,0.04,0.0,3.853,3.888,3.874,3.89,3.873,3.893,3.884,32.7,31.7,31.1,31.2,True
2026-09-16 13:55:12.611,27.15,0.0,32.7,0.0,0.04,0.0,3.853,3.888,3.874,3.89,3.873,3.893,3.884,32.7,31.6,31.2,31.1,True
2026-09-16 13:55:16.089,27.15,0.0,32.7,0.0,0.04,0.0,3.853,3.888,3.873,3.89,3.873,3.893,3.884,32.7,31.6,31.2,31.1,True
2026-09-16 13:55:19.503,27.15,0.0,32.7,0.0,0.04,0.0,3.852,3.888,3.873,3.89,3.873,3.892,3.884,32.7,31.5,31.4,31.2,True
2026-09-16 13:55:22.938,27.15,0.0,32.7,0.0,0.04,0.0,3.852,3.888,3.873,3.89,3.873,3.892,3.884,32.7,31.6,31.2,31.2,True
2026-09-16 13:55:26.219,27.15,0.0,32.7,0.0,0.04,0.0,3.852,3.888,3.873,3.89,3.873,3.892,3.884,32.7,31.7,31.2,31.2,True
2026-09-16 13:55:29.584,27.15,0.0,32.6,0.0,0.04,0.0,3.852,3.888,3.873,3.89,3.873,3.892,3.884,32.6,31.7,31.1,31.2,True
2026-09-16 13:55:33.092,27.15,0.0,32.8,0.0,0.039,0.0,3.853,3.888,3.873,3.89,3.874,3.892,3.884,32.8,31.5,31.4,31.2,True
2026-09-16 13:55:36.558,27.15,0.0,32.6,0.0,0.039,0.0,3.853,3.888,3.873,3.89,3.874,3.892,3.884,32.6,31.7,31.1,31.3,True
2026-09-16 13:55:39.946,27.15,0.0,32.7,0.0,0.04,0.0,3.853,3.888,3.873,3.89,3.873,3.893,3.884,32.7,31.6,31.2,31.2,True
2026-09-16 13:55:43.208,27.15,0.0,32.7,0.0,0.041,0.0,3.852,3.889,3.873,3.89,3.874,3.893,3.884,32.7,31.6,31.3,31.2,True
2026-09-16 13:55:46.714,27.15,0.0,32.7,0.0,0.04,0.0,3.853,3.888,3.874,3.89,3.874,3.893,3.884,32.7,31.7,31.3,31.2,True
2026-09-16 13:55:50.093,27.15,0.0,32.6,0.0,0.04,0.0,3.852,3.888,3.873,3.89,3.873,3.892,3.884,32.6,31.7,31.2,31.2,True
2026-09-16 13:55:53.464,27.15,0.0,32.7,0.0,0.04,0.0,3.852,3.888,3.873,3.89,3.873,3.892,3.884,32.7,31.6,31.1,31.2,True
2026-09-16 13:55:56.616,27.15,0.0,32.7,0.0,0.04,0.0,3.852,3.888,3.873,3.89,3.873,3.892,3.884,32.7,31.6,31.2,31.1,True
2026-09-16 13:56:00.097,27.15,0.0,32.7,0.0,0.04,0.0,3.852,3.888,3.873,3.89,3.873,3.892,3.884,32.7,31.6,31.2,31.2,True
2026-09-16 13:56:03.613,27.15,0.0,32.6,0.0,0.041,0.0,3.852,3.888,3.873,3.89,3.874,3.893,3.884,32.6,31.7,31.1,31.2,True
2026-09-16 13:56:07.235,27.15,0.0,32.6,0.0,0.04,0.0,3.853,3.888,3.873,3.89,3.873,3.893,3.884,32.6,31.7,31.2,31.2,True
2026-09-16 13:56:10.657,27.15,0.0,32.5,0.0,0.04,0.0,3.853,3.888,3.873,3.89,3.873,3.893,3.884,32.5,31.8,31.2,31.3,True
2026-09-16 13:56:14.229,27.15,0.0,32.6,0.0,0.04,0.0,3.853,3.888,3.874,3.89,3.874,3.893,3.884,32.6,31.6,31.2,31.2,True
2026-09-16 13:56:17.730,27.15,0.0,32.7,0.0,0.04,0.0,3.853,3.888,3.874,3.89,3.874,3.893,3.884,32.7,31.6,31.2,31.1,True
2026-09-16 13:56:21.119,27.15,0.0,32.7,0.0,0.041,0.0,3.852,3.888,3.873,3.89,3.873,3.893,3.884,32.7,31.6,31.2,31.1,True
2026-09-16 13:56:24.578,27.15,0.0,32.7,0.0,0.04,0.0,3.853,3.889,3.873,3.89,3.873,3.893,3.884,32.7,31.7,31.2,31.2,True
2026-09-16 13:56:27.952,27.15,0.0,32.6,0.0,0.04,0.0,3.852,3.888,3.873,3.89,3.873,3.892,3.884,32.6,31.7,31.2,31.2,True
2026-09-16 13:56:31.233,27.15,0.0,32.6,0.0,0.04,0.0,3.852,3.888,3.873,3.89,3.873,3.892,3.884,32.6,31.8,31.1,31.3,True
2026-09-16 13:56:34.617,27.15,0.0,32.7,0.0,0.041,0.0,3.852,3.888,3.874,3.89,3.873,3.893,3.884,32.7,31.6,31.3,31.2,True
2026-09-16 13:56:37.848,27.15,0.0,32.6,0.0,0.041,0.0,3.852,3.888,3.873,3.89,3.873,3.893,3.884,32.6,31.6,31.3,31.2,True
2026-09-16 13:56:41.274,27.15,0.0,32.8,0.0,0.041,0.0,3.852,3.888,3.874,3.89,3.873,3.893,3.885,32.8,31.6,31.3,31.1,True
2026-09-16 13:56:44.665,27.15,0.0,32.8,0.0,0.041,0.0,3.852,3.888,3.873,3.89,3.873,3.893,3.884,32.8,31.6,31.3,31.1,True
2026-09-16 13:56:50.746,27.15,0.0,32.7,0.0,0.041,0.0,3.852,3.888,3.873,3.89,3.873,3.893,3.884,32.7,31.6,31.2,31.2,True
2026-09-16 13:56:56.786,27.15,0.0,32.8,0.0,0.04,0.0,3.853,3.888,3.873,3.89,3.873,3.893,3.884,32.8,31.6,31.4,31.1,True
2026-09-16 13:57:02.946,27.15,0.0,32.7,0.0,0.039,0.0,3.853,3.888,3.873,3.89,3.873,3.892,3.884,32.7,31.7,31.2,31.3,True
2026-09-16 13:57:09.078,27.15,0.0,32.8,0.0,0.04,0.0,3.853,3.888,3.873,3.89,3.873,3.893,3.884,32.8,31.6,31.3,31.1,True
2026-09-16 13:57:15.243,27.15,0.0,32.6,0.0,0.041,0.0,3.852,3.888,3.873,3.89,3.873,3.893,3.884,32.6,31.8,31.1,31.2,True
2026-09-16 13:57:21.470,27.15,0.0,32.8,0.0,0.041,0.0,3.852,3.888,3.873,3.89,3.873,3.893,3.884,32.8,31.6,31.3,31.1,True
2026-09-16 13:57:27.510,27.15,0.0,32.8,0.0,0.041,0.0,3.852,3.888,3.873,3.89,3.873,3.893,3.884,32.8,31.6,31.3,31.1,True
2026-09-16 13:57:33.676,27.15,0.0,32.7,0.0,0.041,0.0,3.852,3.888,3.873,3.89,3.873,3.893,3.884,32.7,31.8,31.0,31.4,True
2026-09-16 13:57:39.716,27.15,0.0,32.7,0.0,0.039,0.0,3.853,3.888,3.873,3.89,3.874,3.892,3.884,32.7,31.7,31.1,31.3,True
2026-09-16 13:57:45.844,27.15,0.0,32.7,0.0,0.039,0.0,3.853,3.888,3.873,3.89,3.874,3.892,3.884,32.7,31.7,31.1,31.4,True
2026-09-16 13:57:51.965,27.15,0.0,32.7,0.0,0.041,0.0,3.852,3.888,3.873,3.89,3.874,3.893,3.884,32.7,31.7,31.1,31.4,True
2026-09-16 13:57:55.833,27.15,0.0,32.7,0.0,0.039,0.0,3.853,3.888,3.874,3.89,3.873,3.892,3.884,32.7,31.8,31.1,31.4,True
2026-09-16 13:57:59.195,27.15,0.0,32.8,0.0,0.041,0.0,3.852,3.888,3.873,3.89,3.873,3.893,3.884,32.8,31.6,31.2,31.3,True
2026-09-16 13:58:02.741,27.15,0.0,32.8,0.0,0.04,0.0,3.852,3.888,3.873,3.89,3.873,3.892,3.884,32.8,31.6,31.2,31.3,True
2026-09-16 13:58:06.272,27.15,0.0,32.6,0.0,0.041,0.0,3.852,3.888,3.873,3.89,3.873,3.893,3.884,32.6,31.8,31.1,31.4,True
2026-09-16 13:58:09.657,27.15,0.0,32.7,0.0,0.041,0.0,3.852,3.888,3.873,3.89,3.873,3.893,3.884,32.7,31.8,31.0,31.4,True
2026-09-16 13:58:13.026,27.15,0.0,32.7,0.0,0.041,0.0,3.852,3.888,3.873,3.89,3.873,3.893,3.884,32.7,31.8,31.1,31.4,True
2026-09-16 13:58:16.489,27.15,0.0,32.7,0.0,0.041,0.0,3.852,3.888,3.873,3.89,3.873,3.893,3.884,32.7,31.7,31.1,31.4,True
2026-09-16 13:58:19.999,27.15,0.0,32.7,0.0,0.041,0.0,3.852,3.888,3.873,3.89,3.873,3.893,3.884,32.7,31.7,31.1,31.4,True
2026-09-16 13:58:23.364,27.15,0.0,32.8,0.0,0.041,0.0,3.852,3.888,3.873,3.89,3.873,3.893,3.884,32.8,31.7,31.1,31.4,True
2026-09-16 13:58:26.960,27.15,0.0,32.7,0.0,0.04,0.0,3.852,3.888,3.874,3.89,3.873,3.892,3.884,32.7,31.8,31.1,31.5,True
2026-09-16 13:58:30.444,27.15,0.0,32.8,0.0,0.041,0.0,3.852,3.888,3.874,3.89,3.873,3.893,3.884,32.8,31.7,31.1,31.5,True
2026-09-16 13:58:33.825,27.15,0.0,32.7,0.0,0.041,0.0,3.852,3.888,3.873,3.89,3.873,3.893,3.885,32.7,31.8,31.1,31.4,True
2026-09-16 13:58:37.143,27.15,0.0,32.8,0.0,0.04,0.0,3.853,3.888,3.873,3.89,3.873,3.893,3.884,32.8,31.7,31.1,31.4,True
2026-09-16 13:58:40.565,27.15,0.0,32.8,0.0,0.041,0.0,3.852,3.888,3.873,3.89,3.873,3.893,3.884,32.8,31.8,31.1,31.4,True
2026-09-16 13:58:44.035,27.15,0.0,32.8,0.0,0.041,0.0,3.852,3.888,3.873,3.89,3.873,3.893,3.884,32.8,31.8,31.2,31.5,True
2026-09-16 13:58:47.406,27.15,0.0,32.8,0.0,0.041,0.0,3.852,3.888,3.873,3.89,3.873,3.893,3.884,32.8,31.8,31.0,31.5,True
2026-09-16 13:58:50.829,27.15,0.0,32.7,0.0,0.041,0.0,3.852,3.888,3.873,3.89,3.873,3.893,3.884,32.7,31.9,30.9,31.6,True
2026-09-16 13:58:54.199,27.15,0.0,32.7,0.0,0.041,0.0,3.852,3.888,3.873,3.89,3.874,3.893,3.884,32.7,31.8,31.0,31.5,True
2026-09-16 13:58:57.456,27.15,0.0,32.8,0.0,0.041,0.0,3.852,3.888,3.873,3.89,3.874,3.893,3.884,32.8,31.8,31.1,31.4,True
2026-09-16 13:59:00.814,27.15,0.0,32.7,0.0,0.041,0.0,3.852,3.888,3.873,3.89,3.874,3.893,3.884,32.7,31.8,31.0,31.5,True
2026-09-16 13:59:04.189,27.15,0.0,32.8,0.0,0.041,0.0,3.852,3.888,3.873,3.89,3.874,3.893,3.884,32.8,31.8,31.1,31.4,True
2026-09-16 13:59:07.604,27.15,0.0,32.8,0.0,0.041,0.0,3.852,3.889,3.873,3.89,3.873,3.893,3.884,32.8,31.8,31.1,31.4,True
2026-09-16 13:59:11.404,27.15,0.0,32.8,0.0,0.041,0.0,3.852,3.888,3.873,3.889,3.873,3.893,3.884,32.8,31.8,31.0,31.5,True
2026-09-16 13:59:14.674,27.15,0.0,32.7,0.0,0.04,0.0,3.852,3.889,3.873,3.89,3.873,3.892,3.885,32.7,31.9,31.0,31.5,True
2026-09-16 13:59:18.048,27.15,0.0,32.7,0.0,0.04,0.0,3.852,3.888,3.874,3.89,3.874,3.892,3.884,32.7,31.8,31.0,31.5,True
2026-09-16 13:59:21.532,27.15,0.0,32.7,0.0,0.041,0.0,3.852,3.888,3.873,3.89,3.873,3.893,3.884,32.7,31.8,31.0,31.5,True
2026-09-16 13:59:25.292,27.15,0.0,32.9,0.0,0.041,0.0,3.852,3.888,3.873,3.89,3.873,3.893,3.884,32.9,31.7,31.1,31.4,True
2026-09-16 13:59:28.849,27.15,0.0,32.8,0.0,0.04,0.0,3.852,3.888,3.873,3.89,3.873,3.892,3.884,32.8,31.8,31.0,31.5,True
2026-09-16 13:59:32.223,27.15,0.0,32.8,0.0,0.04,0.0,3.852,3.888,3.873,3.89,3.873,3.892,3.884,32.8,31.8,31.0,31.5,True
2026-09-16 13:59:35.553,27.15,0.0,32.8,0.0,0.04,0.0,3.852,3.888,3.873,3.89,3.873,3.892,3.884,32.8,31.8,31.0,31.4,True
2026-09-16 13:59:38.953,27.15,0.0,32.9,0.0,0.04,0.0,3.852,3.888,3.873,3.889,3.873,3.892,3.884,32.9,31.7,31.1,31.4,True
2026-09-16 13:59:42.437,27.15,0.0,32.7,0.0,0.04,0.0,3.852,3.888,3.873,3.889,3.873,3.892,3.884,32.7,31.9,31.0,31.6,True
2026-09-16 13:59:45.910,27.15,0.0,32.7,0.0,0.04,0.0,3.852,3.888,3.873,3.889,3.873,3.892,3.884,32.7,31.9,31.0,31.6,True
2026-09-16 13:59:49.293,27.15,0.0,32.7,0.0,0.04,0.0,3.852,3.888,3.873,3.889,3.873,3.892,3.884,32.7,31.9,31.0,31.6,True
2026-09-16 13:59:52.858,27.15,0.0,32.9,0.0,0.04,0.0,3.852,3.888,3.873,3.89,3.873,3.892,3.884,32.9,31.7,31.0,31.4,True
2026-09-16 13:59:56.301,27.15,0.0,33.0,0.0,0.04,0.0,3.852,3.888,3.873,3.889,3.873,3.892,3.884,33.0,31.7,31.1,31.3,True
2026-09-16 13:59:59.703,27.15,0.0,32.9,0.0,0.04,0.0,3.852,3.888,3.873,3.89,3.873,3.892,3.884,32.9,31.8,31.0,31.4,True
2026-09-16 14:00:03.537,27.15,0.0,32.9,0.0,0.04,0.0,3.852,3.888,3.873,3.89,3.873,3.892,3.884,32.9,31.8,31.0,31.4,True
2026-09-16 14:00:06.824,27.15,0.0,32.8,0.0,0.041,0.0,3.852,3.888,3.873,3.89,3.873,3.893,3.884,32.8,31.8,31.0,31.5,True
2026-09-16 14:00:10.732,27.15,0.0,32.8,0.0,0.041,0.0,3.852,3.888,3.873,3.89,3.873,3.893,3.884,32.8,31.9,31.0,31.4,True
2026-09-16 14:00:17.610,27.15,0.0,32.8,0.0,0.04,0.0,3.852,3.888,3.873,3.89,3.873,3.892,3.884,32.8,31.9,31.0,31.5,True
2026-09-16 14:11:50.768,27.15,0.0,32.8,0.0,0.04,0.0,3.852,3.888,3.873,3.89,3.873,3.892,3.884,32.8,31.9,31.0,31.5,True
2026-09-16 15:12:23.571,27.15,0.0,32.8,0.0,0.04,0.0,3.852,3.888,3.873,3.89,3.873,3.892,3.884,32.8,31.9,31.0,31.5,True
2026-09-16 15:12:26.135,27.15,0.0,32.8,0.0,0.04,0.0,3.852,3.888,3.873,3.89,3.873,3.892,3.884,32.8,31.9,31.0,31.5,True
2026-09-16 15:12:28.377,27.15,0.0,32.8,0.0,0.04,0.083,3.853,3.889,3.873,3.89,3.873,3.893,3.884,32.8,31.9,31.0,31.5,True
2026-09-16 15:12:31.306,27.22,0.0,32.4,0.0,0.04,0.083,3.853,3.889,3.873,3.89,3.873,3.893,3.884,32.4,32.1,31.5,31.6,True
2026-09-16 15:12:34.040,27.22,0.0,32.3,0.0,0.039,0.067,3.853,3.889,3.873,3.89,3.873,3.892,3.884,32.3,32.1,31.6,31.5,True
2026-09-16 15:12:36.785,27.21,0.0,32.5,0.0,0.039,0.061,3.853,3.888,3.873,3.889,3.873,3.892,3.884,32.5,32.0,31.6,31.4,True
2026-09-16 15:12:39.603,27.21,0.0,32.5,0.0,0.04,0.056,3.852,3.888,3.873,3.89,3.873,3.892,3.884,32.5,31.9,31.6,31.5,True
2026-09-16 15:12:44.788,27.2,0.0,32.5,0.0,0.041,0.052,3.852,3.888,3.873,3.89,3.873,3.893,3.884,32.5,32.0,31.6,31.5,True
2026-09-16 15:12:48.759,27.19,0.0,32.4,0.0,0.041,0.052,3.852,3.888,3.873,3.89,3.873,3.893,3.884,32.4,32.1,31.6,31.5,True
2026-09-16 15:12:52.572,27.19,0.0,32.5,0.0,0.04,0.042,3.853,3.888,3.873,3.89,3.873,3.893,3.884,32.5,32.0,31.6,31.4,True
2026-09-16 15:12:56.088,27.19,0.0,32.5,0.0,0.039,0.038,3.853,3.888,3.873,3.89,3.873,3.892,3.884,32.5,32.0,31.6,31.4,True
2026-09-16 15:12:59.516,27.18,0.0,32.5,0.0,0.039,0.035,3.853,3.888,3.873,3.889,3.873,3.892,3.884,32.5,32.0,31.6,31.5,True
2026-09-16 15:13:02.671,27.18,0.0,32.5,0.0,0.04,0.032,3.853,3.888,3.873,3.889,3.873,3.893,3.884,32.5,32.0,31.6,31.5,True
2026-09-16 15:13:08.547,27.18,0.0,32.5,0.0,0.04,0.03,3.852,3.888,3.873,3.89,3.873,3.892,3.884,32.5,32.1,31.6,31.6,True
2026-09-16 15:13:12.704,27.17,0.0,32.6,0.0,0.04,0.03,3.852,3.888,3.873,3.89,3.873,3.892,3.884,32.6,32.0,31.7,31.4,True
2026-09-16 15:13:18.661,27.17,0.0,32.7,0.0,0.04,0.024,3.852,3.888,3.873,3.89,3.873,3.892,3.884,32.7,31.9,31.7,31.4,True
2026-09-16 15:13:21.617,27.17,0.0,32.7,0.0,0.039,0.02,3.853,3.888,3.873,3.89,3.873,3.892,3.884,32.7,31.9,31.7,31.4,True
2026-09-16 15:13:24.417,27.17,0.0,32.7,0.0,0.04,0.019,3.852,3.888,3.873,3.89,3.874,3.892,3.884,32.7,31.9,31.7,31.4,True
2026-09-16 15:13:27.320,27.17,0.0,32.7,0.0,0.04,0.016,3.853,3.888,3.874,3.89,3.873,3.893,3.884,32.7,32.0,31.6,31.5,True
2026-09-16 15:13:30.203,27.16,0.0,32.5,0.0,0.04,0.016,3.853,3.888,3.874,3.89,3.873,3.893,3.884,32.5,32.2,31.6,31.5,True
2026-09-16 15:13:32.882,27.16,0.0,32.7,0.0,0.039,0.015,3.853,3.888,3.873,3.889,3.873,3.892,3.884,32.7,32.0,31.6,31.4,True
2026-09-16 15:13:36.902,27.16,0.0,32.6,0.0,0.039,0.014,3.853,3.888,3.873,3.89,3.873,3.892,3.884,32.6,32.1,31.6,31.4,True
2026-09-16 15:13:40.885,27.16,0.0,32.6,0.0,0.041,0.011,3.852,3.888,3.873,3.889,3.873,3.893,3.884,32.6,32.1,31.6,31.4,True
2026-09-16 15:13:45.390,27.16,0.0,32.7,0.0,0.04,0.009,3.852,3.888,3.873,3.89,3.873,3.892,3.884,32.7,32.0,31.6,31.4,True
2026-09-16 15:13:49.397,27.16,0.0,32.7,0.0,0.04,0.009,3.852,3.888,3.873,3.89,3.873,3.892,3.884,32.7,32.0,31.6,31.4,True
2026-09-16 15:13:52.623,27.15,0.0,32.6,0.0,0.039,0.007,3.853,3.888,3.873,3.89,3.873,3.892,3.884,32.6,32.1,31.5,31.5,True
2026-09-16 15:14:01.120,27.15,0.0,32.7,0.0,0.041,0.004,3.852,3.888,3.873,3.89,3.873,3.893,3.884,32.7,32.0,31.7,31.4,True
2026-09-16 15:14:04.369,27.15,0.0,32.7,0.0,0.04,0.002,3.853,3.888,3.873,3.889,3.873,3.893,3.884,32.7,32.1,31.6,31.4,True
2026-09-16 15:14:07.487,27.15,0.0,32.7,0.0,0.04,0.002,3.853,3.888,3.873,3.889,3.873,3.893,3.884,32.7,32.2,31.5,31.5,True
2026-09-16 15:14:10.520,27.15,0.0,32.7,0.0,0.041,0.001,3.852,3.888,3.873,3.89,3.873,3.893,3.884,32.7,32.1,31.6,31.4,True
2026-09-16 15:14:13.356,27.15,0.0,32.8,0.0,0.039,0.0,3.853,3.888,3.873,3.889,3.873,3.892,3.884,32.8,32.0,31.6,31.4,True
2026-09-16 15:14:15.970,27.15,0.0,32.7,0.0,0.041,0.0,3.852,3.888,3.873,3.89,3.873,3.893,3.884,32.7,32.0,31.6,31.4,True
2026-09-16 15:14:19.929,27.15,0.0,32.7,0.0,0.041,0.0,3.852,3.888,3.873,3.89,3.873,3.893,3.884,32.7,32.0,31.6,31.4,True
2026-09-16 15:14:24.866,27.15,0.0,32.8,0.0,0.04,0.0,3.852,3.888,3.873,3.889,3.873,3.892,3.884,32.8,32.0,31.7,31.3,True
2026-09-16 15:14:28.292,27.15,0.0,32.6,0.0,0.04,0.0,3.852,3.888,3.873,3.889,3.873,3.892,3.884,32.6,32.2,31.5,31.5,True
2026-09-16 15:14:32.121,27.15,0.0,32.8,0.0,0.04,0.0,3.852,3.888,3.873,3.889,3.873,3.892,3.884,32.8,32.1,31.5,31.5,True
2026-09-16 15:14:35.298,27.15,0.0,32.8,0.0,0.04,0.0,3.852,3.888,3.873,3.89,3.873,3.892,3.884,32.8,31.9,31.6,31.4,True
2026-09-16 15:14:38.615,27.15,0.0,32.8,0.0,0.04,0.0,3.852,3.888,3.873,3.889,3.873,3.892,3.884,32.8,32.0,31.7,31.2,True
2026-09-16 15:14:42.364,27.15,0.0,32.8,0.0,0.04,0.0,3.852,3.888,3.873,3.889,3.873,3.892,3.884,32.8,32.1,31.5,31.5,True
2026-09-16 15:14:46.203,27.15,0.0,32.8,0.0,0.04,0.0,3.852,3.888,3.873,3.889,3.873,3.892,3.884,32.8,32.1,31.5,31.4,True
2026-09-16 15:14:49.508,27.15,0.0,32.8,0.0,0.041,0.0,3.852,3.888,3.873,3.889,3.873,3.893,3.884,32.8,32.0,31.6,31.3,True
2026-09-16 15:14:53.049,27.15,0.0,32.7,0.0,0.04,0.0,3.852,3.888,3.873,3.889,3.873,3.892,3.884,32.7,32.0,31.6,31.4,True
2026-09-16 15:14:57.513,27.15,0.0,32.8,0.0,0.04,0.0,3.852,3.888,3.873,3.889,3.873,3.892,3.884,32.8,32.0,31.6,31.3,True
2026-09-16 15:15:01.250,27.15,0.0,32.8,0.0,0.04,0.0,3.852,3.888,3.873,3.889,3.873,3.892,3.884,32.8,32.1,31.6,31.3,True
2026-09-16 15:15:04.944,27.15,0.0,32.8,0.0,0.04,0.0,3.852,3.888,3.873,3.889,3.873,3.892,3.884,32.8,32.1,31.5,31.4,True
2026-09-16 15:15:08.327,27.15,0.0,32.7,0.0,0.04,0.0,3.852,3.888,3.873,3.89,3.873,3.892,3.884,32.7,32.0,31.5,31.4,True
2026-09-16 15:15:11.597,27.15,0.0,32.8,0.0,0.041,0.0,3.852,3.888,3.873,3.889,3.873,3.893,3.884,32.8,32.1,31.5,31.4,True
2026-09-16 15:15:15.197,27.15,0.0,32.9,0.0,0.041,0.0,3.852,3.888,3.873,3.889,3.873,3.893,3.884,32.9,32.1,31.6,31.4,True
2026-09-16 15:15:18.574,27.15,0.0,32.9,0.0,0.04,0.0,3.852,3.888,3.873,3.889,3.873,3.892,3.884,32.9,32.1,31.6,31.4,True
2026-09-16 15:15:22.275,27.15,0.0,32.8,0.0,0.04,0.0,3.852,3.888,3.873,3.89,3.873,3.892,3.884,32.8,32.1,31.4,31.4,True
2026-09-16 15:15:25.907,27.15,0.0,33.0,0.0,0.04,0.0,3.852,3.888,3.873,3.89,3.873,3.892,3.884,33.0,32.1,31.6,31.2,True
2026-09-16 15:15:29.273,27.15,0.0,32.9,0.0,0.04,0.0,3.852,3.888,3.873,3.889,3.873,3.892,3.884,32.9,32.0,31.6,31.3,True
2026-09-16 15:15:31.612,27.15,0.0,32.9,0.0,0.04,0.0,3.852,3.888,3.873,3.889,3.873,3.892,3.884,32.9,32.1,31.6,31.3,True
2026-09-16 15:15:34.501,27.15,0.0,32.8,0.0,0.04,0.0,3.852,3.888,3.873,3.89,3.873,3.892,3.884,32.8,32.1,31.5,31.4,True
2026-09-16 15:15:37.144,27.15,0.0,32.8,0.0,0.04,0.0,3.852,3.888,3.873,3.889,3.873,3.892,3.884,32.8,32.1,31.5,31.3,True
2026-09-16 15:15:39.891,27.15,0.0,32.8,0.0,0.04,0.0,3.852,3.888,3.873,3.89,3.873,3.892,3.884,32.8,32.1,31.5,31.3,True
2026-09-16 15:15:42.452,27.15,0.0,32.9,0.0,0.04,0.0,3.852,3.888,3.873,3.89,3.873,3.892,3.884,32.9,32.0,31.5,31.3,True
2026-09-16 15:15:47.608,27.15,0.0,32.9,0.0,0.04,0.0,3.852,3.888,3.873,3.89,3.873,3.892,3.884,32.9,32.0,31.5,31.3,True
2026-09-16 15:15:51.649,27.15,0.0,32.9,0.0,0.04,0.0,3.852,3.888,3.873,3.89,3.873,3.892,3.884,32.9,32.0,31.5,31.4,True
2026-09-16 15:15:54.693,27.15,0.0,32.8,0.0,0.04,0.0,3.852,3.888,3.873,3.89,3.873,3.892,3.884,32.8,32.1,31.5,31.3,True
2026-09-16 15:15:56.896,27.15,0.0,32.9,0.0,0.04,0.0,3.852,3.888,3.873,3.889,3.873,3.892,3.884,32.9,32.1,31.4,31.4,True
2026-09-16 15:15:59.297,27.15,0.0,33.0,0.0,0.04,0.0,3.852,3.888,3.873,3.889,3.873,3.892,3.884,33.0,32.2,31.4,31.4,True
2026-09-16 15:16:01.496,27.15,0.0,32.9,0.0,0.04,0.0,3.852,3.888,3.873,3.889,3.873,3.892,3.884,32.9,32.1,31.5,31.3,True
2026-09-16 15:16:03.916,27.15,0.0,32.9,0.0,0.04,0.0,3.852,3.888,3.873,3.889,3.873,3.892,3.884,32.9,32.1,31.5,31.3,True
2026-09-16 15:16:06.794,27.15,0.0,33.0,0.0,0.04,0.0,3.852,3.888,3.873,3.889,3.873,3.892,3.884,33.0,32.0,31.6,31.2,True
2026-09-16 15:16:09.469,27.15,0.0,32.9,0.0,0.04,0.0,3.852,3.888,3.873,3.889,3.873,3.892,3.884,32.9,32.1,31.5,31.3,True
2026-09-16 15:16:12.259,27.15,0.0,32.8,0.0,0.04,0.0,3.852,3.887,3.873,3.89,3.873,3.892,3.884,32.8,32.2,31.4,31.4,True
2026-09-16 15:16:15.282,27.15,0.0,32.8,0.0,0.041,0.0,3.851,3.888,3.873,3.89,3.873,3.892,3.884,32.8,32.0,31.5,31.3,True
2026-09-16 15:16:17.742,27.15,0.0,32.8,0.0,0.04,0.0,3.852,3.888,3.873,3.889,3.873,3.892,3.884,32.8,32.0,31.5,31.3,True
2026-09-16 15:16:20.316,27.15,0.0,32.9,0.0,0.04,0.0,3.852,3.888,3.873,3.889,3.873,3.892,3.884,32.9,32.1,31.4,31.3,True
2026-09-16 15:16:23.402,27.15,0.0,32.7,0.0,0.04,0.0,3.852,3.887,3.873,3.89,3.873,3.892,3.884,32.7,32.3,31.4,31.4,True
2026-09-16 15:16:25.790,27.15,0.0,33.0,0.0,0.04,0.0,3.852,3.888,3.873,3.89,3.873,3.892,3.884,33.0,32.1,31.5,31.2,True
2026-09-16 15:16:28.584,27.15,0.0,33.0,0.0,0.04,0.0,3.852,3.887,3.873,3.889,3.873,3.892,3.884,33.0,32.1,31.5,31.2,True
2026-09-16 15:16:32.413,27.15,0.0,33.0,0.0,0.04,0.0,3.852,3.888,3.873,3.889,3.873,3.892,3.884,33.0,32.1,31.4,31.4,True
2026-09-16 15:16:35.198,27.15,0.0,33.1,0.0,0.04,0.0,3.852,3.888,3.873,3.889,3.873,3.892,3.884,33.1,32.0,31.5,31.3,True
2026-09-16 15:16:39.506,27.15,0.0,33.0,0.0,0.04,0.0,3.852,3.888,3.873,3.889,3.873,3.892,3.884,33.0,32.0,31.5,31.2,True
2026-09-16 15:16:43.977,27.15,0.0,33.1,0.0,0.04,0.0,3.852,3.888,3.873,3.89,3.873,3.892,3.884,33.1,32.0,31.6,31.2,True
2026-09-16 15:16:49.323,27.15,0.0,33.0,0.0,0.04,0.0,3.852,3.888,3.873,3.89,3.873,3.892,3.884,33.0,32.1,31.4,31.4,True
2026-09-16 15:16:53.555,27.15,0.0,33.0,0.0,0.04,0.0,3.852,3.887,3.873,3.889,3.873,3.892,3.884,33.0,32.1,31.5,31.3,True
2026-09-16 15:16:56.021,27.15,0.0,33.0,0.0,0.04,0.0,3.852,3.888,3.873,3.889,3.873,3.892,3.884,33.0,32.1,31.5,31.2,True
2026-09-16 15:16:58.693,27.15,0.0,32.9,0.0,0.04,0.0,3.852,3.888,3.873,3.889,3.873,3.892,3.884,32.9,32.2,31.4,31.4,True
2026-09-16 15:17:01.203,27.15,0.0,32.9,0.0,0.04,0.0,3.852,3.888,3.873,3.89,3.873,3.892,3.884,32.9,32.2,31.4,31.4,True
2026-09-16 15:17:04.510,27.15,0.0,33.1,0.0,0.04,0.0,3.852,3.888,3.873,3.89,3.873,3.892,3.884,33.1,32.0,31.5,31.2,True
2026-09-16 15:17:07.830,27.15,0.0,33.0,0.0,0.04,0.0,3.852,3.888,3.873,3.889,3.873,3.892,3.884,33.0,32.2,31.4,31.2,True
2026-09-16 15:17:11.114,27.15,0.0,33.0,0.0,0.04,0.0,3.852,3.888,3.873,3.889,3.873,3.892,3.884,33.0,32.2,31.4,31.3,True
2026-09-16 15:17:14.159,27.15,0.0,33.0,0.0,0.04,0.0,3.852,3.888,3.873,3.89,3.873,3.892,3.884,33.0,32.2,31.4,31.3,True
2026-09-16 15:17:17.037,27.15,0.0,33.0,0.0,0.04,0.0,3.852,3.888,3.873,3.889,3.873,3.892,3.884,33.0,32.2,31.4,31.3,True
2026-09-16 15:17:20.437,27.15,0.0,33.0,0.0,0.041,0.0,3.851,3.888,3.873,3.89,3.873,3.892,3.884,33.0,32.2,31.4,31.3,True
2026-09-16 15:17:23.035,27.15,0.0,33.0,0.0,0.04,0.0,3.852,3.888,3.873,3.89,3.873,3.892,3.884,33.0,32.2,31.4,31.3,True
2026-09-16 15:17:25.576,27.15,0.0,33.0,0.0,0.04,0.0,3.852,3.888,3.873,3.89,3.873,3.892,3.884,33.0,32.1,31.4,31.3,True
2026-09-16 15:17:28.845,27.15,0.0,33.0,0.0,0.04,0.0,3.852,3.888,3.873,3.89,3.873,3.892,3.884,33.0,32.1,31.5,31.2,True
2026-09-16 15:17:31.839,27.15,0.0,33.0,0.0,0.04,0.0,3.852,3.888,3.873,3.889,3.873,3.892,3.884,33.0,32.2,31.4,31.2,True
2026-09-16 15:17:34.740,27.15,0.0,33.0,0.0,0.04,0.0,3.852,3.888,3.873,3.889,3.873,3.892,3.884,33.0,32.1,31.4,31.3,True
2026-09-16 15:17:37.354,27.15,0.0,33.1,0.0,0.041,0.0,3.851,3.888,3.873,3.889,3.873,3.892,3.884,33.1,32.0,31.5,31.2,True
2026-09-16 15:17:41.271,27.15,0.0,33.1,0.0,0.041,0.0,3.851,3.888,3.873,3.889,3.873,3.892,3.884,33.1,32.1,31.4,31.2,True
2026-09-16 15:17:43.791,27.15,0.0,33.0,0.0,0.041,0.0,3.851,3.888,3.873,3.889,3.873,3.892,3.884,33.0,32.2,31.3,31.4,True
2026-09-16 15:17:47.469,27.15,0.0,33.1,0.0,0.04,0.0,3.852,3.888,3.873,3.889,3.873,3.892,3.884,33.1,32.0,31.5,31.2,True
2026-09-16 15:17:49.828,27.15,0.0,33.1,0.0,0.04,0.0,3.852,3.888,3.873,3.889,3.872,3.892,3.884,33.1,32.0,31.5,31.2,True
2026-09-16 15:17:54.285,27.15,0.0,33.1,0.0,0.04,0.0,3.852,3.888,3.873,3.889,3.873,3.892,3.884,33.1,32.2,31.4,31.3,True
2026-09-16 15:17:59.070,27.14,0.0,33.0,0.0,0.041,0.0,3.851,3.888,3.873,3.889,3.873,3.892,3.884,33.0,32.2,31.2,31.4,True
2026-09-16 15:18:01.761,27.14,0.0,33.0,0.0,0.041,0.0,3.851,3.888,3.873,3.889,3.873,3.892,3.884,33.0,32.2,31.2,31.4,True
2026-09-16 15:18:04.058,27.15,0.0,33.1,0.0,0.041,0.0,3.851,3.888,3.873,3.889,3.873,3.892,3.884,33.1,32.1,31.4,31.2,True
2026-09-16 15:18:08.212,27.15,0.0,33.1,0.0,0.041,0.0,3.851,3.888,3.873,3.889,3.873,3.892,3.883,33.1,32.1,31.4,31.2,True
2026-09-16 15:18:11.530,27.15,0.0,33.1,0.0,0.041,0.0,3.851,3.888,3.873,3.889,3.873,3.892,3.883,33.1,32.2,31.3,31.4,True
2026-09-16 15:18:14.954,27.15,0.0,33.1,0.0,0.04,0.0,3.852,3.888,3.873,3.889,3.873,3.892,3.884,33.1,32.1,31.4,31.2,True
2026-09-16 15:18:17.310,27.15,0.0,33.1,0.0,0.041,0.0,3.851,3.888,3.873,3.889,3.873,3.892,3.884,33.1,32.2,31.4,31.2,True
2026-09-16 15:18:19.696,27.15,0.0,33.1,0.0,0.04,0.0,3.852,3.888,3.873,3.889,3.873,3.892,3.884,33.1,32.2,31.4,31.2,True
2026-09-16 15:18:22.471,27.15,0.0,33.1,0.0,0.04,0.0,3.852,3.888,3.873,3.889,3.873,3.892,3.884,33.1,32.2,31.4,31.3,True
2026-09-16 15:18:25.039,27.15,0.0,33.1,0.0,0.041,0.0,3.851,3.888,3.873,3.889,3.873,3.892,3.884,33.1,32.2,31.4,31.3,True
2026-09-16 15:18:27.713,27.15,0.0,33.1,0.0,0.04,0.0,3.852,3.888,3.873,3.889,3.873,3.892,3.884,33.1,32.1,31.3,31.3,True
2026-09-16 15:18:30.091,27.15,0.0,33.1,0.0,0.041,0.0,3.851,3.888,3.873,3.889,3.873,3.892,3.884,33.1,32.1,31.4,31.2,True
2026-09-16 15:18:32.871,27.15,0.0,33.2,0.0,0.041,0.0,3.851,3.888,3.873,3.889,3.873,3.892,3.884,33.2,32.1,31.4,31.2,True
2026-09-16 15:18:35.308,27.15,0.0,33.2,0.0,0.04,0.0,3.852,3.888,3.873,3.889,3.873,3.892,3.884,33.2,32.1,31.4,31.2,True
2026-09-16 15:18:38.977,27.14,0.0,33.2,0.0,0.041,0.0,3.851,3.888,3.872,3.889,3.873,3.892,3.884,33.2,32.1,31.4,31.2,True
2026-09-16 15:18:41.555,27.14,0.0,33.2,0.0,0.041,0.0,3.851,3.888,3.872,3.889,3.873,3.892,3.884,33.2,32.1,31.4,31.2,True
2026-09-16 15:18:44.384,27.15,0.0,33.2,0.0,0.04,0.0,3.852,3.888,3.873,3.889,3.873,3.892,3.884,33.2,32.1,31.4,31.2,True
2026-09-16 15:18:46.969,27.15,0.0,33.2,0.0,0.04,0.0,3.852,3.888,3.873,3.889,3.873,3.892,3.884,33.2,32.1,31.4,31.3,True
2026-09-16 15:18:49.670,27.15,0.0,33.1,0.0,0.041,0.0,3.851,3.888,3.873,3.889,3.873,3.892,3.884,33.1,32.1,31.4,31.2,True
2026-09-16 15:18:52.120,27.15,0.0,33.1,0.0,0.041,0.0,3.851,3.888,3.873,3.889,3.873,3.892,3.884,33.1,32.1,31.4,31.2,True
2026-09-16 15:18:55.234,27.15,0.0,33.2,0.0,0.04,0.0,3.852,3.888,3.873,3.889,3.873,3.892,3.884,33.2,32.1,31.4,31.2,True
2026-09-16 15:18:58.219,27.14,0.0,33.2,0.0,0.04,0.0,3.852,3.888,3.873,3.889,3.873,3.892,3.884,33.2,32.1,31.4,31.2,True
2026-09-16 15:19:00.270,27.15,0.0,33.2,0.0,0.041,0.0,3.851,3.888,3.873,3.889,3.872,3.892,3.884,33.2,32.0,31.4,31.2,True
2026-09-16 15:19:02.940,27.15,0.0,33.1,0.0,0.04,0.0,3.852,3.888,3.873,3.889,3.873,3.892,3.884,33.1,32.2,31.2,31.3,True
2026-09-16 15:19:05.324,27.15,0.0,33.2,0.0,0.041,0.0,3.851,3.888,3.873,3.889,3.873,3.892,3.884,33.2,32.1,31.3,31.2,True
2026-09-16 15:19:07.536,27.15,0.0,33.1,0.0,0.041,0.0,3.851,3.888,3.873,3.889,3.873,3.892,3.884,33.1,32.2,31.2,31.3,True
2026-09-16 15:19:11.321,27.15,0.0,33.1,0.0,0.041,0.0,3.851,3.888,3.873,3.889,3.873,3.892,3.884,33.1,32.2,31.2,31.3,True
2026-09-16 15:19:13.788,27.14,0.0,33.2,0.0,0.041,0.0,3.851,3.888,3.873,3.889,3.873,3.892,3.884,33.2,32.1,31.3,31.2,True
2026-09-16 15:19:16.666,27.14,0.0,33.1,0.0,0.041,0.0,3.851,3.888,3.873,3.889,3.873,3.892,3.884,33.1,32.2,31.3,31.3,True
2026-09-16 15:19:19.635,27.15,0.0,33.3,0.0,0.04,0.0,3.852,3.888,3.872,3.889,3.872,3.892,3.884,33.3,32.1,31.4,31.2,True
2026-09-16 15:19:23.339,27.14,0.0,33.2,0.0,0.041,0.0,3.851,3.888,3.873,3.889,3.873,3.892,3.883,33.2,32.0,31.4,31.2,True
2026-09-16 15:19:25.993,27.14,0.0,33.2,0.0,0.041,0.0,3.851,3.888,3.872,3.889,3.873,3.892,3.884,33.2,32.1,31.4,31.2,True
2026-09-16 15:19:29.219,27.15,0.0,33.3,0.0,0.041,0.0,3.851,3.888,3.872,3.889,3.873,3.892,3.884,33.3,32.0,31.5,31.1,True
2026-09-16 15:19:32.156,27.15,0.0,33.3,0.0,0.041,0.0,3.851,3.888,3.873,3.89,3.873,3.892,3.884,33.3,32.0,31.5,31.1,True
2026-09-16 15:19:35.331,27.15,0.0,33.2,0.0,0.04,0.0,3.852,3.888,3.873,3.889,3.873,3.892,3.883,33.2,32.1,31.3,31.3,True
2026-09-16 15:19:41.454,27.15,0.0,33.3,0.0,0.04,0.0,3.852,3.888,3.873,3.889,3.873,3.892,3.883,33.3,32.2,31.3,31.2,True
2026-09-16 15:19:45.742,27.15,0.0,33.2,0.0,0.041,0.0,3.851,3.888,3.873,3.889,3.873,3.892,3.884,33.2,32.1,31.4,31.2,True
2026-09-16 15:19:49.275,27.15,0.0,33.2,0.0,0.041,0.0,3.851,3.888,3.873,3.889,3.873,3.892,3.884,33.2,32.1,31.4,31.2,True
2026-09-16 15:19:52.519,27.15,0.0,33.3,0.0,0.041,0.0,3.851,3.888,3.873,3.889,3.873,3.892,3.884,33.3,32.0,31.4,31.1,True
2026-09-16 15:19:55.419,27.15,0.0,33.3,0.0,0.041,0.0,3.851,3.888,3.873,3.89,3.873,3.892,3.884,33.3,32.0,31.4,31.1,True
2026-09-16 15:19:59.100,27.15,0.0,33.3,0.0,0.041,0.0,3.851,3.888,3.873,3.89,3.873,3.892,3.884,33.3,32.1,31.3,31.2,True
2026-09-16 15:20:02.156,27.14,0.0,33.2,0.0,0.041,0.0,3.851,3.888,3.873,3.89,3.873,3.892,3.884,33.2,32.2,31.3,31.2,True
2026-09-16 15:20:05.380,27.14,0.0,33.2,0.0,0.041,0.0,3.851,3.887,3.873,3.89,3.873,3.892,3.884,33.2,32.2,31.3,31.2,True
2026-09-16 15:20:08.206,27.14,0.0,33.2,0.0,0.04,0.0,3.852,3.888,3.873,3.889,3.873,3.892,3.884,33.2,32.2,31.3,31.2,True
2026-09-16 15:20:10.631,27.14,0.0,33.3,0.0,0.04,0.0,3.852,3.888,3.873,3.889,3.873,3.892,3.884,33.3,32.2,31.3,31.3,True
2026-09-16 15:20:12.792,27.14,0.0,33.3,0.0,0.041,0.0,3.851,3.888,3.873,3.889,3.873,3.892,3.884,33.3,32.2,31.3,31.3,True
2026-09-16 15:20:15.769,27.14,0.0,33.3,0.0,0.041,0.0,3.851,3.888,3.873,3.889,3.873,3.892,3.884,33.3,32.2,31.3,31.3,True
2026-09-16 15:20:18.893,27.14,0.0,33.2,0.0,0.041,0.0,3.851,3.888,3.873,3.889,3.872,3.892,3.884,33.2,32.2,31.2,31.3,True
2026-09-16 15:20:21.681,27.14,0.0,33.2,0.0,0.041,0.0,3.851,3.888,3.873,3.889,3.872,3.892,3.884,33.2,32.2,31.2,31.3,True
2026-09-16 15:20:24.506,27.15,0.0,33.1,0.0,0.04,0.0,3.852,3.888,3.873,3.889,3.873,3.892,3.884,33.1,32.2,31.3,31.2,True
2026-09-16 15:20:27.269,27.15,0.0,33.3,0.0,0.04,0.0,3.852,3.888,3.873,3.889,3.873,3.892,3.884,33.3,32.1,31.3,31.2,True
2026-09-16 15:20:29.564,27.15,0.0,33.2,0.0,0.04,0.0,3.852,3.888,3.873,3.889,3.873,3.892,3.884,33.2,32.3,31.2,31.3,True
2026-09-16 15:20:33.081,27.15,0.0,33.2,0.0,0.041,0.0,3.851,3.887,3.873,3.889,3.873,3.892,3.884,33.2,32.3,31.2,31.3,True
2026-09-16 15:20:35.911,27.14,0.0,33.2,0.0,0.041,0.0,3.851,3.888,3.873,3.889,3.873,3.892,3.884,33.2,32.0,31.4,31.1,True
2026-09-16 15:20:39.046,27.14,0.0,33.4,0.0,0.041,0.0,3.851,3.888,3.873,3.889,3.873,3.892,3.884,33.4,32.0,31.4,31.2,True
2026-09-16 15:20:41.822,27.14,0.0,33.3,0.0,0.041,0.0,3.851,3.888,3.873,3.889,3.872,3.892,3.884,33.3,32.1,31.3,31.2,True
2026-09-16 15:20:44.896,27.14,0.0,33.3,0.0,0.041,0.0,3.851,3.888,3.872,3.889,3.873,3.892,3.884,33.3,32.2,31.3,31.2,True
2026-09-16 15:20:47.353,27.14,0.0,33.3,0.0,0.041,0.0,3.851,3.888,3.873,3.889,3.873,3.892,3.884,33.3,32.2,31.3,31.2,True
2026-09-16 15:20:49.820,27.15,0.0,33.3,0.0,0.041,0.0,3.851,3.887,3.873,3.889,3.873,3.892,3.884,33.3,32.2,31.3,31.3,True
2026-09-16 15:20:52.113,27.15,0.0,33.3,0.0,0.041,0.0,3.851,3.887,3.873,3.889,3.873,3.892,3.884,33.3,32.2,31.3,31.3,True
2026-09-16 15:20:54.602,27.15,0.0,33.3,0.0,0.041,0.0,3.851,3.888,3.873,3.889,3.873,3.892,3.884,33.3,32.2,31.3,31.3,True
2026-09-16 15:20:57.335,27.14,0.0,33.3,0.0,0.041,0.0,3.851,3.888,3.873,3.889,3.873,3.892,3.884,33.3,32.1,31.3,31.1,True
2026-09-16 15:21:00.386,27.14,0.0,33.3,0.0,0.041,0.0,3.851,3.888,3.873,3.889,3.873,3.892,3.884,33.3,32.1,31.3,31.1,True
2026-09-16 15:21:03.311,27.14,0.0,33.4,0.0,0.041,0.0,3.851,3.888,3.873,3.889,3.873,3.892,3.884,33.4,32.2,31.3,31.2,True
2026-09-16 15:21:05.912,27.14,0.0,33.4,0.0,0.041,0.0,3.851,3.888,3.873,3.889,3.873,3.892,3.884,33.4,32.2,31.3,31.2,True
2026-09-16 15:21:09.826,27.14,0.0,33.3,0.0,0.041,0.0,3.851,3.888,3.873,3.889,3.873,3.892,3.884,33.3,32.2,31.2,31.3,True
2026-09-16 15:21:12.685,27.15,0.0,33.3,0.0,0.041,0.0,3.851,3.887,3.873,3.889,3.873,3.892,3.884,33.3,32.2,31.3,31.2,True
2026-09-16 15:21:15.530,27.15,0.0,33.4,0.0,0.041,0.0,3.851,3.887,3.873,3.889,3.873,3.892,3.884,33.4,32.1,31.3,31.2,True
2026-09-16 15:21:18.480,27.15,0.0,33.3,0.0,0.041,0.0,3.851,3.888,3.873,3.889,3.873,3.892,3.884,33.3,32.2,31.3,31.2,True
2026-09-16 15:21:20.913,27.15,0.0,33.3,0.0,0.041,0.0,3.851,3.888,3.873,3.889,3.873,3.892,3.884,33.3,32.2,31.3,31.2,True
2026-09-16 15:21:24.025,27.14,0.0,33.3,0.0,0.041,0.0,3.851,3.888,3.872,3.889,3.873,3.892,3.884,33.3,32.1,31.2,31.2,True
2026-09-16 15:21:26.879,27.14,0.0,33.3,0.0,0.041,0.0,3.851,3.888,3.872,3.889,3.873,3.892,3.884,33.3,32.1,31.2,31.2,True
2026-09-16 15:21:29.531,27.15,0.0,33.3,0.0,0.041,0.0,3.851,3.888,3.872,3.889,3.873,3.892,3.884,33.3,32.1,31.3,31.2,True
2026-09-16 15:21:32.879,27.15,0.0,33.3,0.0,0.041,0.0,3.851,3.887,3.873,3.889,3.873,3.892,3.884,33.3,32.2,31.2,31.1,True
2026-09-16 15:21:37.249,27.14,0.0,33.3,0.0,0.041,0.0,3.851,3.888,3.873,3.889,3.872,3.892,3.884,33.3,32.1,31.3,31.2,True
2026-09-16 15:21:40.270,27.14,0.0,33.4,0.0,0.042,0.0,3.85,3.888,3.873,3.889,3.873,3.892,3.884,33.4,32.0,31.3,31.2,True
2026-09-16 15:21:43.329,27.14,0.0,33.4,0.0,0.042,0.0,3.85,3.888,3.873,3.889,3.873,3.892,3.884,33.4,32.0,31.3,31.2,True
2026-09-16 15:21:45.894,27.14,0.0,33.3,0.0,0.042,0.0,3.85,3.888,3.873,3.889,3.873,3.892,3.884,33.3,32.2,31.2,31.2,True
2026-09-16 15:21:50.284,27.15,0.0,33.3,0.0,0.042,0.0,3.85,3.888,3.873,3.889,3.873,3.892,3.884,33.3,32.2,31.2,31.2,True
2026-09-16 15:21:52.703,27.15,0.0,33.3,0.0,0.041,0.0,3.851,3.888,3.873,3.889,3.873,3.892,3.884,33.3,32.2,31.2,31.2,True
2026-09-16 15:21:55.061,27.15,0.0,33.3,0.0,0.041,0.0,3.851,3.888,3.872,3.889,3.873,3.892,3.884,33.3,32.2,31.2,31.4,True
2026-09-16 15:21:57.717,27.14,0.0,33.4,0.0,0.041,0.0,3.851,3.888,3.873,3.889,3.872,3.892,3.884,33.4,32.2,31.2,31.2,True
2026-09-16 15:22:00.462,27.14,0.0,33.4,0.0,0.041,0.0,3.851,3.888,3.873,3.889,3.873,3.892,3.883,33.4,32.2,31.3,31.2,True
2026-09-16 15:22:03.342,27.14,0.0,33.5,0.0,0.04,0.0,3.851,3.888,3.873,3.889,3.873,3.891,3.884,33.5,32.1,31.4,31.1,True
2026-09-16 15:22:05.873,27.14,0.0,33.5,0.0,0.041,0.0,3.851,3.887,3.872,3.889,3.873,3.892,3.884,33.5,32.1,31.4,31.1,True
2026-09-16 15:22:08.233,27.14,0.0,33.3,0.0,0.041,0.0,3.851,3.888,3.872,3.889,3.873,3.892,3.884,33.3,32.2,31.2,31.2,True
2026-09-16 15:22:10.725,27.15,0.0,33.3,0.0,0.042,0.0,3.85,3.888,3.872,3.889,3.872,3.892,3.883,33.3,32.2,31.3,31.2,True
2026-09-16 15:22:13.574,27.14,0.0,33.4,0.0,0.042,0.0,3.85,3.888,3.872,3.889,3.872,3.892,3.883,33.4,32.1,31.2,31.2,True
2026-09-16 15:22:16.260,27.14,0.0,33.4,0.0,0.041,0.0,3.851,3.888,3.873,3.889,3.873,3.892,3.883,33.4,32.1,31.2,31.2,True
2026-09-16 15:22:18.624,27.14,0.0,33.5,0.0,0.041,0.0,3.851,3.888,3.873,3.889,3.873,3.892,3.883,33.5,32.0,31.4,31.0,True
2026-09-16 15:22:21.396,27.14,0.0,33.4,0.0,0.041,0.0,3.851,3.888,3.872,3.889,3.873,3.892,3.884,33.4,32.1,31.4,31.1,True
2026-09-16 15:22:23.779,27.14,0.0,33.3,0.0,0.041,0.0,3.851,3.888,3.873,3.889,3.872,3.892,3.883,33.3,32.1,31.2,31.2,True
2026-09-16 15:22:26.239,27.14,0.0,33.3,0.0,0.041,0.0,3.851,3.887,3.873,3.889,3.873,3.892,3.883,33.3,32.1,31.2,31.2,True
2026-09-16 15:22:28.968,27.14,0.0,33.4,0.0,0.041,0.0,3.851,3.887,3.873,3.889,3.873,3.892,3.883,33.4,32.1,31.2,31.2,True
2026-09-16 15:22:32.369,27.14,0.0,33.4,0.0,0.041,0.0,3.851,3.887,3.873,3.889,3.873,3.892,3.884,33.4,32.1,31.2,31.2,True
2026-09-16 15:22:35.096,27.14,0.0,33.4,0.0,0.041,0.0,3.851,3.887,3.873,3.889,3.872,3.892,3.883,33.4,32.2,31.3,31.2,True
2026-09-16 15:22:37.865,27.14,0.0,33.4,0.0,0.041,0.0,3.851,3.888,3.873,3.889,3.873,3.892,3.884,33.4,32.1,31.3,31.1,True
2026-09-16 15:22:40.966,27.14,0.0,33.4,0.0,0.041,0.0,3.851,3.888,3.872,3.889,3.873,3.892,3.884,33.4,32.1,31.3,31.1,True
2026-09-16 15:22:44.393,27.15,0.0,33.4,0.0,0.041,0.0,3.851,3.888,3.872,3.889,3.873,3.892,3.884,33.4,32.2,31.2,31.2,True
2026-09-16 15:22:46.938,27.15,0.0,33.4,0.0,0.041,0.0,3.851,3.888,3.873,3.889,3.873,3.892,3.884,33.4,32.2,31.2,31.2,True
2026-09-16 15:22:49.467,27.14,0.0,33.3,0.0,0.041,0.0,3.851,3.888,3.873,3.889,3.873,3.892,3.884,33.3,32.2,31.2,31.2,True
2026-09-16 15:22:52.085,27.14,0.0,33.4,0.0,0.041,0.0,3.851,3.887,3.873,3.889,3.873,3.892,3.883,33.4,32.2,31.2,31.2,True
2026-09-16 15:22:54.428,27.14,0.0,33.4,0.0,0.041,0.0,3.851,3.888,3.872,3.889,3.873,3.892,3.884,33.4,32.2,31.2,31.2,True
2026-09-16 15:22:58.212,27.14,0.0,33.4,0.0,0.041,0.0,3.851,3.888,3.873,3.889,3.873,3.892,3.884,33.4,32.1,31.3,31.1,True
2026-09-16 15:23:02.266,27.14,0.0,33.3,0.0,0.041,0.0,3.851,3.888,3.873,3.889,3.873,3.892,3.884,33.3,32.2,31.1,31.3,True
2026-09-16 15:23:04.839,27.14,0.0,33.5,0.0,0.04,0.0,3.851,3.888,3.873,3.889,3.873,3.891,3.883,33.5,32.0,31.4,31.1,True
2026-09-16 15:23:08.287,27.14,0.0,33.5,0.0,0.04,0.0,3.851,3.888,3.873,3.889,3.873,3.891,3.883,33.5,32.0,31.4,31.1,True
2026-09-16 15:23:11.072,27.14,0.0,33.3,0.0,0.04,0.0,3.851,3.888,3.873,3.889,3.873,3.891,3.883,33.3,32.1,31.3,31.1,True
2026-09-16 15:23:14.015,27.15,0.0,33.4,0.0,0.04,0.0,3.851,3.888,3.873,3.889,3.873,3.891,3.883,33.4,32.2,31.2,31.2,True
2026-09-16 15:23:16.545,27.15,0.0,33.4,0.0,0.041,0.0,3.851,3.888,3.873,3.889,3.873,3.892,3.884,33.4,32.2,31.2,31.2,True
2026-09-16 15:23:18.729,27.14,0.0,33.4,0.0,0.041,0.0,3.851,3.888,3.873,3.889,3.873,3.892,3.884,33.4,32.2,31.2,31.2,True
2026-09-16 15:23:21.284,27.14,0.0,33.3,0.0,0.041,0.0,3.851,3.888,3.872,3.889,3.873,3.892,3.884,33.3,32.2,31.2,31.2,True
2026-09-16 15:23:24.030,27.14,0.0,33.3,0.0,0.041,0.0,3.851,3.887,3.873,3.889,3.873,3.892,3.884,33.3,32.2,31.2,31.2,True
2026-09-16 15:23:26.409,27.14,0.0,33.4,0.0,0.041,0.0,3.851,3.888,3.873,3.889,3.873,3.892,3.883,33.4,32.1,31.3,31.1,True
2026-09-16 15:23:28.924,27.14,0.0,33.4,0.0,0.042,0.0,3.85,3.888,3.872,3.889,3.873,3.892,3.884,33.4,32.1,31.3,31.1,True
2026-09-16 15:23:31.188,27.14,0.0,33.6,0.0,0.041,0.0,3.851,3.888,3.872,3.889,3.873,3.892,3.884,33.6,32.0,31.4,31.2,True
2026-09-16 15:23:33.605,27.14,0.0,33.6,0.0,0.041,0.0,3.851,3.888,3.872,3.889,3.873,3.892,3.884,33.6,32.0,31.4,31.2,True
2026-09-16 15:23:36.186,27.15,0.0,33.4,0.0,0.041,0.0,3.851,3.888,3.872,3.889,3.873,3.892,3.884,33.4,32.2,31.2,31.2,True
2026-09-16 15:23:38.523,27.15,0.0,33.4,0.0,0.041,0.0,3.851,3.888,3.873,3.889,3.873,3.892,3.884,33.4,32.2,31.2,31.2,True
2026-09-16 15:23:40.844,27.14,0.0,33.5,0.0,0.041,0.0,3.851,3.888,3.873,3.889,3.873,3.892,3.884,33.5,32.1,31.3,31.0,True
2026-09-16 15:23:43.709,27.14,0.0,33.5,0.0,0.041,0.0,3.851,3.887,3.872,3.889,3.873,3.892,3.884,33.5,32.1,31.3,31.0,True
2026-09-16 15:23:46.379,27.14,0.0,33.5,0.0,0.041,0.0,3.851,3.887,3.873,3.889,3.873,3.892,3.884,33.5,32.1,31.3,31.1,True
2026-09-16 15:23:48.875,27.14,0.0,33.5,0.0,0.041,0.0,3.851,3.887,3.873,3.889,3.873,3.892,3.884,33.5,32.2,31.2,31.2,True
2026-09-16 15:23:51.108,27.14,0.0,33.5,0.0,0.041,0.0,3.851,3.887,3.872,3.889,3.873,3.892,3.884,33.5,32.1,31.3,31.1,True
2026-09-16 15:23:53.761,27.14,0.0,33.4,0.0,0.041,0.0,3.851,3.888,3.872,3.889,3.873,3.892,3.883,33.4,32.2,31.2,31.2,True
2026-09-16 15:23:56.694,27.14,0.0,33.4,0.0,0.041,0.0,3.851,3.887,3.873,3.889,3.873,3.892,3.883,33.4,32.2,31.2,31.2,True
2026-09-16 15:23:59.020,27.15,0.0,33.5,0.0,0.041,0.0,3.851,3.887,3.873,3.889,3.873,3.892,3.883,33.5,32.3,31.1,31.3,True
2026-09-16 15:24:02.503,27.15,0.0,33.5,0.0,0.041,0.0,3.851,3.888,3.873,3.889,3.873,3.892,3.884,33.5,32.3,31.1,31.3,True
2026-09-16 15:24:06.254,27.14,0.0,33.4,0.0,0.041,0.0,3.851,3.887,3.872,3.889,3.873,3.892,3.884,33.4,32.2,31.2,31.2,True
2026-09-16 15:24:08.923,27.14,0.0,33.4,0.0,0.041,0.0,3.851,3.887,3.872,3.889,3.872,3.892,3.883,33.4,32.2,31.2,31.2,True
2026-09-16 15:24:11.730,27.14,0.0,33.4,0.0,0.041,0.0,3.851,3.887,3.872,3.889,3.872,3.892,3.883,33.4,32.3,31.1,31.2,True
2026-09-16 15:24:14.660,27.14,0.0,33.4,0.0,0.042,0.0,3.85,3.887,3.872,3.889,3.872,3.892,3.884,33.4,32.3,31.1,31.2,True
2026-09-16 15:24:17.255,27.14,0.0,33.4,0.0,0.042,0.0,3.85,3.887,3.872,3.889,3.872,3.892,3.884,33.4,32.3,31.1,31.2,True
2026-09-16 15:24:21.183,27.14,0.0,33.4,0.0,0.042,0.0,3.85,3.888,3.872,3.889,3.872,3.892,3.884,33.4,32.2,31.2,31.2,True
2026-09-16 15:24:23.459,27.14,0.0,33.5,0.0,0.042,0.0,3.85,3.888,3.873,3.889,3.873,3.892,3.883,33.5,32.1,31.2,31.0,True
2026-09-16 15:24:25.994,27.14,0.0,33.5,0.0,0.042,0.0,3.85,3.888,3.873,3.889,3.873,3.892,3.883,33.5,32.1,31.2,31.0,True
2026-09-16 15:24:28.503,27.14,0.0,33.4,0.0,0.042,0.0,3.85,3.887,3.872,3.889,3.873,3.892,3.883,33.4,32.2,31.2,31.2,True
2026-09-16 15:24:31.441,27.14,0.0,33.5,0.0,0.042,0.0,3.85,3.888,3.873,3.889,3.873,3.892,3.883,33.5,32.1,31.3,31.1,True
2026-09-16 15:24:34.170,27.14,0.0,33.4,0.0,0.042,0.0,3.85,3.888,3.873,3.889,3.873,3.892,3.883,33.4,32.2,31.2,31.2,True
2026-09-16 15:24:36.773,27.14,0.0,33.4,0.0,0.041,0.0,3.851,3.888,3.873,3.889,3.873,3.892,3.884,33.4,32.2,31.2,31.2,True
2026-09-16 15:24:39.561,27.14,0.0,33.5,0.0,0.042,0.0,3.85,3.888,3.872,3.889,3.873,3.892,3.884,33.5,32.2,31.2,31.2,True
2026-09-16 15:24:41.969,27.14,0.0,33.5,0.0,0.042,0.0,3.85,3.888,3.872,3.889,3.873,3.892,3.884,33.5,32.2,31.2,31.2,True
2026-09-16 15:24:44.994,27.14,0.0,33.4,0.0,0.041,0.0,3.851,3.887,3.873,3.889,3.872,3.892,3.883,33.4,32.1,31.2,31.2,True
2026-09-16 15:24:47.739,27.14,0.0,33.6,0.0,0.041,0.0,3.851,3.887,3.873,3.889,3.872,3.892,3.883,33.6,32.1,31.3,31.1,True
2026-09-16 15:24:50.505,27.14,0.0,33.6,0.0,0.041,0.0,3.851,3.887,3.872,3.889,3.873,3.892,3.884,33.6,32.1,31.3,31.1,True
2026-09-16 15:24:53.489,27.14,0.0,33.6,0.0,0.041,0.0,3.851,3.887,3.872,3.889,3.873,3.892,3.884,33.6,32.0,31.3,31.1,True
2026-09-16 15:24:55.833,27.14,0.0,33.5,0.0,0.042,0.0,3.85,3.888,3.873,3.889,3.872,3.892,3.884,33.5,32.1,31.2,31.2,True
2026-09-16 15:24:59.495,27.14,0.0,33.5,0.0,0.041,0.0,3.851,3.887,3.872,3.889,3.872,3.892,3.883,33.5,32.1,31.2,31.2,True
2026-09-16 15:25:02.222,27.14,0.0,33.6,0.0,0.041,0.0,3.851,3.887,3.872,3.889,3.872,3.892,3.883,33.6,32.1,31.3,31.1,True
2026-09-16 15:25:04.967,27.14,0.0,33.5,0.0,0.042,0.0,3.85,3.888,3.872,3.889,3.873,3.892,3.884,33.5,32.2,31.2,31.1,True
2026-09-16 15:25:07.867,27.14,0.0,33.5,0.0,0.042,0.0,3.85,3.888,3.872,3.889,3.873,3.892,3.884,33.5,32.1,31.2,31.1,True
2026-09-16 15:25:10.676,27.14,0.0,33.5,0.0,0.042,0.0,3.85,3.887,3.872,3.889,3.872,3.892,3.884,33.5,32.2,31.2,31.2,True
2026-09-16 15:25:13.867,27.14,0.0,33.5,0.0,0.042,0.0,3.85,3.887,3.872,3.889,3.872,3.892,3.883,33.5,32.2,31.2,31.2,True
2026-09-16 15:25:16.611,27.14,0.0,33.6,0.0,0.042,0.0,3.85,3.887,3.872,3.889,3.872,3.892,3.883,33.6,32.0,31.4,31.0,True
2026-09-16 15:25:19.018,27.14,0.0,33.6,0.0,0.042,0.0,3.85,3.887,3.872,3.889,3.873,3.892,3.883,33.6,32.0,31.4,31.0,True
2026-09-16 15:25:21.652,27.14,0.0,33.5,0.0,0.042,0.0,3.85,3.888,3.872,3.889,3.873,3.892,3.883,33.5,32.2,31.2,31.2,True
2026-09-16 15:25:24.383,27.14,0.0,33.5,0.0,0.042,0.0,3.85,3.888,3.872,3.889,3.872,3.892,3.883,33.5,32.2,31.2,31.2,True
2026-09-16 15:25:27.018,27.14,0.0,33.6,0.0,0.042,0.0,3.85,3.888,3.872,3.889,3.872,3.892,3.883,33.6,32.1,31.2,31.1,True
2026-09-16 15:25:30.026,27.14,0.0,33.6,0.0,0.042,0.0,3.85,3.888,3.872,3.889,3.873,3.892,3.884,33.6,32.1,31.2,31.1,True
2026-09-16 15:25:32.706,27.14,0.0,33.5,0.0,0.042,0.0,3.85,3.888,3.872,3.889,3.873,3.892,3.884,33.5,32.2,31.2,31.2,True
2026-09-16 15:25:35.341,27.14,0.0,33.5,0.0,0.042,0.0,3.85,3.887,3.872,3.889,3.872,3.892,3.883,33.5,32.2,31.2,31.2,True
2026-09-16 15:25:38.838,27.14,0.0,33.6,0.0,0.041,0.0,3.851,3.887,3.873,3.889,3.873,3.892,3.883,33.6,32.1,31.3,31.1,True
2026-09-16 15:25:42.093,27.14,0.0,33.6,0.0,0.042,0.0,3.85,3.887,3.872,3.889,3.873,3.892,3.884,33.6,32.1,31.2,31.2,True
2026-09-16 15:25:44.809,27.14,0.0,33.6,0.0,0.042,0.0,3.85,3.887,3.872,3.889,3.873,3.892,3.884,33.6,32.1,31.2,31.2,True
2026-09-16 15:25:47.584,27.14,0.0,33.5,0.0,0.042,0.0,3.85,3.887,3.872,3.889,3.873,3.892,3.884,33.5,32.2,31.2,31.2,True
2026-09-16 15:25:50.279,27.14,0.0,33.5,0.0,0.042,0.0,3.85,3.888,3.873,3.889,3.873,3.892,3.883,33.5,32.2,31.1,31.2,True
2026-09-16 15:25:52.897,27.14,0.0,33.5,0.0,0.042,0.0,3.85,3.888,3.873,3.889,3.873,3.892,3.883,33.5,32.2,31.1,31.2,True
2026-09-16 15:25:55.606,27.14,0.0,33.5,0.0,0.042,0.0,3.85,3.888,3.873,3.889,3.873,3.892,3.883,33.5,32.2,31.2,31.2,True
2026-09-16 15:25:58.719,27.14,0.0,33.6,0.0,0.042,0.0,3.85,3.888,3.873,3.889,3.872,3.892,3.884,33.6,32.1,31.2,31.1,True
2026-09-16 15:26:01.306,27.14,0.0,33.5,0.0,0.042,0.0,3.85,3.887,3.873,3.889,3.873,3.892,3.884,33.5,32.2,31.2,31.2,True
2026-09-16 15:26:04.251,27.14,0.0,33.6,0.0,0.042,0.0,3.85,3.887,3.873,3.889,3.872,3.892,3.884,33.6,32.0,31.3,31.0,True
2026-09-16 15:26:06.659,27.14,0.0,33.6,0.0,0.042,0.0,3.85,3.888,3.872,3.889,3.872,3.892,3.883,33.6,32.0,31.2,31.1,True
2026-09-16 15:26:08.862,27.14,0.0,33.6,0.0,0.042,0.0,3.85,3.887,3.872,3.889,3.873,3.892,3.884,33.6,32.0,31.2,31.1,True
2026-09-16 15:26:11.470,27.14,0.0,33.6,0.0,0.042,0.0,3.85,3.887,3.872,3.889,3.872,3.892,3.883,33.6,32.0,31.2,31.1,True
2026-09-16 15:26:14.666,27.14,0.0,33.5,0.0,0.042,0.0,3.85,3.887,3.872,3.889,3.872,3.892,3.883,33.5,32.2,31.2,31.2,True
2026-09-16 15:26:17.484,27.14,0.0,33.5,0.0,0.042,0.0,3.85,3.887,3.872,3.889,3.872,3.892,3.883,33.5,32.2,31.2,31.2,True
2026-09-16 15:26:21.191,27.14,0.0,33.5,0.0,0.042,0.0,3.85,3.887,3.873,3.889,3.872,3.892,3.884,33.5,32.2,31.1,31.2,True
2026-09-16 15:26:23.672,27.14,0.0,33.5,0.0,0.042,0.0,3.85,3.887,3.873,3.889,3.872,3.892,3.884,33.5,32.2,31.2,31.2,True
2026-09-16 15:26:26.013,27.14,0.0,33.6,0.0,0.042,0.0,3.85,3.888,3.873,3.889,3.872,3.892,3.883,33.6,32.1,31.3,31.1,True
2026-09-16 15:26:28.208,27.14,0.0,33.6,0.0,0.042,0.0,3.85,3.887,3.872,3.889,3.873,3.892,3.884,33.6,32.1,31.2,31.2,True
2026-09-16 15:26:30.791,27.14,0.0,33.6,0.0,0.042,0.0,3.85,3.887,3.872,3.889,3.873,3.892,3.884,33.6,32.1,31.3,31.1,True
2026-09-16 15:26:33.339,27.14,0.0,33.6,0.0,0.042,0.0,3.85,3.887,3.872,3.889,3.873,3.892,3.883,33.6,32.1,31.2,31.2,True
2026-09-16 15:26:35.951,27.14,0.0,33.6,0.0,0.042,0.0,3.85,3.887,3.872,3.889,3.873,3.892,3.883,33.6,32.1,31.2,31.2,True
2026-09-16 15:26:38.537,27.14,0.0,33.7,0.0,0.042,0.0,3.85,3.887,3.872,3.889,3.873,3.892,3.883,33.7,32.1,31.3,31.1,True
2026-09-16 15:26:40.998,27.14,0.0,33.6,0.0,0.042,0.0,3.85,3.887,3.872,3.889,3.873,3.892,3.883,33.6,32.1,31.3,31.1,True
2026-09-16 15:26:43.335,27.14,0.0,33.6,0.0,0.041,0.0,3.85,3.887,3.872,3.889,3.873,3.891,3.884,33.6,32.1,31.3,31.1,True
2026-09-16 15:26:45.938,27.14,0.0,33.6,0.0,0.042,0.0,3.85,3.887,3.872,3.889,3.873,3.892,3.884,33.6,32.2,31.1,31.2,True
2026-09-16 15:26:48.233,27.14,0.0,33.7,0.0,0.042,0.0,3.85,3.887,3.872,3.889,3.872,3.892,3.884,33.7,32.1,31.2,31.1,True
2026-09-16 15:26:50.845,27.14,0.0,33.7,0.0,0.042,0.0,3.85,3.887,3.872,3.889,3.872,3.892,3.883,33.7,32.1,31.2,31.1,True
2026-09-16 15:26:53.333,27.14,0.0,33.5,0.0,0.042,0.0,3.85,3.887,3.872,3.889,3.872,3.892,3.883,33.5,32.1,31.2,31.2,True
2026-09-16 15:26:56.031,27.14,0.0,33.5,0.0,0.042,0.0,3.85,3.887,3.872,3.889,3.872,3.892,3.883,33.5,32.1,31.2,31.2,True
2026-09-16 15:26:58.682,27.14,0.0,33.7,0.0,0.042,0.0,3.85,3.887,3.872,3.889,3.873,3.892,3.884,33.7,32.0,31.3,31.1,True
2026-09-16 15:27:01.272,27.14,0.0,33.7,0.0,0.042,0.0,3.85,3.887,3.872,3.889,3.873,3.892,3.884,33.7,32.0,31.3,31.1,True
2026-09-16 15:27:03.750,27.14,0.0,33.6,0.0,0.042,0.0,3.85,3.887,3.872,3.889,3.873,3.892,3.884,33.6,32.2,31.2,31.1,True
2026-09-16 15:27:07.703,27.14,0.0,33.6,0.0,0.041,0.0,3.851,3.887,3.872,3.889,3.872,3.892,3.883,33.6,32.1,31.2,31.2,True
2026-09-16 15:27:10.618,27.14,0.0,33.6,0.0,0.042,0.0,3.85,3.887,3.872,3.889,3.873,3.892,3.883,33.6,32.1,31.2,31.2,True
2026-09-16 15:27:13.478,27.14,0.0,33.6,0.0,0.041,0.0,3.85,3.888,3.872,3.889,3.873,3.891,3.883,33.6,32.1,31.2,31.1,True
2026-09-16 15:27:16.855,27.14,0.0,33.6,0.0,0.041,0.0,3.85,3.887,3.872,3.889,3.873,3.891,3.884,33.6,32.2,31.2,31.2,True
2026-09-16 15:27:19.447,27.14,0.0,33.7,0.0,0.042,0.0,3.85,3.887,3.872,3.889,3.872,3.892,3.883,33.7,32.1,31.3,31.1,True
2026-09-16 15:27:22.187,27.14,0.0,33.7,0.0,0.041,0.0,3.851,3.887,3.872,3.889,3.872,3.892,3.883,33.7,32.1,31.3,31.1,True
2026-09-16 15:27:26.246,27.14,0.0,33.5,0.0,0.041,0.0,3.851,3.887,3.872,3.889,3.872,3.892,3.883,33.5,32.2,31.2,31.1,True
2026-09-16 15:27:28.783,27.14,0.0,33.7,0.0,0.043,0.0,3.849,3.887,3.872,3.889,3.872,3.892,3.883,33.7,32.1,31.2,31.1,True
2026-09-16 15:27:31.303,27.14,0.0,33.7,0.0,0.042,0.0,3.85,3.888,3.872,3.889,3.873,3.892,3.883,33.7,32.1,31.2,31.1,True
2026-09-16 15:27:34.048,27.14,0.0,33.6,0.0,0.042,0.0,3.85,3.888,3.872,3.889,3.872,3.892,3.884,33.6,32.1,31.3,31.1,True
2026-09-16 15:27:36.581,27.14,0.0,33.6,0.0,0.042,0.0,3.85,3.887,3.872,3.889,3.872,3.892,3.883,33.6,32.1,31.3,31.1,True
2026-09-16 15:27:39.618,27.14,0.0,33.6,0.0,0.042,0.0,3.85,3.887,3.872,3.889,3.872,3.892,3.883,33.6,32.2,31.2,31.2,True
2026-09-16 15:27:42.671,27.14,0.0,33.6,0.0,0.042,0.0,3.85,3.887,3.872,3.889,3.873,3.892,3.883,33.6,32.1,31.2,31.1,True
2026-09-16 15:27:45.516,27.14,0.0,33.6,0.0,0.042,0.0,3.85,3.888,3.872,3.889,3.872,3.892,3.883,33.6,32.1,31.3,31.1,True
2026-09-16 15:27:48.269,27.14,0.0,33.7,0.0,0.042,0.0,3.85,3.887,3.872,3.889,3.873,3.892,3.883,33.7,32.1,31.2,31.1,True
2026-09-16 15:27:51.827,27.14,0.0,33.8,0.0,0.042,0.0,3.85,3.887,3.872,3.889,3.873,3.892,3.883,33.8,32.0,31.3,31.1,True
2026-09-16 15:27:54.442,27.14,0.0,33.8,0.0,0.041,0.0,3.85,3.887,3.872,3.889,3.872,3.891,3.883,33.8,32.0,31.3,31.1,True
2026-09-16 15:27:57.083,27.14,0.0,33.6,0.0,0.041,0.0,3.85,3.887,3.872,3.889,3.872,3.891,3.883,33.6,32.1,31.3,31.1,True
2026-09-16 15:27:59.891,27.14,0.0,33.6,0.0,0.042,0.0,3.849,3.887,3.872,3.889,3.872,3.891,3.883,33.6,32.1,31.2,31.1,True
2026-09-16 15:28:02.818,27.14,0.0,33.6,0.0,0.042,0.0,3.85,3.887,3.872,3.889,3.872,3.892,3.883,33.6,32.1,31.2,31.1,True
2026-09-16 15:28:05.325,27.14,0.0,33.7,0.0,0.042,0.0,3.85,3.887,3.872,3.889,3.872,3.892,3.883,33.7,32.1,31.3,31.0,True
2026-09-16 15:28:07.960,27.14,0.0,33.6,0.0,0.042,0.0,3.85,3.887,3.872,3.889,3.872,3.892,3.883,33.6,32.2,31.2,31.2,True
2026-09-16 15:28:10.644,27.14,0.0,33.6,0.0,0.042,0.0,3.85,3.887,3.872,3.889,3.872,3.892,3.883,33.6,32.1,31.2,31.2,True
2026-09-16 15:28:14.095,27.14,0.0,33.7,0.0,0.042,0.0,3.85,3.888,3.872,3.889,3.872,3.892,3.883,33.7,32.1,31.2,31.1,True
2026-09-16 15:28:16.762,27.14,0.0,33.7,0.0,0.042,0.0,3.85,3.887,3.872,3.889,3.873,3.892,3.883,33.7,32.1,31.2,31.2,True
2026-09-16 15:28:19.457,27.14,0.0,33.7,0.0,0.042,0.0,3.85,3.887,3.872,3.889,3.872,3.892,3.883,33.7,32.1,31.2,31.1,True
2026-09-16 15:28:22.128,27.14,0.0,33.6,0.0,0.042,0.0,3.85,3.887,3.872,3.889,3.872,3.892,3.883,33.6,32.1,31.1,31.2,True
2026-09-16 15:28:24.656,27.14,0.0,33.7,0.0,0.042,0.0,3.85,3.888,3.872,3.889,3.873,3.892,3.884,33.7,32.1,31.2,31.1,True
2026-09-16 15:28:27.247,27.14,0.0,33.7,0.0,0.042,0.0,3.85,3.887,3.872,3.889,3.872,3.892,3.883,33.7,32.1,31.2,31.1,True
2026-09-16 15:28:29.891,27.14,0.0,33.6,0.0,0.042,0.0,3.85,3.887,3.872,3.889,3.872,3.892,3.883,33.6,32.1,31.2,31.1,True
2026-09-16 15:28:32.685,27.14,0.0,33.7,0.0,0.042,0.0,3.85,3.887,3.872,3.889,3.872,3.892,3.883,33.7,32.1,31.2,31.2,True
2026-09-16 15:28:35.346,27.14,0.0,33.7,0.0,0.042,0.0,3.85,3.887,3.872,3.889,3.872,3.892,3.883,33.7,32.1,31.2,31.1,True
2026-09-16 15:28:37.827,27.14,0.0,33.6,0.0,0.042,0.0,3.85,3.887,3.872,3.889,3.872,3.892,3.883,33.6,32.2,31.2,31.2,True
2026-09-16 15:28:40.386,27.14,0.0,33.7,0.0,0.041,0.0,3.85,3.888,3.872,3.889,3.872,3.891,3.883,33.7,32.2,31.2,31.2,True
2026-09-16 15:28:43.850,27.14,0.0,33.6,0.0,0.042,0.0,3.85,3.887,3.872,3.889,3.872,3.892,3.883,33.6,32.1,31.2,31.2,True
2026-09-16 15:28:46.357,27.14,0.0,33.7,0.0,0.042,0.0,3.85,3.887,3.872,3.889,3.872,3.892,3.883,33.7,32.1,31.4,31.2,True
2026-09-16 15:28:51.766,27.14,0.0,33.7,0.0,0.041,0.0,3.85,3.887,3.872,3.889,3.872,3.891,3.883,33.7,32.1,31.2,31.1,True
2026-09-16 15:28:55.646,27.14,0.0,33.7,0.0,0.043,0.0,3.849,3.887,3.872,3.889,3.872,3.892,3.884,33.7,32.1,31.2,31.1,True
2026-09-16 15:28:58.523,27.14,0.0,33.6,0.0,0.043,0.0,3.849,3.887,3.872,3.889,3.872,3.892,3.884,33.6,32.2,31.1,31.3,True
2026-09-16 15:29:01.156,27.14,0.0,33.6,0.0,0.041,0.0,3.85,3.887,3.872,3.889,3.872,3.891,3.883,33.6,32.2,31.1,31.3,True
2026-09-16 15:29:03.812,27.14,0.0,33.7,0.0,0.042,0.0,3.85,3.887,3.872,3.889,3.872,3.892,3.883,33.7,32.1,31.2,31.1,True
2026-09-16 15:29:06.675,27.14,0.0,33.7,0.0,0.042,0.0,3.85,3.887,3.872,3.889,3.872,3.892,3.883,33.7,32.1,31.3,31.1,True
2026-09-16 15:29:10.483,27.14,0.0,33.6,0.0,0.041,0.0,3.85,3.887,3.872,3.889,3.872,3.891,3.883,33.6,32.2,31.2,31.2,True
2026-09-16 15:29:13.191,27.14,0.0,33.7,0.0,0.041,0.0,3.85,3.887,3.872,3.889,3.872,3.891,3.883,33.7,32.1,31.3,31.1,True
2026-09-16 15:29:15.876,27.14,0.0,33.8,0.0,0.042,0.0,3.85,3.887,3.872,3.889,3.873,3.892,3.883,33.8,32.0,31.3,31.0,True
2026-09-16 15:29:18.276,27.14,0.0,33.8,0.0,0.043,0.0,3.849,3.887,3.872,3.889,3.872,3.892,3.884,33.8,32.0,31.3,31.0,True
2026-09-16 15:29:20.592,27.14,0.0,33.7,0.0,0.042,0.0,3.85,3.887,3.872,3.889,3.873,3.892,3.883,33.7,32.2,31.2,31.2,True
2026-09-16 15:29:24.195,27.14,0.0,33.6,0.0,0.042,0.0,3.85,3.887,3.872,3.889,3.872,3.892,3.884,33.6,32.1,31.2,31.2,True
2026-09-16 15:29:26.486,27.14,0.0,33.7,0.0,0.042,0.0,3.85,3.887,3.872,3.889,3.872,3.892,3.883,33.7,32.1,31.3,31.1,True
2026-09-16 15:29:29.157,27.14,0.0,33.7,0.0,0.043,0.0,3.849,3.887,3.872,3.889,3.872,3.892,3.883,33.7,32.1,31.3,31.1,True
2026-09-16 15:29:32.050,27.14,0.0,33.7,0.0,0.042,0.0,3.85,3.887,3.872,3.889,3.872,3.892,3.883,33.7,32.1,31.3,31.1,True
2026-09-16 15:29:34.478,27.14,0.0,33.6,0.0,0.042,0.0,3.85,3.887,3.872,3.889,3.872,3.892,3.883,33.6,32.2,31.2,31.2,True
2026-09-16 15:29:37.098,27.14,0.0,33.6,0.0,0.042,0.0,3.85,3.887,3.872,3.889,3.872,3.892,3.883,33.6,32.2,31.2,31.2,True
2026-09-16 15:29:39.813,27.14,0.0,33.7,0.0,0.042,0.0,3.85,3.887,3.873,3.889,3.872,3.892,3.883,33.7,32.0,31.3,31.0,True
2026-09-16 15:29:42.578,27.14,0.0,33.8,0.0,0.042,0.0,3.85,3.887,3.873,3.889,3.872,3.892,3.883,33.8,32.0,31.3,31.0,True
2026-09-16 15:29:45.047,27.14,0.0,33.8,0.0,0.043,0.0,3.849,3.887,3.872,3.889,3.872,3.892,3.883,33.8,32.1,31.2,31.2,True
2026-09-16 15:29:47.525,27.14,0.0,33.8,0.0,0.041,0.0,3.85,3.887,3.872,3.889,3.873,3.891,3.883,33.8,32.1,31.2,31.2,True
2026-09-16 15:29:50.260,27.14,0.0,33.6,0.0,0.043,0.0,3.849,3.887,3.872,3.889,3.872,3.892,3.883,33.6,32.2,31.2,31.2,True
2026-09-16 15:29:53.176,27.14,0.0,33.6,0.0,0.043,0.0,3.849,3.887,3.872,3.889,3.872,3.892,3.883,33.6,32.2,31.2,31.2,True
2026-09-16 15:29:55.887,27.14,0.0,33.6,0.0,0.043,0.0,3.849,3.887,3.872,3.889,3.872,3.892,3.883,33.6,32.2,31.2,31.2,True
2026-09-16 15:29:58.619,27.14,0.0,33.6,0.0,0.042,0.0,3.849,3.887,3.872,3.889,3.872,3.891,3.883,33.6,32.2,31.2,31.2,True
2026-09-16 15:30:00.859,27.14,0.0,33.7,0.0,0.042,0.0,3.849,3.887,3.872,3.889,3.872,3.891,3.883,33.7,32.2,31.2,31.2,True
2026-09-16 15:30:03.392,27.14,0.0,33.7,0.0,0.043,0.0,3.849,3.887,3.872,3.889,3.872,3.892,3.883,33.7,32.2,31.2,31.2,True
2026-09-16 15:30:05.925,27.14,0.0,33.7,0.0,0.043,0.0,3.849,3.887,3.872,3.889,3.872,3.892,3.883,33.7,32.2,31.2,31.2,True
2026-09-16 15:30:08.695,27.14,0.0,33.6,0.0,0.043,0.0,3.849,3.887,3.872,3.889,3.872,3.892,3.883,33.6,32.2,31.1,31.2,True
2026-09-16 15:30:11.504,27.14,0.0,33.7,0.0,0.042,0.0,3.85,3.887,3.872,3.889,3.873,3.892,3.883,33.7,32.2,31.2,31.2,True
2026-09-16 15:30:14.255,27.14,0.0,33.7,0.0,0.042,0.0,3.849,3.887,3.872,3.889,3.872,3.891,3.884,33.7,32.2,31.2,31.2,True
2026-09-16 15:30:17.020,27.14,0.0,33.8,0.0,0.042,0.0,3.849,3.887,3.872,3.889,3.872,3.891,3.884,33.8,32.0,31.3,31.1,True
2026-09-16 15:30:19.738,27.14,0.0,33.7,0.0,0.043,0.0,3.849,3.887,3.872,3.889,3.873,3.892,3.883,33.7,32.1,31.2,31.2,True
2026-09-16 15:30:22.806,27.14,0.0,33.6,0.0,0.042,0.0,3.85,3.887,3.872,3.888,3.872,3.892,3.883,33.6,32.2,31.1,31.2,True
2026-09-16 15:30:25.334,27.14,0.0,33.6,0.0,0.042,0.0,3.85,3.887,3.872,3.888,3.872,3.892,3.883,33.6,32.2,31.1,31.2,True
2026-09-16 15:30:28.720,27.14,0.0,33.7,0.0,0.042,0.0,3.85,3.887,3.872,3.889,3.873,3.892,3.883,33.7,32.2,31.2,31.1,True
2026-09-16 15:30:31.036,27.14,0.0,33.8,0.0,0.042,0.0,3.849,3.887,3.872,3.889,3.872,3.891,3.883,33.8,32.1,31.2,31.1,True
2026-09-16 15:30:33.512,27.14,0.0,33.8,0.0,0.042,0.0,3.85,3.888,3.872,3.889,3.872,3.892,3.883,33.8,32.1,31.2,31.1,True
2026-09-16 15:30:35.986,27.14,0.0,33.7,0.0,0.042,0.0,3.849,3.887,3.872,3.889,3.872,3.891,3.883,33.7,32.1,31.2,31.2,True
2026-09-16 15:30:38.860,27.14,0.0,33.8,0.0,0.041,0.0,3.85,3.887,3.872,3.889,3.872,3.891,3.883,33.8,32.1,31.2,31.1,True
2026-09-16 15:30:41.402,27.14,0.0,33.8,0.0,0.041,0.0,3.85,3.887,3.872,3.889,3.872,3.891,3.883,33.8,32.2,31.2,31.2,True
2026-09-16 15:30:44.152,27.14,0.0,33.7,0.0,0.042,0.0,3.849,3.887,3.872,3.889,3.872,3.891,3.883,33.7,32.1,31.1,31.2,True
2026-09-16 15:30:47.016,27.14,0.0,33.7,0.0,0.042,0.0,3.849,3.887,3.872,3.889,3.872,3.891,3.883,33.7,32.1,31.1,31.2,True
2026-09-16 15:30:49.837,27.14,0.0,33.9,0.0,0.042,0.0,3.849,3.887,3.872,3.889,3.872,3.891,3.883,33.9,32.1,31.2,31.1,True
2026-09-16 15:30:52.995,27.14,0.0,33.8,0.0,0.043,0.0,3.849,3.887,3.872,3.889,3.873,3.892,3.883,33.8,32.0,31.3,31.1,True
2026-09-16 15:30:55.562,27.14,0.0,33.8,0.0,0.043,0.0,3.849,3.887,3.872,3.889,3.873,3.892,3.883,33.8,32.0,31.3,31.1,True
2026-09-16 15:30:58.020,27.14,0.0,33.8,0.0,0.043,0.0,3.849,3.888,3.872,3.889,3.872,3.892,3.883,33.8,32.0,31.3,31.1,True
2026-09-16 15:31:00.858,27.14,0.0,33.7,0.0,0.043,0.0,3.849,3.888,3.872,3.889,3.872,3.892,3.883,33.7,32.2,31.2,31.1,True
2026-09-16 15:31:03.837,27.14,0.0,33.8,0.0,0.043,0.0,3.849,3.887,3.872,3.889,3.872,3.892,3.883,33.8,32.1,31.3,31.2,True
2026-09-16 15:31:06.314,27.14,0.0,33.8,0.0,0.041,0.0,3.85,3.887,3.872,3.889,3.872,3.891,3.883,33.8,32.1,31.3,31.1,True
2026-09-16 15:31:08.873,27.14,0.0,33.8,0.0,0.043,0.0,3.849,3.887,3.872,3.889,3.872,3.892,3.883,33.8,32.0,31.3,31.1,True
2026-09-16 15:31:11.599,27.14,0.0,33.8,0.0,0.041,0.0,3.85,3.887,3.872,3.889,3.872,3.891,3.883,33.8,32.1,31.2,31.2,True
2026-09-16 15:31:14.423,27.14,0.0,33.9,0.0,0.043,0.0,3.849,3.887,3.872,3.889,3.872,3.892,3.883,33.9,32.1,31.2,31.1,True
2026-09-16 15:31:16.881,27.14,0.0,33.9,0.0,0.043,0.0,3.849,3.887,3.872,3.889,3.872,3.892,3.883,33.9,32.1,31.2,31.1,True
2026-09-16 15:31:19.774,27.14,0.0,33.8,0.0,0.043,0.0,3.849,3.887,3.872,3.889,3.872,3.892,3.883,33.8,32.1,31.2,31.2,True
2026-09-16 15:31:22.549,27.14,0.0,33.8,0.0,0.043,0.0,3.849,3.887,3.872,3.889,3.872,3.892,3.883,33.8,32.1,31.3,31.1,True
2026-09-16 15:31:25.303,27.14,0.0,33.8,0.0,0.043,0.0,3.849,3.887,3.872,3.889,3.872,3.892,3.883,33.8,32.1,31.3,31.1,True
2026-09-16 15:31:28.000,27.14,0.0,33.8,0.0,0.041,0.0,3.85,3.887,3.872,3.889,3.872,3.891,3.883,33.8,32.1,31.2,31.1,True
2026-09-16 15:31:30.715,27.14,0.0,33.8,0.0,0.043,0.0,3.849,3.887,3.872,3.889,3.872,3.892,3.884,33.8,32.1,31.2,31.1,True
2026-09-16 15:31:33.639,27.14,0.0,33.8,0.0,0.043,0.0,3.849,3.887,3.872,3.889,3.872,3.892,3.884,33.8,32.1,31.2,31.2,True
2026-09-16 15:31:36.404,27.14,0.0,33.8,0.0,0.043,0.0,3.849,3.887,3.872,3.889,3.872,3.892,3.883,33.8,32.1,31.2,31.1,True
2026-09-16 15:31:38.984,27.14,0.0,33.8,0.0,0.041,0.0,3.85,3.887,3.872,3.889,3.872,3.891,3.883,33.8,32.1,31.2,31.1,True
2026-09-16 15:31:42.050,27.14,0.0,33.8,0.0,0.041,0.0,3.85,3.887,3.872,3.889,3.872,3.891,3.883,33.8,32.1,31.2,31.1,True
2026-09-16 15:31:44.790,27.14,0.0,33.9,0.0,0.043,0.0,3.849,3.887,3.872,3.889,3.872,3.892,3.883,33.9,32.1,31.3,31.1,True
2026-09-16 15:31:47.353,27.14,0.0,33.9,0.0,0.043,0.0,3.849,3.887,3.872,3.889,3.872,3.892,3.883,33.9,32.1,31.3,31.1,True
2026-09-16 15:31:50.192,27.14,0.0,33.8,0.0,0.043,0.0,3.849,3.887,3.872,3.889,3.872,3.892,3.883,33.8,32.1,31.2,31.1,True
2026-09-16 15:31:52.887,27.14,0.0,33.7,0.0,0.042,0.0,3.849,3.887,3.872,3.889,3.872,3.891,3.883,33.7,32.2,31.1,31.3,True
2026-09-16 15:31:55.349,27.14,0.0,33.8,0.0,0.043,0.0,3.849,3.887,3.872,3.889,3.872,3.892,3.883,33.8,32.1,31.3,31.1,True
2026-09-16 15:31:58.241,27.14,0.0,33.9,0.0,0.043,0.0,3.849,3.887,3.872,3.889,3.872,3.892,3.883,33.9,32.0,31.3,31.1,True
2026-09-16 15:32:00.698,27.14,0.0,33.9,0.0,0.042,0.0,3.85,3.887,3.872,3.889,3.872,3.892,3.883,33.9,32.0,31.3,31.1,True
2026-09-16 15:32:03.335,27.14,0.0,33.8,0.0,0.042,0.0,3.849,3.887,3.872,3.889,3.872,3.891,3.883,33.8,32.2,31.2,31.2,True
2026-09-16 15:32:05.991,27.14,0.0,33.8,0.0,0.043,0.0,3.849,3.887,3.872,3.889,3.872,3.892,3.883,33.8,32.2,31.2,31.2,True
2026-09-16 15:32:08.603,27.14,0.0,33.8,0.0,0.043,0.0,3.849,3.887,3.872,3.889,3.872,3.892,3.883,33.8,32.2,31.2,31.2,True
2026-09-16 15:32:11.130,27.14,0.0,33.9,0.0,0.043,0.0,3.849,3.887,3.872,3.889,3.872,3.892,3.883,33.9,32.0,31.4,31.1,True
2026-09-16 15:32:13.979,27.14,0.0,33.8,0.0,0.043,0.0,3.849,3.887,3.872,3.889,3.872,3.892,3.883,33.8,32.1,31.3,31.1,True
2026-09-16 15:32:16.875,27.14,0.0,33.8,0.0,0.042,0.0,3.849,3.887,3.872,3.889,3.872,3.891,3.883,33.8,32.1,31.3,31.1,True
2026-09-16 15:32:19.354,27.14,0.0,33.7,0.0,0.043,0.0,3.849,3.887,3.872,3.889,3.872,3.892,3.883,33.7,32.2,31.2,31.2,True
2026-09-16 15:32:21.984,27.14,0.0,33.7,0.0,0.042,0.0,3.849,3.887,3.872,3.889,3.872,3.891,3.883,33.7,32.2,31.2,31.2,True
2026-09-16 15:32:24.863,27.14,0.0,33.8,0.0,0.042,0.0,3.85,3.887,3.872,3.888,3.873,3.892,3.883,33.8,32.0,31.4,31.1,True
2026-09-16 15:32:27.842,27.14,0.0,33.8,0.0,0.043,0.0,3.849,3.887,3.872,3.889,3.872,3.892,3.883,33.8,32.1,31.2,31.1,True
2026-09-16 15:32:31.402,27.14,0.0,33.8,0.0,0.043,0.0,3.849,3.887,3.872,3.889,3.872,3.892,3.883,33.8,32.2,31.3,31.2,True
2026-09-16 15:32:33.947,27.14,0.0,33.8,0.0,0.042,0.0,3.849,3.887,3.872,3.889,3.872,3.891,3.883,33.8,32.2,31.3,31.2,True
2026-09-16 15:32:36.561,27.14,0.0,33.9,0.0,0.042,0.0,3.849,3.887,3.872,3.889,3.872,3.891,3.883,33.9,32.0,31.3,31.1,True
2026-09-16 15:32:39.069,27.14,0.0,33.9,0.0,0.042,0.0,3.849,3.887,3.872,3.889,3.872,3.891,3.883,33.9,32.0,31.3,31.1,True
2026-09-16 15:32:41.938,27.14,0.0,33.8,0.0,0.042,0.0,3.849,3.887,3.872,3.889,3.872,3.891,3.884,33.8,32.1,31.3,31.0,True
2026-09-16 15:32:45.449,27.14,0.0,33.8,0.0,0.043,0.0,3.849,3.887,3.872,3.889,3.872,3.892,3.883,33.8,32.1,31.3,31.0,True
2026-09-16 15:32:48.006,27.14,0.0,33.8,0.0,0.042,0.0,3.849,3.887,3.872,3.889,3.872,3.891,3.883,33.8,32.2,31.2,31.2,True
2026-09-16 15:32:50.570,27.14,0.0,33.8,0.0,0.042,0.0,3.849,3.887,3.872,3.889,3.872,3.891,3.883,33.8,32.2,31.2,31.2,True
2026-09-16 15:32:53.548,27.14,0.0,33.8,0.0,0.043,0.0,3.849,3.887,3.872,3.889,3.873,3.892,3.883,33.8,32.3,31.2,31.2,True
2026-09-16 15:32:57.289,27.14,0.0,33.8,0.0,0.042,0.0,3.849,3.887,3.872,3.889,3.872,3.891,3.883,33.8,32.3,31.2,31.2,True
2026-09-16 15:32:59.938,27.14,0.0,33.8,0.0,0.042,0.0,3.849,3.887,3.872,3.889,3.872,3.891,3.883,33.8,32.1,31.2,31.2,True
2026-09-16 15:33:02.867,27.14,0.0,33.9,0.0,0.042,0.0,3.849,3.887,3.872,3.889,3.872,3.891,3.883,33.9,32.1,31.2,31.1,True
2026-09-16 15:33:06.289,27.14,0.0,33.8,0.0,0.042,0.0,3.849,3.887,3.872,3.889,3.872,3.891,3.883,33.8,32.2,31.2,31.2,True
2026-09-16 15:33:09.585,27.14,0.0,33.8,0.0,0.043,0.0,3.849,3.887,3.872,3.889,3.872,3.892,3.883,33.8,32.2,31.2,31.2,True
2026-09-16 15:33:12.765,27.14,0.0,33.8,0.0,0.043,0.0,3.849,3.887,3.872,3.889,3.872,3.892,3.883,33.8,32.2,31.2,31.2,True
2026-09-16 15:33:16.503,27.14,0.0,33.8,0.0,0.043,0.0,3.849,3.887,3.872,3.889,3.872,3.892,3.883,33.8,32.2,31.2,31.2,True
2026-09-16 15:33:19.160,27.14,0.0,33.8,0.0,0.042,0.0,3.849,3.887,3.872,3.889,3.872,3.891,3.883,33.8,32.2,31.2,31.2,True
2026-09-16 15:33:21.966,27.14,0.0,33.8,0.0,0.042,0.0,3.849,3.887,3.872,3.889,3.872,3.891,3.883,33.8,32.1,31.2,31.2,True
2026-09-16 15:33:24.667,27.14,0.0,33.8,0.0,0.043,0.0,3.849,3.887,3.872,3.889,3.872,3.892,3.883,33.8,32.1,31.2,31.2,True
2026-09-16 15:33:27.598,27.14,0.0,33.9,0.0,0.043,0.0,3.849,3.887,3.872,3.889,3.872,3.892,3.883,33.9,32.0,31.3,31.1,True
2026-09-16 15:33:30.362,27.14,0.0,33.7,0.0,0.043,0.0,3.849,3.887,3.872,3.889,3.872,3.892,3.883,33.7,32.2,31.2,31.2,True
2026-09-16 15:33:32.997,27.14,0.0,34.0,0.0,0.043,0.0,3.849,3.887,3.872,3.889,3.873,3.892,3.883,34.0,32.0,31.4,31.1,True
2026-09-16 15:33:35.619,27.14,0.0,34.0,0.0,0.043,0.0,3.849,3.887,3.872,3.889,3.873,3.892,3.883,34.0,32.0,31.4,31.1,True
2026-09-16 15:33:38.249,27.14,0.0,33.7,0.0,0.042,0.0,3.849,3.887,3.872,3.889,3.872,3.891,3.883,33.7,32.3,31.1,31.2,True
2026-09-16 15:33:40.561,27.14,0.0,33.7,0.0,0.042,0.0,3.849,3.887,3.872,3.889,3.872,3.891,3.883,33.7,32.2,31.2,31.2,True
2026-09-16 15:33:42.734,27.14,0.0,33.8,0.0,0.042,0.0,3.849,3.887,3.872,3.889,3.872,3.891,3.883,33.8,32.1,31.2,31.2,True
2026-09-16 15:33:45.881,27.14,0.0,33.8,0.0,0.042,0.0,3.849,3.887,3.872,3.889,3.872,3.891,3.883,33.8,32.1,31.2,31.1,True
2026-09-16 15:33:48.600,27.14,0.0,33.8,0.0,0.042,0.0,3.849,3.887,3.872,3.889,3.872,3.891,3.883,33.8,32.1,31.2,31.1,True
2026-09-16 15:33:51.203,27.14,0.0,33.8,0.0,0.043,0.0,3.849,3.887,3.872,3.889,3.872,3.892,3.883,33.8,32.1,31.2,31.1,True
2026-09-16 15:33:54.021,27.14,0.0,33.9,0.0,0.043,0.0,3.849,3.887,3.872,3.889,3.872,3.892,3.883,33.9,32.1,31.2,31.2,True
2026-09-16 15:33:56.647,27.14,0.0,33.9,0.0,0.043,0.0,3.849,3.887,3.872,3.889,3.872,3.892,3.883,33.9,32.1,31.3,31.1,True
2026-09-16 15:33:59.359,27.14,0.0,33.9,0.0,0.043,0.0,3.849,3.887,3.872,3.889,3.873,3.892,3.883,33.9,32.1,31.3,31.1,True
2026-09-16 15:34:02.260,27.14,0.0,33.9,0.0,0.043,0.0,3.849,3.887,3.872,3.889,3.873,3.892,3.883,33.9,32.1,31.3,31.1,True
2026-09-16 15:34:05.017,27.14,0.0,33.9,0.0,0.043,0.0,3.849,3.887,3.872,3.889,3.873,3.892,3.883,33.9,32.1,31.2,31.1,True
2026-09-16 15:34:07.729,27.14,0.0,33.8,0.0,0.042,0.0,3.849,3.887,3.872,3.889,3.872,3.891,3.883,33.8,32.3,31.2,31.2,True
2026-09-16 15:34:10.146,27.14,0.0,33.8,0.0,0.043,0.0,3.849,3.887,3.872,3.889,3.872,3.892,3.883,33.8,32.2,31.1,31.3,True
2026-09-16 15:34:12.373,27.14,0.0,33.8,0.0,0.043,0.0,3.849,3.887,3.872,3.889,3.872,3.892,3.883,33.8,32.1,31.2,31.2,True
2026-09-16 15:34:14.998,27.14,0.0,33.9,0.0,0.043,0.0,3.849,3.887,3.872,3.889,3.872,3.892,3.883,33.9,32.2,31.3,31.1,True
2026-09-16 15:34:17.879,27.14,0.0,33.9,0.0,0.042,0.0,3.849,3.887,3.872,3.888,3.872,3.891,3.883,33.9,32.2,31.3,31.1,True
2026-09-16 15:34:20.569,27.14,0.0,33.8,0.0,0.042,0.0,3.849,3.887,3.872,3.888,3.872,3.891,3.883,33.8,32.2,31.2,31.2,True
2026-09-16 15:34:23.241,27.14,0.0,33.8,0.0,0.043,0.0,3.849,3.887,3.873,3.889,3.872,3.892,3.883,33.8,32.2,31.2,31.2,True
2026-09-16 15:34:25.715,27.14,0.0,33.8,0.0,0.042,0.0,3.849,3.887,3.872,3.889,3.872,3.891,3.883,33.8,32.2,31.2,31.2,True
2026-09-16 15:34:28.391,27.14,0.0,33.8,0.0,0.042,0.0,3.849,3.887,3.872,3.889,3.872,3.891,3.883,33.8,32.2,31.2,31.2,True
2026-09-16 15:34:30.750,27.14,0.0,33.8,0.0,0.042,0.0,3.849,3.887,3.872,3.889,3.872,3.891,3.883,33.8,32.2,31.2,31.2,True
2026-09-16 15:34:33.465,27.14,0.0,34.0,0.0,0.043,0.0,3.849,3.887,3.872,3.889,3.872,3.892,3.883,34.0,32.2,31.2,31.2,True
2026-09-16 15:34:35.984,27.14,0.0,34.0,0.0,0.043,0.0,3.849,3.887,3.872,3.888,3.872,3.892,3.883,34.0,32.2,31.2,31.2,True
2026-09-16 15:34:38.809,27.14,0.0,33.7,0.0,0.043,0.0,3.849,3.887,3.872,3.889,3.872,3.892,3.883,33.7,32.3,31.1,31.2,True
2026-09-16 15:34:41.478,27.14,0.0,33.7,0.0,0.043,0.0,3.849,3.887,3.872,3.889,3.872,3.892,3.883,33.7,32.3,31.1,31.2,True
2026-09-16 15:34:43.975,27.14,0.0,34.0,0.0,0.043,0.0,3.849,3.887,3.872,3.889,3.872,3.892,3.883,34.0,32.1,31.3,31.1,True
2026-09-16 15:34:46.767,27.14,0.0,33.8,0.0,0.043,0.0,3.849,3.887,3.872,3.889,3.872,3.892,3.883,33.8,32.2,31.2,31.2,True
2026-09-16 15:34:50.356,27.14,0.0,33.8,0.0,0.043,0.0,3.848,3.887,3.872,3.889,3.872,3.891,3.883,33.8,32.2,31.2,31.2,True
2026-09-16 15:34:53.075,27.14,0.0,34.0,0.0,0.043,0.0,3.848,3.887,3.872,3.889,3.872,3.891,3.883,34.0,32.1,31.3,31.1,True
2026-09-16 15:34:55.684,27.14,0.0,34.0,0.0,0.043,0.0,3.849,3.887,3.872,3.889,3.872,3.892,3.883,34.0,32.1,31.3,31.1,True
2026-09-16 15:34:58.330,27.14,0.0,34.0,0.0,0.043,0.0,3.849,3.887,3.872,3.889,3.872,3.892,3.883,34.0,32.1,31.3,31.1,True
2026-09-16 15:35:01.172,27.14,0.0,34.0,0.0,0.044,0.0,3.848,3.887,3.872,3.889,3.872,3.892,3.883,34.0,32.0,31.3,31.1,True
2026-09-16 15:35:04.013,27.14,0.0,34.0,0.0,0.044,0.0,3.848,3.887,3.872,3.889,3.872,3.892,3.883,34.0,32.0,31.3,31.1,True
2026-09-16 15:35:06.861,27.14,0.0,33.8,0.0,0.044,0.0,3.848,3.887,3.872,3.889,3.872,3.892,3.883,33.8,32.2,31.3,31.2,True
2026-09-16 15:35:11.362,27.14,0.0,33.8,0.0,0.042,0.0,3.849,3.887,3.872,3.889,3.872,3.891,3.883,33.8,32.1,31.2,31.2,True
2026-09-16 15:35:13.972,27.14,0.0,33.9,0.0,0.042,0.0,3.849,3.887,3.872,3.889,3.872,3.891,3.883,33.9,32.1,31.3,31.1,True
2026-09-16 15:35:16.684,27.14,0.0,33.9,0.0,0.043,0.0,3.849,3.887,3.872,3.889,3.872,3.892,3.883,33.9,32.2,31.2,31.2,True
2026-09-16 15:35:19.930,27.14,0.0,33.9,0.0,0.043,0.0,3.849,3.887,3.872,3.889,3.872,3.892,3.883,33.9,32.2,31.2,31.2,True
2026-09-16 15:35:22.798,27.14,0.0,33.9,0.0,0.043,0.0,3.849,3.887,3.872,3.889,3.872,3.892,3.883,33.9,32.2,31.2,31.3,True
2026-09-16 15:35:25.675,27.14,0.0,33.9,0.0,0.042,0.0,3.849,3.887,3.872,3.889,3.872,3.891,3.883,33.9,32.2,31.2,31.3,True
2026-09-16 15:35:29.309,27.14,0.0,33.8,0.0,0.042,0.0,3.849,3.887,3.872,3.889,3.872,3.891,3.883,33.8,32.2,31.2,31.2,True
2026-09-16 15:35:32.698,27.14,0.0,34.0,0.0,0.043,0.0,3.849,3.887,3.872,3.889,3.872,3.892,3.883,34.0,32.0,31.4,31.1,True
2026-09-16 15:35:35.975,27.14,0.0,34.0,0.0,0.042,0.0,3.849,3.887,3.872,3.889,3.872,3.891,3.883,34.0,32.0,31.3,31.2,True
2026-09-16 15:35:39.190,27.14,0.0,34.0,0.0,0.043,0.0,3.849,3.887,3.872,3.889,3.872,3.892,3.883,34.0,32.1,31.3,31.1,True
2026-09-16 15:35:41.892,27.14,0.0,34.0,0.0,0.043,0.0,3.849,3.887,3.872,3.889,3.872,3.892,3.883,34.0,32.1,31.3,31.1,True
2026-09-16 15:35:45.302,27.14,0.0,33.9,0.0,0.043,0.0,3.849,3.887,3.872,3.889,3.872,3.892,3.883,33.9,32.2,31.2,31.2,True
2026-09-16 15:35:48.223,27.14,0.0,33.8,0.0,0.042,0.0,3.849,3.887,3.872,3.889,3.872,3.891,3.883,33.8,32.2,31.2,31.2,True
2026-09-16 15:35:50.908,27.14,0.0,34.0,0.0,0.042,0.0,3.849,3.887,3.872,3.889,3.872,3.891,3.883,34.0,32.1,31.3,31.1,True
2026-09-16 15:35:53.686,27.14,0.0,33.9,0.0,0.042,0.0,3.849,3.887,3.872,3.889,3.872,3.891,3.883,33.9,32.2,31.2,31.2,True
2026-09-16 15:35:56.330,27.14,0.0,34.0,0.0,0.044,0.0,3.848,3.887,3.872,3.889,3.872,3.892,3.883,34.0,32.1,31.3,31.2,True
2026-09-16 15:35:59.643,27.14,0.0,34.0,0.0,0.042,0.0,3.849,3.887,3.872,3.888,3.872,3.891,3.883,34.0,32.1,31.3,31.2,True
2026-09-16 15:36:02.387,27.14,0.0,34.0,0.0,0.043,0.0,3.848,3.887,3.872,3.889,3.872,3.891,3.883,34.0,32.1,31.3,31.2,True
2026-09-16 15:36:05.144,27.14,0.0,34.0,0.0,0.043,0.0,3.848,3.887,3.872,3.889,3.872,3.891,3.883,34.0,32.1,31.2,31.1,True
2026-09-16 15:36:08.888,27.14,0.0,34.0,0.0,0.042,0.0,3.849,3.887,3.872,3.889,3.872,3.891,3.883,34.0,32.0,31.3,31.1,True
2026-09-16 15:36:12.321,27.14,0.0,33.8,0.0,0.042,0.0,3.849,3.887,3.872,3.889,3.872,3.891,3.883,33.8,32.2,31.2,31.2,True
2026-09-16 15:36:15.202,27.14,0.0,33.9,0.0,0.043,0.0,3.849,3.887,3.872,3.889,3.872,3.892,3.883,33.9,32.1,31.2,31.2,True
2026-09-16 15:36:18.298,27.14,0.0,33.9,0.0,0.042,0.0,3.849,3.887,3.872,3.889,3.872,3.891,3.883,33.9,32.2,31.3,31.2,True
2026-09-16 15:36:20.941,27.14,0.0,34.0,0.0,0.042,0.0,3.849,3.887,3.872,3.889,3.872,3.891,3.883,34.0,32.1,31.2,31.1,True
2026-09-16 15:36:24.004,27.14,0.0,33.9,0.0,0.043,0.0,3.848,3.887,3.872,3.889,3.872,3.891,3.883,33.9,32.1,31.3,31.1,True
2026-09-16 15:36:26.669,27.14,0.0,33.8,0.0,0.042,0.0,3.849,3.888,3.872,3.889,3.872,3.891,3.883,33.8,32.2,31.1,31.3,True
2026-09-16 15:36:29.480,27.14,0.0,33.9,0.0,0.042,0.0,3.849,3.887,3.872,3.889,3.872,3.891,3.883,33.9,32.2,31.2,31.2,True
2026-09-16 15:36:32.557,27.14,0.0,33.8,0.0,0.042,0.0,3.849,3.887,3.872,3.889,3.872,3.891,3.883,33.8,32.2,31.2,31.1,True
2026-09-16 15:36:35.264,27.14,0.0,33.8,0.0,0.043,0.0,3.848,3.887,3.872,3.889,3.872,3.891,3.883,33.8,32.2,31.2,31.1,True
2026-09-16 15:36:38.129,27.14,0.0,33.9,0.0,0.042,0.0,3.849,3.887,3.872,3.889,3.872,3.891,3.883,33.9,32.1,31.3,31.1,True
2026-09-16 15:36:41.347,27.14,0.0,33.9,0.0,0.042,0.0,3.849,3.887,3.872,3.889,3.872,3.891,3.883,33.9,32.2,31.2,31.2,True
2026-09-16 15:36:44.624,27.14,0.0,34.0,0.0,0.042,0.0,3.849,3.887,3.872,3.889,3.872,3.891,3.883,34.0,32.1,31.3,31.2,True
2026-09-16 15:36:47.406,27.14,0.0,34.0,0.0,0.042,0.0,3.849,3.887,3.872,3.889,3.872,3.891,3.883,34.0,32.1,31.3,31.1,True
2026-09-16 15:36:50.171,27.14,0.0,33.9,0.0,0.043,0.0,3.848,3.887,3.872,3.889,3.872,3.891,3.883,33.9,32.2,31.2,31.2,True
2026-09-16 15:36:52.811,27.14,0.0,33.9,0.0,0.044,0.0,3.848,3.887,3.872,3.889,3.872,3.892,3.883,33.9,32.2,31.2,31.2,True
2026-09-16 15:36:55.585,27.14,0.0,34.0,0.0,0.044,0.0,3.848,3.887,3.872,3.889,3.872,3.892,3.883,34.0,32.0,31.4,31.1,True
2026-09-16 15:36:58.082,27.14,0.0,34.0,0.0,0.044,0.0,3.848,3.887,3.872,3.889,3.872,3.892,3.883,34.0,32.1,31.2,31.2,True
2026-09-16 15:37:00.903,27.14,0.0,34.0,0.0,0.042,0.0,3.849,3.887,3.872,3.888,3.872,3.891,3.883,34.0,32.1,31.2,31.2,True
2026-09-16 15:37:03.372,27.14,0.0,33.9,0.0,0.042,0.0,3.849,3.887,3.872,3.888,3.872,3.891,3.883,33.9,32.1,31.2,31.2,True
2026-09-16 15:37:07.237,27.14,0.0,33.8,0.0,0.042,0.0,3.849,3.887,3.872,3.889,3.872,3.891,3.883,33.8,32.2,31.2,31.1,True
2026-09-16 15:37:09.808,27.14,0.0,33.8,0.0,0.042,0.0,3.849,3.887,3.872,3.889,3.872,3.891,3.883,33.8,32.2,31.2,31.1,True
2026-09-16 15:37:16.008,27.14,0.0,34.0,0.0,0.042,0.0,3.849,3.887,3.872,3.889,3.872,3.891,3.883,34.0,32.2,31.2,31.2,True
2026-09-16 15:37:20.354,27.14,0.0,34.0,0.0,0.042,0.0,3.849,3.887,3.872,3.889,3.872,3.891,3.883,34.0,32.1,31.3,31.1,True
2026-09-16 15:37:23.903,27.14,0.0,34.0,0.0,0.042,0.0,3.849,3.887,3.872,3.889,3.872,3.891,3.883,34.0,32.1,31.3,31.1,True
2026-09-16 15:37:26.791,27.14,0.0,34.0,0.0,0.043,0.0,3.848,3.887,3.872,3.889,3.872,3.891,3.883,34.0,32.1,31.3,31.1,True
2026-09-16 15:37:29.485,27.14,0.0,33.9,0.0,0.043,0.0,3.848,3.887,3.872,3.889,3.872,3.891,3.883,33.9,32.2,31.2,31.3,True
2026-09-16 15:37:32.337,27.14,0.0,33.9,0.0,0.043,0.0,3.848,3.887,3.872,3.889,3.872,3.891,3.883,33.9,32.2,31.2,31.2,True
2026-09-16 15:37:35.543,27.14,0.0,34.0,0.0,0.043,0.0,3.849,3.887,3.872,3.889,3.872,3.892,3.883,34.0,32.1,31.3,31.0,True
2026-09-16 15:37:38.039,27.14,0.0,33.9,0.0,0.042,0.0,3.849,3.887,3.872,3.889,3.872,3.891,3.883,33.9,32.2,31.1,31.2,True
2026-09-16 15:37:40.342,27.14,0.0,34.0,0.0,0.042,0.0,3.849,3.887,3.872,3.889,3.872,3.891,3.883,34.0,32.1,31.2,31.2,True
2026-09-16 15:37:43.156,27.14,0.0,34.0,0.0,0.044,0.0,3.848,3.887,3.872,3.888,3.872,3.892,3.883,34.0,32.2,31.3,31.2,True
2026-09-16 15:37:45.868,27.14,0.0,34.0,0.0,0.043,0.0,3.848,3.887,3.872,3.889,3.872,3.891,3.883,34.0,32.2,31.3,31.2,True
2026-09-16 15:37:48.322,27.14,0.0,34.0,0.0,0.043,0.0,3.848,3.887,3.872,3.889,3.872,3.891,3.883,34.0,32.1,31.3,31.2,True
2026-09-16 15:37:50.837,27.14,0.0,34.0,0.0,0.043,0.0,3.848,3.887,3.872,3.889,3.872,3.891,3.883,34.0,32.1,31.4,31.1,True
2026-09-16 15:37:53.461,27.14,0.0,34.0,0.0,0.043,0.0,3.848,3.887,3.872,3.889,3.872,3.891,3.883,34.0,32.1,31.3,31.1,True
2026-09-16 15:37:56.115,27.14,0.0,34.0,0.0,0.043,0.0,3.848,3.887,3.872,3.888,3.872,3.891,3.883,34.0,32.1,31.3,31.1,True
2026-09-16 15:37:59.424,27.14,0.0,34.1,0.0,0.044,0.0,3.848,3.887,3.872,3.889,3.872,3.892,3.883,34.1,32.1,31.2,31.2,True
2026-09-16 15:38:02.163,27.14,0.0,33.9,0.0,0.043,0.0,3.848,3.887,3.872,3.889,3.872,3.891,3.883,33.9,32.2,31.2,31.2,True
2026-09-16 15:38:05.173,27.14,0.0,34.0,0.0,0.043,0.0,3.848,3.887,3.872,3.889,3.872,3.891,3.883,34.0,32.1,31.3,31.2,True
2026-09-16 15:38:07.771,27.14,0.0,34.0,0.0,0.043,0.0,3.848,3.887,3.872,3.889,3.872,3.891,3.883,34.0,32.1,31.3,31.2,True
2026-09-16 15:38:10.418,27.14,0.0,34.0,0.0,0.043,0.0,3.848,3.887,3.872,3.889,3.872,3.891,3.883,34.0,32.1,31.3,31.1,True
2026-09-16 15:38:14.255,27.14,0.0,34.0,0.0,0.042,0.0,3.849,3.887,3.872,3.889,3.873,3.891,3.883,34.0,32.1,31.3,31.1,True
2026-09-16 15:38:16.976,27.14,0.0,34.1,0.0,0.043,0.0,3.848,3.887,3.872,3.889,3.872,3.891,3.883,34.1,32.0,31.4,31.1,True
2026-09-16 15:38:22.224,27.14,0.0,33.9,0.0,0.043,0.0,3.848,3.887,3.872,3.889,3.872,3.891,3.883,33.9,32.2,31.2,31.2,True
2026-09-16 15:38:25.601,27.14,0.0,34.0,0.0,0.043,0.0,3.848,3.887,3.872,3.889,3.872,3.891,3.883,34.0,32.1,31.4,31.1,True
2026-09-16 15:38:31.045,27.14,0.0,33.9,0.0,0.043,0.0,3.848,3.887,3.872,3.889,3.872,3.891,3.883,33.9,32.1,31.3,31.2,True
2026-09-16 15:38:33.663,27.14,0.0,34.0,0.0,0.043,0.0,3.848,3.887,3.872,3.888,3.872,3.891,3.883,34.0,32.1,31.2,31.2,True
2026-09-16 15:38:36.494,27.14,0.0,34.0,0.0,0.043,0.0,3.848,3.887,3.872,3.889,3.872,3.891,3.883,34.0,32.1,31.3,31.1,True
2026-09-16 15:38:39.415,27.14,0.0,34.0,0.0,0.043,0.0,3.848,3.887,3.872,3.889,3.872,3.891,3.883,34.0,32.2,31.2,31.2,True
2026-09-16 15:38:41.934,27.14,0.0,34.0,0.0,0.043,0.0,3.848,3.887,3.872,3.888,3.872,3.891,3.883,34.0,32.2,31.2,31.2,True
2026-09-16 15:38:45.355,27.14,0.0,34.0,0.0,0.043,0.0,3.848,3.887,3.872,3.888,3.872,3.891,3.883,34.0,32.0,31.3,31.1,True
2026-09-16 15:38:48.237,27.14,0.0,34.0,0.0,0.043,0.0,3.848,3.887,3.872,3.889,3.871,3.891,3.883,34.0,32.1,31.4,31.1,True
2026-09-16 15:38:51.083,27.14,0.0,34.0,0.0,0.043,0.0,3.848,3.887,3.872,3.889,3.872,3.891,3.883,34.0,32.1,31.4,31.1,True
2026-09-16 15:38:53.635,27.14,0.0,34.1,0.0,0.043,0.0,3.848,3.887,3.872,3.888,3.872,3.891,3.883,34.1,32.1,31.3,31.2,True
2026-09-16 15:38:56.067,27.14,0.0,34.1,0.0,0.042,0.0,3.849,3.887,3.872,3.888,3.872,3.891,3.883,34.1,32.1,31.2,31.2,True
2026-09-16 15:38:58.451,27.14,0.0,34.0,0.0,0.042,0.0,3.849,3.887,3.872,3.888,3.872,3.891,3.883,34.0,32.1,31.4,31.1,True
2026-09-16 15:39:01.258,27.14,0.0,33.9,0.0,0.043,0.0,3.848,3.887,3.872,3.889,3.872,3.891,3.883,33.9,32.2,31.1,31.3,True
2026-09-16 15:39:04.232,27.14,0.0,33.9,0.0,0.044,0.0,3.848,3.887,3.872,3.889,3.872,3.892,3.883,33.9,32.2,31.1,31.3,True
2026-09-16 15:39:06.898,27.14,0.0,34.0,0.0,0.043,0.0,3.848,3.887,3.872,3.889,3.872,3.891,3.883,34.0,32.2,31.3,31.2,True
2026-09-16 15:39:09.839,27.14,0.0,34.0,0.0,0.043,0.0,3.848,3.887,3.872,3.889,3.872,3.891,3.883,34.0,32.2,31.3,31.2,True
2026-09-16 15:39:12.413,27.14,0.0,33.9,0.0,0.043,0.0,3.848,3.887,3.872,3.889,3.872,3.891,3.883,33.9,32.2,31.2,31.2,True
2026-09-16 15:39:16.273,27.14,0.0,34.0,0.0,0.044,0.0,3.848,3.887,3.872,3.889,3.872,3.892,3.883,34.0,32.2,31.3,31.2,True
2026-09-16 15:39:19.149,27.14,0.0,34.0,0.0,0.043,0.0,3.848,3.887,3.872,3.889,3.872,3.891,3.884,34.0,32.1,31.2,31.2,True
2026-09-16 15:39:22.461,27.14,0.0,34.0,0.0,0.043,0.0,3.848,3.887,3.872,3.889,3.872,3.891,3.884,34.0,32.1,31.3,31.2,True
2026-09-16 15:39:25.247,27.14,0.0,34.0,0.0,0.043,0.0,3.848,3.887,3.872,3.889,3.872,3.891,3.883,34.0,32.2,31.3,31.2,True
2026-09-16 15:39:28.198,27.14,0.0,34.0,0.0,0.042,0.0,3.849,3.887,3.872,3.889,3.872,3.891,3.883,34.0,32.2,31.2,31.2,True
2026-09-16 15:39:31.101,27.14,0.0,34.0,0.0,0.043,0.0,3.848,3.887,3.872,3.888,3.872,3.891,3.883,34.0,32.2,31.2,31.2,True
2026-09-16 15:39:34.023,27.14,0.0,34.0,0.0,0.043,0.0,3.848,3.887,3.872,3.889,3.872,3.891,3.883,34.0,32.2,31.2,31.2,True
2026-09-16 15:39:36.748,27.14,0.0,34.0,0.0,0.043,0.0,3.848,3.887,3.872,3.889,3.872,3.891,3.883,34.0,32.2,31.2,31.2,True
2026-09-16 15:39:39.628,27.14,0.0,34.0,0.0,0.043,0.0,3.848,3.887,3.872,3.888,3.872,3.891,3.883,34.0,32.2,31.3,31.1,True
2026-09-16 15:39:42.444,27.14,0.0,34.0,0.0,0.043,0.0,3.848,3.887,3.872,3.888,3.872,3.891,3.883,34.0,32.1,31.2,31.2,True
2026-09-16 15:39:45.208,27.14,0.0,34.0,0.0,0.043,0.0,3.848,3.887,3.872,3.888,3.872,3.891,3.883,34.0,32.1,31.2,31.3,True
2026-09-16 15:39:47.901,27.14,0.0,34.1,0.0,0.043,0.0,3.848,3.887,3.872,3.889,3.872,3.891,3.883,34.1,32.1,31.2,31.2,True
2026-09-16 15:39:50.627,27.14,0.0,34.0,0.0,0.043,0.0,3.848,3.887,3.872,3.889,3.872,3.891,3.883,34.0,32.1,31.3,31.2,True
2026-09-16 15:39:53.263,27.14,0.0,34.0,0.0,0.043,0.0,3.848,3.887,3.872,3.889,3.872,3.891,3.883,34.0,32.1,31.3,31.2,True
2026-09-16 15:39:55.699,27.14,0.0,34.1,0.0,0.044,0.0,3.848,3.887,3.872,3.889,3.872,3.892,3.883,34.1,32.1,31.3,31.1,True
2026-09-16 15:39:58.293,27.14,0.0,34.0,0.0,0.043,0.0,3.848,3.887,3.872,3.889,3.872,3.891,3.883,34.0,32.2,31.2,31.2,True
2026-09-16 15:40:00.780,27.14,0.0,34.0,0.0,0.043,0.0,3.848,3.887,3.872,3.888,3.872,3.891,3.883,34.0,32.2,31.2,31.3,True
2026-09-16 15:40:03.464,27.14,0.0,34.1,0.0,0.043,0.0,3.848,3.887,3.872,3.889,3.872,3.891,3.883,34.1,32.1,31.3,31.2,True
2026-09-16 15:40:06.454,27.14,0.0,34.1,0.0,0.044,0.0,3.847,3.887,3.872,3.889,3.872,3.891,3.883,34.1,32.0,31.4,31.1,True
2026-09-16 15:40:09.235,27.14,0.0,34.1,0.0,0.044,0.0,3.847,3.887,3.872,3.889,3.872,3.891,3.883,34.1,32.0,31.4,31.1,True
2026-09-16 15:40:11.815,27.14,0.0,34.0,0.0,0.043,0.0,3.848,3.887,3.872,3.888,3.872,3.891,3.883,34.0,32.2,31.2,31.2,True
2026-09-16 15:40:14.281,27.14,0.0,34.0,0.0,0.043,0.0,3.848,3.887,3.872,3.888,3.872,3.891,3.883,34.0,32.2,31.2,31.2,True
2026-09-16 15:40:16.918,27.14,0.0,34.0,0.0,0.044,0.0,3.848,3.887,3.872,3.889,3.872,3.892,3.883,34.0,32.2,31.2,31.2,True
2026-09-16 15:40:19.725,27.14,0.0,34.0,0.0,0.043,0.0,3.848,3.887,3.872,3.889,3.872,3.891,3.883,34.0,32.2,31.2,31.2,True
2026-09-16 15:40:23.364,27.14,0.0,34.1,0.0,0.043,0.0,3.848,3.887,3.872,3.889,3.872,3.891,3.883,34.1,32.2,31.2,31.2,True
2026-09-16 15:40:25.947,27.14,0.0,34.0,0.0,0.043,0.0,3.848,3.887,3.872,3.888,3.872,3.891,3.883,34.0,32.1,31.3,31.1,True
2026-09-16 15:40:28.634,27.14,0.0,34.0,0.0,0.044,0.0,3.847,3.887,3.872,3.889,3.872,3.891,3.883,34.0,32.1,31.3,31.1,True
2026-09-16 15:40:31.593,27.14,0.0,34.1,0.0,0.043,0.0,3.848,3.887,3.872,3.889,3.872,3.891,3.883,34.1,32.1,31.4,31.1,True
2026-09-16 15:40:34.529,27.14,0.0,34.0,0.0,0.043,0.0,3.848,3.887,3.872,3.888,3.872,3.891,3.883,34.0,32.2,31.2,31.1,True
2026-09-16 15:40:37.166,27.14,0.0,34.0,0.0,0.044,0.0,3.847,3.887,3.872,3.889,3.872,3.891,3.883,34.0,32.1,31.3,31.2,True
2026-09-16 15:40:39.745,27.14,0.0,34.1,0.0,0.044,0.0,3.847,3.887,3.872,3.888,3.872,3.891,3.883,34.1,32.0,31.3,31.1,True
2026-09-16 15:40:42.852,27.14,0.0,33.9,0.0,0.043,0.0,3.848,3.887,3.872,3.889,3.872,3.891,3.883,33.9,32.2,31.2,31.3,True
2026-09-16 15:40:45.689,27.14,0.0,34.0,0.0,0.043,0.0,3.848,3.887,3.872,3.889,3.872,3.891,3.883,34.0,32.1,31.2,31.2,True
2026-09-16 15:40:48.534,27.14,0.0,34.0,0.0,0.043,0.0,3.848,3.887,3.872,3.889,3.872,3.891,3.883,34.0,32.1,31.3,31.2,True
2026-09-16 15:40:51.108,27.14,0.0,34.1,0.0,0.043,0.0,3.848,3.887,3.872,3.889,3.872,3.891,3.883,34.1,32.1,31.3,31.1,True
2026-09-16 15:40:53.975,27.14,0.0,34.0,0.0,0.043,0.0,3.848,3.887,3.872,3.888,3.872,3.891,3.883,34.0,32.2,31.2,31.2,True
2026-09-16 15:40:57.162,27.14,0.0,34.1,0.0,0.043,0.0,3.848,3.887,3.872,3.888,3.872,3.891,3.883,34.1,32.1,31.2,31.2,True
2026-09-16 15:41:00.232,27.14,0.0,34.0,0.0,0.043,0.0,3.848,3.887,3.872,3.889,3.872,3.891,3.883,34.0,32.2,31.2,31.2,True
2026-09-16 15:41:03.304,27.14,0.0,34.0,0.0,0.043,0.0,3.848,3.887,3.872,3.889,3.872,3.891,3.883,34.0,32.2,31.2,31.2,True
2026-09-16 15:41:05.988,27.14,0.0,34.1,0.0,0.043,0.0,3.848,3.887,3.872,3.889,3.872,3.891,3.883,34.1,32.2,31.2,31.2,True
2026-09-16 15:41:08.780,27.14,0.0,34.1,0.0,0.043,0.0,3.848,3.887,3.872,3.888,3.872,3.891,3.883,34.1,32.1,31.3,31.2,True
2026-09-16 15:41:12.332,27.14,0.0,34.1,0.0,0.043,0.0,3.848,3.887,3.872,3.888,3.872,3.891,3.883,34.1,32.1,31.3,31.2,True
2026-09-16 15:41:15.061,27.14,0.0,34.0,0.0,0.043,0.0,3.848,3.887,3.872,3.889,3.872,3.891,3.883,34.0,32.1,31.4,31.1,True
2026-09-16 15:41:19.317,27.14,0.0,34.1,0.0,0.043,0.0,3.848,3.887,3.872,3.889,3.872,3.891,3.883,34.1,32.1,31.3,31.2,True
2026-09-16 15:41:23.362,27.14,0.0,34.1,0.0,0.043,0.0,3.848,3.887,3.872,3.889,3.872,3.891,3.883,34.1,32.1,31.3,31.2,True
2026-09-16 15:41:26.940,27.14,0.0,34.1,0.0,0.043,0.0,3.848,3.887,3.872,3.889,3.872,3.891,3.883,34.1,32.1,31.3,31.1,True
2026-09-16 15:41:29.642,27.14,0.0,33.9,0.0,0.043,0.0,3.848,3.887,3.872,3.889,3.872,3.891,3.883,33.9,32.2,31.2,31.2,True
2026-09-16 15:41:32.300,27.14,0.0,34.0,0.0,0.043,0.0,3.848,3.887,3.872,3.888,3.872,3.891,3.883,34.0,32.2,31.3,31.2,True
2026-09-16 15:41:34.742,27.14,0.0,34.2,0.0,0.043,0.0,3.848,3.887,3.872,3.888,3.872,3.891,3.883,34.2,32.1,31.3,31.2,True
2026-09-16 15:41:37.534,27.14,0.0,34.1,0.0,0.044,0.0,3.847,3.887,3.872,3.889,3.872,3.891,3.883,34.1,32.1,31.4,31.1,True
2026-09-16 15:41:40.274,27.14,0.0,34.0,0.0,0.044,0.0,3.847,3.887,3.872,3.889,3.872,3.891,3.883,34.0,32.3,31.2,31.2,True
2026-09-16 15:41:43.344,27.14,0.0,34.1,0.0,0.044,0.0,3.847,3.887,3.872,3.889,3.872,3.891,3.883,34.1,32.1,31.3,31.1,True
2026-09-16 15:41:47.281,27.14,0.0,34.1,0.0,0.044,0.0,3.847,3.887,3.872,3.889,3.872,3.891,3.883,34.1,32.0,31.4,31.1,True
2026-09-16 15:41:49.907,27.14,0.0,34.1,0.0,0.044,0.0,3.847,3.887,3.872,3.889,3.872,3.891,3.883,34.1,32.0,31.4,31.1,True
2026-09-16 15:41:53.549,27.14,0.0,34.0,0.0,0.043,0.0,3.848,3.887,3.872,3.888,3.872,3.891,3.883,34.0,32.2,31.2,31.3,True
2026-09-16 15:41:56.115,27.14,0.0,34.0,0.0,0.043,0.0,3.848,3.887,3.872,3.888,3.872,3.891,3.883,34.0,32.1,31.3,31.2,True
2026-09-16 15:41:58.642,27.14,0.0,34.0,0.0,0.043,0.0,3.848,3.887,3.872,3.889,3.872,3.891,3.883,34.0,32.2,31.2,31.1,True
2026-09-16 15:42:01.359,27.14,0.0,34.0,0.0,0.044,0.0,3.847,3.887,3.871,3.889,3.872,3.891,3.883,34.0,32.1,31.4,31.1,True
2026-09-16 15:42:04.314,27.14,0.0,34.0,0.0,0.043,0.0,3.848,3.887,3.872,3.888,3.872,3.891,3.883,34.0,32.1,31.4,31.1,True
2026-09-16 15:42:06.923,27.14,0.0,34.0,0.0,0.043,0.0,3.848,3.887,3.872,3.889,3.872,3.891,3.883,34.0,32.1,31.4,31.1,True
2026-09-16 15:42:09.520,27.14,0.0,34.1,0.0,0.044,0.0,3.847,3.887,3.872,3.888,3.872,3.891,3.883,34.1,32.1,31.4,31.2,True
2026-09-16 15:42:11.922,27.14,0.0,34.1,0.0,0.044,0.0,3.847,3.887,3.872,3.888,3.872,3.891,3.883,34.1,32.0,31.4,31.2,True
2026-09-16 15:42:14.363,27.14,0.0,34.0,0.0,0.043,0.0,3.848,3.886,3.872,3.889,3.872,3.891,3.883,34.0,32.2,31.3,31.2,True
2026-09-16 15:42:18.247,27.14,0.0,34.1,0.0,0.043,0.0,3.848,3.887,3.872,3.888,3.872,3.891,3.883,34.1,32.1,31.3,31.2,True
2026-09-16 15:42:22.090,27.14,0.0,34.1,0.0,0.045,0.0,3.847,3.887,3.872,3.889,3.872,3.892,3.883,34.1,32.1,31.3,31.1,True
2026-09-16 15:42:25.214,27.14,0.0,34.2,0.0,0.045,0.0,3.847,3.887,3.872,3.889,3.872,3.892,3.883,34.2,32.0,31.4,31.1,True
2026-09-16 15:42:29.796,27.14,0.0,34.0,0.0,0.043,0.0,3.848,3.887,3.872,3.888,3.872,3.891,3.883,34.0,32.1,31.2,31.2,True
2026-09-16 15:42:34.155,27.13,0.0,34.1,0.0,0.043,0.0,3.848,3.887,3.871,3.888,3.872,3.891,3.883,34.1,32.2,31.3,31.2,True
2026-09-16 15:42:38.055,27.14,0.0,34.0,0.0,0.043,0.0,3.848,3.887,3.871,3.888,3.872,3.891,3.883,34.0,32.2,31.2,31.2,True
2026-09-16 15:42:40.779,27.14,0.0,34.0,0.0,0.043,0.0,3.848,3.887,3.872,3.888,3.872,3.891,3.883,34.0,32.2,31.2,31.2,True
2026-09-16 15:42:43.906,27.14,0.0,34.0,0.0,0.043,0.0,3.848,3.887,3.872,3.888,3.872,3.891,3.883,34.0,32.2,31.2,31.2,True
2026-09-16 15:42:47.185,27.14,0.0,34.1,0.0,0.043,0.0,3.848,3.887,3.872,3.889,3.872,3.891,3.883,34.1,32.1,31.3,31.2,True
2026-09-16 15:42:49.621,27.14,0.0,34.1,0.0,0.043,0.0,3.848,3.887,3.872,3.889,3.872,3.891,3.883,34.1,32.4,31.1,31.4,True
2026-09-16 15:42:52.227,27.14,0.0,34.1,0.0,0.044,0.0,3.847,3.887,3.872,3.889,3.872,3.891,3.883,34.1,32.1,31.3,31.2,True
2026-09-16 15:42:55.223,27.14,0.0,34.1,0.0,0.044,0.0,3.847,3.887,3.872,3.889,3.872,3.891,3.883,34.1,32.1,31.3,31.2,True
2026-09-16 15:42:58.037,27.14,0.0,34.1,0.0,0.043,0.0,3.848,3.887,3.872,3.889,3.872,3.891,3.883,34.1,32.1,31.3,31.2,True
2026-09-16 15:43:01.095,27.14,0.0,34.1,0.0,0.043,0.0,3.848,3.887,3.872,3.889,3.872,3.891,3.883,34.1,32.1,31.3,31.2,True
2026-09-16 15:43:03.572,27.14,0.0,34.0,0.0,0.043,0.0,3.848,3.887,3.872,3.889,3.872,3.891,3.883,34.0,32.2,31.2,31.2,True
2026-09-16 15:43:06.591,27.14,0.0,34.1,0.0,0.044,0.0,3.847,3.887,3.872,3.889,3.872,3.891,3.883,34.1,32.1,31.4,31.2,True
2026-09-16 15:43:09.328,27.14,0.0,34.1,0.0,0.044,0.0,3.847,3.887,3.872,3.888,3.872,3.891,3.883,34.1,32.1,31.4,31.2,True
2026-09-16 15:43:12.317,27.14,0.0,34.1,0.0,0.043,0.0,3.848,3.887,3.872,3.888,3.872,3.891,3.883,34.1,32.1,31.4,31.2,True
2026-09-16 15:43:14.892,27.14,0.0,34.1,0.0,0.044,0.0,3.847,3.887,3.872,3.889,3.872,3.891,3.883,34.1,32.1,31.4,31.2,True
2026-09-16 15:43:17.469,27.14,0.0,34.1,0.0,0.044,0.0,3.847,3.887,3.872,3.889,3.872,3.891,3.883,34.1,32.2,31.3,31.2,True
2026-09-16 15:43:21.107,27.14,0.0,34.0,0.0,0.044,0.0,3.847,3.887,3.872,3.888,3.872,3.891,3.883,34.0,32.2,31.2,31.3,True
2026-09-16 15:43:23.591,27.14,0.0,34.0,0.0,0.044,0.0,3.847,3.887,3.872,3.888,3.872,3.891,3.883,34.0,32.3,31.2,31.2,True
2026-09-16 15:43:26.128,27.14,0.0,34.2,0.0,0.044,0.0,3.847,3.887,3.872,3.889,3.872,3.891,3.883,34.2,32.0,31.5,31.0,True
2026-09-16 15:43:28.861,27.14,0.0,34.1,0.0,0.044,0.0,3.847,3.887,3.872,3.889,3.872,3.891,3.883,34.1,32.2,31.4,31.2,True
2026-09-16 15:43:33.009,27.14,0.0,34.1,0.0,0.043,0.0,3.848,3.887,3.872,3.889,3.872,3.891,3.883,34.1,32.1,31.3,31.2,True
2026-09-16 15:43:35.606,27.14,0.0,34.0,0.0,0.043,0.0,3.848,3.887,3.872,3.889,3.872,3.891,3.883,34.0,32.2,31.2,31.3,True
2026-09-16 15:43:38.475,27.14,0.0,34.0,0.0,0.044,0.0,3.847,3.887,3.872,3.888,3.872,3.891,3.883,34.0,32.3,31.2,31.2,True
2026-09-16 15:43:41.240,27.14,0.0,34.1,0.0,0.044,0.0,3.847,3.887,3.872,3.888,3.872,3.891,3.883,34.1,32.1,31.3,31.2,True
2026-09-16 15:43:44.702,27.14,0.0,34.1,0.0,0.043,0.0,3.848,3.887,3.872,3.889,3.872,3.891,3.883,34.1,32.1,31.3,31.2,True
2026-09-16 15:43:47.308,27.14,0.0,34.1,0.0,0.043,0.0,3.848,3.887,3.872,3.888,3.872,3.891,3.883,34.1,32.1,31.3,31.2,True
2026-09-16 15:43:50.135,27.14,0.0,34.1,0.0,0.044,0.0,3.847,3.887,3.872,3.889,3.872,3.891,3.883,34.1,32.1,31.3,31.2,True
2026-09-16 15:43:52.530,27.14,0.0,34.1,0.0,0.044,0.0,3.847,3.887,3.872,3.889,3.872,3.891,3.883,34.1,32.1,31.3,31.2,True
2026-09-16 15:43:55.060,27.14,0.0,34.0,0.0,0.044,0.0,3.847,3.887,3.872,3.889,3.872,3.891,3.883,34.0,32.2,31.2,31.2,True
2026-09-16 15:43:57.301,27.14,0.0,34.0,0.0,0.044,0.0,3.847,3.887,3.872,3.889,3.872,3.891,3.883,34.0,32.2,31.2,31.3,True
2026-09-16 15:43:59.818,27.14,0.0,34.1,0.0,0.044,0.0,3.847,3.887,3.872,3.889,3.872,3.891,3.883,34.1,32.1,31.4,31.1,True
2026-09-16 15:44:02.382,27.14,0.0,34.1,0.0,0.044,0.0,3.847,3.887,3.872,3.889,3.872,3.891,3.883,34.1,32.1,31.3,31.2,True
2026-09-16 15:44:05.038,27.13,0.0,34.0,0.0,0.044,0.0,3.847,3.887,3.872,3.888,3.872,3.891,3.883,34.0,32.2,31.1,31.4,True
2026-09-16 15:44:07.770,27.13,0.0,34.0,0.0,0.044,0.0,3.847,3.887,3.872,3.888,3.872,3.891,3.883,34.0,32.2,31.1,31.4,True
2026-09-16 15:44:10.348,27.14,0.0,34.0,0.0,0.044,0.0,3.847,3.887,3.872,3.888,3.872,3.891,3.883,34.0,32.3,31.2,31.3,True
2026-09-16 15:44:12.784,27.14,0.0,34.1,0.0,0.043,0.0,3.848,3.887,3.872,3.888,3.872,3.891,3.883,34.1,32.2,31.2,31.2,True
2026-09-16 15:44:15.866,27.14,0.0,34.0,0.0,0.043,0.0,3.848,3.887,3.872,3.888,3.872,3.891,3.883,34.0,32.2,31.2,31.3,True
2026-09-16 15:44:18.357,27.14,0.0,34.0,0.0,0.045,0.0,3.847,3.887,3.871,3.888,3.872,3.892,3.883,34.0,32.2,31.3,31.2,True
2026-09-16 15:44:21.229,27.14,0.0,34.1,0.0,0.045,0.0,3.847,3.887,3.871,3.888,3.872,3.892,3.883,34.1,32.2,31.2,31.2,True
2026-09-16 15:44:23.921,27.14,0.0,34.1,0.0,0.044,0.0,3.847,3.887,3.872,3.888,3.872,3.891,3.883,34.1,32.1,31.4,31.1,True
2026-09-16 15:44:26.707,27.14,0.0,34.1,0.0,0.044,0.0,3.847,3.887,3.872,3.888,3.872,3.891,3.883,34.1,32.1,31.4,31.1,True
2026-09-16 15:44:29.518,27.14,0.0,34.0,0.0,0.044,0.0,3.847,3.887,3.872,3.888,3.872,3.891,3.883,34.0,32.2,31.2,31.3,True
2026-09-16 15:44:32.397,27.13,0.0,34.1,0.0,0.044,0.0,3.847,3.887,3.872,3.888,3.872,3.891,3.883,34.1,32.1,31.3,31.3,True
2026-09-16 15:44:35.244,27.13,0.0,34.1,0.0,0.044,0.0,3.847,3.887,3.872,3.888,3.872,3.891,3.883,34.1,32.1,31.3,31.2,True
2026-09-16 15:44:37.669,27.13,0.0,34.1,0.0,0.044,0.0,3.847,3.887,3.872,3.888,3.871,3.891,3.883,34.1,32.1,31.3,31.2,True
2026-09-16 15:44:40.681,27.14,0.0,34.1,0.0,0.044,0.0,3.847,3.887,3.872,3.888,3.871,3.891,3.883,34.1,32.2,31.2,31.2,True
2026-09-16 15:44:43.514,27.14,0.0,34.1,0.0,0.044,0.0,3.847,3.887,3.871,3.889,3.872,3.891,3.883,34.1,32.2,31.2,31.2,True
2026-09-16 15:44:45.935,27.14,0.0,34.1,0.0,0.044,0.0,3.847,3.887,3.871,3.889,3.872,3.891,3.883,34.1,32.1,31.4,31.1,True
2026-09-16 15:44:48.646,27.14,0.0,34.1,0.0,0.044,0.0,3.847,3.887,3.871,3.888,3.872,3.891,3.883,34.1,32.1,31.4,31.1,True
2026-09-16 15:44:51.641,27.14,0.0,34.1,0.0,0.044,0.0,3.847,3.887,3.872,3.889,3.872,3.891,3.883,34.1,32.1,31.4,31.1,True
2026-09-16 15:44:54.318,27.14,0.0,34.1,0.0,0.044,0.0,3.847,3.887,3.872,3.889,3.872,3.891,3.883,34.1,32.1,31.4,31.1,True
2026-09-16 15:44:57.332,27.14,0.0,34.1,0.0,0.044,0.0,3.847,3.887,3.872,3.888,3.872,3.891,3.883,34.1,32.1,31.4,31.1,True
2026-09-16 15:45:00.557,27.14,0.0,34.1,0.0,0.044,0.0,3.847,3.887,3.872,3.889,3.872,3.891,3.883,34.1,32.1,31.3,31.2,True
2026-09-16 15:45:03.629,27.13,0.0,34.0,0.0,0.044,0.0,3.847,3.887,3.871,3.888,3.872,3.891,3.883,34.0,32.2,31.3,31.2,True
2026-09-16 15:45:06.403,27.14,0.0,34.1,0.0,0.044,0.0,3.847,3.887,3.872,3.889,3.872,3.891,3.883,34.1,32.1,31.4,31.1,True
2026-09-16 15:45:09.111,27.13,0.0,34.0,0.0,0.044,0.0,3.847,3.887,3.872,3.889,3.872,3.891,3.883,34.0,32.2,31.2,31.2,True
2026-09-16 15:45:11.912,27.14,0.0,34.2,0.0,0.044,0.0,3.847,3.887,3.872,3.888,3.872,3.891,3.883,34.2,32.0,31.4,31.1,True
2026-09-16 15:45:14.727,27.14,0.0,34.0,0.0,0.044,0.0,3.847,3.887,3.872,3.888,3.872,3.891,3.883,34.0,32.2,31.2,31.3,True
2026-09-16 15:45:17.282,27.14,0.0,34.0,0.0,0.044,0.0,3.847,3.887,3.872,3.888,3.872,3.891,3.883,34.0,32.2,31.2,31.3,True
2026-09-16 15:45:20.190,27.13,0.0,34.0,0.0,0.044,0.0,3.847,3.887,3.872,3.889,3.872,3.891,3.883,34.0,32.1,31.4,31.1,True
2026-09-16 15:45:23.123,27.14,0.0,34.1,0.0,0.044,0.0,3.847,3.887,3.872,3.888,3.872,3.891,3.883,34.1,32.2,31.3,31.2,True
2026-09-16 15:45:25.799,27.14,0.0,34.1,0.0,0.044,0.0,3.847,3.887,3.872,3.888,3.872,3.891,3.883,34.1,32.2,31.3,31.2,True
2026-09-16 15:45:28.981,27.14,0.0,34.1,0.0,0.044,0.0,3.847,3.887,3.872,3.888,3.872,3.891,3.883,34.1,32.2,31.3,31.2,True
2026-09-16 15:45:31.569,27.14,0.0,34.1,0.0,0.044,0.0,3.847,3.887,3.872,3.888,3.872,3.891,3.883,34.1,32.2,31.2,31.2,True
2026-09-16 15:45:34.303,27.14,0.0,34.1,0.0,0.043,0.0,3.848,3.887,3.872,3.888,3.872,3.891,3.883,34.1,32.1,31.4,31.1,True
2026-09-16 15:45:37.011,27.14,0.0,34.0,0.0,0.045,0.0,3.847,3.887,3.872,3.888,3.872,3.892,3.883,34.0,32.2,31.2,31.3,True
2026-09-16 15:45:39.662,27.14,0.0,34.0,0.0,0.044,0.0,3.847,3.887,3.872,3.889,3.872,3.891,3.883,34.0,32.2,31.2,31.3,True
2026-09-16 15:45:42.532,27.14,0.0,34.0,0.0,0.044,0.0,3.847,3.887,3.872,3.889,3.872,3.891,3.883,34.0,32.2,31.2,31.3,True
2026-09-16 15:45:45.144,27.14,0.0,34.2,0.0,0.044,0.0,3.847,3.887,3.872,3.888,3.872,3.891,3.883,34.2,32.1,31.4,31.1,True
2026-09-16 15:45:47.950,27.14,0.0,34.2,0.0,0.044,0.0,3.847,3.887,3.872,3.888,3.872,3.891,3.883,34.2,32.1,31.4,31.1,True
2026-09-16 15:45:50.470,27.14,0.0,34.2,0.0,0.044,0.0,3.847,3.887,3.872,3.888,3.872,3.891,3.883,34.2,32.2,31.4,31.1,True
2026-09-16 15:45:53.081,27.14,0.0,34.2,0.0,0.044,0.0,3.847,3.887,3.872,3.888,3.872,3.891,3.883,34.2,32.0,31.4,31.2,True
2026-09-16 15:45:55.645,27.13,0.0,34.1,0.0,0.045,0.0,3.846,3.887,3.872,3.888,3.872,3.891,3.883,34.1,32.2,31.3,31.2,True
2026-09-16 15:45:58.381,27.13,0.0,34.1,0.0,0.045,0.0,3.846,3.887,3.872,3.888,3.872,3.891,3.883,34.1,32.2,31.3,31.2,True
2026-09-16 15:46:01.017,27.13,0.0,34.2,0.0,0.045,0.0,3.846,3.887,3.872,3.888,3.872,3.891,3.883,34.2,32.0,31.4,31.1,True
2026-09-16 15:46:03.701,27.13,0.0,34.1,0.0,0.045,0.0,3.846,3.887,3.872,3.888,3.872,3.891,3.883,34.1,32.1,31.3,31.2,True
2026-09-16 15:46:06.227,27.13,0.0,34.1,0.0,0.044,0.0,3.847,3.887,3.871,3.888,3.872,3.891,3.883,34.1,32.1,31.3,31.2,True
2026-09-16 15:46:08.786,27.13,0.0,34.0,0.0,0.044,0.0,3.847,3.887,3.871,3.888,3.872,3.891,3.883,34.0,32.3,31.1,31.4,True
2026-09-16 15:46:11.448,27.13,0.0,34.0,0.0,0.045,0.0,3.846,3.887,3.872,3.888,3.872,3.891,3.883,34.0,32.3,31.1,31.4,True
2026-09-16 15:46:14.983,27.13,0.0,34.1,0.0,0.044,0.0,3.847,3.887,3.872,3.888,3.872,3.891,3.883,34.1,32.1,31.2,31.3,True
2026-09-16 15:46:17.544,27.13,0.0,34.1,0.0,0.045,0.0,3.846,3.887,3.872,3.888,3.872,3.891,3.883,34.1,32.1,31.2,31.3,True
2026-09-16 15:46:20.293,27.14,0.0,34.1,0.0,0.044,0.0,3.847,3.886,3.872,3.889,3.872,3.891,3.883,34.1,32.1,31.4,31.2,True
2026-09-16 15:46:23.271,27.13,0.0,34.2,0.0,0.044,0.0,3.847,3.886,3.872,3.889,3.872,3.891,3.883,34.2,32.1,31.4,31.1,True
2026-09-16 15:46:25.885,27.14,0.0,34.2,0.0,0.044,0.0,3.847,3.887,3.872,3.888,3.871,3.891,3.883,34.2,32.1,31.4,31.2,True
2026-09-16 15:46:29.126,27.13,0.0,34.0,0.0,0.044,0.0,3.847,3.887,3.872,3.888,3.872,3.891,3.883,34.0,32.2,31.2,31.3,True
2026-09-16 15:46:31.693,27.13,0.0,34.2,0.0,0.044,0.0,3.847,3.887,3.872,3.888,3.871,3.891,3.883,34.2,32.0,31.4,31.2,True
2026-09-16 15:46:34.192,27.14,0.0,34.1,0.0,0.045,0.0,3.846,3.887,3.872,3.888,3.872,3.891,3.883,34.1,32.1,31.4,31.1,True
2026-09-16 15:46:36.994,27.13,0.0,34.0,0.0,0.045,0.0,3.846,3.887,3.871,3.889,3.872,3.891,3.883,34.0,32.3,31.2,31.2,True
2026-09-16 15:46:39.832,27.14,0.0,34.2,0.0,0.045,0.0,3.846,3.887,3.871,3.889,3.872,3.891,3.883,34.2,32.1,31.4,31.2,True
2026-09-16 15:46:43.526,27.13,0.0,34.3,0.0,0.044,0.0,3.847,3.887,3.872,3.888,3.871,3.891,3.883,34.3,32.0,31.4,31.1,True
2026-09-16 15:46:46.091,27.14,0.0,34.1,0.0,0.044,0.0,3.847,3.887,3.872,3.888,3.871,3.891,3.883,34.1,32.3,31.2,31.2,True
2026-09-16 15:46:49.198,27.14,0.0,34.2,0.0,0.044,0.0,3.847,3.887,3.872,3.888,3.872,3.891,3.883,34.2,32.0,31.4,31.1,True
2026-09-16 15:46:51.774,27.13,0.0,34.1,0.0,0.044,0.0,3.847,3.887,3.872,3.888,3.872,3.891,3.883,34.1,32.2,31.3,31.2,True
2026-09-16 15:46:54.480,27.13,0.0,34.1,0.0,0.044,0.0,3.847,3.886,3.872,3.888,3.872,3.891,3.883,34.1,32.2,31.3,31.2,True
2026-09-16 15:46:57.481,27.14,0.0,34.2,0.0,0.044,0.0,3.847,3.887,3.871,3.888,3.872,3.891,3.883,34.2,32.0,31.5,31.1,True
2026-09-16 15:47:00.202,27.14,0.0,34.2,0.0,0.044,0.0,3.847,3.887,3.872,3.888,3.872,3.891,3.883,34.2,32.0,31.5,31.1,True
2026-09-16 15:47:02.683,27.14,0.0,34.2,0.0,0.044,0.0,3.847,3.887,3.872,3.889,3.872,3.891,3.883,34.2,32.0,31.5,31.1,True
2026-09-16 15:47:05.857,27.13,0.0,34.1,0.0,0.044,0.0,3.847,3.887,3.872,3.889,3.872,3.891,3.883,34.1,32.2,31.4,31.2,True
2026-09-16 15:47:08.593,27.14,0.0,34.0,0.0,0.045,0.0,3.846,3.887,3.872,3.889,3.872,3.891,3.883,34.0,32.2,31.2,31.2,True
2026-09-16 15:47:11.307,27.13,0.0,34.1,0.0,0.045,0.0,3.846,3.887,3.872,3.889,3.872,3.891,3.883,34.1,32.2,31.3,31.1,True
2026-09-16 15:47:14.024,27.14,0.0,34.1,0.0,0.045,0.0,3.846,3.887,3.872,3.888,3.872,3.891,3.883,34.1,32.2,31.3,31.3,True
2026-09-16 15:47:16.582,27.14,0.0,34.1,0.0,0.045,0.0,3.846,3.887,3.871,3.889,3.872,3.891,3.883,34.1,32.2,31.3,31.3,True
2026-09-16 15:47:19.268,27.14,0.0,34.1,0.0,0.045,0.0,3.846,3.887,3.871,3.889,3.872,3.891,3.883,34.1,32.2,31.3,31.3,True
2026-09-16 15:47:22.240,27.13,0.0,34.2,0.0,0.044,0.0,3.847,3.886,3.872,3.888,3.871,3.891,3.883,34.2,32.1,31.4,31.2,True
2026-09-16 15:47:24.731,27.13,0.0,34.0,0.0,0.044,0.0,3.847,3.886,3.872,3.888,3.871,3.891,3.883,34.0,32.3,31.3,31.2,True
2026-09-16 15:47:27.526,27.13,0.0,34.0,0.0,0.044,0.0,3.847,3.887,3.872,3.888,3.872,3.891,3.883,34.0,32.3,31.3,31.2,True
2026-09-16 15:47:30.243,27.14,0.0,34.2,0.0,0.044,0.0,3.847,3.887,3.872,3.888,3.872,3.891,3.883,34.2,32.1,31.4,31.2,True
2026-09-16 15:47:33.007,27.14,0.0,34.2,0.0,0.044,0.0,3.847,3.887,3.872,3.888,3.872,3.891,3.883,34.2,32.1,31.4,31.2,True
2026-09-16 15:47:35.878,27.14,0.0,34.1,0.0,0.044,0.0,3.847,3.887,3.872,3.888,3.872,3.891,3.883,34.1,32.3,31.3,31.2,True
2026-09-16 15:47:38.455,27.14,0.0,34.2,0.0,0.044,0.0,3.847,3.887,3.872,3.888,3.872,3.891,3.883,34.2,32.1,31.4,31.1,True
2026-09-16 15:47:41.890,27.13,0.0,34.2,0.0,0.045,0.0,3.846,3.887,3.872,3.888,3.871,3.891,3.883,34.2,32.1,31.4,31.1,True
2026-09-16 15:47:44.683,27.14,0.0,34.1,0.0,0.045,0.0,3.846,3.887,3.872,3.888,3.872,3.891,3.883,34.1,32.2,31.2,31.2,True
2026-09-16 15:47:47.392,27.14,0.0,34.1,0.0,0.044,0.0,3.847,3.887,3.872,3.889,3.872,3.891,3.882,34.1,32.2,31.3,31.2,True
2026-09-16 15:47:50.494,27.14,0.0,34.1,0.0,0.044,0.0,3.847,3.887,3.872,3.888,3.872,3.891,3.883,34.1,32.2,31.3,31.2,True
2026-09-16 15:47:53.007,27.13,0.0,34.1,0.0,0.044,0.0,3.847,3.887,3.872,3.888,3.872,3.891,3.883,34.1,32.2,31.3,31.2,True
2026-09-16 15:47:55.666,27.14,0.0,34.0,0.0,0.044,0.0,3.847,3.887,3.872,3.888,3.872,3.891,3.883,34.0,32.2,31.4,31.2,True
2026-09-16 15:47:59.100,27.13,0.0,34.0,0.0,0.045,0.0,3.846,3.887,3.871,3.888,3.872,3.891,3.882,34.0,32.2,31.3,31.3,True
2026-09-16 15:48:02.191,27.13,0.0,34.0,0.0,0.045,0.0,3.846,3.887,3.872,3.889,3.872,3.891,3.883,34.0,32.2,31.3,31.3,True
2026-09-16 15:48:04.811,27.14,0.0,34.2,0.0,0.045,0.0,3.846,3.887,3.872,3.889,3.872,3.891,3.883,34.2,32.1,31.4,31.1,True
2026-09-16 15:48:07.491,27.13,0.0,34.1,0.0,0.045,0.0,3.846,3.887,3.871,3.888,3.872,3.891,3.883,34.1,32.2,31.3,31.2,True
2026-09-16 15:48:10.292,27.13,0.0,34.1,0.0,0.045,0.0,3.846,3.887,3.871,3.888,3.872,3.891,3.883,34.1,32.2,31.3,31.2,True
2026-09-16 15:48:13.064,27.14,0.0,34.1,0.0,0.044,0.0,3.847,3.887,3.872,3.889,3.872,3.891,3.883,34.1,32.2,31.3,31.2,True
2026-09-16 15:48:15.591,27.14,0.0,34.2,0.0,0.045,0.0,3.846,3.887,3.872,3.889,3.872,3.891,3.883,34.2,32.2,31.3,31.2,True
2026-09-16 15:48:18.852,27.14,0.0,34.2,0.0,0.045,0.0,3.846,3.887,3.872,3.889,3.872,3.891,3.883,34.2,32.2,31.3,31.2,True
2026-09-16 15:48:21.873,27.14,0.0,34.0,0.0,0.045,0.0,3.846,3.887,3.871,3.888,3.872,3.891,3.883,34.0,32.3,31.2,31.2,True
2026-09-16 15:48:24.750,27.13,0.0,34.0,0.0,0.045,0.0,3.846,3.887,3.872,3.889,3.872,3.891,3.882,34.0,32.2,31.2,31.2,True
2026-09-16 15:48:27.395,27.13,0.0,34.1,0.0,0.045,0.0,3.846,3.887,3.871,3.888,3.872,3.891,3.882,34.1,32.2,31.3,31.2,True
2026-09-16 15:48:30.270,27.13,0.0,34.2,0.0,0.045,0.0,3.846,3.887,3.871,3.888,3.872,3.891,3.882,34.2,32.0,31.4,31.1,True
2026-09-16 15:48:32.943,27.13,0.0,34.2,0.0,0.045,0.0,3.846,3.887,3.872,3.888,3.872,3.891,3.883,34.2,32.0,31.4,31.1,True
2026-09-16 15:48:35.920,27.13,0.0,34.2,0.0,0.045,0.0,3.846,3.887,3.872,3.888,3.872,3.891,3.883,34.2,32.2,31.2,31.3,True
2026-09-16 15:48:38.647,27.13,0.0,34.1,0.0,0.045,0.0,3.846,3.887,3.872,3.888,3.872,3.891,3.883,34.1,32.2,31.2,31.2,True
2026-09-16 15:48:41.444,27.13,0.0,34.1,0.0,0.045,0.0,3.846,3.887,3.872,3.888,3.872,3.891,3.883,34.1,32.2,31.3,31.2,True
2026-09-16 15:48:44.273,27.13,0.0,34.1,0.0,0.044,0.0,3.847,3.887,3.871,3.888,3.872,3.891,3.883,34.1,32.2,31.3,31.2,True
2026-09-16 15:48:46.681,27.13,0.0,34.2,0.0,0.044,0.0,3.847,3.887,3.871,3.888,3.872,3.891,3.883,34.2,32.1,31.3,31.2,True
2026-09-16 15:48:49.162,27.13,0.0,34.2,0.0,0.045,0.0,3.846,3.886,3.871,3.889,3.872,3.891,3.883,34.2,32.1,31.3,31.2,True
2026-09-16 15:48:51.770,27.14,0.0,34.1,0.0,0.045,0.0,3.846,3.887,3.872,3.888,3.872,3.891,3.882,34.1,32.1,31.3,31.1,True
2026-09-16 15:48:54.806,27.14,0.0,34.1,0.0,0.044,0.0,3.847,3.887,3.871,3.888,3.872,3.891,3.883,34.1,32.1,31.3,31.1,True
2026-09-16 15:48:57.400,27.13,0.0,34.1,0.0,0.045,0.0,3.846,3.887,3.871,3.888,3.872,3.891,3.883,34.1,32.2,31.4,31.2,True
2026-09-16 15:48:59.971,27.13,0.0,34.1,0.0,0.045,0.0,3.846,3.887,3.871,3.888,3.872,3.891,3.883,34.1,32.2,31.4,31.2,True
2026-09-16 15:49:02.854,27.13,0.0,34.1,0.0,0.045,0.0,3.846,3.887,3.872,3.889,3.872,3.891,3.883,34.1,32.1,31.4,31.1,True
2026-09-16 15:49:05.586,27.13,0.0,34.1,0.0,0.045,0.0,3.846,3.887,3.871,3.888,3.871,3.891,3.883,34.1,32.1,31.4,31.1,True
2026-09-16 15:49:08.528,27.14,0.0,34.2,0.0,0.045,0.0,3.846,3.887,3.871,3.888,3.871,3.891,3.883,34.2,32.1,31.4,31.1,True
2026-09-16 15:49:11.521,27.13,0.0,34.2,0.0,0.045,0.0,3.846,3.887,3.871,3.888,3.871,3.891,3.883,34.2,32.1,31.3,31.2,True
2026-09-16 15:49:14.254,27.14,0.0,34.2,0.0,0.044,0.0,3.847,3.887,3.871,3.888,3.872,3.891,3.883,34.2,32.1,31.3,31.2,True
2026-09-16 15:49:16.998,27.13,0.0,34.1,0.0,0.044,0.0,3.847,3.887,3.872,3.889,3.872,3.891,3.883,34.1,32.2,31.3,31.2,True
2026-09-16 15:49:19.811,27.13,0.0,34.1,0.0,0.044,0.0,3.847,3.886,3.871,3.888,3.872,3.891,3.883,34.1,32.2,31.3,31.2,True
2026-09-16 15:49:22.498,27.13,0.0,34.1,0.0,0.044,0.0,3.847,3.887,3.871,3.888,3.872,3.891,3.882,34.1,32.2,31.4,31.2,True
2026-09-16 15:49:26.337,27.13,0.0,34.1,0.0,0.044,0.0,3.847,3.887,3.871,3.888,3.872,3.891,3.882,34.1,32.2,31.4,31.2,True
2026-09-16 15:49:29.160,27.13,0.0,34.0,0.0,0.044,0.0,3.847,3.887,3.871,3.888,3.872,3.891,3.882,34.0,32.3,31.2,31.3,True
2026-09-16 15:49:31.944,27.13,0.0,34.0,0.0,0.045,0.0,3.846,3.887,3.871,3.888,3.871,3.891,3.883,34.0,32.3,31.2,31.3,True
2026-09-16 15:49:34.805,27.13,0.0,34.2,0.0,0.045,0.0,3.846,3.887,3.872,3.888,3.871,3.891,3.883,34.2,32.1,31.4,31.1,True
2026-09-16 15:49:37.507,27.13,0.0,34.2,0.0,0.044,0.0,3.847,3.887,3.872,3.888,3.871,3.891,3.883,34.2,32.1,31.4,31.1,True
2026-09-16 15:49:40.136,27.13,0.0,34.2,0.0,0.044,0.0,3.847,3.887,3.872,3.888,3.871,3.891,3.883,34.2,32.1,31.4,31.1,True
2026-09-16 15:49:42.937,27.13,0.0,34.2,0.0,0.044,0.0,3.847,3.887,3.872,3.888,3.871,3.891,3.883,34.2,32.2,31.3,31.2,True
2026-09-16 15:49:45.740,27.13,0.0,34.1,0.0,0.044,0.0,3.847,3.887,3.872,3.888,3.871,3.891,3.883,34.1,32.2,31.3,31.2,True
2026-09-16 15:49:48.649,27.13,0.0,34.1,0.0,0.045,0.0,3.846,3.887,3.871,3.888,3.871,3.891,3.883,34.1,32.2,31.3,31.2,True
2026-09-16 15:49:51.641,27.13,0.0,34.1,0.0,0.045,0.0,3.846,3.887,3.872,3.888,3.872,3.891,3.882,34.1,32.2,31.3,31.2,True
2026-09-16 15:49:54.204,27.13,0.0,34.1,0.0,0.045,0.0,3.846,3.887,3.872,3.888,3.872,3.891,3.882,34.1,32.2,31.3,31.2,True
2026-09-16 15:49:56.893,27.13,0.0,34.1,0.0,0.045,0.0,3.846,3.887,3.872,3.888,3.872,3.891,3.883,34.1,32.2,31.2,31.2,True
2026-09-16 15:49:59.666,27.13,0.0,34.2,0.0,0.045,0.0,3.846,3.887,3.872,3.888,3.872,3.891,3.883,34.2,32.1,31.4,31.2,True
2026-09-16 15:50:02.686,27.13,0.0,34.1,0.0,0.045,0.0,3.846,3.887,3.872,3.888,3.872,3.891,3.883,34.1,32.2,31.3,31.2,True
2026-09-16 15:50:05.468,27.13,0.0,34.1,0.0,0.045,0.0,3.846,3.887,3.872,3.888,3.872,3.891,3.883,34.1,32.2,31.3,31.2,True
2026-09-16 15:50:07.992,27.13,0.0,34.1,0.0,0.044,0.0,3.847,3.887,3.872,3.888,3.872,3.891,3.883,34.1,32.2,31.3,31.2,True
2026-09-16 15:50:10.524,27.13,0.0,34.2,0.0,0.045,0.0,3.846,3.887,3.871,3.888,3.872,3.891,3.883,34.2,32.2,31.3,31.2,True
2026-09-16 15:50:13.591,27.13,0.0,34.3,0.0,0.045,0.0,3.846,3.887,3.872,3.888,3.872,3.891,3.883,34.3,32.0,31.5,31.1,True
2026-09-16 15:50:16.018,27.13,0.0,34.3,0.0,0.045,0.0,3.846,3.887,3.872,3.888,3.872,3.891,3.883,34.3,32.0,31.5,31.1,True
2026-09-16 15:50:18.806,27.13,0.0,34.2,0.0,0.045,0.0,3.846,3.886,3.872,3.888,3.871,3.891,3.882,34.2,32.2,31.3,31.2,True
2026-09-16 15:50:21.507,27.13,0.0,34.2,0.0,0.044,0.0,3.847,3.887,3.871,3.888,3.872,3.891,3.883,34.2,32.2,31.3,31.2,True
2026-09-16 15:50:24.282,27.13,0.0,34.2,0.0,0.045,0.0,3.846,3.887,3.871,3.888,3.872,3.891,3.883,34.2,32.2,31.3,31.2,True
2026-09-16 15:50:26.908,27.14,0.0,34.2,0.0,0.046,0.0,3.845,3.887,3.872,3.888,3.872,3.891,3.883,34.2,32.1,31.3,31.2,True
2026-09-16 15:50:29.774,27.13,0.0,34.2,0.0,0.045,0.0,3.846,3.887,3.872,3.889,3.871,3.891,3.883,34.2,32.2,31.3,31.2,True
2026-09-16 15:50:32.354,27.13,0.0,34.2,0.0,0.045,0.0,3.846,3.887,3.871,3.888,3.872,3.891,3.882,34.2,32.2,31.4,31.1,True
2026-09-16 15:50:35.322,27.13,0.0,34.0,0.0,0.045,0.0,3.846,3.887,3.872,3.888,3.872,3.891,3.883,34.0,32.1,31.4,31.2,True
2026-09-16 15:50:38.111,27.13,0.0,34.1,0.0,0.045,0.0,3.846,3.887,3.872,3.888,3.872,3.891,3.882,34.1,32.2,31.2,31.2,True
2026-09-16 15:50:40.816,27.13,0.0,34.1,0.0,0.045,0.0,3.846,3.887,3.871,3.889,3.872,3.891,3.883,34.1,32.3,31.2,31.4,True
2026-09-16 15:50:43.851,27.13,0.0,34.2,0.0,0.045,0.0,3.846,3.887,3.872,3.888,3.872,3.891,3.883,34.2,32.3,31.2,31.3,True
2026-09-16 15:50:46.841,27.13,0.0,34.1,0.0,0.045,0.0,3.846,3.887,3.872,3.888,3.872,3.891,3.883,34.1,32.2,31.3,31.2,True
2026-09-16 15:50:49.633,27.13,0.0,34.1,0.0,0.045,0.0,3.846,3.887,3.872,3.888,3.872,3.891,3.883,34.1,32.2,31.2,31.3,True
2026-09-16 15:50:52.830,27.13,0.0,34.2,0.0,0.046,0.0,3.845,3.887,3.872,3.888,3.871,3.891,3.883,34.2,32.2,31.4,31.2,True
2026-09-16 15:50:55.753,27.13,0.0,34.2,0.0,0.045,0.0,3.846,3.887,3.871,3.888,3.871,3.891,3.882,34.2,32.2,31.4,31.2,True
2026-09-16 15:50:58.517,27.13,0.0,34.2,0.0,0.045,0.0,3.846,3.887,3.871,3.888,3.871,3.891,3.882,34.2,32.1,31.4,31.1,True
2026-09-16 15:51:00.999,27.13,0.0,34.0,0.0,0.045,0.0,3.846,3.887,3.872,3.888,3.871,3.891,3.883,34.0,32.2,31.3,31.2,True
2026-09-16 15:51:03.864,27.13,0.0,34.2,0.0,0.045,0.0,3.846,3.887,3.871,3.888,3.871,3.891,3.883,34.2,32.2,31.3,31.2,True
2026-09-16 15:51:06.850,27.13,0.0,34.1,0.0,0.045,0.0,3.846,3.887,3.871,3.888,3.872,3.891,3.883,34.1,32.2,31.2,31.3,True
2026-09-16 15:51:10.961,27.13,0.0,34.0,0.0,0.045,0.0,3.846,3.887,3.871,3.888,3.872,3.891,3.883,34.0,32.2,31.3,31.2,True
2026-09-16 15:51:14.029,27.13,0.0,34.2,0.0,0.045,0.0,3.846,3.887,3.871,3.888,3.871,3.891,3.883,34.2,32.2,31.3,31.2,True
2026-09-16 15:51:17.262,27.13,0.0,34.2,0.0,0.045,0.0,3.846,3.887,3.871,3.888,3.871,3.891,3.882,34.2,32.2,31.3,31.2,True
2026-09-16 15:51:20.110,27.13,0.0,34.2,0.0,0.046,0.0,3.845,3.886,3.872,3.888,3.871,3.891,3.882,34.2,32.2,31.3,31.2,True
2026-09-16 15:51:23.014,27.13,0.0,34.1,0.0,0.046,0.0,3.845,3.886,3.872,3.888,3.871,3.891,3.882,34.1,32.3,31.2,31.3,True
2026-09-16 15:51:26.028,27.13,0.0,34.1,0.0,0.045,0.0,3.846,3.887,3.872,3.888,3.872,3.891,3.883,34.1,32.3,31.2,31.3,True
2026-09-16 15:51:28.736,27.13,0.0,34.1,0.0,0.045,0.0,3.846,3.887,3.872,3.888,3.872,3.891,3.883,34.1,32.2,31.2,31.3,True
2026-09-16 15:51:31.300,27.13,0.0,34.2,0.0,0.045,0.0,3.846,3.887,3.871,3.888,3.872,3.891,3.883,34.2,32.2,31.3,31.2,True
2026-09-16 15:51:33.733,27.13,0.0,34.2,0.0,0.046,0.0,3.845,3.886,3.871,3.888,3.871,3.891,3.882,34.2,32.2,31.3,31.2,True
2026-09-16 15:51:36.420,27.13,0.0,34.3,0.0,0.046,0.0,3.845,3.886,3.871,3.888,3.871,3.891,3.882,34.3,32.1,31.4,31.1,True
2026-09-16 15:51:39.210,27.13,0.0,34.2,0.0,0.045,0.0,3.846,3.887,3.872,3.888,3.872,3.891,3.883,34.2,32.1,31.3,31.2,True
2026-09-16 15:51:41.744,27.13,0.0,34.2,0.0,0.045,0.0,3.846,3.887,3.871,3.888,3.871,3.891,3.883,34.2,32.1,31.3,31.2,True
2026-09-16 15:51:44.579,27.13,0.0,34.2,0.0,0.045,0.0,3.846,3.887,3.871,3.888,3.872,3.891,3.883,34.2,32.1,31.3,31.2,True
2026-09-16 15:51:47.323,27.14,0.0,34.2,0.0,0.045,0.0,3.846,3.887,3.871,3.888,3.872,3.891,3.883,34.2,32.2,31.3,31.2,True
2026-09-16 15:51:50.282,27.14,0.0,34.2,0.0,0.045,0.0,3.846,3.887,3.871,3.889,3.872,3.891,3.883,34.2,32.2,31.3,31.2,True
2026-09-16 15:51:53.263,27.13,0.0,34.2,0.0,0.045,0.0,3.846,3.887,3.871,3.889,3.872,3.891,3.883,34.2,32.2,31.4,31.2,True
2026-09-16 15:51:56.078,27.13,0.0,34.2,0.0,0.046,0.0,3.845,3.887,3.871,3.889,3.872,3.891,3.883,34.2,32.2,31.4,31.2,True
2026-09-16 15:51:59.237,27.13,0.0,34.2,0.0,0.046,0.0,3.845,3.887,3.871,3.889,3.872,3.891,3.883,34.2,32.2,31.3,31.2,True
2026-09-16 15:52:02.312,27.13,0.0,34.2,0.0,0.046,0.0,3.845,3.887,3.871,3.889,3.872,3.891,3.883,34.2,32.2,31.4,31.2,True
2026-09-16 15:52:05.595,27.13,0.0,34.2,0.0,0.045,0.0,3.846,3.887,3.871,3.888,3.871,3.891,3.883,34.2,32.1,31.4,31.2,True
2026-09-16 15:52:08.465,27.13,0.0,34.2,0.0,0.045,0.0,3.846,3.887,3.871,3.888,3.872,3.891,3.883,34.2,32.1,31.4,31.2,True
2026-09-16 15:52:11.848,27.13,0.0,34.2,0.0,0.045,0.0,3.846,3.887,3.871,3.888,3.872,3.891,3.883,34.2,32.2,31.3,31.2,True
2026-09-16 15:52:15.638,27.13,0.0,34.2,0.0,0.046,0.0,3.845,3.886,3.871,3.888,3.872,3.891,3.883,34.2,32.2,31.3,31.3,True
2026-09-16 15:52:18.468,27.13,0.0,34.1,0.0,0.045,0.0,3.846,3.887,3.871,3.888,3.872,3.891,3.882,34.1,32.2,31.2,31.3,True
2026-09-16 15:52:21.674,27.13,0.0,34.1,0.0,0.046,0.0,3.845,3.887,3.872,3.889,3.871,3.891,3.882,34.1,32.2,31.3,31.2,True
2026-09-16 15:52:24.537,27.13,0.0,34.1,0.0,0.046,0.0,3.845,3.887,3.872,3.889,3.871,3.891,3.882,34.1,32.2,31.3,31.2,True
2026-09-16 15:52:27.598,27.13,0.0,34.2,0.0,0.046,0.0,3.845,3.887,3.872,3.889,3.871,3.891,3.882,34.2,32.2,31.2,31.3,True
2026-09-16 15:52:31.145,27.13,0.0,34.1,0.0,0.046,0.0,3.845,3.887,3.872,3.888,3.872,3.891,3.883,34.1,32.2,31.3,31.2,True
2026-09-16 15:52:34.033,27.13,0.0,34.2,0.0,0.045,0.0,3.846,3.887,3.871,3.888,3.871,3.891,3.883,34.2,32.2,31.4,31.1,True
2026-09-16 15:52:37.403,27.13,0.0,34.2,0.0,0.045,0.0,3.846,3.887,3.871,3.888,3.871,3.891,3.883,34.2,32.2,31.4,31.1,True
2026-09-16 15:52:40.634,27.13,0.0,34.2,0.0,0.046,0.0,3.845,3.887,3.872,3.888,3.871,3.891,3.883,34.2,32.2,31.3,31.2,True
2026-09-16 15:52:43.311,27.13,0.0,34.2,0.0,0.046,0.0,3.845,3.887,3.872,3.888,3.871,3.891,3.883,34.2,32.2,31.3,31.2,True
2026-09-16 15:52:46.193,27.13,0.0,34.2,0.0,0.045,0.0,3.846,3.887,3.871,3.888,3.872,3.891,3.883,34.2,32.1,31.4,31.2,True
2026-09-16 15:52:48.798,27.13,0.0,34.1,0.0,0.046,0.0,3.845,3.887,3.871,3.888,3.872,3.891,3.882,34.1,32.2,31.4,31.2,True
2026-09-16 15:52:51.475,27.13,0.0,34.2,0.0,0.046,0.0,3.845,3.887,3.871,3.888,3.872,3.891,3.883,34.2,32.2,31.4,31.2,True
2026-09-16 15:52:54.368,27.13,0.0,34.3,0.0,0.046,0.0,3.845,3.887,3.871,3.888,3.872,3.891,3.883,34.3,32.1,31.4,31.2,True
2026-09-16 15:52:57.031,27.13,0.0,34.3,0.0,0.045,0.0,3.846,3.887,3.871,3.888,3.871,3.891,3.882,34.3,32.1,31.4,31.2,True
2026-09-16 15:53:00.992,27.13,0.0,34.1,0.0,0.046,0.0,3.845,3.887,3.872,3.888,3.872,3.891,3.883,34.1,32.3,31.3,31.3,True
2026-09-16 15:53:03.853,27.13,0.0,34.1,0.0,0.046,0.0,3.845,3.887,3.871,3.888,3.872,3.891,3.883,34.1,32.3,31.3,31.3,True
2026-09-16 15:53:06.835,27.13,0.0,34.2,0.0,0.046,0.0,3.845,3.887,3.871,3.888,3.872,3.891,3.883,34.2,32.2,31.4,31.2,True
2026-09-16 15:53:09.577,27.13,0.0,34.2,0.0,0.046,0.0,3.845,3.887,3.871,3.888,3.872,3.891,3.883,34.2,32.2,31.4,31.2,True
2026-09-16 15:53:12.758,27.13,0.0,34.0,0.0,0.046,0.0,3.845,3.887,3.871,3.888,3.872,3.891,3.883,34.0,32.2,31.3,31.2,True
2026-09-16 15:53:15.529,27.13,0.0,34.2,0.0,0.046,0.0,3.845,3.887,3.871,3.888,3.872,3.891,3.883,34.2,32.3,31.3,31.2,True
2026-09-16 15:53:18.641,27.13,0.0,34.1,0.0,0.046,0.0,3.845,3.887,3.871,3.888,3.872,3.891,3.883,34.1,32.3,31.3,31.2,True
2026-09-16 15:53:21.643,27.13,0.0,34.1,0.0,0.046,0.0,3.845,3.887,3.871,3.888,3.872,3.891,3.882,34.1,32.3,31.3,31.2,True
2026-09-16 15:53:24.374,27.13,0.0,34.2,0.0,0.046,0.0,3.845,3.887,3.871,3.888,3.872,3.891,3.882,34.2,32.2,31.4,31.2,True
2026-09-16 15:53:27.040,27.13,0.0,34.2,0.0,0.046,0.0,3.845,3.886,3.872,3.888,3.872,3.891,3.883,34.2,32.2,31.4,31.2,True
2026-09-16 15:53:29.659,27.13,0.0,34.2,0.0,0.046,0.0,3.845,3.886,3.871,3.888,3.871,3.891,3.882,34.2,32.2,31.5,31.1,True
2026-09-16 15:53:32.522,27.13,0.0,34.2,0.0,0.046,0.0,3.845,3.886,3.871,3.888,3.871,3.891,3.882,34.2,32.2,31.5,31.1,True
2026-09-16 15:53:35.277,27.13,0.0,34.2,0.0,0.046,0.0,3.845,3.887,3.872,3.888,3.871,3.891,3.882,34.2,32.1,31.4,31.2,True
2026-09-16 15:53:37.995,27.13,0.0,34.3,0.0,0.044,0.0,3.846,3.887,3.871,3.888,3.872,3.89,3.883,34.3,32.1,31.5,31.1,True
2026-09-16 15:53:40.631,27.13,0.0,34.3,0.0,0.044,0.0,3.846,3.887,3.871,3.888,3.872,3.89,3.883,34.3,32.2,31.3,31.3,True
2026-09-16 15:53:43.265,27.13,0.0,34.3,0.0,0.046,0.0,3.845,3.887,3.871,3.888,3.872,3.891,3.883,34.3,32.2,31.3,31.3,True
2026-09-16 15:53:45.862,27.13,0.0,34.2,0.0,0.046,0.0,3.845,3.887,3.871,3.888,3.872,3.891,3.883,34.2,32.3,31.3,31.2,True
2026-09-16 15:53:48.812,27.13,0.0,34.2,0.0,0.046,0.0,3.845,3.887,3.871,3.888,3.872,3.891,3.883,34.2,32.2,31.4,31.2,True
2026-09-16 15:53:52.110,27.13,0.0,34.1,0.0,0.046,0.0,3.845,3.887,3.871,3.888,3.871,3.891,3.883,34.1,32.3,31.2,31.4,True
2026-09-16 15:53:55.254,27.13,0.0,34.1,0.0,0.046,0.0,3.845,3.887,3.872,3.888,3.872,3.891,3.883,34.1,32.3,31.2,31.4,True
2026-09-16 15:53:58.008,27.13,0.0,34.2,0.0,0.046,0.0,3.845,3.887,3.872,3.888,3.872,3.891,3.883,34.2,32.2,31.4,31.2,True
2026-09-16 15:54:01.108,27.13,0.0,34.1,0.0,0.046,0.0,3.845,3.887,3.872,3.888,3.871,3.891,3.883,34.1,32.3,31.3,31.2,True
2026-09-16 15:54:04.008,27.13,0.0,34.2,0.0,0.045,0.0,3.846,3.887,3.871,3.889,3.872,3.891,3.882,34.2,32.2,31.4,31.2,True
2026-09-16 15:54:06.740,27.13,0.0,34.1,0.0,0.045,0.0,3.845,3.886,3.871,3.888,3.871,3.89,3.883,34.1,32.2,31.3,31.3,True
2026-09-16 15:54:09.423,27.13,0.0,34.1,0.0,0.045,0.0,3.846,3.887,3.871,3.888,3.871,3.891,3.883,34.1,32.2,31.3,31.3,True
2026-09-16 15:54:12.126,27.13,0.0,34.2,0.0,0.045,0.0,3.846,3.887,3.871,3.888,3.871,3.891,3.883,34.2,32.2,31.4,31.2,True
2026-09-16 15:54:14.845,27.13,0.0,34.3,0.0,0.046,0.0,3.845,3.887,3.871,3.888,3.872,3.891,3.883,34.3,32.3,31.3,31.3,True
2026-09-16 15:54:18.093,27.13,0.0,34.2,0.0,0.046,0.0,3.845,3.887,3.871,3.888,3.871,3.891,3.883,34.2,32.3,31.4,31.2,True
2026-09-16 15:54:20.733,27.13,0.0,34.1,0.0,0.046,0.0,3.845,3.887,3.871,3.888,3.871,3.891,3.883,34.1,32.2,31.4,31.2,True
2026-09-16 15:54:24.054,27.13,0.0,34.2,0.0,0.046,0.0,3.845,3.887,3.871,3.888,3.871,3.891,3.883,34.2,32.2,31.4,31.1,True
2026-09-16 15:54:27.519,27.13,0.0,34.3,0.0,0.046,0.0,3.845,3.887,3.871,3.888,3.871,3.891,3.882,34.3,32.2,31.4,31.2,True
2026-09-16 15:54:30.671,27.13,0.0,34.3,0.0,0.046,0.0,3.845,3.887,3.871,3.888,3.871,3.891,3.882,34.3,32.2,31.4,31.2,True
2026-09-16 15:54:33.262,27.13,0.0,34.2,0.0,0.046,0.0,3.845,3.887,3.872,3.888,3.872,3.891,3.883,34.2,32.1,31.4,31.2,True
2026-09-16 15:54:36.003,27.13,0.0,34.2,0.0,0.046,0.0,3.845,3.887,3.871,3.888,3.871,3.891,3.883,34.2,32.1,31.4,31.2,True
2026-09-16 15:54:38.890,27.13,0.0,34.2,0.0,0.046,0.0,3.845,3.887,3.871,3.888,3.872,3.891,3.883,34.2,32.1,31.4,31.2,True
2026-09-16 15:54:43.497,27.13,0.0,34.2,0.0,0.046,0.0,3.845,3.887,3.872,3.889,3.871,3.891,3.883,34.2,32.3,31.3,31.3,True
2026-09-16 15:54:46.557,27.13,0.0,34.2,0.0,0.046,0.0,3.845,3.887,3.872,3.889,3.871,3.891,3.883,34.2,32.2,31.4,31.2,True
2026-09-16 15:54:49.572,27.13,0.0,34.3,0.0,0.046,0.0,3.845,3.886,3.871,3.888,3.871,3.891,3.883,34.3,32.2,31.4,31.2,True
2026-09-16 15:54:52.318,27.13,0.0,34.3,0.0,0.046,0.0,3.845,3.886,3.871,3.888,3.871,3.891,3.883,34.3,32.2,31.4,31.2,True
2026-09-16 15:54:55.061,27.13,0.0,34.2,0.0,0.046,0.0,3.845,3.886,3.871,3.888,3.871,3.891,3.883,34.2,32.2,31.4,31.2,True
2026-09-16 15:54:58.081,27.13,0.0,34.2,0.0,0.046,0.0,3.845,3.887,3.871,3.888,3.872,3.891,3.882,34.2,32.2,31.4,31.2,True
2026-09-16 15:55:00.584,27.13,0.0,34.2,0.0,0.046,0.0,3.845,3.887,3.871,3.888,3.871,3.891,3.883,34.2,32.3,31.3,31.3,True
2026-09-16 15:55:03.473,27.13,0.0,34.2,0.0,0.046,0.0,3.845,3.886,3.871,3.888,3.871,3.891,3.882,34.2,32.3,31.4,31.3,True
2026-09-16 15:55:06.226,27.13,0.0,34.2,0.0,0.046,0.0,3.845,3.887,3.871,3.888,3.872,3.891,3.883,34.2,32.2,31.4,31.2,True
2026-09-16 15:55:09.256,27.13,0.0,34.2,0.0,0.046,0.0,3.845,3.887,3.871,3.888,3.872,3.891,3.883,34.2,32.3,31.4,31.2,True
2026-09-16 15:55:11.985,27.13,0.0,34.2,0.0,0.046,0.0,3.845,3.887,3.871,3.888,3.872,3.891,3.883,34.2,32.3,31.4,31.2,True
2026-09-16 15:55:15.004,27.13,0.0,34.3,0.0,0.046,0.0,3.845,3.887,3.872,3.888,3.871,3.891,3.883,34.3,32.1,31.5,31.1,True
2026-09-16 15:55:18.282,27.13,0.0,34.2,0.0,0.046,0.0,3.845,3.887,3.871,3.888,3.871,3.891,3.883,34.2,32.3,31.3,31.4,True
2026-09-16 15:55:21.257,27.13,0.0,34.2,0.0,0.046,0.0,3.845,3.887,3.871,3.888,3.872,3.891,3.882,34.2,32.3,31.3,31.4,True
2026-09-16 15:55:23.944,27.13,0.0,34.3,0.0,0.046,0.0,3.845,3.887,3.871,3.888,3.872,3.891,3.882,34.3,32.2,31.4,31.2,True
2026-09-16 15:55:26.878,27.13,0.0,34.3,0.0,0.046,0.0,3.845,3.886,3.871,3.888,3.872,3.891,3.883,34.3,32.2,31.4,31.2,True
2026-09-16 15:55:29.759,27.13,0.0,34.2,0.0,0.046,0.0,3.845,3.887,3.871,3.888,3.871,3.891,3.883,34.2,32.3,31.4,31.2,True
2026-09-16 15:55:32.436,27.13,0.0,34.3,0.0,0.046,0.0,3.845,3.887,3.871,3.888,3.871,3.891,3.882,34.3,32.2,31.4,31.2,True
2026-09-16 15:55:35.236,27.13,0.0,34.3,0.0,0.046,0.0,3.845,3.887,3.871,3.888,3.871,3.891,3.882,34.3,32.3,31.4,31.3,True
2026-09-16 15:55:38.103,27.13,0.0,34.3,0.0,0.046,0.0,3.845,3.887,3.872,3.888,3.871,3.891,3.882,34.3,32.3,31.4,31.3,True
2026-09-16 15:55:41.054,27.13,0.0,34.2,0.0,0.046,0.0,3.845,3.887,3.871,3.888,3.872,3.891,3.882,34.2,32.3,31.3,31.4,True
2026-09-16 15:55:44.011,27.13,0.0,34.3,0.0,0.046,0.0,3.845,3.887,3.872,3.888,3.871,3.891,3.883,34.3,32.1,31.5,31.2,True
2026-09-16 15:55:47.058,27.13,0.0,34.3,0.0,0.046,0.0,3.845,3.887,3.872,3.888,3.871,3.891,3.883,34.3,32.1,31.5,31.2,True
2026-09-16 15:55:50.011,27.13,0.0,34.2,0.0,0.047,0.0,3.844,3.887,3.871,3.888,3.872,3.891,3.883,34.2,32.2,31.4,31.2,True
2026-09-16 15:55:52.990,27.13,0.0,34.3,0.0,0.047,0.0,3.844,3.887,3.871,3.888,3.872,3.891,3.883,34.3,32.3,31.4,31.4,True
2026-09-16 15:55:56.211,27.13,0.0,34.3,0.0,0.046,0.0,3.845,3.887,3.872,3.888,3.872,3.891,3.883,34.3,32.3,31.4,31.4,True
2026-09-16 15:55:58.785,27.13,0.0,34.2,0.0,0.046,0.0,3.845,3.887,3.872,3.888,3.872,3.891,3.883,34.2,32.3,31.4,31.3,True
2026-09-16 15:56:01.728,27.13,0.0,34.2,0.0,0.046,0.0,3.845,3.886,3.871,3.888,3.872,3.891,3.883,34.2,32.3,31.4,31.3,True
2026-09-16 15:56:05.037,27.13,0.0,34.3,0.0,0.046,0.0,3.845,3.886,3.872,3.888,3.872,3.891,3.883,34.3,32.2,31.5,31.2,True
2026-09-16 15:56:08.007,27.13,0.0,34.2,0.0,0.046,0.0,3.845,3.887,3.871,3.888,3.871,3.891,3.883,34.2,32.3,31.3,31.3,True
2026-09-16 15:56:10.906,27.13,0.0,34.2,0.0,0.046,0.0,3.845,3.887,3.871,3.888,3.872,3.891,3.883,34.2,32.3,31.4,31.3,True
2026-09-16 15:56:14.034,27.13,0.0,34.2,0.0,0.046,0.0,3.845,3.887,3.871,3.888,3.871,3.891,3.883,34.2,32.3,31.4,31.3,True
2026-09-16 15:56:17.600,27.13,0.0,34.2,0.0,0.046,0.0,3.845,3.887,3.871,3.888,3.871,3.891,3.883,34.2,32.3,31.4,31.3,True
2026-09-16 15:56:20.525,27.13,0.0,34.2,0.0,0.046,0.0,3.845,3.887,3.871,3.888,3.871,3.891,3.882,34.2,32.3,31.4,31.3,True
2026-09-16 15:56:23.756,27.13,0.0,34.2,0.0,0.046,0.0,3.845,3.887,3.871,3.888,3.871,3.891,3.882,34.2,32.3,31.4,31.3,True
2026-09-16 15:56:26.949,27.13,0.0,34.2,0.0,0.045,0.0,3.845,3.886,3.871,3.888,3.871,3.89,3.882,34.2,32.3,31.4,31.2,True
2026-09-16 15:56:29.895,27.13,0.0,34.2,0.0,0.046,0.0,3.845,3.886,3.871,3.888,3.871,3.891,3.882,34.2,32.3,31.4,31.4,True
2026-09-16 15:56:32.679,27.13,0.0,34.2,0.0,0.047,0.0,3.844,3.886,3.872,3.888,3.872,3.891,3.882,34.2,32.3,31.4,31.4,True
2026-09-16 15:56:37.268,27.13,0.0,34.2,0.0,0.046,0.0,3.845,3.887,3.871,3.888,3.872,3.891,3.882,34.2,32.2,31.5,31.2,True
2026-09-16 15:56:40.369,27.13,0.0,34.2,0.0,0.046,0.0,3.845,3.887,3.871,3.888,3.872,3.891,3.882,34.2,32.2,31.5,31.2,True
2026-09-16 15:56:43.712,27.13,0.0,34.2,0.0,0.046,0.0,3.845,3.887,3.871,3.888,3.872,3.891,3.882,34.2,32.3,31.4,31.3,True
2026-09-16 15:56:47.006,27.13,0.0,34.2,0.0,0.046,0.0,3.845,3.887,3.871,3.888,3.871,3.891,3.882,34.2,32.3,31.4,31.3,True
2026-09-16 15:56:49.971,27.13,0.0,34.2,0.0,0.046,0.0,3.845,3.886,3.872,3.888,3.871,3.891,3.883,34.2,32.3,31.4,31.3,True
2026-09-16 15:56:53.061,27.13,0.0,34.3,0.0,0.046,0.0,3.845,3.886,3.871,3.888,3.872,3.891,3.882,34.3,32.2,31.4,31.2,True
2026-09-16 15:56:56.141,27.13,0.0,34.2,0.0,0.046,0.0,3.845,3.886,3.871,3.888,3.872,3.891,3.882,34.2,32.3,31.4,31.3,True
2026-09-16 15:56:58.811,27.13,0.0,34.2,0.0,0.047,0.0,3.844,3.886,3.871,3.888,3.871,3.891,3.883,34.2,32.3,31.4,31.3,True
2026-09-16 15:57:01.687,27.13,0.0,34.2,0.0,0.046,0.0,3.845,3.886,3.871,3.888,3.871,3.891,3.882,34.2,32.2,31.4,31.2,True
2026-09-16 15:57:04.715,27.13,0.0,34.2,0.0,0.046,0.0,3.845,3.887,3.872,3.888,3.872,3.891,3.883,34.2,32.2,31.5,31.2,True
2026-09-16 15:57:07.813,27.13,0.0,34.2,0.0,0.046,0.0,3.845,3.886,3.871,3.888,3.871,3.891,3.882,34.2,32.2,31.5,31.2,True
2026-09-16 15:57:10.545,27.13,0.0,34.3,0.0,0.046,0.0,3.845,3.886,3.871,3.888,3.871,3.891,3.882,34.3,32.1,31.5,31.2,True
2026-09-16 15:57:13.290,27.13,0.0,34.3,0.0,0.046,0.0,3.845,3.886,3.871,3.888,3.871,3.891,3.882,34.3,32.2,31.5,31.2,True
2026-09-16 15:57:16.598,27.13,0.0,34.3,0.0,0.046,0.0,3.845,3.886,3.871,3.888,3.872,3.891,3.883,34.3,32.2,31.5,31.2,True
2026-09-16 15:57:19.465,27.13,0.0,34.2,0.0,0.047,0.0,3.844,3.887,3.871,3.888,3.872,3.891,3.883,34.2,32.3,31.4,31.3,True
2026-09-16 15:57:23.155,27.13,0.0,34.2,0.0,0.047,0.0,3.844,3.887,3.871,3.888,3.872,3.891,3.883,34.2,32.3,31.4,31.3,True
2026-09-16 15:57:25.920,27.13,0.0,34.2,0.0,0.046,0.0,3.845,3.886,3.871,3.888,3.871,3.891,3.883,34.2,32.3,31.4,31.3,True
2026-09-16 15:57:28.380,27.13,0.0,34.3,0.0,0.046,0.0,3.845,3.886,3.871,3.888,3.871,3.891,3.883,34.3,32.2,31.5,31.2,True
2026-09-16 15:57:31.121,27.13,0.0,34.3,0.0,0.047,0.0,3.844,3.886,3.871,3.888,3.871,3.891,3.883,34.3,32.2,31.5,31.2,True
2026-09-16 15:57:33.687,27.13,0.0,34.3,0.0,0.046,0.0,3.845,3.886,3.871,3.888,3.872,3.891,3.882,34.3,32.2,31.5,31.2,True
2026-09-16 15:57:36.568,27.13,0.0,34.2,0.0,0.046,0.0,3.845,3.886,3.871,3.888,3.872,3.891,3.882,34.2,32.2,31.5,31.2,True
2026-09-16 15:57:39.733,27.13,0.0,34.2,0.0,0.046,0.0,3.845,3.886,3.871,3.888,3.872,3.891,3.882,34.2,32.4,31.4,31.3,True
2026-09-16 15:57:43.245,27.13,0.0,34.3,0.0,0.046,0.0,3.845,3.887,3.871,3.888,3.872,3.891,3.883,34.3,32.3,31.4,31.2,True
2026-09-16 15:57:46.194,27.13,0.0,34.2,0.0,0.046,0.0,3.845,3.887,3.871,3.888,3.872,3.891,3.883,34.2,32.2,31.4,31.3,True
2026-09-16 15:57:49.298,27.13,0.0,34.2,0.0,0.047,0.0,3.844,3.886,3.871,3.888,3.871,3.891,3.882,34.2,32.2,31.4,31.2,True
2026-09-16 15:57:52.236,27.13,0.0,34.3,0.0,0.046,0.0,3.845,3.887,3.872,3.888,3.871,3.891,3.883,34.3,32.3,31.4,31.4,True
2026-09-16 15:57:55.199,27.13,0.0,34.3,0.0,0.046,0.0,3.845,3.887,3.872,3.888,3.871,3.891,3.883,34.3,32.3,31.4,31.4,True
2026-09-16 15:57:58.461,27.13,0.0,34.3,0.0,0.047,0.0,3.844,3.887,3.871,3.888,3.871,3.891,3.883,34.3,32.3,31.4,31.3,True
2026-09-16 15:58:01.181,27.13,0.0,34.3,0.0,0.046,0.0,3.844,3.886,3.872,3.888,3.872,3.89,3.882,34.3,32.2,31.5,31.2,True
2026-09-16 15:58:04.295,27.13,0.0,34.2,0.0,0.046,0.0,3.845,3.887,3.871,3.888,3.871,3.891,3.882,34.2,32.3,31.4,31.3,True
2026-09-16 15:58:07.327,27.13,0.0,34.4,0.0,0.046,0.0,3.845,3.887,3.871,3.888,3.871,3.891,3.882,34.4,32.2,31.5,31.2,True
2026-09-16 15:58:10.280,27.13,0.0,34.4,0.0,0.046,0.0,3.845,3.887,3.871,3.888,3.871,3.891,3.882,34.4,32.2,31.5,31.2,True
2026-09-16 15:58:13.369,27.13,0.0,34.4,0.0,0.046,0.0,3.845,3.887,3.872,3.888,3.871,3.891,3.883,34.4,32.2,31.5,31.2,True
2026-09-16 15:58:16.530,27.13,0.0,34.4,0.0,0.047,0.0,3.844,3.886,3.871,3.888,3.872,3.891,3.883,34.4,32.2,31.5,31.2,True
2026-09-16 15:58:20.566,27.13,0.0,34.2,0.0,0.047,0.0,3.844,3.887,3.872,3.888,3.871,3.891,3.883,34.2,32.3,31.4,31.2,True
2026-09-16 15:58:23.392,27.13,0.0,34.2,0.0,0.046,0.0,3.844,3.887,3.871,3.888,3.871,3.89,3.883,34.2,32.2,31.4,31.2,True
2026-09-16 15:58:26.519,27.13,0.0,34.3,0.0,0.046,0.0,3.845,3.887,3.871,3.888,3.871,3.891,3.883,34.3,32.3,31.4,31.4,True
2026-09-16 15:58:29.399,27.13,0.0,34.3,0.0,0.046,0.0,3.845,3.887,3.871,3.888,3.871,3.891,3.883,34.3,32.3,31.4,31.4,True
2026-09-16 15:58:32.051,27.13,0.0,34.3,0.0,0.047,0.0,3.844,3.886,3.871,3.888,3.872,3.891,3.883,34.3,32.2,31.6,31.1,True
2026-09-16 15:58:35.021,27.13,0.0,34.2,0.0,0.046,0.0,3.845,3.886,3.871,3.888,3.871,3.891,3.882,34.2,32.3,31.4,31.2,True
2026-09-16 15:58:37.902,27.13,0.0,34.2,0.0,0.047,0.0,3.844,3.886,3.871,3.888,3.872,3.891,3.883,34.2,32.3,31.4,31.2,True
2026-09-16 15:58:40.564,27.13,0.0,34.2,0.0,0.046,0.0,3.845,3.886,3.871,3.888,3.871,3.891,3.883,34.2,32.3,31.4,31.2,True
2026-09-16 15:58:43.421,27.13,0.0,34.3,0.0,0.047,0.0,3.844,3.887,3.871,3.888,3.871,3.891,3.883,34.3,32.3,31.4,31.2,True
2026-09-16 15:58:46.244,27.13,0.0,34.3,0.0,0.047,0.0,3.844,3.887,3.871,3.888,3.871,3.891,3.883,34.3,32.3,31.5,31.2,True
2026-09-16 15:58:48.827,27.13,0.0,34.3,0.0,0.047,0.0,3.844,3.887,3.871,3.888,3.871,3.891,3.883,34.3,32.3,31.5,31.2,True
2026-09-16 15:58:51.553,27.13,0.0,34.3,0.0,0.046,0.0,3.845,3.887,3.871,3.888,3.871,3.891,3.882,34.3,32.2,31.5,31.2,True
2026-09-16 15:58:54.611,27.13,0.0,34.2,0.0,0.047,0.0,3.844,3.886,3.871,3.888,3.871,3.891,3.882,34.2,32.4,31.5,31.2,True
2026-09-16 15:58:57.279,27.13,0.0,34.3,0.0,0.047,0.0,3.844,3.886,3.871,3.888,3.872,3.891,3.882,34.3,32.3,31.4,31.3,True
2026-09-16 15:58:59.893,27.13,0.0,34.3,0.0,0.046,0.0,3.845,3.886,3.871,3.888,3.871,3.891,3.882,34.3,32.3,31.4,31.3,True
2026-09-16 15:59:03.283,27.13,0.0,34.3,0.0,0.047,0.0,3.844,3.887,3.871,3.888,3.871,3.891,3.883,34.3,32.2,31.5,31.2,True
2026-09-16 15:59:06.019,27.13,0.0,34.3,0.0,0.047,0.0,3.844,3.887,3.871,3.888,3.871,3.891,3.883,34.3,32.2,31.5,31.2,True
2026-09-16 15:59:08.723,27.13,0.0,34.3,0.0,0.046,0.0,3.844,3.887,3.872,3.888,3.871,3.89,3.883,34.3,32.3,31.4,31.3,True
2026-09-16 15:59:11.698,27.13,0.0,34.3,0.0,0.047,0.0,3.844,3.886,3.871,3.888,3.871,3.891,3.883,34.3,32.2,31.5,31.3,True
2026-09-16 15:59:15.022,27.13,0.0,34.2,0.0,0.047,0.0,3.844,3.886,3.871,3.888,3.871,3.891,3.883,34.2,32.3,31.4,31.4,True
2026-09-16 15:59:17.908,27.13,0.0,34.2,0.0,0.047,0.0,3.844,3.887,3.871,3.888,3.871,3.891,3.883,34.2,32.3,31.4,31.3,True
2026-09-16 15:59:20.872,27.13,0.0,34.2,0.0,0.047,0.0,3.844,3.886,3.871,3.888,3.871,3.891,3.882,34.2,32.3,31.4,31.3,True
2026-09-16 15:59:23.260,27.13,0.0,34.1,0.0,0.047,0.0,3.844,3.886,3.871,3.888,3.872,3.891,3.882,34.1,32.4,31.4,31.4,True
2026-09-16 15:59:26.726,27.13,0.0,34.3,0.0,0.047,0.0,3.844,3.886,3.871,3.888,3.872,3.891,3.882,34.3,32.3,31.4,31.3,True
2026-09-16 15:59:29.564,27.13,0.0,34.3,0.0,0.047,0.0,3.844,3.886,3.871,3.888,3.871,3.891,3.883,34.3,32.3,31.4,31.3,True
2026-09-16 15:59:32.261,27.13,0.0,34.3,0.0,0.047,0.0,3.844,3.886,3.871,3.888,3.871,3.891,3.882,34.3,32.3,31.5,31.2,True
2026-09-16 15:59:35.222,27.13,0.0,34.4,0.0,0.047,0.0,3.844,3.886,3.871,3.888,3.871,3.891,3.883,34.4,32.3,31.5,31.3,True
2026-09-16 15:59:38.000,27.13,0.0,34.2,0.0,0.047,0.0,3.844,3.886,3.871,3.888,3.871,3.891,3.882,34.2,32.2,31.5,31.2,True
2026-09-16 15:59:40.623,27.13,0.0,34.2,0.0,0.047,0.0,3.844,3.886,3.871,3.888,3.871,3.891,3.882,34.2,32.4,31.4,31.4,True
2026-09-16 15:59:43.247,27.13,0.0,34.2,0.0,0.047,0.0,3.844,3.887,3.871,3.888,3.871,3.891,3.882,34.2,32.4,31.4,31.4,True
2026-09-16 15:59:45.681,27.13,0.0,34.3,0.0,0.047,0.0,3.844,3.887,3.871,3.888,3.871,3.891,3.883,34.3,32.3,31.4,31.3,True
2026-09-16 15:59:48.500,27.13,0.0,34.3,0.0,0.047,0.0,3.844,3.887,3.871,3.888,3.871,3.891,3.882,34.3,32.3,31.4,31.3,True
2026-09-16 15:59:51.254,27.13,0.0,34.3,0.0,0.047,0.0,3.844,3.886,3.871,3.888,3.871,3.891,3.882,34.3,32.3,31.4,31.3,True
2026-09-16 15:59:53.990,27.13,0.0,34.2,0.0,0.047,0.0,3.844,3.886,3.871,3.888,3.871,3.891,3.882,34.2,32.3,31.4,31.3,True
2026-09-16 15:59:56.878,27.13,0.0,34.2,0.0,0.047,0.0,3.844,3.887,3.871,3.888,3.871,3.891,3.882,34.2,32.3,31.4,31.3,True
2026-09-16 16:00:00.366,27.13,0.0,34.2,0.0,0.047,0.0,3.844,3.887,3.871,3.888,3.872,3.891,3.883,34.2,32.3,31.4,31.3,True
2026-09-16 16:00:02.818,27.13,0.0,34.2,0.0,0.047,0.0,3.844,3.887,3.871,3.888,3.872,3.891,3.883,34.2,32.3,31.5,31.4,True
2026-09-16 16:00:05.430,27.13,0.0,34.3,0.0,0.047,0.0,3.844,3.886,3.871,3.888,3.872,3.891,3.882,34.3,32.2,31.5,31.2,True
2026-09-16 16:00:08.890,27.13,0.0,34.3,0.0,0.047,0.0,3.844,3.887,3.872,3.888,3.872,3.891,3.882,34.3,32.3,31.4,31.3,True
2026-09-16 16:00:11.593,27.13,0.0,34.3,0.0,0.047,0.0,3.844,3.887,3.872,3.888,3.872,3.891,3.882,34.3,32.3,31.4,31.3,True
2026-09-16 16:00:14.524,27.13,0.0,34.2,0.0,0.046,0.0,3.845,3.886,3.871,3.888,3.871,3.891,3.883,34.2,32.4,31.4,31.4,True
2026-09-16 16:00:17.630,27.13,0.0,34.3,0.0,0.046,0.0,3.845,3.886,3.871,3.888,3.871,3.891,3.883,34.3,32.2,31.5,31.2,True
2026-09-16 16:00:20.596,27.13,0.0,34.3,0.0,0.046,0.0,3.844,3.887,3.871,3.888,3.871,3.89,3.883,34.3,32.2,31.5,31.2,True
2026-09-16 16:00:23.692,27.13,0.0,34.3,0.0,0.047,0.0,3.844,3.886,3.871,3.888,3.872,3.891,3.882,34.3,32.3,31.4,31.4,True
2026-09-16 16:00:26.599,27.13,0.0,34.3,0.0,0.047,0.0,3.844,3.886,3.871,3.888,3.872,3.891,3.882,34.3,32.3,31.4,31.3,True
2026-09-16 16:00:29.297,27.13,0.0,34.3,0.0,0.046,0.0,3.844,3.887,3.871,3.888,3.871,3.89,3.882,34.3,32.2,31.5,31.2,True
2026-09-16 16:00:32.186,27.13,0.0,34.1,0.0,0.046,0.0,3.844,3.886,3.871,3.888,3.871,3.89,3.882,34.1,32.5,31.4,31.4,True
2026-09-16 16:00:34.855,27.13,0.0,34.1,0.0,0.047,0.0,3.844,3.886,3.871,3.888,3.871,3.891,3.882,34.1,32.5,31.4,31.4,True
2026-09-16 16:00:37.691,27.13,0.0,34.3,0.0,0.047,0.0,3.844,3.886,3.871,3.888,3.871,3.891,3.882,34.3,32.3,31.5,31.3,True
2026-09-16 16:00:40.372,27.13,0.0,34.3,0.0,0.047,0.001,3.844,3.886,3.871,3.888,3.871,3.891,3.882,34.3,32.3,31.5,31.3,True
2026-09-16 16:00:43.285,27.13,0.0,34.3,0.0,0.048,0.0,3.843,3.887,3.871,3.888,3.871,3.891,3.882,34.3,32.2,31.5,31.2,True
2026-09-16 16:00:46.326,27.13,0.0,34.2,0.0,0.048,0.0,3.843,3.887,3.871,3.888,3.871,3.891,3.882,34.2,32.3,31.4,31.4,True
2026-09-16 16:00:49.225,27.13,0.0,34.3,0.0,0.047,0.0,3.844,3.887,3.871,3.888,3.871,3.891,3.882,34.3,32.3,31.4,31.3,True
2026-09-16 16:00:52.146,27.13,0.0,34.3,0.0,0.047,0.0,3.844,3.887,3.871,3.888,3.871,3.891,3.883,34.3,32.3,31.4,31.3,True
2026-09-16 16:00:54.958,27.13,0.0,34.3,0.0,0.047,0.0,3.844,3.887,3.871,3.888,3.871,3.891,3.883,34.3,32.4,31.4,31.4,True
2026-09-16 16:00:58.727,27.13,0.0,34.2,0.0,0.047,0.0,3.844,3.887,3.871,3.888,3.871,3.891,3.883,34.2,32.4,31.5,31.3,True
2026-09-16 16:01:01.635,27.13,0.0,34.4,0.0,0.047,0.0,3.844,3.887,3.871,3.888,3.871,3.891,3.883,34.4,32.3,31.5,31.2,True
2026-09-16 16:01:04.688,27.13,0.0,34.2,0.0,0.047,0.0,3.844,3.886,3.871,3.889,3.871,3.891,3.882,34.2,32.5,31.4,31.4,True
2026-09-16 16:01:07.385,27.13,0.0,34.2,0.0,0.046,0.0,3.844,3.886,3.872,3.888,3.871,3.89,3.882,34.2,32.5,31.4,31.4,True
2026-09-16 16:01:10.175,27.13,0.0,34.2,0.0,0.047,0.0,3.844,3.886,3.871,3.888,3.871,3.891,3.883,34.2,32.5,31.4,31.4,True
2026-09-16 16:01:12.711,27.13,0.0,34.3,0.0,0.047,0.0,3.844,3.886,3.871,3.888,3.871,3.891,3.882,34.3,32.3,31.5,31.2,True
2026-09-16 16:01:15.357,27.13,0.0,34.3,0.0,0.047,0.0,3.844,3.886,3.871,3.888,3.871,3.891,3.882,34.3,32.2,31.6,31.2,True
2026-09-16 16:01:18.562,27.13,0.0,34.2,0.0,0.047,0.0,3.844,3.886,3.871,3.888,3.871,3.891,3.882,34.2,32.5,31.4,31.4,True
2026-09-16 16:01:21.438,27.13,0.0,34.3,0.0,0.047,0.0,3.844,3.887,3.871,3.888,3.872,3.891,3.882,34.3,32.2,31.6,31.2,True
2026-09-16 16:01:24.275,27.13,0.0,34.3,0.0,0.047,0.0,3.844,3.887,3.871,3.888,3.872,3.891,3.882,34.3,32.2,31.6,31.2,True
2026-09-16 16:01:27.239,27.13,0.0,34.3,0.0,0.047,0.0,3.844,3.886,3.872,3.888,3.871,3.891,3.882,34.3,32.3,31.5,31.2,True
2026-09-16 16:01:29.979,27.13,0.0,34.3,0.0,0.046,0.0,3.844,3.887,3.871,3.888,3.871,3.89,3.882,34.3,32.3,31.5,31.2,True
2026-09-16 16:01:32.863,27.13,0.0,34.2,0.0,0.046,0.0,3.844,3.887,3.871,3.888,3.871,3.89,3.882,34.2,32.5,31.5,31.3,True
2026-09-16 16:01:35.701,27.13,0.0,34.2,0.0,0.045,0.0,3.845,3.887,3.871,3.888,3.871,3.89,3.882,34.2,32.5,31.5,31.3,True
2026-09-16 16:01:38.833,27.13,0.0,34.2,0.0,0.047,0.0,3.844,3.886,3.871,3.888,3.871,3.891,3.882,34.2,32.5,31.5,31.3,True
2026-09-16 16:01:41.734,27.13,0.0,34.3,0.0,0.047,0.0,3.844,3.887,3.871,3.888,3.871,3.891,3.882,34.3,32.4,31.5,31.3,True
2026-09-16 16:01:44.699,27.13,0.0,34.3,0.0,0.047,0.0,3.844,3.886,3.871,3.888,3.872,3.891,3.882,34.3,32.4,31.5,31.3,True
2026-09-16 16:01:48.016,27.13,0.0,34.3,0.0,0.047,0.0,3.844,3.886,3.871,3.888,3.872,3.891,3.882,34.3,32.4,31.5,31.3,True
2026-09-16 16:01:50.711,27.13,0.0,34.3,0.0,0.047,0.0,3.844,3.886,3.871,3.888,3.871,3.891,3.883,34.3,32.4,31.5,31.3,True
2026-09-16 16:01:53.921,27.13,0.0,34.3,0.0,0.047,0.0,3.844,3.887,3.871,3.888,3.871,3.891,3.883,34.3,32.3,31.5,31.3,True
2026-09-16 16:01:57.158,27.13,0.0,34.2,0.0,0.047,0.0,3.844,3.886,3.871,3.888,3.871,3.891,3.882,34.2,32.5,31.4,31.3,True
2026-09-16 16:02:00.105,27.13,0.0,34.2,0.0,0.047,0.0,3.844,3.887,3.871,3.888,3.871,3.891,3.882,34.2,32.5,31.4,31.3,True
2026-09-16 16:02:03.149,27.13,0.0,34.3,0.0,0.047,0.0,3.844,3.887,3.871,3.888,3.871,3.891,3.882,34.3,32.3,31.4,31.3,True
2026-09-16 16:02:05.889,27.13,0.0,34.3,0.0,0.048,0.0,3.843,3.886,3.871,3.888,3.871,3.891,3.882,34.3,32.3,31.4,31.4,True
2026-09-16 16:02:09.031,27.13,0.0,34.3,0.0,0.048,0.0,3.843,3.886,3.871,3.888,3.871,3.891,3.882,34.3,32.3,31.4,31.4,True
2026-09-16 16:02:11.902,27.13,0.0,34.3,0.0,0.047,0.0,3.844,3.886,3.871,3.888,3.871,3.891,3.883,34.3,32.3,31.4,31.4,True
2026-09-16 16:02:15.102,27.13,0.0,34.3,0.0,0.046,0.0,3.844,3.887,3.871,3.888,3.871,3.89,3.882,34.3,32.3,31.4,31.4,True
2026-09-16 16:02:18.000,27.13,0.0,34.3,0.0,0.046,0.0,3.844,3.887,3.871,3.888,3.871,3.89,3.882,34.3,32.3,31.5,31.3,True
2026-09-16 16:02:21.047,27.13,0.0,34.3,0.0,0.047,0.0,3.844,3.886,3.871,3.888,3.871,3.891,3.883,34.3,32.3,31.4,31.3,True
2026-09-16 16:02:23.808,27.13,0.0,34.3,0.0,0.047,0.0,3.844,3.886,3.871,3.888,3.871,3.891,3.883,34.3,32.3,31.4,31.3,True
2026-09-16 16:02:26.758,27.13,0.0,34.3,0.0,0.047,0.0,3.844,3.886,3.871,3.888,3.871,3.891,3.882,34.3,32.3,31.4,31.3,True
2026-09-16 16:02:30.432,27.13,0.0,34.2,0.0,0.047,0.0,3.844,3.886,3.871,3.888,3.871,3.891,3.882,34.2,32.4,31.5,31.3,True
2026-09-16 16:02:33.388,27.13,0.0,34.3,0.0,0.046,0.0,3.844,3.886,3.871,3.888,3.871,3.89,3.882,34.3,32.2,31.6,31.2,True
2026-09-16 16:02:36.165,27.13,0.0,34.2,0.0,0.047,0.0,3.844,3.887,3.871,3.888,3.871,3.891,3.882,34.2,32.4,31.4,31.4,True
2026-09-16 16:02:38.918,27.13,0.0,34.3,0.0,0.048,0.0,3.843,3.886,3.871,3.888,3.871,3.891,3.882,34.3,32.3,31.5,31.2,True
2026-09-16 16:02:41.755,27.13,0.0,34.4,0.0,0.046,0.0,3.844,3.886,3.871,3.888,3.871,3.89,3.882,34.4,32.3,31.6,31.2,True
2026-09-16 16:02:44.382,27.13,0.0,34.4,0.0,0.047,0.0,3.844,3.886,3.871,3.888,3.871,3.891,3.882,34.4,32.3,31.6,31.2,True
2026-09-16 16:02:47.023,27.13,0.0,34.3,0.0,0.047,0.0,3.844,3.886,3.871,3.888,3.871,3.891,3.882,34.3,32.3,31.5,31.2,True
2026-09-16 16:02:52.921,27.13,0.0,34.3,0.0,0.047,0.0,3.843,3.886,3.871,3.888,3.871,3.89,3.882,34.3,32.3,31.5,31.3,True
2026-09-16 16:02:55.705,27.13,0.0,34.3,0.0,0.047,0.0,3.843,3.886,3.871,3.888,3.871,3.89,3.882,34.3,32.3,31.5,31.3,True
2026-09-16 16:02:58.880,27.13,0.0,34.3,0.0,0.047,0.0,3.844,3.886,3.871,3.888,3.871,3.891,3.882,34.3,32.4,31.4,31.4,True
2026-09-16 16:03:01.999,27.13,0.0,34.3,0.0,0.047,0.0,3.844,3.887,3.871,3.888,3.871,3.891,3.882,34.3,32.3,31.5,31.3,True
2026-09-16 16:03:04.756,27.13,0.0,34.4,0.0,0.048,0.0,3.843,3.887,3.871,3.888,3.871,3.891,3.882,34.4,32.2,31.7,31.2,True
2026-09-16 16:03:07.932,27.13,0.0,34.2,0.0,0.046,0.0,3.844,3.886,3.871,3.888,3.871,3.89,3.882,34.2,32.5,31.3,31.5,True
2026-09-16 16:03:10.850,27.13,0.0,34.2,0.0,0.048,0.0,3.843,3.886,3.871,3.888,3.871,3.891,3.883,34.2,32.5,31.3,31.5,True
2026-09-16 16:03:13.753,27.13,0.0,34.2,0.0,0.047,0.0,3.844,3.886,3.871,3.888,3.871,3.891,3.882,34.2,32.5,31.3,31.5,True
2026-09-16 16:03:16.808,27.13,0.0,34.3,0.0,0.046,0.0,3.844,3.886,3.871,3.888,3.871,3.89,3.882,34.3,32.3,31.4,31.3,True
2026-09-16 16:03:19.614,27.13,0.0,34.3,0.0,0.047,0.0,3.844,3.886,3.871,3.888,3.871,3.891,3.882,34.3,32.4,31.4,31.4,True
2026-09-16 16:03:22.922,27.13,0.0,34.3,0.0,0.048,0.0,3.843,3.886,3.871,3.888,3.871,3.891,3.882,34.3,32.4,31.4,31.4,True
2026-09-16 16:03:25.816,27.13,0.0,34.2,0.0,0.048,0.0,3.843,3.886,3.871,3.888,3.871,3.891,3.882,34.2,32.5,31.5,31.3,True
2026-09-16 16:03:29.005,27.13,0.0,34.2,0.0,0.046,0.0,3.844,3.886,3.871,3.888,3.872,3.89,3.882,34.2,32.5,31.5,31.3,True
2026-09-16 16:03:32.078,27.13,0.0,34.3,0.0,0.048,0.0,3.843,3.886,3.871,3.888,3.871,3.891,3.882,34.3,32.4,31.4,31.4,True
2026-09-16 16:03:35.296,27.13,0.0,34.3,0.0,0.048,0.0,3.843,3.886,3.871,3.888,3.871,3.891,3.882,34.3,32.4,31.4,31.4,True
2026-09-16 16:03:38.081,27.13,0.0,34.3,0.0,0.048,0.0,3.843,3.886,3.871,3.888,3.871,3.891,3.882,34.3,32.2,31.6,31.2,True
2026-09-16 16:03:40.814,27.13,0.0,34.3,0.0,0.047,0.0,3.843,3.886,3.871,3.888,3.871,3.89,3.882,34.3,32.3,31.4,31.3,True
2026-09-16 16:03:43.791,27.13,0.0,34.3,0.0,0.047,0.0,3.843,3.886,3.871,3.888,3.871,3.89,3.882,34.3,32.3,31.4,31.3,True
2026-09-16 16:03:46.786,27.13,0.0,34.3,0.0,0.047,0.0,3.843,3.886,3.871,3.888,3.871,3.89,3.882,34.3,32.3,31.5,31.3,True
2026-09-16 16:03:50.199,27.13,0.0,34.3,0.0,0.046,0.0,3.844,3.886,3.871,3.888,3.871,3.89,3.882,34.3,32.3,31.5,31.3,True
2026-09-16 16:03:53.750,27.13,0.0,34.3,0.0,0.048,0.0,3.843,3.886,3.871,3.888,3.871,3.891,3.882,34.3,32.4,31.5,31.4,True
2026-09-16 16:03:56.212,27.13,0.0,34.2,0.0,0.048,0.0,3.843,3.886,3.871,3.888,3.871,3.891,3.882,34.2,32.4,31.4,31.4,True
2026-09-16 16:03:58.613,27.13,0.0,34.3,0.0,0.047,0.0,3.843,3.887,3.871,3.888,3.871,3.89,3.882,34.3,32.3,31.5,31.2,True
2026-09-16 16:04:01.050,27.13,0.0,34.3,0.0,0.048,0.0,3.843,3.887,3.871,3.888,3.871,3.891,3.882,34.3,32.3,31.5,31.2,True
2026-09-16 16:04:03.714,27.13,0.0,34.3,0.0,0.048,0.0,3.843,3.887,3.871,3.888,3.871,3.891,3.882,34.3,32.3,31.5,31.2,True
2026-09-16 16:04:06.884,27.13,0.0,34.4,0.0,0.047,0.0,3.843,3.886,3.871,3.888,3.871,3.89,3.882,34.4,32.5,31.4,31.4,True
2026-09-16 16:04:10.469,27.13,0.0,34.3,0.0,0.047,0.0,3.843,3.886,3.871,3.888,3.871,3.89,3.882,34.3,32.3,31.5,31.2,True
2026-09-16 16:04:13.786,27.13,0.0,34.3,0.0,0.048,0.0,3.843,3.886,3.871,3.888,3.871,3.891,3.882,34.3,32.3,31.5,31.2,True
2026-09-16 16:04:16.832,27.13,0.0,34.3,0.0,0.047,0.0,3.843,3.887,3.871,3.888,3.871,3.89,3.882,34.3,32.3,31.5,31.3,True
2026-09-16 16:04:19.963,27.13,0.0,34.3,0.0,0.047,0.0,3.843,3.887,3.871,3.888,3.871,3.89,3.882,34.3,32.3,31.5,31.2,True
2026-09-16 16:04:23.368,27.13,0.0,34.3,0.0,0.048,0.0,3.843,3.886,3.871,3.888,3.871,3.891,3.882,34.3,32.3,31.5,31.2,True
2026-09-16 16:04:26.129,27.13,0.0,34.3,0.0,0.048,0.0,3.843,3.886,3.871,3.888,3.871,3.891,3.882,34.3,32.3,31.5,31.3,True
2026-09-16 16:04:29.117,27.13,0.0,34.3,0.0,0.048,0.0,3.843,3.887,3.871,3.888,3.871,3.891,3.882,34.3,32.3,31.5,31.3,True
2026-09-16 16:04:32.564,27.13,0.0,34.3,0.0,0.047,0.0,3.844,3.886,3.871,3.888,3.871,3.891,3.882,34.3,32.3,31.5,31.2,True
2026-09-16 16:04:36.219,27.13,0.0,34.4,0.0,0.048,0.0,3.843,3.887,3.871,3.888,3.871,3.891,3.882,34.4,32.3,31.5,31.2,True
2026-09-16 16:04:39.431,27.13,0.0,34.4,0.0,0.047,0.0,3.844,3.886,3.871,3.888,3.871,3.891,3.882,34.4,32.3,31.5,31.2,True
2026-09-16 16:04:42.698,27.13,0.0,34.3,0.0,0.047,0.0,3.843,3.886,3.871,3.888,3.871,3.89,3.882,34.3,32.2,31.6,31.1,True
2026-09-16 16:04:46.708,27.13,0.0,34.3,0.0,0.048,0.0,3.843,3.886,3.871,3.888,3.871,3.891,3.883,34.3,32.2,31.6,31.1,True
2026-09-16 16:04:49.584,27.13,0.0,34.4,0.0,0.046,0.0,3.844,3.886,3.871,3.888,3.871,3.89,3.882,34.4,32.3,31.5,31.3,True
2026-09-16 16:04:52.279,27.13,0.0,34.3,0.0,0.047,0.0,3.844,3.886,3.871,3.888,3.871,3.891,3.882,34.3,32.3,31.5,31.3,True
2026-09-16 16:04:55.316,27.13,0.0,34.3,0.0,0.048,0.0,3.843,3.886,3.871,3.888,3.871,3.891,3.882,34.3,32.3,31.5,31.3,True
2026-09-16 16:04:58.528,27.13,0.0,34.3,0.0,0.046,0.0,3.844,3.886,3.871,3.888,3.871,3.89,3.882,34.3,32.3,31.5,31.4,True
2026-09-16 16:05:01.348,27.13,0.0,34.4,0.0,0.046,0.0,3.844,3.886,3.871,3.888,3.871,3.89,3.882,34.4,32.3,31.5,31.3,True
2026-09-16 16:05:04.375,27.13,0.0,34.4,0.0,0.047,0.0,3.843,3.886,3.871,3.888,3.871,3.89,3.882,34.4,32.3,31.5,31.3,True
2026-09-16 16:05:07.559,27.13,0.0,34.4,0.0,0.047,0.0,3.843,3.886,3.871,3.888,3.871,3.89,3.882,34.4,32.3,31.5,31.3,True
2026-09-16 16:05:10.644,27.13,0.0,34.3,0.0,0.048,0.0,3.843,3.886,3.871,3.888,3.871,3.891,3.882,34.3,32.4,31.5,31.3,True
2026-09-16 16:05:13.976,27.13,0.0,34.3,0.0,0.048,0.0,3.843,3.886,3.871,3.888,3.871,3.891,3.882,34.3,32.4,31.5,31.3,True
2026-09-16 16:05:16.928,27.13,0.0,34.2,0.0,0.048,0.0,3.843,3.886,3.871,3.888,3.871,3.891,3.882,34.2,32.5,31.5,31.3,True
2026-09-16 16:05:20.093,27.13,0.0,34.3,0.0,0.048,0.0,3.843,3.886,3.871,3.888,3.871,3.891,3.882,34.3,32.4,31.4,31.4,True
2026-09-16 16:05:23.263,27.13,0.0,34.2,0.0,0.048,0.0,3.843,3.886,3.871,3.888,3.871,3.891,3.882,34.2,32.5,31.4,31.4,True
2026-09-16 16:05:26.326,27.13,0.0,34.2,0.0,0.047,0.0,3.843,3.886,3.871,3.888,3.871,3.89,3.882,34.2,32.5,31.4,31.4,True
2026-09-16 16:05:29.651,27.13,0.0,34.2,0.0,0.047,0.0,3.843,3.886,3.871,3.888,3.871,3.89,3.882,34.2,32.5,31.4,31.4,True
2026-09-16 16:05:32.958,27.13,0.0,34.3,0.0,0.048,0.0,3.843,3.886,3.871,3.888,3.871,3.891,3.882,34.3,32.3,31.5,31.3,True
2026-09-16 16:05:36.290,27.13,0.0,34.3,0.0,0.047,0.0,3.843,3.886,3.871,3.888,3.871,3.89,3.882,34.3,32.3,31.5,31.3,True
2026-09-16 16:05:39.065,27.13,0.0,34.3,0.0,0.048,0.0,3.843,3.887,3.871,3.888,3.871,3.891,3.882,34.3,32.3,31.5,31.2,True
2026-09-16 16:05:42.339,27.13,0.0,34.4,0.0,0.047,0.0,3.843,3.886,3.871,3.888,3.871,3.89,3.882,34.4,32.4,31.5,31.3,True
2026-09-16 16:05:45.450,27.13,0.0,34.2,0.0,0.048,0.0,3.843,3.886,3.871,3.888,3.871,3.891,3.882,34.2,32.5,31.4,31.5,True
2026-09-16 16:05:48.238,27.13,0.0,34.3,0.0,0.048,0.0,3.843,3.886,3.871,3.888,3.871,3.891,3.882,34.3,32.4,31.5,31.4,True
2026-09-16 16:05:51.297,27.13,0.0,34.3,0.0,0.048,0.0,3.843,3.887,3.871,3.888,3.871,3.891,3.882,34.3,32.4,31.5,31.4,True
2026-09-16 16:05:54.514,27.13,0.0,34.4,0.0,0.048,0.0,3.843,3.886,3.871,3.888,3.871,3.891,3.882,34.4,32.2,31.6,31.2,True
2026-09-16 16:05:57.730,27.13,0.0,34.4,0.0,0.048,0.0,3.843,3.886,3.871,3.888,3.871,3.891,3.882,34.4,32.2,31.6,31.2,True
2026-09-16 16:06:00.870,27.13,0.0,34.3,0.0,0.047,0.0,3.843,3.886,3.871,3.888,3.871,3.89,3.882,34.3,32.3,31.5,31.3,True
2026-09-16 16:06:04.270,27.13,0.0,34.4,0.0,0.048,0.0,3.843,3.886,3.871,3.888,3.871,3.891,3.882,34.4,32.2,31.6,31.2,True
2026-09-16 16:06:07.450,27.13,0.0,34.4,0.0,0.048,0.0,3.843,3.886,3.871,3.888,3.871,3.891,3.882,34.4,32.2,31.6,31.2,True
2026-09-16 16:06:10.289,27.13,0.0,34.4,0.0,0.048,0.0,3.843,3.886,3.871,3.888,3.871,3.891,3.882,34.4,32.2,31.6,31.2,True
2026-09-16 16:06:12.942,27.13,0.0,34.4,0.0,0.048,0.0,3.843,3.886,3.871,3.888,3.871,3.891,3.882,34.4,32.2,31.6,31.2,True
2026-09-16 16:06:15.645,27.13,0.0,34.3,0.0,0.048,0.0,3.843,3.886,3.871,3.888,3.871,3.891,3.882,34.3,32.4,31.5,31.2,True
2026-09-16 16:06:18.691,27.13,0.0,34.3,0.0,0.048,0.0,3.843,3.886,3.871,3.888,3.871,3.891,3.882,34.3,32.4,31.4,31.3,True
2026-09-16 16:06:21.399,27.13,0.0,34.4,0.0,0.047,0.0,3.843,3.886,3.871,3.888,3.871,3.89,3.882,34.4,32.3,31.5,31.3,True
2026-09-16 16:06:24.057,27.13,0.0,34.3,0.0,0.047,0.0,3.843,3.886,3.871,3.888,3.871,3.89,3.882,34.3,32.4,31.4,31.4,True
2026-09-16 16:06:27.073,27.13,0.0,34.4,0.0,0.048,0.0,3.843,3.887,3.871,3.888,3.871,3.891,3.882,34.4,32.3,31.5,31.2,True
2026-09-16 16:06:30.186,27.13,0.0,34.3,0.0,0.048,0.0,3.843,3.887,3.871,3.888,3.871,3.891,3.882,34.3,32.4,31.4,31.4,True
2026-09-16 16:06:33.092,27.13,0.0,34.3,0.0,0.048,0.0,3.843,3.886,3.872,3.888,3.871,3.891,3.882,34.3,32.4,31.4,31.4,True
2026-09-16 16:06:35.795,27.13,0.0,34.3,0.0,0.047,0.0,3.843,3.886,3.871,3.888,3.871,3.89,3.882,34.3,32.3,31.5,31.3,True
2026-09-16 16:06:39.088,27.13,0.0,34.4,0.0,0.047,0.0,3.843,3.886,3.871,3.888,3.871,3.89,3.882,34.4,32.3,31.6,31.2,True
2026-09-16 16:06:41.858,27.13,0.0,34.3,0.0,0.047,0.0,3.843,3.886,3.871,3.888,3.871,3.89,3.882,34.3,32.3,31.5,31.3,True
2026-09-16 16:06:44.788,27.13,0.0,34.3,0.0,0.047,0.0,3.843,3.886,3.871,3.888,3.871,3.89,3.882,34.3,32.3,31.5,31.3,True
2026-09-16 16:06:47.907,27.13,0.0,34.3,0.0,0.047,0.0,3.843,3.886,3.871,3.888,3.871,3.89,3.882,34.3,32.3,31.5,31.3,True
2026-09-16 16:06:50.998,27.13,0.0,34.3,0.0,0.047,0.0,3.843,3.886,3.871,3.888,3.871,3.89,3.882,34.3,32.5,31.4,31.4,True
2026-09-16 16:06:54.047,27.13,0.0,34.4,0.0,0.048,0.0,3.842,3.886,3.871,3.888,3.871,3.89,3.882,34.4,32.3,31.6,31.3,True
2026-09-16 16:06:57.179,27.13,0.0,34.4,0.0,0.047,0.0,3.843,3.886,3.871,3.888,3.871,3.89,3.882,34.4,32.4,31.5,31.4,True
2026-09-16 16:07:00.438,27.13,0.0,34.4,0.0,0.047,0.0,3.843,3.887,3.871,3.888,3.871,3.89,3.882,34.4,32.4,31.5,31.4,True
2026-09-16 16:07:03.926,27.13,0.0,34.3,0.0,0.048,0.0,3.843,3.886,3.871,3.888,3.871,3.891,3.882,34.3,32.4,31.5,31.3,True
2026-09-16 16:07:06.812,27.13,0.0,34.3,0.0,0.048,0.0,3.843,3.886,3.871,3.888,3.871,3.891,3.882,34.3,32.3,31.4,31.4,True
2026-09-16 16:07:09.837,27.13,0.0,34.3,0.0,0.048,0.0,3.843,3.886,3.871,3.888,3.871,3.891,3.882,34.3,32.4,31.5,31.3,True
2026-09-16 16:07:12.850,27.13,0.0,34.3,0.0,0.047,0.0,3.843,3.886,3.871,3.888,3.871,3.89,3.882,34.3,32.4,31.5,31.4,True
2026-09-16 16:07:16.211,27.13,0.0,34.3,0.0,0.048,0.0,3.843,3.886,3.871,3.888,3.871,3.891,3.882,34.3,32.4,31.5,31.4,True
2026-09-16 16:07:19.225,27.13,0.0,34.3,0.0,0.048,0.0,3.843,3.886,3.871,3.888,3.871,3.891,3.882,34.3,32.4,31.4,31.4,True
2026-09-16 16:07:22.505,27.13,0.0,34.3,0.0,0.049,0.0,3.842,3.886,3.871,3.888,3.871,3.891,3.882,34.3,32.4,31.4,31.4,True
2026-09-16 16:07:25.936,27.13,0.0,34.4,0.0,0.048,0.0,3.843,3.886,3.871,3.888,3.871,3.891,3.882,34.4,32.3,31.6,31.2,True
2026-09-16 16:07:30.321,27.13,0.0,34.4,0.0,0.048,0.0,3.843,3.887,3.871,3.888,3.871,3.891,3.882,34.4,32.3,31.5,31.3,True
2026-09-16 16:07:33.557,27.13,0.0,34.2,0.0,0.048,0.0,3.843,3.887,3.871,3.888,3.871,3.891,3.882,34.2,32.5,31.4,31.4,True
2026-09-16 16:07:36.904,27.13,0.0,34.3,0.0,0.048,0.0,3.843,3.886,3.871,3.888,3.871,3.891,3.882,34.3,32.3,31.5,31.3,True
2026-09-16 16:07:40.087,27.13,0.0,34.3,0.0,0.047,0.0,3.843,3.886,3.871,3.888,3.871,3.89,3.882,34.3,32.4,31.5,31.4,True
2026-09-16 16:07:43.310,27.13,0.0,34.4,0.0,0.048,0.0,3.843,3.886,3.871,3.888,3.871,3.891,3.882,34.4,32.4,31.5,31.3,True
2026-09-16 16:07:46.271,27.13,0.0,34.3,0.0,0.049,0.0,3.842,3.886,3.871,3.888,3.871,3.891,3.882,34.3,32.3,31.5,31.3,True
2026-09-16 16:07:49.626,27.13,0.0,34.5,0.0,0.048,0.0,3.843,3.886,3.871,3.888,3.871,3.891,3.882,34.5,32.2,31.6,31.2,True
2026-09-16 16:07:52.502,27.13,0.0,34.3,0.0,0.048,0.0,3.843,3.886,3.871,3.888,3.871,3.891,3.882,34.3,32.4,31.4,31.4,True
2026-09-16 16:07:55.309,27.13,0.0,34.4,0.0,0.048,0.0,3.842,3.886,3.871,3.888,3.871,3.89,3.882,34.4,32.3,31.5,31.4,True
2026-09-16 16:07:58.309,27.13,0.0,34.4,0.0,0.047,0.0,3.843,3.886,3.871,3.888,3.871,3.89,3.882,34.4,32.3,31.5,31.4,True
2026-09-16 16:08:01.310,27.13,0.0,34.2,0.0,0.047,0.0,3.843,3.886,3.871,3.888,3.871,3.89,3.882,34.2,32.5,31.4,31.4,True
2026-09-16 16:08:04.984,27.13,0.0,34.4,0.0,0.047,0.0,3.843,3.887,3.871,3.888,3.871,3.89,3.882,34.4,32.3,31.5,31.3,True
2026-09-16 16:08:08.002,27.13,0.0,34.3,0.0,0.048,0.0,3.843,3.886,3.871,3.888,3.871,3.891,3.882,34.3,32.5,31.4,31.4,True
2026-09-16 16:08:11.290,27.13,0.0,34.3,0.0,0.047,0.0,3.843,3.886,3.871,3.888,3.871,3.89,3.882,34.3,32.5,31.5,31.4,True
2026-09-16 16:08:14.901,27.13,0.0,34.4,0.0,0.048,0.0,3.843,3.886,3.871,3.888,3.871,3.891,3.882,34.4,32.3,31.6,31.2,True
2026-09-16 16:08:18.852,27.13,0.0,34.4,0.0,0.048,0.0,3.842,3.886,3.871,3.888,3.871,3.89,3.882,34.4,32.3,31.6,31.2,True
2026-09-16 16:08:22.259,27.13,0.0,34.3,0.0,0.047,0.0,3.843,3.886,3.871,3.888,3.871,3.89,3.882,34.3,32.3,31.5,31.3,True
2026-09-16 16:08:25.803,27.13,0.0,34.4,0.0,0.048,0.0,3.842,3.886,3.871,3.888,3.871,3.89,3.882,34.4,32.3,31.5,31.2,True
2026-09-16 16:08:29.201,27.13,0.0,34.3,0.0,0.048,0.0,3.843,3.886,3.871,3.888,3.871,3.891,3.882,34.3,32.4,31.5,31.3,True
2026-09-16 16:08:32.167,27.13,0.0,34.3,0.0,0.048,0.0,3.843,3.886,3.871,3.888,3.871,3.891,3.882,34.3,32.4,31.5,31.2,True
2026-09-16 16:08:35.308,27.13,0.0,34.3,0.0,0.047,0.0,3.843,3.886,3.871,3.888,3.871,3.89,3.882,34.3,32.5,31.5,31.4,True
2026-09-16 16:08:39.213,27.13,0.0,34.3,0.0,0.047,0.0,3.843,3.886,3.871,3.888,3.871,3.89,3.882,34.3,32.5,31.5,31.4,True
2026-09-16 16:08:42.552,27.13,0.0,34.3,0.0,0.048,0.0,3.842,3.886,3.871,3.888,3.871,3.89,3.882,34.3,32.5,31.5,31.4,True
2026-09-16 16:08:46.366,27.13,0.0,34.4,0.0,0.049,0.0,3.842,3.886,3.871,3.888,3.871,3.891,3.882,34.4,32.2,31.6,31.3,True
2026-09-16 16:08:50.046,27.13,0.0,34.3,0.0,0.048,0.0,3.842,3.886,3.871,3.888,3.871,3.89,3.882,34.3,32.4,31.4,31.4,True
2026-09-16 16:08:53.006,27.13,0.0,34.3,0.0,0.048,0.0,3.842,3.886,3.871,3.888,3.871,3.89,3.882,34.3,32.4,31.4,31.4,True
2026-09-16 16:08:56.286,27.13,0.0,34.3,0.0,0.048,0.0,3.842,3.886,3.871,3.888,3.871,3.89,3.882,34.3,32.3,31.5,31.3,True
2026-09-16 16:08:59.750,27.13,0.0,34.3,0.0,0.047,0.0,3.843,3.886,3.871,3.888,3.871,3.89,3.882,34.3,32.3,31.5,31.3,True
2026-09-16 16:09:02.590,27.13,0.0,34.3,0.0,0.047,0.0,3.843,3.886,3.871,3.888,3.871,3.89,3.882,34.3,32.3,31.5,31.3,True
2026-09-16 16:09:05.386,27.13,0.0,34.3,0.0,0.048,0.0,3.842,3.886,3.871,3.888,3.871,3.89,3.882,34.3,32.4,31.4,31.4,True
2026-09-16 16:09:08.600,27.13,0.0,34.3,0.0,0.048,0.0,3.842,3.886,3.871,3.888,3.871,3.89,3.882,34.3,32.4,31.4,31.4,True
2026-09-16 16:09:11.580,27.13,0.0,34.3,0.0,0.048,0.0,3.842,3.886,3.871,3.888,3.871,3.89,3.882,34.3,32.3,31.5,31.3,True
2026-09-16 16:09:14.470,27.13,0.0,34.3,0.0,0.048,0.0,3.842,3.886,3.871,3.888,3.871,3.89,3.882,34.3,32.3,31.5,31.3,True
2026-09-16 16:09:17.580,27.13,0.0,34.4,0.0,0.048,0.0,3.842,3.886,3.871,3.888,3.871,3.89,3.882,34.4,32.3,31.5,31.3,True
2026-09-16 16:09:20.954,27.13,0.0,34.3,0.0,0.048,0.0,3.842,3.886,3.871,3.888,3.871,3.89,3.882,34.3,32.4,31.4,31.4,True
2026-09-16 16:09:25.536,27.13,0.0,34.3,0.0,0.048,0.0,3.842,3.886,3.871,3.888,3.871,3.89,3.882,34.3,32.4,31.4,31.4,True
2026-09-16 16:09:31.707,27.13,0.0,34.3,0.0,0.048,0.0,3.842,3.886,3.871,3.888,3.871,3.89,3.882,34.3,32.5,31.5,31.4,True
2026-09-16 16:09:34.994,27.13,0.0,34.4,0.0,0.047,0.0,3.843,3.886,3.871,3.888,3.871,3.89,3.882,34.4,32.3,31.5,31.3,True
2026-09-16 16:09:38.295,27.13,0.0,34.3,0.0,0.047,0.0,3.843,3.886,3.871,3.888,3.872,3.89,3.882,34.3,32.2,31.6,31.2,True
2026-09-16 16:09:41.241,27.13,0.0,34.4,0.0,0.047,0.0,3.843,3.886,3.871,3.888,3.872,3.89,3.882,34.4,32.3,31.5,31.3,True
2026-09-16 16:09:44.981,27.13,0.0,34.3,0.0,0.049,0.0,3.842,3.886,3.871,3.888,3.871,3.891,3.882,34.3,32.4,31.5,31.3,True
2026-09-16 16:09:48.182,27.13,0.0,34.3,0.0,0.049,0.0,3.842,3.886,3.871,3.888,3.871,3.891,3.882,34.3,32.4,31.5,31.4,True
2026-09-16 16:09:51.466,27.13,0.0,34.3,0.0,0.048,0.0,3.842,3.887,3.871,3.888,3.871,3.89,3.882,34.3,32.4,31.5,31.4,True
2026-09-16 16:09:54.833,27.13,0.0,34.3,0.0,0.048,0.0,3.842,3.886,3.871,3.888,3.871,3.89,3.882,34.3,32.4,31.5,31.3,True
2026-09-16 16:09:57.851,27.13,0.0,34.4,0.0,0.048,0.0,3.842,3.886,3.871,3.888,3.871,3.89,3.882,34.4,32.3,31.6,31.3,True
2026-09-16 16:10:00.770,27.13,0.0,34.4,0.0,0.047,0.0,3.843,3.886,3.871,3.888,3.871,3.89,3.882,34.4,32.3,31.5,31.4,True
2026-09-16 16:10:04.102,27.13,0.0,34.4,0.0,0.047,0.0,3.843,3.886,3.87,3.888,3.871,3.89,3.882,34.4,32.2,31.5,31.4,True
2026-09-16 16:10:07.435,27.13,0.0,34.4,0.0,0.047,0.0,3.843,3.886,3.871,3.888,3.871,3.89,3.882,34.4,32.2,31.5,31.4,True
2026-09-16 16:10:10.598,27.13,0.0,34.3,0.0,0.048,0.0,3.842,3.887,3.871,3.888,3.871,3.89,3.882,34.3,32.4,31.5,31.3,True
2026-09-16 16:10:13.870,27.13,0.0,34.3,0.0,0.048,0.0,3.842,3.886,3.871,3.888,3.871,3.89,3.882,34.3,32.5,31.4,31.4,True
2026-09-16 16:10:17.064,27.13,0.0,34.3,0.0,0.048,0.0,3.842,3.886,3.871,3.888,3.871,3.89,3.882,34.3,32.5,31.4,31.4,True
2026-09-16 16:10:20.154,27.13,0.0,34.3,0.0,0.047,0.0,3.843,3.886,3.871,3.888,3.871,3.89,3.882,34.3,32.4,31.4,31.5,True
2026-09-16 16:10:23.231,27.13,0.0,34.3,0.0,0.048,0.0,3.842,3.886,3.871,3.888,3.871,3.89,3.882,34.3,32.4,31.4,31.5,True
2026-09-16 16:10:26.270,27.13,0.0,34.3,0.0,0.048,0.0,3.842,3.886,3.871,3.888,3.871,3.89,3.882,34.3,32.4,31.4,31.3,True
2026-09-16 16:10:29.338,27.13,0.0,34.3,0.0,0.049,0.0,3.842,3.886,3.871,3.888,3.871,3.891,3.882,34.3,32.4,31.4,31.3,True
2026-09-16 16:10:32.644,27.13,0.0,34.4,0.0,0.049,0.0,3.842,3.886,3.871,3.888,3.871,3.891,3.882,34.4,32.4,31.5,31.4,True
2026-09-16 16:10:36.659,27.13,0.0,34.4,0.0,0.048,0.0,3.843,3.886,3.871,3.888,3.871,3.891,3.882,34.4,32.4,31.5,31.4,True
2026-09-16 16:10:40.103,27.13,0.0,34.4,0.0,0.049,0.0,3.842,3.886,3.871,3.888,3.871,3.891,3.882,34.4,32.4,31.5,31.4,True
2026-09-16 16:10:43.561,27.13,0.0,34.4,0.0,0.048,0.0,3.842,3.886,3.871,3.888,3.871,3.89,3.882,34.4,32.3,31.5,31.3,True
2026-09-16 16:10:46.518,27.13,0.0,34.4,0.0,0.048,0.0,3.842,3.886,3.871,3.888,3.871,3.89,3.882,34.4,32.3,31.5,31.3,True
2026-09-16 16:10:49.377,27.13,0.0,34.4,0.0,0.048,0.0,3.842,3.886,3.871,3.888,3.871,3.89,3.882,34.4,32.3,31.5,31.3,True
2026-09-16 16:10:52.812,27.13,0.0,34.3,0.0,0.049,0.0,3.842,3.886,3.871,3.888,3.871,3.891,3.882,34.3,32.4,31.4,31.5,True
2026-09-16 16:10:55.857,27.13,0.0,34.3,0.0,0.048,0.0,3.842,3.886,3.871,3.888,3.871,3.89,3.882,34.3,32.4,31.4,31.5,True
2026-09-16 16:10:59.170,27.13,0.0,34.4,0.0,0.049,0.0,3.842,3.886,3.871,3.888,3.871,3.891,3.882,34.4,32.4,31.5,31.4,True
2026-09-16 16:11:02.334,27.13,0.0,34.4,0.0,0.048,0.0,3.842,3.886,3.871,3.888,3.871,3.89,3.882,34.4,32.4,31.5,31.4,True
2026-09-16 16:11:05.328,27.13,0.0,34.4,0.0,0.049,0.0,3.842,3.886,3.871,3.888,3.871,3.891,3.882,34.4,32.4,31.5,31.4,True
2026-09-16 16:11:08.770,27.13,0.0,34.4,0.0,0.049,0.0,3.842,3.886,3.871,3.888,3.871,3.891,3.882,34.4,32.4,31.5,31.4,True
2026-09-16 16:11:11.594,27.13,0.0,34.4,0.0,0.049,0.0,3.842,3.886,3.871,3.888,3.871,3.891,3.882,34.4,32.4,31.5,31.4,True
2026-09-16 16:11:14.693,27.13,0.0,34.2,0.0,0.048,0.0,3.842,3.886,3.871,3.888,3.871,3.89,3.882,34.2,32.6,31.3,31.5,True
2026-09-16 16:11:17.529,27.12,0.0,34.4,0.0,0.048,0.0,3.842,3.886,3.871,3.888,3.871,3.89,3.882,34.4,32.3,31.6,31.2,True
2026-09-16 16:11:20.773,27.12,0.0,34.4,0.0,0.049,0.0,3.842,3.886,3.871,3.888,3.871,3.891,3.882,34.4,32.3,31.6,31.2,True
2026-09-16 16:11:24.075,27.13,0.0,34.3,0.0,0.049,0.0,3.842,3.886,3.871,3.888,3.871,3.891,3.882,34.3,32.6,31.4,31.4,True
2026-09-16 16:11:27.045,27.13,0.0,34.4,0.0,0.048,0.0,3.842,3.886,3.871,3.888,3.871,3.89,3.882,34.4,32.4,31.5,31.3,True
2026-09-16 16:11:30.061,27.13,0.0,34.3,0.0,0.048,0.0,3.842,3.886,3.871,3.888,3.871,3.89,3.882,34.3,32.3,31.6,31.2,True
2026-09-16 16:11:33.112,27.13,0.0,34.3,0.0,0.048,0.0,3.842,3.886,3.871,3.888,3.871,3.89,3.882,34.3,32.3,31.6,31.2,True
2026-09-16 16:11:36.246,27.13,0.0,34.4,0.0,0.048,0.0,3.842,3.886,3.871,3.888,3.871,3.89,3.882,34.4,32.2,31.6,31.2,True
2026-09-16 16:11:39.133,27.13,0.0,34.4,0.0,0.049,0.0,3.842,3.886,3.871,3.888,3.871,3.891,3.882,34.4,32.4,31.5,31.3,True
2026-09-16 16:11:41.845,27.13,0.0,34.4,0.0,0.048,0.0,3.842,3.886,3.871,3.888,3.871,3.89,3.882,34.4,32.4,31.5,31.3,True
2026-09-16 16:11:46.093,27.13,0.0,34.4,0.0,0.048,0.0,3.842,3.886,3.871,3.888,3.871,3.89,3.882,34.4,32.4,31.5,31.3,True
2026-09-16 16:11:49.234,27.13,0.0,34.3,0.0,0.048,0.0,3.842,3.886,3.871,3.888,3.871,3.89,3.882,34.3,32.3,31.6,31.3,True
2026-09-16 16:11:52.355,27.13,0.0,34.3,0.0,0.048,0.0,3.842,3.886,3.871,3.888,3.871,3.89,3.882,34.3,32.5,31.4,31.4,True
2026-09-16 16:11:55.607,27.13,0.0,34.3,0.0,0.048,0.0,3.842,3.886,3.871,3.888,3.871,3.89,3.882,34.3,32.5,31.4,31.4,True
2026-09-16 16:11:59.306,27.13,0.0,34.4,0.0,0.048,0.0,3.842,3.886,3.871,3.888,3.871,3.89,3.882,34.4,32.4,31.5,31.4,True
2026-09-16 16:12:02.137,27.13,0.0,34.4,0.0,0.048,0.0,3.842,3.886,3.871,3.888,3.871,3.89,3.882,34.4,32.4,31.5,31.4,True
2026-09-16 16:12:06.054,27.13,0.0,34.3,0.0,0.048,0.0,3.842,3.886,3.871,3.888,3.871,3.89,3.882,34.3,32.5,31.5,31.4,True
2026-09-16 16:12:09.615,27.13,0.0,34.3,0.0,0.049,0.0,3.842,3.886,3.871,3.888,3.871,3.891,3.882,34.3,32.5,31.5,31.4,True
2026-09-16 16:12:13.756,27.13,0.0,34.2,0.0,0.049,0.0,3.842,3.886,3.871,3.888,3.871,3.891,3.882,34.2,32.5,31.4,31.4,True
2026-09-16 16:12:17.241,27.13,0.0,34.3,0.0,0.048,0.0,3.842,3.886,3.871,3.888,3.871,3.89,3.882,34.3,32.5,31.4,31.4,True
2026-09-16 16:12:20.461,27.13,0.0,34.3,0.0,0.048,0.0,3.842,3.886,3.871,3.888,3.871,3.89,3.882,34.3,32.5,31.5,31.4,True
2026-09-16 16:12:23.522,27.13,0.0,34.3,0.0,0.048,0.0,3.842,3.886,3.871,3.888,3.871,3.89,3.882,34.3,32.4,31.5,31.3,True
2026-09-16 16:12:27.721,27.13,0.0,34.3,0.0,0.048,0.0,3.842,3.886,3.871,3.888,3.871,3.89,3.882,34.3,32.4,31.5,31.3,True
2026-09-16 16:12:31.438,27.13,0.0,34.3,0.0,0.048,0.0,3.842,3.886,3.871,3.888,3.871,3.89,3.882,34.3,32.4,31.5,31.3,True
2026-09-16 16:12:34.407,27.13,0.0,34.4,0.0,0.048,0.0,3.842,3.886,3.871,3.888,3.871,3.89,3.882,34.4,32.5,31.4,31.4,True
2026-09-16 16:12:37.522,27.13,0.0,34.5,0.0,0.048,0.0,3.842,3.886,3.871,3.888,3.871,3.89,3.882,34.5,32.3,31.6,31.3,True
2026-09-16 16:12:40.199,27.13,0.0,34.5,0.0,0.048,0.0,3.842,3.886,3.871,3.888,3.871,3.89,3.882,34.5,32.3,31.6,31.3,True
2026-09-16 16:12:43.243,27.13,0.0,34.4,0.0,0.048,0.0,3.842,3.886,3.871,3.888,3.871,3.89,3.882,34.4,32.4,31.5,31.4,True
2026-09-16 16:12:46.340,27.13,0.0,34.4,0.0,0.048,0.0,3.842,3.886,3.871,3.888,3.871,3.89,3.882,34.4,32.4,31.5,31.4,True
2026-09-16 16:12:49.489,27.13,0.0,34.3,0.0,0.049,0.0,3.842,3.886,3.871,3.888,3.871,3.891,3.882,34.3,32.4,31.4,31.4,True
2026-09-16 16:12:54.841,27.13,0.0,34.3,0.0,0.049,0.0,3.842,3.886,3.871,3.888,3.871,3.891,3.882,34.3,32.5,31.4,31.5,True
2026-09-16 16:12:58.029,27.13,0.0,34.4,0.0,0.048,0.0,3.842,3.886,3.871,3.888,3.871,3.89,3.882,34.4,32.4,31.5,31.4,True
2026-09-16 16:13:01.054,27.13,0.0,34.4,0.0,0.048,0.0,3.842,3.886,3.871,3.888,3.871,3.89,3.882,34.4,32.4,31.5,31.4,True
2026-09-16 16:13:03.885,27.12,0.0,34.3,0.0,0.048,0.0,3.842,3.886,3.871,3.888,3.871,3.89,3.882,34.3,32.5,31.5,31.4,True
2026-09-16 16:13:06.827,27.12,0.0,34.4,0.0,0.048,0.0,3.842,3.886,3.871,3.888,3.871,3.89,3.882,34.4,32.4,31.5,31.3,True
2026-09-16 16:13:10.031,27.12,0.0,34.4,0.0,0.048,0.0,3.842,3.886,3.871,3.888,3.871,3.89,3.882,34.4,32.4,31.5,31.3,True
2026-09-16 16:13:12.834,27.13,0.0,34.4,0.0,0.048,0.0,3.842,3.886,3.871,3.888,3.871,3.89,3.882,34.4,32.4,31.6,31.4,True
2026-09-16 16:13:15.445,27.13,0.0,34.4,0.0,0.05,0.0,3.841,3.886,3.871,3.888,3.871,3.891,3.882,34.4,32.4,31.6,31.4,True
2026-09-16 16:13:18.356,27.13,0.0,34.3,0.0,0.048,0.0,3.842,3.886,3.871,3.888,3.871,3.89,3.882,34.3,32.5,31.5,31.4,True
2026-09-16 16:13:21.425,27.13,0.0,34.4,0.0,0.048,0.0,3.842,3.886,3.871,3.888,3.871,3.89,3.882,34.4,32.4,31.6,31.3,True
2026-09-16 16:13:24.908,27.13,0.0,34.3,0.0,0.048,0.0,3.842,3.886,3.871,3.888,3.871,3.89,3.882,34.3,32.3,31.6,31.3,True
2026-09-16 16:13:28.210,27.13,0.0,34.3,0.0,0.048,0.0,3.842,3.886,3.871,3.888,3.871,3.89,3.882,34.3,32.3,31.6,31.3,True
2026-09-16 16:13:30.906,27.13,0.0,34.4,0.0,0.048,0.0,3.842,3.886,3.871,3.888,3.871,3.89,3.882,34.4,32.5,31.5,31.4,True
2026-09-16 16:13:33.654,27.13,0.0,34.4,0.0,0.048,0.0,3.842,3.886,3.871,3.888,3.871,3.89,3.882,34.4,32.3,31.6,31.3,True
2026-09-16 16:13:36.360,27.12,0.0,34.3,0.0,0.048,0.0,3.842,3.886,3.871,3.888,3.871,3.89,3.882,34.3,32.3,31.6,31.2,True
2026-09-16 16:13:39.027,27.12,0.0,34.3,0.0,0.049,0.0,3.841,3.886,3.871,3.888,3.871,3.89,3.882,34.3,32.3,31.6,31.2,True
2026-09-16 16:13:42.268,27.13,0.0,34.4,0.0,0.049,0.0,3.841,3.886,3.871,3.888,3.871,3.89,3.882,34.4,32.4,31.5,31.4,True
2026-09-16 16:13:45.520,27.13,0.0,34.4,0.0,0.048,0.0,3.842,3.886,3.871,3.888,3.871,3.89,3.882,34.4,32.4,31.5,31.4,True
2026-09-16 16:13:48.938,27.13,0.0,34.4,0.0,0.048,0.0,3.842,3.886,3.871,3.888,3.871,3.89,3.882,34.4,32.4,31.6,31.3,True
2026-09-16 16:13:52.210,27.13,0.0,34.4,0.0,0.048,0.0,3.842,3.886,3.871,3.888,3.871,3.89,3.882,34.4,32.4,31.6,31.3,True
2026-09-16 16:13:55.306,27.13,0.0,34.4,0.0,0.048,0.0,3.842,3.886,3.871,3.888,3.871,3.89,3.882,34.4,32.4,31.6,31.3,True
2026-09-16 16:13:58.839,27.12,0.0,34.3,0.0,0.049,0.0,3.841,3.886,3.871,3.888,3.871,3.89,3.882,34.3,32.5,31.5,31.4,True
2026-09-16 16:14:02.006,27.12,0.0,34.4,0.0,0.049,0.0,3.841,3.886,3.871,3.888,3.871,3.89,3.882,34.4,32.4,31.6,31.3,True
2026-09-16 16:14:04.986,27.12,0.0,34.3,0.0,0.049,0.0,3.841,3.886,3.871,3.888,3.871,3.89,3.882,34.3,32.5,31.5,31.3,True
2026-09-16 16:14:07.695,27.12,0.0,34.3,0.0,0.049,0.0,3.841,3.886,3.871,3.888,3.871,3.89,3.882,34.3,32.5,31.5,31.3,True
2026-09-16 16:14:11.018,27.13,0.0,34.3,0.0,0.049,0.0,3.841,3.886,3.871,3.888,3.871,3.89,3.882,34.3,32.5,31.5,31.4,True
2026-09-16 16:14:14.436,27.13,0.0,34.3,0.0,0.049,0.0,3.842,3.886,3.871,3.888,3.871,3.891,3.882,34.3,32.4,31.4,31.4,True
2026-09-16 16:14:17.708,27.13,0.0,34.3,0.0,0.049,0.0,3.841,3.886,3.871,3.888,3.871,3.89,3.882,34.3,32.4,31.4,31.4,True
2026-09-16 16:14:21.216,27.13,0.0,34.3,0.0,0.049,0.0,3.841,3.886,3.871,3.888,3.871,3.89,3.882,34.3,32.5,31.5,31.4,True
2026-09-16 16:14:24.503,27.13,0.0,34.4,0.0,0.049,0.0,3.841,3.886,3.871,3.888,3.871,3.89,3.882,34.4,32.4,31.5,31.3,True
2026-09-16 16:14:28.649,27.13,0.0,34.4,0.0,0.049,0.0,3.841,3.886,3.871,3.888,3.871,3.89,3.882,34.4,32.4,31.4,31.4,True
2026-09-16 16:14:31.854,27.12,0.0,34.3,0.0,0.049,0.0,3.841,3.886,3.871,3.888,3.871,3.89,3.882,34.3,32.5,31.5,31.4,True
2026-09-16 16:14:34.951,27.13,0.0,34.4,0.0,0.048,0.0,3.842,3.886,3.871,3.888,3.871,3.89,3.882,34.4,32.4,31.5,31.4,True
2026-09-16 16:14:37.933,27.13,0.0,34.4,0.0,0.049,0.0,3.842,3.886,3.871,3.888,3.871,3.891,3.882,34.4,32.4,31.5,31.4,True
2026-09-16 16:14:40.985,27.12,0.0,34.3,0.0,0.049,0.0,3.841,3.886,3.871,3.888,3.871,3.89,3.882,34.3,32.6,31.4,31.5,True
2026-09-16 16:14:43.971,27.13,0.0,34.4,0.0,0.048,0.0,3.842,3.886,3.871,3.888,3.871,3.89,3.882,34.4,32.4,31.6,31.3,True
2026-09-16 16:14:47.468,27.13,0.0,34.4,0.0,0.048,0.0,3.842,3.886,3.871,3.888,3.871,3.89,3.882,34.4,32.4,31.6,31.3,True
2026-09-16 16:14:50.422,27.12,0.0,34.4,0.0,0.048,0.0,3.842,3.886,3.871,3.888,3.871,3.89,3.882,34.4,32.4,31.4,31.4,True
2026-09-16 16:14:53.284,27.13,0.0,34.3,0.0,0.048,0.0,3.842,3.886,3.871,3.888,3.871,3.89,3.882,34.3,32.5,31.5,31.4,True
2026-09-16 16:14:56.657,27.13,0.0,34.3,0.0,0.048,0.0,3.842,3.886,3.871,3.888,3.871,3.89,3.882,34.3,32.5,31.5,31.4,True
2026-09-16 16:14:59.704,27.13,0.0,34.3,0.0,0.049,0.0,3.841,3.886,3.871,3.888,3.871,3.89,3.882,34.3,32.5,31.5,31.4,True
2026-09-16 16:15:02.958,27.13,0.0,34.4,0.0,0.048,0.0,3.842,3.886,3.871,3.888,3.871,3.89,3.882,34.4,32.5,31.5,31.4,True
2026-09-16 16:15:06.047,27.13,0.0,34.4,0.0,0.048,0.0,3.842,3.886,3.871,3.888,3.871,3.89,3.882,34.4,32.5,31.5,31.4,True
2026-09-16 16:15:09.250,27.13,0.0,34.4,0.0,0.049,0.0,3.841,3.887,3.871,3.888,3.871,3.89,3.882,34.4,32.5,31.5,31.4,True
2026-09-16 16:15:12.719,27.12,0.0,34.3,0.0,0.049,0.0,3.841,3.886,3.871,3.888,3.871,3.89,3.882,34.3,32.5,31.4,31.4,True
2026-09-16 16:15:16.026,27.13,0.0,34.4,0.0,0.049,0.0,3.841,3.886,3.871,3.888,3.871,3.89,3.882,34.4,32.3,31.6,31.2,True
2026-09-16 16:15:22.450,27.13,0.0,34.3,0.0,0.048,0.0,3.842,3.886,3.871,3.888,3.871,3.89,3.882,34.3,32.5,31.4,31.4,True
2026-09-16 16:15:26.019,27.12,0.0,34.4,0.0,0.048,0.0,3.842,3.886,3.871,3.888,3.871,3.89,3.882,34.4,32.4,31.5,31.3,True
2026-09-16 16:15:29.101,27.12,0.0,34.4,0.0,0.049,0.0,3.841,3.886,3.871,3.888,3.871,3.89,3.882,34.4,32.4,31.5,31.3,True
2026-09-16 16:15:32.569,27.12,0.0,34.4,0.0,0.049,0.0,3.841,3.886,3.871,3.888,3.871,3.89,3.882,34.4,32.4,31.5,31.3,True
2026-09-16 16:15:35.873,27.12,0.0,34.4,0.0,0.049,0.0,3.841,3.886,3.871,3.887,3.871,3.89,3.882,34.4,32.4,31.5,31.4,True
2026-09-16 16:15:38.656,27.12,0.0,34.4,0.0,0.048,0.0,3.842,3.886,3.87,3.888,3.871,3.89,3.882,34.4,32.5,31.5,31.4,True
2026-09-16 16:15:42.003,27.12,0.0,34.4,0.0,0.049,0.0,3.841,3.886,3.871,3.888,3.871,3.89,3.882,34.4,32.4,31.5,31.3,True
2026-09-16 16:15:45.050,27.12,0.0,34.5,0.0,0.049,0.0,3.841,3.886,3.871,3.888,3.871,3.89,3.882,34.5,32.3,31.6,31.4,True
2026-09-16 16:15:48.246,27.12,0.0,34.5,0.0,0.049,0.0,3.841,3.886,3.871,3.888,3.871,3.89,3.882,34.5,32.3,31.6,31.4,True
2026-09-16 16:15:51.395,27.12,0.0,34.3,0.0,0.049,0.0,3.841,3.886,3.871,3.888,3.871,3.89,3.882,34.3,32.5,31.5,31.4,True
2026-09-16 16:15:54.638,27.12,0.0,34.3,0.0,0.049,0.0,3.841,3.886,3.871,3.888,3.871,3.89,3.882,34.3,32.5,31.6,31.4,True
2026-09-16 16:15:57.496,27.12,0.0,34.3,0.0,0.049,0.0,3.841,3.886,3.871,3.888,3.871,3.89,3.882,34.3,32.5,31.6,31.4,True
2026-09-16 16:16:00.490,27.12,0.0,34.4,0.0,0.048,0.0,3.842,3.886,3.871,3.888,3.871,3.89,3.882,34.4,32.3,31.5,31.3,True
2026-09-16 16:16:03.620,27.12,0.0,34.4,0.0,0.048,0.0,3.842,3.886,3.87,3.888,3.871,3.89,3.882,34.4,32.4,31.6,31.2,True
2026-09-16 16:16:06.670,27.12,0.0,34.4,0.0,0.05,0.0,3.841,3.886,3.871,3.888,3.871,3.891,3.882,34.4,32.4,31.6,31.2,True
2026-09-16 16:16:10.121,27.12,0.0,34.4,0.0,0.05,0.0,3.841,3.886,3.87,3.888,3.871,3.891,3.882,34.4,32.6,31.4,31.5,True
2026-09-16 16:16:13.304,27.13,0.0,34.4,0.0,0.048,0.0,3.842,3.886,3.871,3.888,3.871,3.89,3.882,34.4,32.5,31.6,31.4,True
2026-09-16 16:16:17.047,27.12,0.0,34.3,0.0,0.049,0.0,3.841,3.886,3.871,3.887,3.871,3.89,3.882,34.3,32.6,31.4,31.6,True
2026-09-16 16:16:20.062,27.12,0.0,34.4,0.0,0.049,0.0,3.841,3.886,3.871,3.887,3.871,3.89,3.882,34.4,32.4,31.6,31.4,True
2026-09-16 16:16:24.049,27.12,0.0,34.4,0.0,0.049,0.0,3.841,3.886,3.871,3.887,3.871,3.89,3.882,34.4,32.4,31.5,31.4,True
2026-09-16 16:16:27.235,27.12,0.0,34.4,0.0,0.049,0.0,3.841,3.886,3.871,3.888,3.871,3.89,3.882,34.4,32.5,31.5,31.5,True
2026-09-16 16:16:30.232,27.12,0.0,34.4,0.0,0.049,0.0,3.841,3.886,3.871,3.888,3.871,3.89,3.882,34.4,32.5,31.5,31.5,True
2026-09-16 16:16:34.501,27.12,0.0,34.3,0.0,0.049,0.0,3.841,3.886,3.871,3.888,3.871,3.89,3.882,34.3,32.6,31.5,31.4,True
2026-09-16 16:16:37.687,27.12,0.0,34.3,0.0,0.049,0.0,3.841,3.886,3.871,3.888,3.871,3.89,3.882,34.3,32.6,31.5,31.4,True
2026-09-16 16:16:40.916,27.12,0.0,34.5,0.0,0.049,0.0,3.841,3.886,3.871,3.888,3.871,3.89,3.882,34.5,32.3,31.7,31.2,True
2026-09-16 16:16:44.268,27.12,0.0,34.4,0.0,0.049,0.0,3.841,3.886,3.871,3.888,3.871,3.89,3.882,34.4,32.5,31.6,31.3,True
2026-09-16 16:16:47.248,27.12,0.0,34.3,0.0,0.049,0.0,3.841,3.886,3.871,3.888,3.871,3.89,3.882,34.3,32.5,31.5,31.4,True
2026-09-16 16:16:50.312,27.12,0.0,34.5,0.0,0.049,0.0,3.841,3.886,3.871,3.888,3.871,3.89,3.882,34.5,32.3,31.6,31.2,True
2026-09-16 16:16:53.527,27.12,0.0,34.5,0.0,0.049,0.0,3.841,3.886,3.871,3.888,3.871,3.89,3.882,34.5,32.3,31.6,31.2,True
2026-09-16 16:16:56.402,27.12,0.0,34.4,0.0,0.049,0.0,3.841,3.886,3.871,3.888,3.871,3.89,3.882,34.4,32.3,31.5,31.3,True
2026-09-16 16:16:59.730,27.12,0.0,34.4,0.0,0.049,0.0,3.841,3.886,3.871,3.888,3.871,3.89,3.882,34.4,32.3,31.5,31.3,True
2026-09-16 16:17:02.793,27.12,0.0,34.4,0.0,0.049,0.0,3.841,3.886,3.871,3.888,3.871,3.89,3.882,34.4,32.5,31.5,31.5,True
2026-09-16 16:17:06.527,27.12,0.0,34.4,0.0,0.049,0.0,3.841,3.886,3.871,3.888,3.871,3.89,3.882,34.4,32.5,31.5,31.5,True
2026-09-16 16:17:09.677,27.12,0.0,34.4,0.0,0.048,0.0,3.842,3.886,3.871,3.888,3.871,3.89,3.882,34.4,32.5,31.5,31.4,True
2026-09-16 16:17:12.832,27.12,0.0,34.4,0.0,0.048,0.0,3.842,3.886,3.871,3.888,3.871,3.89,3.882,34.4,32.5,31.5,31.4,True
2026-09-16 16:17:15.870,27.12,0.0,34.5,0.0,0.048,0.0,3.842,3.886,3.871,3.888,3.871,3.89,3.882,34.5,32.4,31.6,31.3,True
2026-09-16 16:17:19.246,27.12,0.0,34.4,0.0,0.05,0.0,3.84,3.886,3.871,3.888,3.871,3.89,3.882,34.4,32.3,31.6,31.3,True
2026-09-16 16:17:22.126,27.12,0.0,34.3,0.0,0.05,0.0,3.84,3.886,3.871,3.888,3.871,3.89,3.882,34.3,32.4,31.5,31.4,True
2026-09-16 16:17:25.547,27.12,0.0,34.5,0.0,0.05,0.0,3.84,3.886,3.871,3.888,3.871,3.89,3.882,34.5,32.4,31.6,31.4,True
2026-09-16 16:17:28.599,27.13,0.0,34.4,0.0,0.049,0.0,3.841,3.886,3.871,3.888,3.871,3.89,3.882,34.4,32.3,31.6,31.3,True
2026-09-16 16:17:31.663,27.12,0.0,34.5,0.0,0.049,0.0,3.841,3.886,3.871,3.888,3.871,3.89,3.882,34.5,32.4,31.6,31.3,True
2026-09-16 16:17:35.945,27.12,0.0,34.4,0.0,0.049,0.0,3.841,3.886,3.871,3.888,3.871,3.89,3.882,34.4,32.3,31.6,31.4,True
2026-09-16 16:17:39.134,27.12,0.0,34.4,0.0,0.049,0.0,3.841,3.886,3.871,3.888,3.871,3.89,3.882,34.4,32.4,31.5,31.4,True
2026-09-16 16:17:42.351,27.12,0.0,34.4,0.0,0.049,0.0,3.841,3.886,3.871,3.888,3.871,3.89,3.882,34.4,32.4,31.5,31.4,True
2026-09-16 16:17:46.529,27.12,0.0,34.4,0.0,0.049,0.0,3.841,3.886,3.871,3.888,3.871,3.89,3.882,34.4,32.5,31.6,31.4,True
2026-09-16 16:17:49.591,27.12,0.0,34.4,0.0,0.05,0.0,3.84,3.886,3.87,3.888,3.871,3.89,3.882,34.4,32.5,31.6,31.4,True
2026-09-16 16:17:53.198,27.12,0.0,34.4,0.0,0.049,0.0,3.841,3.886,3.871,3.888,3.871,3.89,3.882,34.4,32.5,31.5,31.4,True
2026-09-16 16:17:56.491,27.12,0.0,34.4,0.0,0.049,0.0,3.841,3.886,3.87,3.888,3.871,3.89,3.882,34.4,32.5,31.5,31.4,True
2026-09-16 16:18:00.223,27.12,0.0,34.3,0.0,0.049,0.0,3.841,3.886,3.871,3.887,3.871,3.89,3.882,34.3,32.5,31.5,31.4,True
2026-09-16 16:18:03.300,27.12,0.0,34.5,0.0,0.049,0.0,3.841,3.886,3.871,3.887,3.871,3.89,3.882,34.5,32.3,31.6,31.4,True
2026-09-16 16:18:06.594,27.12,0.0,34.5,0.0,0.05,0.0,3.84,3.886,3.871,3.888,3.871,3.89,3.882,34.5,32.3,31.6,31.4,True
2026-09-16 16:18:09.974,27.12,0.0,34.5,0.0,0.049,0.0,3.841,3.885,3.871,3.888,3.871,3.89,3.882,34.5,32.3,31.6,31.4,True
2026-09-16 16:18:13.345,27.12,0.0,34.5,0.0,0.05,0.0,3.84,3.886,3.871,3.888,3.871,3.89,3.882,34.5,32.3,31.6,31.3,True
2026-09-16 16:18:16.728,27.12,0.0,34.4,0.0,0.049,0.0,3.841,3.886,3.87,3.888,3.871,3.89,3.882,34.4,32.4,31.6,31.4,True
2026-09-16 16:18:20.060,27.12,0.0,34.3,0.0,0.05,0.0,3.84,3.886,3.87,3.888,3.871,3.89,3.882,34.3,32.5,31.5,31.5,True
2026-09-16 16:18:23.012,27.12,0.0,34.5,0.0,0.05,0.0,3.84,3.886,3.87,3.888,3.871,3.89,3.882,34.5,32.5,31.6,31.4,True
2026-09-16 16:18:25.732,27.12,0.0,34.5,0.0,0.049,0.0,3.841,3.885,3.871,3.888,3.871,3.89,3.882,34.5,32.5,31.6,31.4,True
2026-09-16 16:18:28.814,27.12,0.0,34.4,0.0,0.05,0.0,3.84,3.886,3.87,3.887,3.871,3.89,3.882,34.4,32.5,31.5,31.4,True
2026-09-16 16:18:32.093,27.12,0.0,34.4,0.0,0.05,0.0,3.84,3.886,3.87,3.888,3.871,3.89,3.882,34.4,32.5,31.6,31.4,True
2026-09-16 16:18:34.897,27.12,0.0,34.4,0.0,0.05,0.0,3.84,3.886,3.87,3.888,3.871,3.89,3.882,34.4,32.5,31.5,31.4,True
2026-09-16 16:18:38.209,27.12,0.0,34.4,0.0,0.05,0.0,3.84,3.886,3.871,3.887,3.871,3.89,3.882,34.4,32.5,31.5,31.4,True
2026-09-16 16:18:41.212,27.12,0.0,34.5,0.0,0.05,0.0,3.84,3.886,3.87,3.888,3.871,3.89,3.882,34.5,32.5,31.5,31.4,True
2026-09-16 16:18:44.307,27.12,0.0,34.5,0.0,0.05,0.0,3.84,3.886,3.87,3.888,3.871,3.89,3.882,34.5,32.3,31.6,31.3,True
2026-09-16 16:18:47.271,27.12,0.0,34.4,0.0,0.051,0.0,3.84,3.886,3.87,3.888,3.871,3.891,3.882,34.4,32.5,31.5,31.4,True
2026-09-16 16:18:50.473,27.12,0.0,34.4,0.0,0.049,0.0,3.841,3.886,3.871,3.888,3.871,3.89,3.882,34.4,32.4,31.5,31.3,True
2026-09-16 16:18:53.616,27.12,0.0,34.5,0.0,0.049,0.0,3.841,3.886,3.871,3.887,3.871,3.89,3.882,34.5,32.4,31.6,31.4,True
2026-09-16 16:18:57.073,27.12,0.0,34.5,0.0,0.049,0.0,3.841,3.886,3.871,3.888,3.871,3.89,3.882,34.5,32.4,31.6,31.4,True
2026-09-16 16:19:00.455,27.12,0.0,34.3,0.0,0.05,0.0,3.84,3.886,3.871,3.888,3.871,3.89,3.882,34.3,32.5,31.6,31.3,True
2026-09-16 16:19:03.461,27.12,0.0,34.3,0.0,0.05,0.0,3.84,3.886,3.871,3.888,3.871,3.89,3.882,34.3,32.5,31.5,31.4,True
2026-09-16 16:19:07.604,27.12,0.0,34.3,0.0,0.049,0.0,3.841,3.886,3.871,3.888,3.871,3.89,3.882,34.3,32.5,31.5,31.4,True
2026-09-16 16:19:11.071,27.12,0.0,34.3,0.0,0.05,0.0,3.84,3.886,3.871,3.887,3.871,3.89,3.882,34.3,32.5,31.4,31.4,True
2026-09-16 16:19:14.011,27.12,0.0,34.5,0.0,0.049,0.0,3.841,3.886,3.87,3.888,3.871,3.89,3.882,34.5,32.3,31.7,31.3,True
2026-09-16 16:19:17.625,27.12,0.0,34.5,0.0,0.05,0.0,3.84,3.886,3.871,3.888,3.871,3.89,3.882,34.5,32.3,31.7,31.3,True
2026-09-16 16:19:21.256,27.12,0.0,34.5,0.0,0.049,0.0,3.841,3.886,3.871,3.888,3.871,3.89,3.882,34.5,32.3,31.7,31.3,True
2026-09-16 16:19:24.824,27.12,0.0,34.5,0.0,0.049,0.0,3.841,3.886,3.87,3.888,3.871,3.89,3.882,34.5,32.3,31.7,31.3,True
2026-09-16 16:19:28.707,27.12,0.0,34.3,0.0,0.049,0.0,3.841,3.886,3.87,3.888,3.871,3.89,3.882,34.3,32.5,31.5,31.4,True
2026-09-16 16:19:32.089,27.12,0.0,34.4,0.0,0.05,0.0,3.84,3.886,3.87,3.888,3.871,3.89,3.882,34.4,32.5,31.5,31.4,True
2026-09-16 16:19:35.551,27.12,0.0,34.5,0.0,0.05,0.0,3.84,3.886,3.871,3.888,3.871,3.89,3.882,34.5,32.4,31.5,31.3,True
2026-09-16 16:19:38.851,27.12,0.0,34.5,0.0,0.049,0.0,3.841,3.886,3.87,3.887,3.871,3.89,3.882,34.5,32.4,31.6,31.3,True
2026-09-16 16:19:41.626,27.12,0.0,34.4,0.0,0.05,0.0,3.84,3.886,3.871,3.888,3.871,3.89,3.882,34.4,32.4,31.6,31.4,True
2026-09-16 16:19:44.823,27.12,0.0,34.4,0.0,0.049,0.0,3.841,3.885,3.871,3.887,3.871,3.89,3.882,34.4,32.5,31.5,31.4,True
2026-09-16 16:19:48.089,27.12,0.0,34.4,0.0,0.049,0.0,3.841,3.885,3.871,3.887,3.871,3.89,3.882,34.4,32.5,31.5,31.4,True
2026-09-16 16:19:51.144,27.12,0.0,34.5,0.0,0.049,0.0,3.841,3.886,3.871,3.887,3.871,3.89,3.882,34.5,32.4,31.5,31.4,True
2026-09-16 16:19:54.511,27.12,0.0,34.5,0.0,0.049,0.0,3.841,3.886,3.871,3.887,3.871,3.89,3.882,34.5,32.4,31.5,31.4,True
2026-09-16 16:19:57.773,27.12,0.0,34.5,0.0,0.05,0.0,3.84,3.886,3.87,3.888,3.871,3.89,3.882,34.5,32.4,31.6,31.2,True
2026-09-16 16:20:00.992,27.12,0.0,34.5,0.0,0.05,0.0,3.84,3.886,3.87,3.888,3.871,3.89,3.882,34.5,32.3,31.6,31.3,True
2026-09-16 16:20:05.677,27.12,0.0,34.3,0.0,0.05,0.0,3.84,3.886,3.87,3.888,3.871,3.89,3.882,34.3,32.5,31.5,31.4,True
2026-09-16 16:20:08.993,27.12,0.0,34.4,0.0,0.05,0.0,3.84,3.885,3.87,3.887,3.871,3.89,3.882,34.4,32.4,31.6,31.4,True
2026-09-16 16:20:12.136,27.12,0.0,34.4,0.0,0.05,0.0,3.84,3.886,3.871,3.888,3.871,3.89,3.882,34.4,32.5,31.5,31.4,True
2026-09-16 16:20:15.690,27.12,0.0,34.5,0.0,0.05,0.0,3.84,3.886,3.87,3.888,3.871,3.89,3.882,34.5,32.4,31.6,31.3,True
2026-09-16 16:20:18.720,27.12,0.0,34.4,0.0,0.05,0.0,3.84,3.886,3.87,3.888,3.871,3.89,3.882,34.4,32.5,31.5,31.4,True
2026-09-16 16:20:21.954,27.12,0.0,34.4,0.0,0.049,0.0,3.841,3.886,3.871,3.888,3.871,3.89,3.882,34.4,32.5,31.5,31.4,True
2026-09-16 16:20:24.548,27.12,0.0,34.4,0.0,0.05,0.0,3.84,3.886,3.87,3.888,3.871,3.89,3.882,34.4,32.5,31.5,31.4,True
2026-09-16 16:20:28.204,27.12,0.0,34.3,0.0,0.049,0.0,3.841,3.886,3.871,3.888,3.871,3.89,3.882,34.3,32.5,31.5,31.4,True
2026-09-16 16:20:30.998,27.12,0.0,34.3,0.0,0.049,0.0,3.841,3.886,3.87,3.887,3.871,3.89,3.882,34.3,32.5,31.5,31.4,True
2026-09-16 16:20:33.830,27.12,0.0,34.5,0.0,0.049,0.0,3.841,3.886,3.87,3.887,3.871,3.89,3.882,34.5,32.3,31.6,31.3,True
2026-09-16 16:20:36.656,27.12,0.0,34.4,0.0,0.05,0.0,3.84,3.885,3.871,3.887,3.871,3.89,3.882,34.4,32.5,31.5,31.4,True
2026-09-16 16:20:39.758,27.12,0.0,34.4,0.0,0.05,0.0,3.84,3.885,3.87,3.888,3.871,3.89,3.882,34.4,32.5,31.6,31.4,True
2026-09-16 16:20:42.575,27.12,0.0,34.4,0.0,0.05,0.0,3.84,3.886,3.871,3.888,3.871,3.89,3.882,34.4,32.4,31.5,31.4,True
2026-09-16 16:20:47.069,27.12,0.0,34.4,0.0,0.05,0.0,3.84,3.886,3.871,3.888,3.871,3.89,3.882,34.4,32.4,31.5,31.4,True
2026-09-16 16:20:50.300,27.12,0.0,34.4,0.0,0.05,0.0,3.84,3.885,3.87,3.888,3.871,3.89,3.882,34.4,32.4,31.6,31.4,True
2026-09-16 16:20:53.552,27.12,0.0,34.4,0.0,0.05,0.0,3.84,3.886,3.871,3.887,3.871,3.89,3.882,34.4,32.5,31.5,31.4,True
2026-09-16 16:20:57.092,27.12,0.0,34.4,0.0,0.05,0.0,3.84,3.886,3.871,3.887,3.871,3.89,3.882,34.4,32.5,31.5,31.4,True
2026-09-16 16:21:00.374,27.12,0.0,34.4,0.0,0.05,0.0,3.84,3.886,3.871,3.887,3.871,3.89,3.882,34.4,32.5,31.5,31.4,True
2026-09-16 16:21:03.590,27.12,0.0,34.3,0.0,0.05,0.0,3.84,3.886,3.87,3.888,3.871,3.89,3.882,34.3,32.5,31.5,31.4,True
2026-09-16 16:21:07.097,27.12,0.0,34.3,0.0,0.05,0.0,3.84,3.886,3.87,3.887,3.87,3.89,3.882,34.3,32.5,31.5,31.4,True
2026-09-16 16:21:10.809,27.12,0.0,34.5,0.0,0.05,0.0,3.84,3.886,3.87,3.887,3.87,3.89,3.882,34.5,32.3,31.6,31.3,True
2026-09-16 16:21:14.109,27.12,0.0,34.5,0.0,0.05,0.0,3.84,3.886,3.871,3.888,3.871,3.89,3.882,34.5,32.3,31.6,31.4,True
2026-09-16 16:21:17.299,27.12,0.0,34.4,0.0,0.05,0.0,3.84,3.886,3.871,3.888,3.871,3.89,3.882,34.4,32.4,31.6,31.4,True
2026-09-16 16:21:20.767,27.12,0.0,34.5,0.0,0.049,0.0,3.841,3.886,3.87,3.888,3.871,3.89,3.882,34.5,32.5,31.6,31.4,True
2026-09-16 16:21:23.647,27.12,0.0,34.5,0.0,0.05,0.0,3.84,3.886,3.87,3.888,3.871,3.89,3.882,34.5,32.5,31.6,31.4,True
2026-09-16 16:21:26.432,27.12,0.0,34.5,0.0,0.05,0.0,3.84,3.886,3.87,3.888,3.871,3.89,3.882,34.5,32.5,31.5,31.4,True
2026-09-16 16:21:29.101,27.12,0.0,34.4,0.0,0.05,0.0,3.84,3.886,3.87,3.888,3.871,3.89,3.882,34.4,32.5,31.6,31.4,True
2026-09-16 16:21:32.385,27.12,0.0,34.3,0.0,0.05,0.0,3.84,3.886,3.87,3.888,3.871,3.89,3.882,34.3,32.6,31.4,31.5,True
2026-09-16 16:21:35.487,27.12,0.0,34.3,0.0,0.05,0.0,3.84,3.886,3.87,3.887,3.871,3.89,3.882,34.3,32.6,31.4,31.5,True
2026-09-16 16:21:38.634,27.12,0.0,34.5,0.0,0.051,0.0,3.839,3.886,3.871,3.888,3.871,3.89,3.882,34.5,32.4,31.6,31.3,True
2026-09-16 16:21:52.975,27.12,0.0,34.5,0.0,0.05,0.0,3.84,3.885,3.87,3.888,3.87,3.89,3.882,34.5,32.4,31.6,31.3,True
2026-09-16 16:26:48.458,27.12,0.0,34.5,0.0,0.05,0.0,3.84,3.885,3.87,3.888,3.871,3.89,3.882,34.5,32.5,31.6,31.3,True
2026-09-16 16:26:56.009,27.13,0.0,34.1,0.0,0.043,0.0,3.847,3.886,3.87,3.888,3.871,3.89,3.882,34.1,32.2,31.5,31.6,True
2026-09-16 16:27:00.694,27.13,0.0,34.0,0.0,0.043,0.0,3.847,3.886,3.87,3.888,3.87,3.89,3.882,34.0,32.3,31.5,31.6,True
2026-09-16 16:27:05.380,27.13,0.0,34.0,0.0,0.043,0.0,3.847,3.886,3.87,3.888,3.871,3.89,3.882,34.0,32.3,31.4,31.6,True
2026-09-16 16:27:10.896,27.13,0.0,34.0,0.0,0.045,0.0,3.846,3.886,3.871,3.888,3.871,3.891,3.882,34.0,32.4,31.5,31.5,True
2026-09-16 16:27:18.354,27.13,0.0,34.1,0.0,0.045,0.0,3.846,3.886,3.87,3.888,3.871,3.891,3.882,34.1,32.2,31.6,31.5,True
2026-09-16 16:27:25.808,27.13,0.0,34.1,0.0,0.045,0.0,3.846,3.886,3.87,3.888,3.871,3.891,3.882,34.1,32.2,31.5,31.6,True
2026-09-16 16:27:35.052,27.13,0.0,34.1,0.0,0.044,0.0,3.846,3.886,3.87,3.887,3.871,3.89,3.882,34.1,32.3,31.5,31.5,True
2026-09-16 16:27:42.320,27.13,0.0,34.2,0.0,0.044,0.0,3.846,3.885,3.871,3.888,3.871,3.89,3.882,34.2,32.2,31.6,31.5,True
2026-09-16 16:27:47.303,27.13,0.0,34.2,0.0,0.045,0.0,3.845,3.886,3.87,3.887,3.871,3.89,3.882,34.2,32.2,31.6,31.5,True
2026-09-16 16:27:52.053,27.13,0.0,34.1,0.0,0.045,0.0,3.845,3.886,3.87,3.887,3.871,3.89,3.882,34.1,32.3,31.5,31.6,True
2026-09-16 16:27:56.812,27.13,0.0,34.1,0.0,0.045,0.0,3.845,3.886,3.87,3.887,3.871,3.89,3.882,34.1,32.2,31.6,31.5,True
2026-09-16 16:28:01.675,27.13,0.0,34.1,0.0,0.045,0.0,3.845,3.886,3.87,3.888,3.87,3.89,3.882,34.1,32.3,31.6,31.5,True
2026-09-16 16:28:06.511,27.13,0.0,34.1,0.0,0.045,0.0,3.845,3.886,3.87,3.888,3.871,3.89,3.882,34.1,32.2,31.6,31.5,True
2026-09-16 16:28:10.943,27.13,0.0,34.1,0.0,0.046,0.0,3.844,3.886,3.87,3.887,3.871,3.89,3.882,34.1,32.2,31.6,31.5,True
2026-09-16 16:28:15.793,27.13,0.0,34.1,0.0,0.046,0.0,3.844,3.886,3.87,3.887,3.871,3.89,3.882,34.1,32.2,31.6,31.5,True
2026-09-16 16:28:20.484,27.12,0.0,34.1,0.0,0.046,0.0,3.844,3.885,3.87,3.887,3.871,3.89,3.882,34.1,32.3,31.4,31.7,True
2026-09-16 16:28:25.028,27.12,0.0,34.1,0.0,0.046,0.0,3.844,3.886,3.87,3.887,3.871,3.89,3.882,34.1,32.3,31.4,31.7,True
2026-09-16 16:28:29.305,27.13,0.0,34.1,0.0,0.046,0.0,3.844,3.886,3.87,3.887,3.871,3.89,3.882,34.1,32.2,31.5,31.6,True
2026-09-16 16:28:33.726,27.13,0.0,34.1,0.0,0.046,0.0,3.844,3.885,3.871,3.887,3.871,3.89,3.882,34.1,32.2,31.6,31.5,True
2026-09-16 16:28:38.468,27.13,0.0,34.2,0.0,0.047,0.0,3.843,3.886,3.87,3.888,3.871,3.89,3.882,34.2,32.2,31.6,31.6,True
2026-09-16 16:28:42.965,27.13,0.0,34.1,0.0,0.047,0.0,3.843,3.886,3.87,3.888,3.871,3.89,3.882,34.1,32.2,31.6,31.5,True
2026-09-16 16:28:47.478,27.12,0.0,34.1,0.0,0.046,0.0,3.844,3.886,3.871,3.888,3.871,3.89,3.882,34.1,32.2,31.5,31.6,True
2026-09-16 16:28:51.944,27.12,0.0,34.1,0.0,0.047,0.0,3.843,3.886,3.87,3.887,3.87,3.89,3.882,34.1,32.2,31.5,31.6,True
2026-09-16 16:28:56.667,27.13,0.0,34.0,0.0,0.047,0.0,3.843,3.886,3.87,3.888,3.871,3.89,3.882,34.0,32.3,31.5,31.6,True
2026-09-16 16:29:01.376,27.13,0.0,34.2,0.0,0.047,0.0,3.843,3.886,3.871,3.888,3.87,3.89,3.882,34.2,32.2,31.5,31.6,True
2026-09-16 16:29:05.856,27.13,0.0,34.2,0.0,0.047,0.0,3.843,3.885,3.871,3.888,3.871,3.89,3.882,34.2,32.1,31.6,31.5,True
2026-09-16 16:29:10.519,27.12,0.0,34.3,0.0,0.047,0.0,3.843,3.886,3.87,3.888,3.871,3.89,3.882,34.3,32.1,31.6,31.5,True
2026-09-16 16:29:15.048,27.13,0.0,34.1,0.0,0.047,0.0,3.843,3.886,3.87,3.888,3.871,3.89,3.882,34.1,32.2,31.5,31.5,True
2026-09-16 16:29:19.687,27.12,0.0,34.1,0.0,0.047,0.0,3.843,3.886,3.87,3.887,3.871,3.89,3.882,34.1,32.3,31.5,31.6,True
2026-09-16 16:29:24.226,27.12,0.0,34.1,0.0,0.047,0.0,3.843,3.886,3.87,3.887,3.871,3.89,3.882,34.1,32.3,31.5,31.6,True
2026-09-16 16:29:28.830,27.12,0.0,34.2,0.0,0.048,0.0,3.842,3.886,3.87,3.888,3.871,3.89,3.882,34.2,32.1,31.6,31.5,True
2026-09-16 16:29:33.289,27.13,0.0,34.2,0.0,0.047,0.0,3.843,3.885,3.871,3.888,3.871,3.89,3.882,34.2,32.1,31.6,31.6,True
2026-09-16 16:29:37.917,27.13,0.0,34.2,0.0,0.048,0.0,3.842,3.885,3.871,3.888,3.87,3.89,3.882,34.2,32.1,31.6,31.6,True
2026-09-16 16:29:42.593,27.13,0.0,34.2,0.0,0.048,0.0,3.842,3.885,3.871,3.888,3.87,3.89,3.882,34.2,32.2,31.6,31.5,True
2026-09-16 16:29:47.210,27.13,0.0,34.3,0.0,0.048,0.0,3.842,3.886,3.871,3.888,3.871,3.89,3.882,34.3,32.1,31.5,31.5,True
2026-09-16 16:29:51.839,27.12,0.0,34.3,0.0,0.048,0.0,3.842,3.885,3.871,3.888,3.871,3.89,3.882,34.3,32.1,31.6,31.4,True
2026-09-16 16:29:56.382,27.12,0.0,34.1,0.0,0.048,0.0,3.842,3.885,3.871,3.888,3.871,3.89,3.882,34.1,32.1,31.5,31.5,True
2026-09-16 16:30:02.456,27.12,0.0,34.2,0.0,0.047,0.0,3.843,3.885,3.871,3.887,3.871,3.89,3.882,34.2,32.2,31.5,31.5,True
2026-09-16 16:30:10.013,27.12,0.0,34.2,0.0,0.048,0.0,3.842,3.886,3.87,3.888,3.871,3.89,3.882,34.2,32.1,31.5,31.6,True
2026-09-16 16:30:19.830,27.12,0.0,34.2,0.0,0.048,0.0,3.842,3.886,3.87,3.888,3.87,3.89,3.882,34.2,32.1,31.5,31.6,True
2026-09-16 16:30:28.070,27.12,0.0,34.3,0.0,0.048,0.0,3.842,3.886,3.87,3.888,3.87,3.89,3.882,34.3,32.1,31.6,31.5,True
2026-09-16 16:30:33.170,27.12,0.0,34.3,0.0,0.048,0.0,3.842,3.886,3.87,3.888,3.871,3.89,3.882,34.3,32.1,31.6,31.5,True
2026-09-16 16:30:38.130,27.12,0.0,34.2,0.0,0.049,0.0,3.841,3.885,3.87,3.888,3.871,3.89,3.882,34.2,32.1,31.5,31.6,True
2026-09-16 16:30:42.884,27.12,0.0,34.2,0.0,0.048,0.0,3.842,3.886,3.87,3.888,3.871,3.89,3.882,34.2,32.1,31.4,31.6,True
2026-09-16 16:30:47.768,27.12,0.0,34.2,0.0,0.048,0.0,3.842,3.886,3.87,3.888,3.871,3.89,3.882,34.2,32.0,31.5,31.5,True
2026-09-16 16:30:52.817,27.12,0.0,34.2,0.0,0.049,0.0,3.841,3.886,3.87,3.888,3.87,3.89,3.882,34.2,32.1,31.4,31.6,True
2026-09-16 16:30:57.646,27.12,0.0,34.3,0.0,0.049,0.0,3.841,3.886,3.87,3.887,3.871,3.89,3.882,34.3,32.1,31.5,31.6,True
2026-09-16 16:31:02.655,27.12,0.0,34.3,0.0,0.049,0.0,3.841,3.886,3.87,3.888,3.871,3.89,3.882,34.3,32.0,31.5,31.5,True
2026-09-16 16:31:07.252,27.12,0.0,34.2,0.0,0.049,0.0,3.841,3.885,3.87,3.887,3.871,3.89,3.882,34.2,32.2,31.4,31.6,True
2026-09-16 16:31:11.964,27.12,0.0,34.2,0.0,0.049,0.0,3.841,3.886,3.871,3.888,3.871,3.89,3.882,34.2,32.1,31.5,31.6,True
2026-09-16 16:31:16.895,27.12,0.0,34.2,0.0,0.049,0.0,3.841,3.886,3.871,3.887,3.871,3.89,3.882,34.2,32.1,31.5,31.5,True
2026-09-16 16:31:21.862,27.12,0.0,34.2,0.0,0.049,0.0,3.841,3.886,3.87,3.888,3.871,3.89,3.882,34.2,32.2,31.5,31.6,True
2026-09-16 16:31:26.865,27.12,0.0,34.3,0.0,0.049,0.0,3.841,3.886,3.87,3.888,3.871,3.89,3.882,34.3,32.2,31.4,31.6,True
2026-09-16 16:31:31.640,27.12,0.0,34.2,0.0,0.049,0.0,3.841,3.886,3.871,3.887,3.871,3.89,3.882,34.2,32.2,31.5,31.6,True
2026-09-16 16:31:36.658,27.12,0.0,34.2,0.0,0.049,0.0,3.841,3.886,3.87,3.888,3.87,3.89,3.882,34.2,32.2,31.5,31.6,True
2026-09-16 16:31:41.583,27.12,0.0,34.2,0.0,0.049,0.0,3.841,3.886,3.87,3.888,3.87,3.89,3.882,34.2,32.1,31.5,31.6,True
2026-09-16 16:31:46.486,27.12,0.0,34.1,0.0,0.049,0.0,3.841,3.886,3.87,3.887,3.871,3.89,3.882,34.1,32.3,31.4,31.7,True
2026-09-16 16:31:51.360,27.12,0.0,34.1,0.0,0.05,0.0,3.84,3.885,3.87,3.888,3.871,3.89,3.882,34.1,32.2,31.4,31.7,True
2026-09-16 16:31:56.306,27.12,0.0,34.3,0.0,0.049,0.0,3.841,3.885,3.87,3.887,3.871,3.89,3.882,34.3,32.1,31.5,31.5,True
2026-09-16 16:32:01.340,27.12,0.0,34.2,0.0,0.049,0.0,3.841,3.886,3.87,3.887,3.871,3.89,3.882,34.2,32.2,31.5,31.6,True
2026-09-16 16:32:06.357,27.12,0.0,34.1,0.0,0.05,0.0,3.84,3.885,3.87,3.888,3.87,3.89,3.882,34.1,32.2,31.4,31.7,True
2026-09-16 16:32:11.322,27.12,0.0,34.3,0.0,0.049,0.0,3.841,3.886,3.87,3.887,3.871,3.89,3.882,34.3,32.1,31.5,31.6,True
2026-09-16 16:32:16.277,27.12,0.0,34.2,0.0,0.05,0.0,3.84,3.886,3.87,3.888,3.871,3.89,3.882,34.2,32.1,31.5,31.5,True
2026-09-16 16:32:21.176,27.12,0.0,34.3,0.0,0.05,0.0,3.84,3.885,3.871,3.887,3.87,3.89,3.882,34.3,32.1,31.5,31.5,True
2026-09-16 16:32:26.106,27.12,0.0,34.2,0.0,0.05,0.0,3.84,3.886,3.871,3.888,3.871,3.89,3.882,34.2,32.2,31.4,31.7,True
2026-09-16 16:32:31.026,27.12,0.0,34.2,0.0,0.05,0.0,3.84,3.885,3.871,3.887,3.871,3.89,3.882,34.2,32.2,31.5,31.5,True
2026-09-16 16:32:36.163,27.12,0.0,34.2,0.0,0.05,0.0,3.84,3.885,3.871,3.887,3.871,3.89,3.882,34.2,32.2,31.5,31.5,True
2026-09-16 16:32:41.058,27.12,0.0,34.2,0.0,0.05,0.0,3.84,3.886,3.87,3.888,3.87,3.89,3.882,34.2,32.2,31.4,31.6,True
2026-09-16 16:32:46.186,27.12,0.0,34.2,0.0,0.05,0.0,3.84,3.885,3.87,3.887,3.87,3.89,3.882,34.2,32.3,31.4,31.6,True
2026-09-16 16:32:51.007,27.12,0.0,34.3,0.0,0.05,0.0,3.84,3.886,3.87,3.887,3.871,3.89,3.882,34.3,32.1,31.4,31.6,True
2026-09-16 16:32:55.879,27.12,0.0,34.3,0.0,0.05,0.0,3.84,3.886,3.87,3.887,3.87,3.89,3.882,34.3,32.2,31.4,31.6,True
2026-09-16 16:33:01.138,27.12,0.0,34.3,0.0,0.05,0.0,3.84,3.886,3.87,3.888,3.871,3.89,3.882,34.3,32.2,31.4,31.6,True
2026-09-16 16:33:06.130,27.12,0.0,34.3,0.0,0.05,0.0,3.84,3.886,3.871,3.888,3.87,3.89,3.882,34.3,32.1,31.5,31.6,True
2026-09-16 16:33:10.874,27.12,0.0,34.3,0.0,0.051,0.0,3.839,3.885,3.87,3.888,3.87,3.89,3.882,34.3,32.1,31.5,31.6,True
2026-09-16 16:33:15.987,27.12,0.0,34.3,0.0,0.05,0.0,3.84,3.886,3.87,3.887,3.87,3.89,3.882,34.3,32.1,31.4,31.7,True
2026-09-16 16:33:21.093,27.12,0.0,34.3,0.0,0.05,0.0,3.84,3.886,3.87,3.887,3.871,3.89,3.882,34.3,32.1,31.5,31.5,True
2026-09-16 16:33:26.118,27.12,0.0,34.2,0.0,0.05,0.0,3.84,3.885,3.87,3.887,3.871,3.89,3.882,34.2,32.2,31.4,31.7,True
2026-09-16 16:33:31.243,27.12,0.0,34.3,0.0,0.05,0.0,3.84,3.886,3.87,3.887,3.871,3.89,3.882,34.3,32.1,31.5,31.6,True
2026-09-16 16:33:36.968,27.12,0.0,34.3,0.0,0.05,0.0,3.84,3.885,3.87,3.888,3.87,3.89,3.882,34.3,32.2,31.4,31.6,True
2026-09-16 16:33:41.527,27.12,0.0,34.3,0.0,0.05,0.0,3.84,3.886,3.87,3.887,3.871,3.89,3.882,34.3,32.0,31.4,31.6,True
2026-09-16 16:33:46.261,27.12,0.0,34.3,0.0,0.05,0.0,3.84,3.886,3.87,3.887,3.871,3.89,3.882,34.3,32.1,31.4,31.6,True
2026-09-16 16:33:50.852,27.12,0.0,34.3,0.0,0.05,0.0,3.84,3.886,3.87,3.887,3.871,3.89,3.882,34.3,32.1,31.5,31.5,True
2026-09-16 16:33:55.536,27.12,0.0,34.2,0.0,0.05,0.0,3.84,3.885,3.87,3.888,3.87,3.89,3.881,34.2,32.1,31.4,31.6,True
2026-09-16 16:34:00.489,27.12,0.0,34.3,0.0,0.05,0.0,3.84,3.885,3.87,3.888,3.87,3.89,3.881,34.3,32.1,31.4,31.6,True
2026-09-16 16:34:05.574,27.12,0.0,34.2,0.0,0.051,0.0,3.839,3.886,3.87,3.887,3.871,3.89,3.882,34.2,32.2,31.4,31.6,True
2026-09-16 16:34:10.623,27.12,0.0,34.2,0.0,0.051,0.0,3.839,3.886,3.87,3.887,3.871,3.89,3.882,34.2,32.2,31.4,31.6,True
2026-09-16 16:34:15.579,27.12,0.0,34.3,0.0,0.051,0.0,3.839,3.886,3.87,3.887,3.871,3.89,3.882,34.3,32.2,31.4,31.6,True
2026-09-16 16:34:20.905,27.12,0.0,34.3,0.0,0.051,0.0,3.839,3.885,3.87,3.887,3.871,3.89,3.882,34.3,32.2,31.4,31.6,True
2026-09-16 16:34:26.591,27.12,0.0,34.3,0.0,0.051,0.0,3.839,3.885,3.87,3.887,3.871,3.89,3.882,34.3,32.1,31.4,31.6,True
2026-09-16 16:34:31.584,27.12,0.0,34.3,0.0,0.051,0.0,3.839,3.885,3.87,3.887,3.871,3.89,3.882,34.3,32.1,31.4,31.6,True
2026-09-16 16:34:37.115,27.12,0.0,34.3,0.0,0.051,0.0,3.839,3.885,3.87,3.887,3.87,3.89,3.882,34.3,32.1,31.4,31.6,True
2026-09-16 16:34:42.309,27.12,0.0,34.3,0.0,0.051,0.0,3.839,3.885,3.87,3.887,3.87,3.89,3.882,34.3,32.1,31.4,31.6,True
2026-09-16 16:34:47.240,27.12,0.0,34.3,0.0,0.051,0.0,3.839,3.885,3.87,3.887,3.871,3.89,3.882,34.3,32.1,31.4,31.6,True
2026-09-16 16:34:52.418,27.12,0.0,34.3,0.0,0.051,0.0,3.839,3.885,3.87,3.887,3.87,3.89,3.882,34.3,32.1,31.5,31.5,True
2026-09-16 16:34:57.641,27.12,0.0,34.3,0.0,0.052,0.0,3.838,3.886,3.87,3.887,3.87,3.89,3.882,34.3,32.1,31.5,31.5,True
2026-09-16 16:35:02.320,27.12,0.0,34.3,0.0,0.051,0.0,3.839,3.886,3.87,3.888,3.87,3.89,3.881,34.3,32.1,31.4,31.6,True
2026-09-16 16:35:06.830,27.12,0.0,34.3,0.0,0.051,0.0,3.839,3.886,3.87,3.888,3.871,3.89,3.882,34.3,32.1,31.4,31.6,True
2026-09-16 16:35:11.788,27.12,0.0,34.3,0.0,0.051,0.0,3.839,3.885,3.87,3.887,3.871,3.89,3.882,34.3,32.1,31.4,31.6,True
2026-09-16 16:35:16.744,27.12,0.0,34.2,0.0,0.051,0.0,3.839,3.885,3.87,3.887,3.871,3.89,3.882,34.2,32.3,31.3,31.6,True
2026-09-16 16:35:21.497,27.12,0.0,34.3,0.0,0.052,0.0,3.838,3.885,3.87,3.887,3.87,3.89,3.882,34.3,32.2,31.3,31.7,True
2026-09-16 16:35:26.365,27.12,0.0,34.3,0.0,0.052,0.0,3.838,3.885,3.87,3.887,3.87,3.89,3.882,34.3,32.1,31.4,31.6,True
2026-09-16 16:35:31.269,27.12,0.0,34.3,0.0,0.051,0.0,3.839,3.885,3.87,3.887,3.87,3.89,3.881,34.3,32.1,31.4,31.6,True
2026-09-16 16:35:36.062,27.12,0.0,34.3,0.0,0.051,0.0,3.839,3.886,3.87,3.887,3.87,3.89,3.882,34.3,32.2,31.4,31.7,True
2026-09-16 16:35:40.691,27.12,0.0,34.3,0.0,0.051,0.0,3.839,3.886,3.87,3.887,3.87,3.89,3.882,34.3,32.2,31.4,31.6,True
2026-09-16 16:35:45.491,27.12,0.0,34.3,0.0,0.051,0.0,3.839,3.885,3.87,3.888,3.871,3.89,3.882,34.3,32.2,31.4,31.6,True
2026-09-16 16:35:50.262,27.12,0.0,34.3,0.0,0.051,0.0,3.839,3.885,3.87,3.888,3.871,3.89,3.882,34.3,32.1,31.4,31.6,True
2026-09-16 16:35:54.873,27.12,0.0,34.3,0.0,0.052,0.0,3.838,3.886,3.87,3.887,3.871,3.89,3.882,34.3,32.1,31.4,31.6,True
2026-09-16 16:35:59.619,27.12,0.0,34.3,0.0,0.051,0.0,3.839,3.885,3.87,3.887,3.87,3.89,3.882,34.3,32.2,31.3,31.6,True
2026-09-16 16:36:04.676,27.12,0.0,34.3,0.0,0.052,0.0,3.838,3.885,3.87,3.887,3.871,3.89,3.882,34.3,32.2,31.3,31.6,True
2026-09-16 16:36:09.472,27.12,0.0,34.2,0.0,0.051,0.0,3.839,3.885,3.87,3.887,3.87,3.89,3.882,34.2,32.2,31.2,31.7,True
2026-09-16 16:36:14.184,27.12,0.0,34.3,0.0,0.051,0.0,3.839,3.885,3.87,3.887,3.87,3.89,3.882,34.3,32.2,31.4,31.7,True
2026-09-16 16:36:18.880,27.12,0.0,34.3,0.0,0.051,0.0,3.839,3.886,3.87,3.887,3.87,3.89,3.882,34.3,32.2,31.4,31.7,True
2026-09-16 16:36:23.827,27.12,0.0,34.4,0.0,0.052,0.0,3.838,3.885,3.87,3.888,3.87,3.89,3.882,34.4,32.1,31.5,31.6,True
2026-09-16 16:36:28.546,27.12,0.0,34.4,0.0,0.052,0.0,3.838,3.885,3.87,3.887,3.871,3.89,3.881,34.4,32.1,31.3,31.7,True
2026-09-16 16:36:33.483,27.12,0.0,34.3,0.0,0.053,0.0,3.837,3.885,3.87,3.888,3.871,3.89,3.882,34.3,32.0,31.5,31.6,True
2026-09-16 16:36:38.454,27.12,0.0,34.3,0.0,0.052,0.0,3.838,3.885,3.87,3.887,3.87,3.89,3.882,34.3,32.2,31.4,31.7,True
2026-09-16 16:36:43.943,27.12,0.0,34.3,0.0,0.052,0.0,3.838,3.885,3.87,3.887,3.871,3.89,3.882,34.3,32.1,31.4,31.6,True
2026-09-16 16:36:49.111,27.12,0.0,34.4,0.0,0.052,0.0,3.838,3.885,3.87,3.887,3.87,3.89,3.882,34.4,32.0,31.5,31.6,True
2026-09-16 16:36:54.028,27.12,0.0,34.4,0.0,0.052,0.0,3.838,3.885,3.87,3.887,3.87,3.89,3.882,34.4,32.0,31.5,31.5,True
2026-09-16 16:36:59.018,27.12,0.0,34.3,0.0,0.052,0.0,3.838,3.886,3.87,3.887,3.87,3.89,3.882,34.3,32.2,31.3,31.7,True
2026-09-16 16:37:04.160,27.12,0.0,34.4,0.0,0.052,0.0,3.838,3.885,3.87,3.887,3.871,3.89,3.882,34.4,32.2,31.4,31.6,True
2026-09-16 16:37:09.284,27.12,0.0,34.4,0.0,0.052,0.0,3.838,3.885,3.87,3.887,3.871,3.89,3.882,34.4,32.2,31.4,31.6,True
2026-09-16 16:37:14.532,27.12,0.0,34.3,0.0,0.052,0.0,3.838,3.885,3.87,3.887,3.871,3.89,3.882,34.3,32.1,31.4,31.6,True
2026-09-16 16:37:20.037,27.12,0.0,34.4,0.0,0.052,0.0,3.838,3.885,3.87,3.887,3.87,3.89,3.882,34.4,32.0,31.5,31.5,True
2026-09-16 16:37:25.566,27.12,0.0,34.4,0.0,0.052,0.0,3.838,3.885,3.87,3.887,3.87,3.89,3.882,34.4,32.0,31.5,31.5,True
2026-09-16 16:37:30.392,27.12,0.0,34.3,0.0,0.052,0.0,3.838,3.885,3.87,3.887,3.87,3.89,3.882,34.3,32.2,31.4,31.6,True
2026-09-16 16:37:35.568,27.12,0.0,34.4,0.0,0.052,0.0,3.838,3.885,3.87,3.887,3.87,3.89,3.882,34.4,32.2,31.3,31.7,True
2026-09-16 16:37:40.453,27.12,0.0,34.4,0.0,0.052,0.0,3.838,3.885,3.87,3.887,3.87,3.89,3.882,34.4,32.1,31.4,31.6,True
2026-09-16 16:37:45.358,27.12,0.0,34.3,0.0,0.052,0.0,3.838,3.885,3.87,3.887,3.87,3.89,3.882,34.3,32.2,31.4,31.6,True
2026-09-16 16:37:50.276,27.12,0.0,34.3,0.0,0.052,0.0,3.838,3.885,3.87,3.887,3.87,3.89,3.882,34.3,32.1,31.5,31.6,True
2026-09-16 16:37:55.102,27.12,0.0,34.3,0.0,0.053,0.0,3.837,3.885,3.87,3.887,3.87,3.89,3.881,34.3,32.2,31.3,31.7,True
2026-09-16 16:38:00.061,27.12,0.0,34.2,0.0,0.053,0.0,3.837,3.885,3.87,3.887,3.87,3.89,3.881,34.2,32.2,31.4,31.7,True
2026-09-16 16:38:05.680,27.12,0.0,34.2,0.0,0.053,0.0,3.837,3.886,3.87,3.887,3.87,3.89,3.882,34.2,32.2,31.4,31.7,True
2026-09-16 16:38:11.072,27.12,0.0,34.4,0.0,0.052,0.0,3.838,3.885,3.87,3.887,3.871,3.89,3.882,34.4,32.1,31.4,31.6,True
2026-09-16 16:38:16.285,27.12,0.0,34.4,0.0,0.052,0.0,3.838,3.885,3.87,3.887,3.871,3.89,3.882,34.4,32.1,31.4,31.6,True
2026-09-16 16:38:21.084,27.12,0.0,34.3,0.0,0.052,0.0,3.838,3.885,3.87,3.887,3.871,3.89,3.882,34.3,32.2,31.2,31.8,True
2026-09-16 16:38:25.552,27.12,0.0,34.4,0.0,0.052,0.0,3.838,3.885,3.87,3.887,3.871,3.89,3.882,34.4,32.0,31.5,31.5,True
2026-09-16 16:38:30.800,27.12,0.0,34.3,0.0,0.052,0.0,3.838,3.885,3.87,3.887,3.871,3.89,3.882,34.3,32.1,31.4,31.6,True
2026-09-16 16:38:35.666,27.12,0.0,34.3,0.0,0.052,0.0,3.838,3.885,3.87,3.887,3.871,3.89,3.882,34.3,32.2,31.4,31.6,True
2026-09-16 16:38:40.504,27.12,0.0,34.3,0.0,0.053,0.0,3.837,3.885,3.87,3.887,3.87,3.89,3.881,34.3,32.2,31.3,31.7,True
2026-09-16 16:38:45.847,27.12,0.0,34.3,0.0,0.052,0.0,3.838,3.885,3.87,3.887,3.871,3.89,3.882,34.3,32.2,31.4,31.7,True
2026-09-16 16:38:50.637,27.12,0.0,34.3,0.0,0.052,0.0,3.838,3.885,3.87,3.887,3.87,3.89,3.881,34.3,32.2,31.4,31.7,True
2026-09-16 16:38:55.390,27.12,0.0,34.4,0.0,0.052,0.0,3.838,3.885,3.87,3.887,3.87,3.89,3.881,34.4,32.1,31.4,31.6,True
2026-09-16 16:39:00.136,27.12,0.0,34.3,0.0,0.053,0.0,3.837,3.885,3.87,3.887,3.87,3.89,3.882,34.3,32.1,31.3,31.7,True
2026-09-16 16:39:04.876,27.12,0.0,34.3,0.0,0.052,0.0,3.838,3.885,3.87,3.887,3.87,3.89,3.881,34.3,32.1,31.3,31.7,True
2026-09-16 16:39:10.410,27.12,0.0,34.4,0.0,0.053,0.0,3.837,3.886,3.87,3.887,3.87,3.89,3.881,34.4,32.2,31.4,31.6,True
2026-09-16 16:39:15.432,27.12,0.0,34.3,0.0,0.053,0.0,3.837,3.885,3.87,3.887,3.871,3.89,3.882,34.3,32.1,31.4,31.7,True
2026-09-16 16:39:20.187,27.12,0.0,34.3,0.0,0.053,0.0,3.837,3.885,3.87,3.887,3.87,3.89,3.882,34.3,32.1,31.4,31.7,True
2026-09-16 16:39:25.355,27.12,0.0,34.3,0.0,0.053,0.0,3.837,3.885,3.87,3.887,3.87,3.89,3.882,34.3,32.2,31.3,31.7,True
2026-09-16 16:39:30.341,27.12,0.0,34.3,0.0,0.053,0.0,3.837,3.885,3.87,3.887,3.87,3.89,3.882,34.3,32.2,31.4,31.6,True
2026-09-16 16:39:35.081,27.12,0.0,34.3,0.0,0.053,0.0,3.837,3.885,3.87,3.887,3.87,3.89,3.882,34.3,32.2,31.4,31.6,True
2026-09-16 16:39:39.737,27.12,0.0,34.4,0.0,0.053,0.0,3.837,3.886,3.87,3.887,3.871,3.89,3.882,34.4,32.2,31.3,31.7,True
2026-09-16 16:39:44.563,27.12,0.0,34.4,0.0,0.053,0.0,3.837,3.886,3.87,3.887,3.871,3.89,3.882,34.4,32.2,31.3,31.7,True
2026-09-16 16:39:49.245,27.12,0.0,34.4,0.0,0.053,0.0,3.837,3.885,3.87,3.887,3.87,3.89,3.882,34.4,32.2,31.3,31.7,True
2026-09-16 16:39:53.814,27.12,0.0,34.4,0.0,0.053,0.0,3.837,3.885,3.87,3.887,3.87,3.89,3.882,34.4,32.1,31.3,31.7,True
2026-09-16 16:39:58.841,27.12,0.0,34.3,0.0,0.053,0.0,3.837,3.885,3.87,3.887,3.87,3.89,3.882,34.3,32.2,31.3,31.7,True
2026-09-16 16:40:04.530,27.12,0.0,34.3,0.0,0.053,0.0,3.837,3.885,3.87,3.888,3.871,3.89,3.882,34.3,32.2,31.3,31.7,True
2026-09-16 16:40:09.386,27.12,0.0,34.3,0.0,0.052,0.0,3.837,3.886,3.87,3.887,3.87,3.889,3.882,34.3,32.2,31.3,31.7,True
2026-09-16 16:40:14.484,27.12,0.0,34.3,0.0,0.052,0.0,3.837,3.886,3.87,3.887,3.87,3.889,3.882,34.3,32.2,31.3,31.8,True
2026-09-16 16:40:19.604,27.12,0.0,34.3,0.0,0.052,0.0,3.837,3.886,3.87,3.887,3.87,3.889,3.882,34.3,32.2,31.3,31.7,True
2026-09-16 16:40:24.065,27.12,0.0,34.3,0.0,0.053,0.0,3.837,3.885,3.87,3.887,3.87,3.89,3.881,34.3,32.2,31.4,31.6,True
2026-09-16 16:40:32.492,27.12,0.0,34.3,0.0,0.053,0.0,3.837,3.885,3.87,3.887,3.87,3.89,3.881,34.3,32.2,31.4,31.6,True
2026-09-16 16:40:37.317,27.12,0.0,34.3,0.0,0.053,0.0,3.837,3.885,3.87,3.887,3.87,3.89,3.881,34.3,32.2,31.3,31.7,True
2026-09-16 16:40:42.158,27.12,0.0,34.3,0.0,0.053,0.0,3.837,3.886,3.87,3.887,3.87,3.89,3.882,34.3,32.2,31.3,31.7,True
2026-09-16 16:40:46.945,27.12,0.0,34.3,0.0,0.053,0.0,3.837,3.886,3.87,3.887,3.87,3.89,3.882,34.3,32.2,31.3,31.7,True
2026-09-16 16:40:51.874,27.12,0.0,34.3,0.0,0.053,0.0,3.837,3.885,3.87,3.887,3.87,3.89,3.881,34.3,32.2,31.3,31.7,True
2026-09-16 16:40:56.655,27.12,0.0,34.4,0.0,0.053,0.0,3.837,3.885,3.87,3.887,3.87,3.89,3.881,34.4,32.0,31.6,31.6,True
2026-09-16 16:41:01.451,27.12,0.0,34.3,0.0,0.053,0.0,3.837,3.885,3.87,3.887,3.87,3.89,3.882,34.3,32.2,31.4,31.6,True
2026-09-16 16:41:06.204,27.12,0.0,34.4,0.0,0.054,0.0,3.836,3.885,3.87,3.887,3.87,3.89,3.882,34.4,32.1,31.4,31.6,True
2026-09-16 16:41:10.767,27.11,0.0,34.3,0.0,0.054,0.0,3.836,3.885,3.87,3.887,3.87,3.89,3.882,34.3,32.1,31.4,31.6,True
2026-09-16 16:41:15.844,27.12,0.0,34.5,0.0,0.054,0.0,3.836,3.885,3.87,3.887,3.87,3.89,3.881,34.5,32.0,31.4,31.6,True
2026-09-16 16:41:20.773,27.12,0.0,34.3,0.0,0.053,0.0,3.837,3.885,3.87,3.887,3.87,3.89,3.881,34.3,32.2,31.4,31.7,True
2026-09-16 16:41:25.555,27.12,0.0,34.3,0.0,0.053,0.0,3.837,3.885,3.87,3.887,3.87,3.89,3.881,34.3,32.2,31.4,31.7,True
2026-09-16 16:41:30.343,27.12,0.0,34.3,0.0,0.053,0.0,3.837,3.885,3.87,3.887,3.87,3.89,3.882,34.3,32.2,31.4,31.7,True
2026-09-16 16:41:35.365,27.12,0.0,34.3,0.0,0.053,0.0,3.837,3.885,3.87,3.887,3.87,3.89,3.882,34.3,32.2,31.4,31.7,True
2026-09-16 16:41:40.618,27.12,0.0,34.3,0.0,0.053,0.0,3.837,3.885,3.87,3.887,3.87,3.89,3.882,34.3,32.2,31.4,31.7,True
2026-09-16 16:41:45.743,27.12,0.0,34.3,0.0,0.054,0.0,3.836,3.885,3.87,3.887,3.87,3.89,3.881,34.3,32.2,31.4,31.7,True
2026-09-16 16:41:50.891,27.11,0.0,34.3,0.0,0.053,0.0,3.836,3.885,3.87,3.887,3.87,3.889,3.882,34.3,32.1,31.4,31.7,True
2026-09-16 16:41:57.481,27.11,0.0,34.3,0.0,0.053,0.0,3.836,3.885,3.87,3.887,3.87,3.889,3.882,34.3,32.1,31.4,31.7,True
2026-09-16 16:42:02.679,27.12,0.0,34.4,0.0,0.053,0.0,3.836,3.885,3.87,3.887,3.87,3.889,3.882,34.4,32.2,31.4,31.6,True
2026-09-16 16:42:07.745,27.11,0.0,34.4,0.0,0.053,0.0,3.837,3.885,3.87,3.887,3.87,3.89,3.882,34.4,32.2,31.3,31.7,True
2026-09-16 16:42:12.563,27.12,0.0,34.3,0.0,0.054,0.0,3.836,3.885,3.87,3.887,3.87,3.89,3.881,34.3,32.2,31.2,31.7,True
2026-09-16 16:42:17.437,27.12,0.0,34.3,0.0,0.054,0.0,3.836,3.885,3.87,3.888,3.87,3.89,3.882,34.3,32.2,31.2,31.7,True
2026-09-16 16:42:22.548,27.11,0.0,34.4,0.0,0.054,0.0,3.836,3.886,3.87,3.887,3.871,3.89,3.881,34.4,32.1,31.4,31.6,True
2026-09-16 16:42:27.425,27.12,0.0,34.4,0.0,0.054,0.0,3.836,3.886,3.87,3.887,3.871,3.89,3.881,34.4,32.1,31.4,31.6,True
2026-09-16 16:42:32.561,27.12,0.0,34.4,0.0,0.054,0.0,3.836,3.885,3.87,3.887,3.87,3.89,3.882,34.4,32.1,31.4,31.6,True
2026-09-16 16:42:37.690,27.12,0.0,34.6,0.0,0.054,0.0,3.836,3.885,3.87,3.887,3.87,3.89,3.882,34.6,32.1,31.5,31.6,True
2026-09-16 16:42:42.741,27.12,0.0,34.6,0.0,0.054,0.0,3.836,3.885,3.87,3.887,3.87,3.89,3.882,34.6,32.1,31.5,31.6,True
2026-09-16 16:42:47.480,27.12,0.0,34.5,0.0,0.054,0.0,3.836,3.885,3.87,3.887,3.87,3.89,3.881,34.5,32.0,31.5,31.6,True
2026-09-16 16:42:52.477,27.11,0.0,34.4,0.0,0.054,0.0,3.836,3.885,3.87,3.887,3.87,3.89,3.881,34.4,32.1,31.4,31.6,True
2026-09-16 16:42:57.128,27.11,0.0,34.4,0.0,0.054,0.0,3.836,3.885,3.87,3.887,3.87,3.89,3.881,34.4,32.2,31.4,31.7,True
2026-09-16 16:43:02.109,27.11,0.0,34.4,0.0,0.054,0.0,3.836,3.885,3.87,3.887,3.87,3.89,3.881,34.4,32.2,31.4,31.7,True
2026-09-16 16:43:07.300,27.11,0.0,34.3,0.0,0.054,0.0,3.836,3.885,3.87,3.887,3.87,3.89,3.881,34.3,32.2,31.4,31.6,True
2026-09-16 16:43:12.285,27.11,0.0,34.3,0.0,0.054,0.0,3.836,3.885,3.87,3.887,3.87,3.89,3.881,34.3,32.2,31.4,31.6,True
2026-09-16 16:43:17.247,27.11,0.0,34.5,0.0,0.053,0.0,3.836,3.885,3.87,3.887,3.87,3.889,3.882,34.5,32.1,31.4,31.7,True
2026-09-16 16:43:22.126,27.12,0.0,34.4,0.0,0.053,0.0,3.836,3.885,3.87,3.887,3.87,3.889,3.882,34.4,32.2,31.4,31.7,True
2026-09-16 16:43:27.530,27.12,0.0,34.4,0.0,0.053,0.0,3.836,3.885,3.87,3.887,3.87,3.889,3.882,34.4,32.2,31.4,31.7,True
2026-09-16 16:43:32.363,27.12,0.0,34.4,0.0,0.054,0.0,3.836,3.885,3.87,3.887,3.87,3.89,3.881,34.4,32.2,31.4,31.7,True
2026-09-16 16:43:35.370,27.12,0.0,34.4,0.0,0.053,0.001,3.836,3.885,3.87,3.887,3.87,3.889,3.882,34.4,32.2,31.3,31.7,True
2026-09-16 16:43:39.031,27.11,0.0,34.5,0.0,0.054,0.0,3.836,3.885,3.87,3.887,3.87,3.89,3.881,34.5,32.0,31.5,31.6,True
2026-09-16 16:43:44.112,27.11,0.0,34.5,0.0,0.054,0.0,3.836,3.885,3.87,3.887,3.87,3.89,3.881,34.5,32.0,31.5,31.6,True
2026-09-16 16:43:49.003,27.12,0.0,34.4,0.0,0.054,0.0,3.836,3.885,3.87,3.887,3.87,3.89,3.882,34.4,32.1,31.4,31.6,True
2026-09-16 16:43:54.864,27.11,0.0,34.5,0.0,0.054,0.0,3.836,3.885,3.87,3.887,3.87,3.89,3.881,34.5,32.1,31.5,31.7,True
2026-09-16 16:43:59.867,27.11,0.0,34.4,0.0,0.053,0.0,3.836,3.885,3.87,3.887,3.87,3.889,3.881,34.4,32.1,31.4,31.6,True
2026-09-16 16:44:04.931,27.12,0.0,34.4,0.0,0.053,0.0,3.836,3.885,3.87,3.887,3.87,3.889,3.881,34.4,32.2,31.4,31.7,True
2026-09-16 16:44:10.106,27.12,0.0,34.4,0.0,0.054,0.0,3.836,3.885,3.87,3.887,3.87,3.89,3.882,34.4,32.2,31.4,31.7,True
2026-09-16 16:44:15.109,27.11,0.0,34.5,0.0,0.054,0.0,3.836,3.885,3.87,3.887,3.87,3.89,3.882,34.5,32.1,31.4,31.6,True
2026-09-16 16:44:20.191,27.11,0.0,34.5,0.0,0.054,0.0,3.836,3.885,3.87,3.887,3.87,3.89,3.882,34.5,32.1,31.4,31.6,True
2026-09-16 16:44:25.268,27.11,0.0,34.3,0.0,0.054,0.0,3.836,3.885,3.87,3.887,3.87,3.89,3.882,34.3,32.2,31.2,31.8,True
2026-09-16 16:44:31.071,27.12,0.0,34.5,0.0,0.054,0.0,3.836,3.885,3.87,3.887,3.87,3.89,3.882,34.5,32.0,31.5,31.6,True
2026-09-16 16:44:36.109,27.11,0.0,34.4,0.0,0.054,0.0,3.836,3.885,3.87,3.887,3.87,3.89,3.881,34.4,32.2,31.4,31.7,True
2026-09-16 16:44:41.082,27.11,0.0,34.4,0.0,0.054,0.0,3.836,3.885,3.87,3.887,3.87,3.89,3.881,34.4,32.2,31.4,31.7,True
2026-09-16 16:44:45.984,27.11,0.0,34.4,0.0,0.055,0.0,3.835,3.885,3.87,3.887,3.87,3.89,3.882,34.4,32.2,31.4,31.7,True
2026-09-16 16:44:51.305,27.11,0.0,34.4,0.0,0.054,0.0,3.835,3.885,3.87,3.887,3.87,3.889,3.881,34.4,32.1,31.4,31.7,True
2026-09-16 16:44:56.560,27.11,0.0,34.4,0.0,0.055,0.0,3.835,3.885,3.87,3.887,3.87,3.89,3.881,34.4,32.1,31.4,31.7,True
2026-09-16 16:45:01.691,27.11,0.0,34.4,0.0,0.055,0.0,3.835,3.885,3.87,3.887,3.87,3.89,3.881,34.4,32.1,31.4,31.7,True
2026-09-16 16:45:06.780,27.11,0.0,34.4,0.0,0.055,0.0,3.835,3.885,3.87,3.887,3.87,3.89,3.881,34.4,32.2,31.3,31.7,True
2026-09-16 16:45:11.765,27.11,0.0,34.4,0.0,0.055,0.0,3.835,3.885,3.87,3.887,3.87,3.89,3.881,34.4,32.1,31.4,31.7,True
2026-09-16 16:45:16.719,27.11,0.0,34.4,0.0,0.055,0.0,3.835,3.885,3.87,3.887,3.87,3.89,3.881,34.4,32.1,31.4,31.7,True
2026-09-16 16:45:21.864,27.11,0.0,34.3,0.0,0.055,0.0,3.835,3.885,3.87,3.887,3.87,3.89,3.881,34.3,32.3,31.4,31.6,True
2026-09-16 16:45:25.674,27.12,0.0,34.4,0.0,0.055,0.0,3.835,3.885,3.87,3.887,3.87,3.89,3.881,34.4,32.2,31.4,31.7,True
2026-09-16 16:45:30.053,27.11,0.0,34.4,0.0,0.055,0.0,3.835,3.885,3.87,3.887,3.87,3.89,3.881,34.4,32.1,31.4,31.7,True
2026-09-16 16:45:33.943,27.11,0.0,34.3,0.0,0.055,0.0,3.835,3.885,3.87,3.887,3.87,3.89,3.881,34.3,32.1,31.4,31.6,True
2026-09-16 16:45:37.687,27.11,0.0,34.3,0.0,0.055,0.0,3.835,3.885,3.87,3.887,3.87,3.89,3.882,34.3,32.1,31.4,31.6,True
2026-09-16 16:45:41.704,27.11,0.0,34.4,0.0,0.055,0.0,3.835,3.885,3.87,3.887,3.87,3.89,3.882,34.4,32.1,31.4,31.7,True
2026-09-16 16:45:45.745,27.11,0.0,34.5,0.0,0.055,0.0,3.835,3.885,3.87,3.887,3.87,3.89,3.882,34.5,32.0,31.4,31.6,True
2026-09-16 16:45:49.513,27.11,0.0,34.4,0.0,0.055,0.0,3.835,3.885,3.87,3.887,3.87,3.89,3.882,34.4,32.2,31.4,31.7,True
2026-09-16 16:45:53.821,27.11,0.0,34.3,0.0,0.054,0.0,3.835,3.885,3.87,3.887,3.87,3.889,3.881,34.3,32.2,31.3,31.7,True
2026-09-16 16:45:58.618,27.11,0.0,34.4,0.0,0.055,0.0,3.835,3.885,3.87,3.887,3.87,3.89,3.881,34.4,32.1,31.4,31.7,True
2026-09-16 16:46:03.544,27.11,0.0,34.5,0.0,0.055,0.0,3.835,3.885,3.87,3.887,3.87,3.89,3.881,34.5,32.1,31.4,31.7,True
2026-09-16 16:46:08.542,27.12,0.0,34.4,0.0,0.055,0.0,3.835,3.885,3.87,3.887,3.87,3.89,3.882,34.4,32.2,31.4,31.7,True
2026-09-16 16:46:13.555,27.11,0.0,34.4,0.0,0.055,0.0,3.835,3.885,3.87,3.887,3.87,3.89,3.881,34.4,32.2,31.4,31.8,True
2026-09-16 16:46:18.513,27.11,0.0,34.5,0.0,0.055,0.0,3.835,3.885,3.87,3.887,3.87,3.89,3.881,34.5,32.1,31.4,31.6,True
2026-09-16 16:46:23.535,27.11,0.0,34.5,0.0,0.054,0.0,3.835,3.885,3.87,3.887,3.87,3.889,3.882,34.5,32.1,31.4,31.7,True
2026-09-16 16:46:28.654,27.11,0.0,34.3,0.0,0.055,0.0,3.835,3.885,3.87,3.887,3.87,3.89,3.881,34.3,32.2,31.3,31.7,True
2026-09-16 16:46:33.605,27.12,0.0,34.5,0.0,0.055,0.0,3.835,3.885,3.87,3.887,3.87,3.89,3.882,34.5,32.0,31.5,31.6,True
2026-09-16 16:46:38.822,27.11,0.0,34.4,0.0,0.054,0.0,3.835,3.885,3.87,3.887,3.87,3.889,3.882,34.4,32.1,31.4,31.7,True
2026-09-16 16:46:43.792,27.11,0.0,34.5,0.0,0.054,0.0,3.835,3.885,3.87,3.887,3.87,3.889,3.882,34.5,32.1,31.4,31.6,True
2026-09-16 16:46:49.020,27.11,0.0,34.5,0.0,0.055,0.0,3.835,3.885,3.87,3.887,3.87,3.89,3.881,34.5,32.1,31.4,31.6,True
2026-09-16 16:46:53.867,27.11,0.0,34.4,0.0,0.054,0.0,3.836,3.885,3.87,3.887,3.87,3.89,3.881,34.4,32.1,31.4,31.6,True
2026-09-16 16:46:58.748,27.11,0.0,34.4,0.0,0.055,0.0,3.834,3.885,3.87,3.887,3.87,3.889,3.882,34.4,32.1,31.4,31.7,True
2026-09-16 16:47:03.686,27.11,0.0,34.4,0.0,0.054,0.0,3.836,3.885,3.87,3.887,3.87,3.89,3.882,34.4,32.2,31.3,31.7,True
2026-09-16 16:47:08.739,27.11,0.0,34.4,0.0,0.055,0.0,3.835,3.885,3.87,3.887,3.87,3.89,3.882,34.4,32.2,31.3,31.7,True
2026-09-16 16:47:13.591,27.11,0.0,34.4,0.0,0.055,0.0,3.835,3.885,3.87,3.887,3.87,3.89,3.882,34.4,32.2,31.3,31.7,True
2026-09-16 16:47:19.032,27.11,0.0,34.4,0.0,0.056,0.0,3.834,3.885,3.87,3.887,3.87,3.89,3.881,34.4,32.2,31.3,31.7,True
2026-09-16 16:47:25.033,27.11,0.0,34.4,0.0,0.056,0.0,3.834,3.885,3.87,3.887,3.87,3.89,3.881,34.4,32.2,31.3,31.7,True
2026-09-16 16:47:30.273,27.11,0.0,34.4,0.0,0.055,0.0,3.835,3.885,3.87,3.887,3.87,3.89,3.881,34.4,32.3,31.2,31.9,True
2026-09-16 16:47:35.004,27.11,0.0,34.4,0.0,0.055,0.0,3.835,3.885,3.87,3.887,3.87,3.89,3.881,34.4,32.1,31.3,31.7,True
2026-09-16 16:47:41.035,27.11,0.0,34.4,0.0,0.054,0.0,3.835,3.885,3.87,3.887,3.87,3.889,3.882,34.4,32.2,31.4,31.7,True
2026-09-16 16:47:45.972,27.11,0.0,34.4,0.0,0.055,0.0,3.835,3.885,3.87,3.887,3.87,3.89,3.881,34.4,32.2,31.4,31.7,True
2026-09-16 16:47:51.158,27.11,0.0,34.4,0.0,0.054,0.0,3.835,3.885,3.87,3.887,3.87,3.889,3.881,34.4,32.1,31.4,31.6,True
2026-09-16 16:47:57.262,27.11,0.0,34.4,0.0,0.055,0.0,3.834,3.885,3.87,3.887,3.87,3.889,3.881,34.4,32.2,31.4,31.7,True
2026-09-16 16:48:02.280,27.11,0.0,34.4,0.0,0.055,0.0,3.835,3.885,3.87,3.887,3.87,3.89,3.881,34.4,32.2,31.4,31.7,True
2026-09-16 16:48:09.108,27.11,0.0,34.4,0.0,0.055,0.0,3.835,3.885,3.87,3.887,3.87,3.89,3.881,34.4,32.3,31.2,31.8,True
2026-09-16 16:48:17.754,27.11,0.0,34.4,0.0,0.055,0.0,3.835,3.885,3.87,3.887,3.87,3.89,3.881,34.4,32.2,31.3,31.7,True
2026-09-16 16:48:25.167,27.11,0.0,34.4,0.0,0.056,0.0,3.834,3.885,3.87,3.887,3.87,3.89,3.881,34.4,32.2,31.3,31.7,True
2026-09-16 16:48:30.985,27.11,0.0,34.5,0.0,0.056,0.0,3.834,3.885,3.87,3.887,3.87,3.89,3.881,34.5,32.2,31.4,31.7,True
2026-09-16 16:48:37.179,27.11,0.0,34.5,0.0,0.056,0.0,3.834,3.885,3.87,3.887,3.87,3.89,3.881,34.5,32.1,31.4,31.7,True
2026-09-16 16:48:44.912,27.11,0.0,34.5,0.0,0.056,0.0,3.834,3.885,3.869,3.887,3.87,3.89,3.881,34.5,32.1,31.3,31.7,True
2026-09-16 16:48:53.535,27.11,0.0,34.4,0.0,0.056,0.0,3.834,3.885,3.869,3.887,3.87,3.89,3.881,34.4,32.1,31.4,31.6,True
2026-09-16 16:49:01.730,27.11,0.0,34.4,0.0,0.056,0.0,3.834,3.885,3.87,3.887,3.87,3.89,3.881,34.4,32.1,31.4,31.6,True
2026-09-16 16:49:08.345,27.11,0.0,34.4,0.0,0.056,0.0,3.834,3.885,3.87,3.887,3.87,3.89,3.881,34.4,32.1,31.4,31.7,True
2026-09-16 16:49:13.847,27.11,0.0,34.4,0.0,0.056,0.0,3.834,3.885,3.87,3.887,3.87,3.89,3.881,34.4,32.1,31.4,31.6,True
2026-09-16 16:49:19.584,27.11,0.0,34.4,0.0,0.056,0.0,3.834,3.885,3.87,3.887,3.87,3.89,3.881,34.4,32.2,31.4,31.7,True
2026-09-16 16:49:25.448,27.11,0.0,34.5,0.0,0.056,0.0,3.834,3.885,3.87,3.887,3.87,3.89,3.882,34.5,32.1,31.4,31.7,True
2026-09-16 16:49:31.466,27.11,0.0,34.5,0.0,0.056,0.0,3.834,3.885,3.87,3.887,3.87,3.89,3.882,34.5,32.1,31.4,31.7,True
2026-09-16 16:49:37.678,27.11,0.0,34.4,0.0,0.056,0.0,3.834,3.885,3.87,3.887,3.87,3.89,3.881,34.4,32.2,31.4,31.7,True
2026-09-16 16:49:42.714,27.11,0.0,34.4,0.0,0.054,0.0,3.835,3.885,3.87,3.887,3.87,3.889,3.882,34.4,32.2,31.4,31.7,True
2026-09-16 16:49:48.602,27.11,0.0,34.4,0.0,0.054,0.0,3.835,3.885,3.87,3.887,3.87,3.889,3.882,34.4,32.1,31.4,31.6,True
2026-09-16 16:49:53.810,27.11,0.0,34.6,0.0,0.054,0.0,3.835,3.885,3.87,3.887,3.87,3.889,3.882,34.6,32.1,31.4,31.7,True
2026-09-16 16:49:59.578,27.11,0.0,34.5,0.0,0.055,0.0,3.834,3.885,3.87,3.887,3.87,3.889,3.881,34.5,32.1,31.4,31.6,True
2026-09-16 16:50:05.651,27.11,0.0,34.5,0.0,0.055,0.0,3.834,3.885,3.87,3.887,3.87,3.889,3.881,34.5,32.2,31.4,31.7,True
2026-09-16 16:50:10.875,27.11,0.0,34.5,0.0,0.056,0.0,3.834,3.885,3.87,3.887,3.87,3.89,3.881,34.5,32.2,31.4,31.7,True
2026-09-16 16:50:16.000,27.11,0.0,34.5,0.0,0.056,0.0,3.834,3.885,3.87,3.887,3.87,3.89,3.881,34.5,32.2,31.4,31.7,True
2026-09-16 16:50:21.373,27.11,0.0,34.4,0.0,0.056,0.0,3.834,3.885,3.87,3.887,3.87,3.89,3.881,34.4,32.1,31.4,31.6,True
2026-09-16 16:50:26.208,27.11,0.0,34.6,0.0,0.056,0.0,3.834,3.885,3.87,3.887,3.87,3.89,3.881,34.6,32.1,31.4,31.6,True
2026-09-16 16:50:31.377,27.11,0.0,34.6,0.0,0.056,0.0,3.834,3.885,3.87,3.887,3.87,3.89,3.881,34.6,32.1,31.5,31.6,True
2026-09-16 17:01:49.623,27.11,0.0,34.6,0.0,0.056,0.0,3.833,3.885,3.87,3.887,3.87,3.889,3.881,34.6,32.1,31.5,31.6,True
2026-09-16 17:01:51.786,27.11,0.0,34.6,0.0,0.056,0.0,3.833,3.885,3.87,3.887,3.87,3.889,3.881,34.6,32.1,31.5,31.6,True
2026-09-16 17:01:53.884,27.13,0.0,33.8,0.0,0.041,0.0,3.849,3.885,3.87,3.887,3.87,3.89,3.882,33.8,31.0,30.0,31.1,True
2026-09-16 17:01:57.564,27.13,0.0,33.8,0.0,0.041,0.0,3.849,3.885,3.87,3.887,3.87,3.89,3.882,33.8,31.0,30.0,31.1,True
2026-09-16 17:02:00.925,27.13,0.0,33.3,0.0,0.042,0.0,3.848,3.885,3.87,3.888,3.87,3.89,3.881,33.3,30.4,29.2,31.0,True
2026-09-16 17:02:15.452,27.13,0.0,33.2,0.0,0.042,0.0,3.848,3.885,3.87,3.888,3.87,3.89,3.881,33.2,30.2,29.2,30.8,True
2026-09-16 17:02:26.500,27.13,0.0,33.2,0.0,0.043,0.0,3.847,3.885,3.87,3.887,3.87,3.89,3.881,33.2,30.1,29.1,30.8,True
2026-09-16 17:02:29.599,27.13,0.0,33.1,0.0,0.042,0.0,3.847,3.886,3.87,3.887,3.87,3.889,3.881,33.1,30.1,29.0,30.7,True
2026-09-16 17:02:32.641,27.13,0.0,33.0,0.0,0.042,0.0,3.847,3.886,3.87,3.887,3.87,3.889,3.881,33.0,30.0,29.1,30.6,True
2026-09-16 17:02:35.626,27.13,0.0,33.0,0.0,0.042,0.0,3.847,3.886,3.87,3.887,3.87,3.889,3.881,33.0,30.1,29.0,30.7,True
2026-09-16 17:02:39.864,27.12,0.0,33.1,0.0,0.043,0.0,3.847,3.885,3.87,3.887,3.87,3.89,3.882,33.1,30.0,29.0,30.7,True
2026-09-16 17:02:43.180,27.13,0.0,33.0,0.0,0.042,0.0,3.847,3.886,3.87,3.887,3.87,3.889,3.881,33.0,30.0,29.0,30.7,True
2026-09-16 17:02:50.934,27.13,0.0,33.1,0.0,0.042,0.0,3.847,3.886,3.87,3.887,3.87,3.889,3.881,33.1,29.8,29.1,30.5,True
2026-09-16 17:02:55.464,27.13,0.0,33.0,0.0,0.043,0.0,3.846,3.885,3.87,3.887,3.87,3.889,3.882,33.0,30.0,29.0,30.5,True
2026-09-16 17:02:57.758,27.12,0.0,32.8,0.0,0.044,0.0,3.846,3.885,3.87,3.887,3.87,3.89,3.881,32.8,30.1,28.8,30.7,True
2026-09-16 17:03:15.008,27.12,0.0,32.7,0.0,0.044,0.0,3.846,3.885,3.87,3.887,3.87,3.89,3.881,32.7,30.0,28.8,30.6,True
2026-09-16 17:03:21.350,27.12,0.0,32.7,0.0,0.044,0.0,3.846,3.885,3.87,3.887,3.87,3.89,3.881,32.7,30.0,28.9,30.4,True
2026-09-16 17:03:27.394,27.12,0.0,32.7,0.0,0.046,0.0,3.844,3.885,3.87,3.887,3.87,3.89,3.882,32.7,29.9,28.9,30.3,True
2026-09-16 17:03:32.468,27.12,0.0,32.6,0.0,0.046,0.0,3.844,3.885,3.87,3.887,3.87,3.89,3.881,32.6,30.1,28.9,30.4,True
2026-09-16 17:03:39.698,27.12,0.0,32.8,0.0,0.045,0.0,3.844,3.885,3.87,3.887,3.87,3.889,3.882,32.8,29.8,29.0,30.3,True
2026-09-16 17:03:47.323,27.12,0.0,32.7,0.0,0.045,0.0,3.844,3.885,3.87,3.887,3.87,3.889,3.882,32.7,29.9,28.9,30.3,True
2026-09-16 17:03:52.596,27.12,0.0,32.6,0.0,0.046,0.0,3.844,3.885,3.87,3.887,3.87,3.89,3.881,32.6,29.9,29.0,30.2,True
2026-09-16 17:04:00.060,27.12,0.0,32.6,0.0,0.047,0.0,3.843,3.885,3.87,3.887,3.87,3.89,3.881,32.6,29.8,28.9,30.3,True
2026-09-16 17:04:05.646,27.12,0.0,32.7,0.0,0.045,0.0,3.844,3.885,3.87,3.887,3.87,3.889,3.881,32.7,29.8,29.0,30.3,True
2026-09-16 17:04:13.290,27.12,0.0,32.7,0.0,0.047,0.0,3.843,3.885,3.87,3.887,3.87,3.89,3.881,32.7,29.8,28.9,30.3,True
2026-09-16 17:04:18.375,27.12,0.0,32.5,0.0,0.047,0.0,3.843,3.885,3.87,3.887,3.87,3.89,3.881,32.5,29.9,28.9,30.3,True
2026-09-16 17:04:26.120,27.12,0.0,32.6,0.0,0.048,0.0,3.842,3.885,3.87,3.887,3.87,3.89,3.881,32.6,29.8,28.9,30.2,True
2026-09-16 17:04:34.136,27.12,0.0,32.5,0.0,0.047,0.0,3.842,3.885,3.87,3.887,3.87,3.889,3.881,32.5,29.9,28.9,30.3,True
2026-09-16 17:04:41.858,27.12,0.0,32.5,0.0,0.047,0.0,3.842,3.885,3.87,3.887,3.87,3.889,3.881,32.5,29.8,28.8,30.3,True
2026-09-16 17:04:49.225,27.12,0.0,32.3,0.0,0.047,0.0,3.842,3.885,3.87,3.887,3.87,3.889,3.881,32.3,29.9,28.8,30.3,True
2026-09-16 17:04:54.820,27.12,0.0,32.4,0.0,0.047,0.0,3.842,3.885,3.87,3.887,3.87,3.889,3.881,32.4,29.9,28.8,30.3,True
2026-09-16 17:05:02.063,27.12,0.0,32.4,0.0,0.049,0.0,3.841,3.885,3.87,3.887,3.87,3.89,3.882,32.4,29.9,28.8,30.3,True
2026-09-16 17:05:09.472,27.12,0.0,32.3,0.0,0.048,0.0,3.841,3.885,3.87,3.887,3.87,3.889,3.881,32.3,29.9,28.8,30.3,True
2026-09-16 17:05:16.871,27.12,0.0,32.3,0.0,0.048,0.0,3.841,3.885,3.87,3.887,3.87,3.889,3.881,32.3,29.8,28.9,30.3,True
2026-09-16 17:05:22.045,27.12,0.0,32.3,0.0,0.048,0.0,3.841,3.885,3.87,3.887,3.87,3.889,3.881,32.3,29.8,28.9,30.2,True
2026-09-16 17:05:29.537,27.12,0.0,32.3,0.0,0.048,0.0,3.841,3.885,3.87,3.887,3.87,3.889,3.881,32.3,29.8,28.9,30.2,True
2026-09-16 17:05:37.211,27.12,0.0,32.3,0.0,0.049,0.0,3.84,3.885,3.87,3.887,3.87,3.889,3.881,32.3,29.8,29.0,30.1,True
2026-09-16 17:05:54.076,27.12,0.0,32.1,0.0,0.049,0.0,3.84,3.885,3.87,3.887,3.87,3.889,3.881,32.1,29.8,28.9,30.2,True
2026-09-16 17:05:59.353,27.12,0.0,32.2,0.0,0.05,0.0,3.839,3.885,3.87,3.887,3.87,3.889,3.881,32.2,29.8,28.9,30.3,True
2026-09-16 17:06:04.607,27.12,0.0,32.2,0.0,0.051,0.0,3.839,3.885,3.869,3.887,3.87,3.89,3.881,32.2,29.8,29.0,30.0,True
2026-09-16 17:06:12.048,27.12,0.0,32.1,0.0,0.05,0.0,3.839,3.885,3.87,3.887,3.87,3.889,3.881,32.1,29.9,28.9,30.2,True
2026-09-16 17:06:19.573,27.12,0.0,32.2,0.0,0.05,0.0,3.839,3.885,3.87,3.887,3.87,3.889,3.881,32.2,29.7,29.0,30.0,True
2026-09-16 17:06:26.396,27.12,0.0,32.1,0.0,0.05,0.0,3.839,3.885,3.87,3.887,3.87,3.889,3.881,32.1,29.8,28.9,30.2,True
2026-09-16 17:06:33.794,27.12,0.0,32.1,0.0,0.05,0.0,3.839,3.885,3.87,3.887,3.87,3.889,3.881,32.1,29.8,28.9,30.1,True
2026-09-16 17:06:38.895,27.12,0.0,32.0,0.0,0.051,0.0,3.839,3.885,3.87,3.887,3.87,3.89,3.881,32.0,29.8,28.9,30.0,True
2026-09-16 17:06:46.330,27.12,0.0,32.0,0.0,0.051,0.0,3.838,3.885,3.87,3.887,3.87,3.889,3.881,32.0,29.8,28.9,30.0,True
2026-09-16 17:06:51.392,27.12,0.0,32.0,0.0,0.051,0.0,3.838,3.885,3.87,3.887,3.87,3.889,3.881,32.0,29.7,29.0,30.0,True
2026-09-16 17:06:56.311,27.12,0.0,31.9,0.0,0.051,0.0,3.838,3.885,3.87,3.887,3.87,3.889,3.881,31.9,29.8,28.9,30.1,True
2026-09-16 17:07:04.359,27.11,0.0,32.0,0.0,0.051,0.0,3.838,3.885,3.87,3.887,3.87,3.889,3.881,32.0,29.8,29.0,30.0,True
2026-09-16 17:07:12.019,27.11,0.0,32.0,0.0,0.052,0.0,3.837,3.885,3.87,3.887,3.87,3.889,3.881,32.0,29.8,28.9,30.0,True
2026-09-16 17:07:18.199,27.11,0.0,32.0,0.0,0.053,0.0,3.837,3.885,3.87,3.887,3.87,3.89,3.881,32.0,29.7,29.0,30.0,True
2026-09-16 17:07:25.346,27.11,0.0,31.8,0.0,0.052,0.0,3.837,3.885,3.87,3.887,3.87,3.889,3.881,31.8,29.9,28.7,30.2,True
2026-09-16 17:07:40.455,27.11,0.0,31.8,0.0,0.052,0.0,3.837,3.885,3.87,3.887,3.87,3.889,3.881,31.8,29.9,28.7,30.2,True
2026-09-16 17:07:46.683,27.11,0.0,31.9,0.0,0.052,0.0,3.837,3.885,3.87,3.887,3.87,3.889,3.881,31.9,29.7,29.0,29.9,True
2026-09-16 17:07:51.804,27.11,0.0,31.7,0.0,0.053,0.0,3.837,3.885,3.87,3.887,3.87,3.89,3.881,31.7,30.0,28.9,30.1,True
2026-09-16 17:07:56.723,27.11,0.0,31.7,0.0,0.053,0.0,3.837,3.885,3.869,3.887,3.87,3.89,3.881,31.7,30.0,28.9,30.1,True
2026-09-16 17:08:01.650,27.11,0.0,31.7,0.0,0.052,0.0,3.837,3.885,3.87,3.887,3.87,3.889,3.881,31.7,29.9,28.8,30.0,True
2026-09-16 17:08:09.197,27.11,0.0,31.6,0.0,0.053,0.001,3.836,3.885,3.87,3.886,3.87,3.889,3.881,31.6,30.0,28.8,30.1,True
2026-09-16 17:08:14.125,27.11,0.0,31.7,0.0,0.054,0.0,3.835,3.885,3.87,3.887,3.87,3.889,3.881,31.7,29.8,28.9,29.9,True
2026-09-16 17:08:18.834,27.11,0.0,31.7,0.0,0.053,0.0,3.836,3.885,3.87,3.887,3.87,3.889,3.881,31.7,30.0,28.8,30.0,True
2026-09-16 17:08:23.753,27.11,0.0,31.6,0.0,0.053,0.0,3.836,3.885,3.87,3.887,3.87,3.889,3.881,31.6,30.0,28.8,30.0,True
2026-09-16 17:08:28.648,27.11,0.0,31.6,0.0,0.053,0.0,3.836,3.885,3.869,3.887,3.87,3.889,3.881,31.6,29.9,28.8,30.1,True
2026-09-16 17:08:33.709,27.11,0.0,31.6,0.0,0.053,0.0,3.836,3.885,3.869,3.887,3.87,3.889,3.881,31.6,29.8,28.9,30.0,True
2026-09-16 17:08:38.642,27.11,0.0,31.6,0.0,0.055,0.0,3.835,3.885,3.87,3.887,3.87,3.89,3.881,31.6,29.8,28.9,29.9,True
2026-09-16 17:08:43.376,27.11,0.0,31.6,0.0,0.055,0.0,3.835,3.885,3.87,3.887,3.87,3.89,3.881,31.6,29.9,28.9,30.0,True
2026-09-16 17:08:48.509,27.11,0.0,31.7,0.0,0.053,0.0,3.836,3.885,3.87,3.887,3.87,3.889,3.882,31.7,29.8,29.0,29.9,True
2026-09-16 17:08:53.441,27.11,0.0,31.6,0.0,0.053,0.0,3.836,3.885,3.87,3.887,3.87,3.889,3.882,31.6,29.9,28.9,30.0,True
2026-09-16 17:08:58.291,27.11,0.0,31.5,0.0,0.054,0.0,3.835,3.885,3.87,3.887,3.87,3.889,3.882,31.5,30.0,28.9,29.9,True
2026-09-16 17:09:03.218,27.11,0.0,31.6,0.0,0.054,0.0,3.835,3.885,3.87,3.887,3.87,3.889,3.882,31.6,29.8,28.9,29.9,True
2026-09-16 17:09:08.034,27.11,0.0,31.6,0.0,0.054,0.0,3.835,3.885,3.869,3.887,3.87,3.889,3.881,31.6,29.8,29.0,29.9,True
2026-09-16 17:09:12.944,27.11,0.0,31.6,0.0,0.055,0.0,3.834,3.885,3.87,3.887,3.87,3.889,3.881,31.6,29.8,28.9,29.9,True
2026-09-16 17:09:17.894,27.11,0.0,31.5,0.0,0.054,0.0,3.835,3.885,3.87,3.887,3.87,3.889,3.881,31.5,29.8,28.9,29.9,True
2026-09-16 17:09:22.563,27.11,0.0,31.6,0.0,0.054,0.0,3.835,3.885,3.87,3.887,3.87,3.889,3.881,31.6,29.8,29.0,29.8,True
2026-09-16 17:09:27.465,27.11,0.0,31.6,0.0,0.056,0.0,3.834,3.885,3.87,3.887,3.87,3.89,3.881,31.6,29.8,28.9,29.9,True
2026-09-16 17:09:30.613,27.11,0.0,31.6,0.0,0.055,0.0,3.834,3.885,3.87,3.887,3.87,3.889,3.881,31.6,29.8,28.9,29.9,True
2026-09-16 17:09:35.665,27.11,0.0,31.6,0.0,0.055,0.0,3.834,3.885,3.87,3.886,3.87,3.889,3.881,31.6,29.8,29.0,29.8,True
2026-09-16 17:09:40.547,27.11,0.0,31.6,0.0,0.055,0.0,3.834,3.885,3.87,3.887,3.87,3.889,3.881,31.6,29.8,28.9,29.9,True
2026-09-16 17:09:43.268,27.11,0.0,31.5,0.0,0.055,0.0,3.834,3.885,3.87,3.887,3.87,3.889,3.881,31.5,29.9,28.9,30.0,True
2026-09-16 17:09:48.050,27.11,0.0,31.6,0.0,0.055,0.0,3.834,3.885,3.87,3.887,3.87,3.889,3.881,31.6,29.7,29.0,29.9,True
2026-09-16 17:09:53.128,27.11,0.0,31.5,0.0,0.055,0.0,3.834,3.885,3.87,3.887,3.87,3.889,3.881,31.5,29.8,28.9,30.0,True
2026-09-16 17:09:58.299,27.11,0.0,31.5,0.0,0.055,0.0,3.834,3.885,3.87,3.887,3.87,3.889,3.881,31.5,29.8,28.9,30.0,True
2026-09-16 17:10:03.167,27.11,0.0,31.4,0.0,0.055,0.001,3.834,3.885,3.87,3.887,3.87,3.889,3.881,31.4,29.8,28.9,29.9,True
2026-09-16 17:10:08.414,27.11,0.0,31.5,0.0,0.055,0.0,3.834,3.885,3.869,3.887,3.87,3.889,3.881,31.5,29.8,29.0,29.8,True
2026-09-16 17:10:12.881,27.11,0.0,31.5,0.0,0.055,0.0,3.834,3.885,3.869,3.887,3.87,3.889,3.881,31.5,29.8,29.0,29.9,True
2026-09-16 17:10:18.256,27.11,0.0,31.5,0.0,0.056,0.0,3.833,3.885,3.869,3.887,3.87,3.889,3.881,31.5,29.6,29.0,29.9,True
2026-09-16 17:10:23.345,27.11,0.0,31.5,0.0,0.057,0.0,3.833,3.885,3.87,3.887,3.87,3.89,3.881,31.5,29.8,28.9,29.9,True
2026-09-16 17:10:28.304,27.11,0.0,31.4,0.0,0.057,0.0,3.833,3.885,3.87,3.887,3.87,3.89,3.881,31.4,29.9,28.9,30.0,True
2026-09-16 17:10:33.294,27.11,0.0,31.4,0.0,0.056,0.001,3.833,3.885,3.87,3.887,3.87,3.889,3.881,31.4,29.8,28.9,29.9,True
2026-09-16 17:10:37.945,27.11,0.0,31.4,0.0,0.056,0.0,3.833,3.885,3.87,3.887,3.87,3.889,3.881,31.4,29.8,28.9,29.8,True
2026-09-16 17:10:42.139,27.11,0.0,31.5,0.0,0.057,0.0,3.832,3.885,3.87,3.887,3.87,3.889,3.881,31.5,29.8,29.0,29.8,True
2026-09-16 17:10:47.317,27.11,0.0,31.5,0.0,0.057,0.0,3.832,3.885,3.869,3.887,3.87,3.889,3.881,31.5,29.8,29.0,29.8,True
2026-09-16 17:10:52.343,27.11,0.0,31.4,0.0,0.056,0.0,3.833,3.885,3.87,3.887,3.87,3.889,3.881,31.4,29.8,29.0,29.8,True
2026-09-16 17:10:56.954,27.11,0.0,31.4,0.0,0.057,0.001,3.832,3.885,3.87,3.887,3.87,3.889,3.881,31.4,29.8,29.0,29.8,True
2026-09-16 17:11:01.701,27.11,0.0,31.4,0.0,0.057,0.001,3.832,3.885,3.87,3.887,3.87,3.889,3.881,31.4,29.7,29.1,29.7,True
2026-09-16 17:11:06.685,27.11,0.0,31.4,0.0,0.057,0.0,3.832,3.885,3.87,3.887,3.869,3.889,3.881,31.4,29.8,29.0,29.8,True
2026-09-16 17:11:11.811,27.11,0.0,31.4,0.0,0.058,0.0,3.832,3.885,3.87,3.887,3.87,3.89,3.881,31.4,29.8,29.0,29.8,True
2026-09-16 17:11:16.884,27.11,0.0,31.3,0.0,0.057,0.0,3.832,3.885,3.87,3.887,3.87,3.889,3.881,31.3,29.9,28.9,29.8,True
2026-09-16 17:11:21.894,27.11,0.0,31.4,0.0,0.057,0.0,3.832,3.885,3.87,3.887,3.87,3.889,3.881,31.4,29.8,29.0,29.8,True
2026-09-16 17:11:27.071,27.11,0.0,31.4,0.0,0.057,0.0,3.832,3.885,3.87,3.887,3.87,3.889,3.881,31.4,29.7,29.0,29.8,True
2026-09-16 17:11:31.901,27.11,0.0,31.4,0.0,0.057,0.0,3.832,3.885,3.87,3.887,3.87,3.889,3.881,31.4,29.7,29.0,29.8,True
2026-09-16 17:11:37.408,27.11,0.0,31.4,0.0,0.057,0.0,3.832,3.885,3.87,3.887,3.87,3.889,3.881,31.4,29.6,29.0,29.7,True
2026-09-16 17:11:42.682,27.11,0.0,31.4,0.0,0.057,0.0,3.832,3.885,3.869,3.887,3.87,3.889,3.881,31.4,29.6,29.0,29.7,True
2026-09-16 17:11:47.666,27.11,0.0,31.4,0.0,0.057,0.0,3.832,3.885,3.869,3.887,3.87,3.889,3.881,31.4,29.7,29.0,29.8,True
2026-09-16 17:11:52.661,27.11,0.0,31.4,0.0,0.057,0.0,3.832,3.885,3.87,3.887,3.87,3.889,3.881,31.4,29.8,28.9,29.8,True
2026-09-16 17:11:57.895,27.11,0.0,31.5,0.0,0.057,0.0,3.832,3.885,3.87,3.887,3.87,3.889,3.881,31.5,29.7,29.0,29.7,True
2026-09-16 17:12:03.110,27.11,0.0,31.4,0.0,0.058,0.0,3.831,3.885,3.87,3.887,3.87,3.889,3.881,31.4,29.7,29.0,29.8,True
2026-09-16 17:12:08.215,27.11,0.0,31.4,0.0,0.058,0.0,3.831,3.885,3.87,3.887,3.87,3.889,3.881,31.4,29.8,28.9,29.8,True
2026-09-16 17:12:13.421,27.11,0.0,31.3,0.0,0.058,0.0,3.831,3.885,3.87,3.887,3.87,3.889,3.881,31.3,29.8,29.0,29.8,True
2026-09-16 17:12:18.515,27.11,0.0,31.3,0.0,0.058,0.0,3.831,3.885,3.87,3.887,3.87,3.889,3.881,31.3,29.8,29.0,29.8,True
2026-09-16 17:12:23.325,27.11,0.0,31.2,0.0,0.057,0.0,3.832,3.885,3.87,3.887,3.87,3.889,3.881,31.2,29.8,28.9,29.8,True
2026-09-16 17:12:26.253,27.11,0.0,31.2,0.0,0.058,0.001,3.831,3.885,3.87,3.886,3.87,3.889,3.881,31.2,29.8,28.9,29.8,True
2026-09-16 17:12:31.346,27.11,0.0,31.3,0.0,0.058,0.0,3.831,3.884,3.869,3.887,3.87,3.889,3.881,31.3,29.7,29.0,29.7,True
2026-09-16 17:12:36.370,27.11,0.0,31.2,0.0,0.058,0.0,3.831,3.884,3.869,3.887,3.87,3.889,3.881,31.2,29.9,28.8,29.9,True
2026-09-16 17:12:41.417,27.11,0.0,31.2,0.0,0.058,0.0,3.831,3.885,3.869,3.887,3.869,3.889,3.881,31.2,29.8,28.9,29.8,True
2026-09-16 17:12:44.795,27.11,0.0,31.3,0.0,0.058,0.001,3.831,3.884,3.87,3.887,3.87,3.889,3.881,31.3,29.8,29.0,29.8,True
2026-09-16 17:12:49.382,27.11,0.0,31.4,0.0,0.058,0.0,3.831,3.885,3.87,3.887,3.87,3.889,3.881,31.4,29.7,29.1,29.6,True
2026-09-16 17:12:54.420,27.11,0.0,31.4,0.0,0.058,0.0,3.831,3.885,3.869,3.887,3.87,3.889,3.881,31.4,29.8,29.0,29.8,True
2026-09-16 17:12:59.434,27.11,0.0,31.2,0.0,0.06,0.0,3.83,3.885,3.87,3.887,3.87,3.89,3.881,31.2,29.8,28.9,29.8,True
2026-09-16 17:13:04.329,27.11,0.0,31.3,0.0,0.06,0.0,3.83,3.885,3.87,3.887,3.87,3.89,3.881,31.3,29.8,28.9,29.7,True
2026-09-16 17:13:09.271,27.11,0.0,31.2,0.0,0.059,0.001,3.83,3.885,3.87,3.887,3.87,3.889,3.881,31.2,29.8,28.9,29.7,True
2026-09-16 17:13:14.441,27.11,0.0,31.3,0.0,0.059,0.0,3.83,3.885,3.87,3.887,3.87,3.889,3.881,31.3,29.7,29.0,29.6,True
2026-09-16 17:13:19.564,27.11,0.0,31.4,0.0,0.059,0.0,3.83,3.885,3.869,3.886,3.87,3.889,3.881,31.4,29.7,29.0,29.8,True
2026-09-16 17:13:24.614,27.11,0.0,31.3,0.0,0.059,0.0,3.83,3.885,3.869,3.886,3.87,3.889,3.881,31.3,29.8,29.0,29.7,True
2026-09-16 17:13:29.518,27.11,0.0,31.2,0.0,0.059,0.0,3.831,3.884,3.87,3.887,3.87,3.89,3.881,31.2,29.8,28.9,29.8,True
2026-09-16 17:13:34.454,27.11,0.0,31.1,0.0,0.059,0.0,3.83,3.885,3.87,3.887,3.87,3.889,3.881,31.1,29.9,28.8,29.9,True
2026-09-16 17:13:39.293,27.11,0.0,31.2,0.0,0.059,0.0,3.83,3.885,3.87,3.887,3.87,3.889,3.881,31.2,29.8,29.0,29.7,True
2026-09-16 17:13:44.151,27.11,0.0,31.1,0.0,0.059,0.0,3.83,3.884,3.869,3.887,3.87,3.889,3.881,31.1,29.9,28.9,29.8,True
2026-09-16 17:13:49.068,27.11,0.0,31.3,0.0,0.059,0.0,3.83,3.885,3.87,3.887,3.869,3.889,3.881,31.3,29.7,29.0,29.7,True
2026-09-16 17:13:53.951,27.11,0.0,31.1,0.0,0.059,0.0,3.83,3.885,3.87,3.887,3.869,3.889,3.881,31.1,29.8,28.8,29.8,True
2026-09-16 17:13:58.690,27.11,0.0,31.3,0.0,0.059,0.0,3.83,3.885,3.87,3.887,3.87,3.889,3.881,31.3,29.6,29.1,29.6,True
2026-09-16 17:14:03.847,27.11,0.0,31.2,0.0,0.06,0.0,3.829,3.885,3.87,3.887,3.869,3.889,3.881,31.2,29.8,29.0,29.7,True
2026-09-16 17:14:08.727,27.11,0.0,31.2,0.0,0.06,0.001,3.829,3.885,3.869,3.887,3.87,3.889,3.881,31.2,29.8,28.9,29.7,True
2026-09-16 17:14:14.148,27.11,0.0,31.3,0.0,0.06,0.001,3.829,3.885,3.87,3.887,3.87,3.889,3.881,31.3,29.7,29.0,29.7,True
2026-09-16 17:14:19.285,27.11,0.0,31.1,0.0,0.06,0.0,3.829,3.885,3.87,3.887,3.87,3.889,3.881,31.1,29.8,28.9,29.7,True
2026-09-16 17:14:24.301,27.11,0.0,31.2,0.0,0.061,0.001,3.828,3.884,3.869,3.887,3.87,3.889,3.881,31.2,29.8,29.0,29.6,True
2026-09-16 17:14:29.191,27.11,0.0,31.1,0.0,0.061,0.001,3.828,3.884,3.869,3.887,3.87,3.889,3.881,31.1,29.8,28.9,29.8,True
2026-09-16 17:14:34.329,27.11,0.0,31.2,0.0,0.06,0.0,3.829,3.884,3.87,3.887,3.869,3.889,3.881,31.2,29.8,29.0,29.7,True
2026-09-16 17:14:39.403,27.11,0.0,31.2,0.0,0.06,0.0,3.829,3.885,3.869,3.887,3.87,3.889,3.881,31.2,29.7,29.0,29.7,True
2026-09-16 17:14:44.492,27.11,0.0,31.2,0.0,0.06,0.0,3.829,3.885,3.87,3.886,3.87,3.889,3.881,31.2,29.8,29.0,29.8,True
2026-09-16 17:14:49.611,27.11,0.0,31.2,0.0,0.06,0.0,3.829,3.885,3.87,3.887,3.87,3.889,3.881,31.2,29.8,29.0,29.6,True
2026-09-16 17:14:54.524,27.11,0.0,31.2,0.0,0.06,0.0,3.829,3.885,3.869,3.887,3.87,3.889,3.881,31.2,29.7,29.0,29.7,True
2026-09-16 17:14:59.339,27.11,0.0,31.3,0.0,0.06,0.0,3.829,3.885,3.869,3.887,3.87,3.889,3.881,31.3,29.6,29.1,29.6,True
2026-09-16 17:15:04.298,27.11,0.0,31.3,0.0,0.06,0.0,3.829,3.884,3.869,3.887,3.87,3.889,3.881,31.3,29.6,29.0,29.6,True
2026-09-16 17:15:09.378,27.1,0.0,31.3,0.0,0.06,0.0,3.829,3.884,3.869,3.887,3.87,3.889,3.881,31.3,29.7,29.0,29.7,True
2026-09-16 17:15:14.288,27.11,0.0,31.1,0.0,0.061,0.0,3.828,3.885,3.87,3.887,3.87,3.889,3.881,31.1,29.8,29.0,29.7,True
2026-09-16 17:15:19.405,27.11,0.0,30.9,0.0,0.06,0.0,3.829,3.885,3.87,3.886,3.87,3.889,3.881,30.9,29.9,28.9,29.8,True
2026-09-16 17:15:24.326,27.11,0.0,31.2,0.0,0.06,0.0,3.829,3.885,3.87,3.886,3.87,3.889,3.881,31.2,29.8,29.0,29.7,True
2026-09-16 17:15:29.318,27.1,0.0,31.2,0.0,0.061,0.0,3.828,3.884,3.869,3.887,3.869,3.889,3.881,31.2,29.8,29.0,29.7,True
2026-09-16 17:15:34.281,27.11,0.0,31.1,0.0,0.06,0.0,3.829,3.885,3.87,3.887,3.869,3.889,3.881,31.1,29.8,29.0,29.8,True
2026-09-16 17:15:39.438,27.1,0.0,31.1,0.0,0.062,0.0,3.827,3.885,3.87,3.887,3.87,3.889,3.881,31.1,29.8,29.0,29.6,True
2026-09-16 17:15:44.562,27.1,0.0,31.1,0.0,0.06,0.0,3.829,3.885,3.869,3.886,3.87,3.889,3.881,31.1,29.8,29.0,29.6,True
2026-09-16 17:15:48.558,27.1,0.0,31.1,0.0,0.061,0.0,3.828,3.884,3.869,3.886,3.869,3.889,3.881,31.1,29.9,29.0,29.6,True
2026-09-16 17:15:52.545,27.1,0.0,31.1,0.0,0.061,0.0,3.828,3.885,3.87,3.887,3.869,3.889,3.881,31.1,29.9,29.0,29.6,True
2026-09-16 17:15:56.387,27.1,0.0,31.0,0.0,0.061,0.0,3.828,3.885,3.869,3.887,3.87,3.889,3.881,31.0,30.0,28.9,29.6,True
2026-09-16 17:16:01.490,27.1,0.0,31.1,0.0,0.062,0.0,3.827,3.885,3.869,3.887,3.87,3.889,3.881,31.1,29.8,29.0,29.5,True
2026-09-16 17:16:05.303,27.1,0.0,31.0,0.0,0.062,0.0,3.827,3.885,3.869,3.887,3.87,3.889,3.881,31.0,29.9,29.0,29.5,True
2026-09-16 17:16:10.508,27.11,0.0,31.1,0.0,0.062,0.0,3.827,3.885,3.87,3.887,3.87,3.889,3.881,31.1,29.8,29.0,29.5,True
2026-09-16 17:16:15.504,27.1,0.0,31.1,0.0,0.061,0.0,3.828,3.885,3.869,3.887,3.869,3.889,3.881,31.1,29.8,29.1,29.3,True
2026-09-16 17:16:20.623,27.1,0.0,31.2,0.0,0.062,0.0,3.827,3.885,3.87,3.887,3.87,3.889,3.881,31.2,29.7,29.1,29.4,True
2026-09-16 17:16:25.959,27.1,0.0,31.1,0.0,0.063,0.0,3.826,3.885,3.87,3.887,3.87,3.889,3.881,31.1,29.8,29.0,29.4,True
2026-09-16 17:16:30.971,27.1,0.0,31.0,0.0,0.063,0.0,3.826,3.885,3.87,3.887,3.87,3.889,3.881,31.0,29.9,28.9,29.6,True
2026-09-16 17:16:36.280,27.1,0.0,31.0,0.0,0.062,0.0,3.827,3.885,3.869,3.887,3.87,3.889,3.881,31.0,29.9,29.0,29.4,True
2026-09-16 17:16:41.410,27.1,0.0,30.9,0.0,0.062,0.0,3.827,3.885,3.869,3.887,3.87,3.889,3.881,30.9,30.0,28.9,29.5,True
2026-09-16 17:16:46.855,27.1,0.0,31.0,0.0,0.064,0.0,3.825,3.885,3.869,3.887,3.87,3.889,3.881,31.0,29.9,29.0,29.5,True
2026-09-16 17:16:51.973,27.1,0.0,31.1,0.0,0.064,0.0,3.825,3.885,3.869,3.887,3.87,3.889,3.881,31.1,29.7,29.1,29.4,True
2026-09-16 17:16:57.410,27.1,0.0,31.1,0.0,0.063,0.001,3.826,3.885,3.869,3.887,3.869,3.889,3.881,31.1,29.9,29.1,29.4,True
2026-09-16 17:17:02.878,27.1,0.0,31.1,0.0,0.063,0.002,3.826,3.885,3.869,3.886,3.869,3.889,3.881,31.1,29.9,29.1,29.4,True
2026-09-16 17:17:08.059,27.1,0.0,31.0,0.0,0.062,0.0,3.827,3.884,3.87,3.887,3.869,3.889,3.881,31.0,30.0,28.9,29.6,True
2026-09-16 17:17:13.358,27.1,0.0,31.1,0.0,0.063,0.0,3.826,3.885,3.87,3.887,3.869,3.889,3.881,31.1,29.9,29.1,29.5,True
2026-09-16 17:17:18.384,27.1,0.0,31.0,0.0,0.063,0.0,3.826,3.885,3.869,3.887,3.87,3.889,3.881,31.0,30.0,29.0,29.5,True
2026-09-16 17:17:23.585,27.1,0.0,31.0,0.0,0.063,0.0,3.826,3.885,3.869,3.887,3.87,3.889,3.881,31.0,30.0,29.0,29.6,True
2026-09-16 17:17:28.604,27.1,0.0,31.1,0.0,0.063,0.0,3.826,3.885,3.869,3.887,3.87,3.889,3.881,31.1,30.0,29.0,29.5,True
2026-09-16 17:17:33.741,27.1,0.0,31.1,0.0,0.063,0.0,3.826,3.885,3.869,3.887,3.869,3.889,3.881,31.1,29.9,29.0,29.6,True
2026-09-16 17:17:41.418,27.1,0.0,31.1,0.0,0.065,0.0,3.824,3.885,3.869,3.887,3.869,3.889,3.881,31.1,29.9,29.0,29.5,True
2026-09-16 17:17:48.999,27.1,0.0,31.0,0.0,0.064,0.0,3.825,3.885,3.87,3.887,3.87,3.889,3.881,31.0,30.0,29.0,29.6,True
2026-09-16 17:17:56.508,27.1,0.0,31.1,0.0,0.065,0.0,3.824,3.884,3.869,3.887,3.87,3.889,3.881,31.1,29.8,29.1,29.3,True
2026-09-16 17:18:08.710,27.1,0.0,31.0,0.0,0.065,0.0,3.824,3.884,3.869,3.887,3.87,3.889,3.881,31.0,29.9,29.0,29.5,True
2026-09-16 17:18:24.385,27.1,0.0,31.1,0.0,0.064,0.0,3.825,3.885,3.869,3.887,3.87,3.889,3.881,31.1,29.8,29.2,29.3,True
2026-09-16 17:18:28.963,27.1,0.0,31.0,0.0,0.065,0.0,3.824,3.885,3.869,3.887,3.869,3.889,3.881,31.0,29.9,29.0,29.5,True
2026-09-16 17:18:33.583,27.1,0.0,31.0,0.0,0.065,0.0,3.824,3.884,3.869,3.887,3.869,3.889,3.881,31.0,30.0,28.9,29.6,True
2026-09-16 17:18:49.031,27.1,0.0,31.1,0.0,0.065,0.0,3.824,3.884,3.869,3.887,3.869,3.889,3.881,31.1,29.9,29.1,29.5,True
2026-09-16 17:18:53.443,27.1,0.0,31.1,0.0,0.065,0.0,3.824,3.885,3.869,3.887,3.869,3.889,3.881,31.1,30.0,29.0,29.6,True
2026-09-16 17:18:57.751,27.1,0.0,31.0,0.0,0.065,0.0,3.824,3.885,3.869,3.886,3.87,3.889,3.881,31.0,29.9,29.1,29.5,True
2026-09-16 17:19:02.212,27.1,0.0,30.9,0.0,0.065,0.0,3.824,3.885,3.869,3.886,3.869,3.889,3.88,30.9,30.0,28.9,29.8,True
2026-09-16 17:19:17.798,27.1,0.0,31.0,0.0,0.065,0.0,3.824,3.884,3.87,3.887,3.869,3.889,3.881,31.0,29.9,29.3,29.5,True
2026-09-16 17:19:22.230,27.1,0.0,30.9,0.0,0.065,0.0,3.824,3.885,3.869,3.887,3.869,3.889,3.881,30.9,30.1,29.4,29.6,True
2026-09-16 17:19:26.854,27.1,0.0,31.0,0.0,0.066,0.0,3.823,3.885,3.869,3.887,3.87,3.889,3.881,31.0,30.0,29.6,29.5,True
2026-09-16 17:19:31.554,27.1,0.0,31.0,0.0,0.066,0.0,3.823,3.885,3.869,3.887,3.869,3.889,3.881,31.0,29.9,29.5,29.6,True
2026-09-16 17:19:36.154,27.1,0.0,31.0,0.0,0.066,0.0,3.823,3.884,3.869,3.887,3.87,3.889,3.881,31.0,29.9,29.6,29.5,True
2026-09-16 17:19:40.694,27.1,0.0,31.0,0.0,0.066,0.0,3.823,3.884,3.869,3.887,3.87,3.889,3.881,31.0,29.8,29.7,29.4,True
2026-09-16 17:19:45.000,27.1,0.0,31.0,0.0,0.065,0.0,3.824,3.884,3.869,3.887,3.869,3.889,3.881,31.0,29.9,29.6,29.5,True
2026-09-16 17:19:58.411,27.1,0.0,31.0,0.0,0.066,0.0,3.823,3.885,3.869,3.886,3.87,3.889,3.881,31.0,29.8,29.6,29.5,True
2026-09-16 17:20:03.595,27.1,0.0,31.0,0.0,0.066,0.0,3.823,3.884,3.869,3.887,3.869,3.889,3.881,31.0,30.0,29.6,29.6,True
2026-09-16 17:20:08.306,27.1,0.0,31.0,0.0,0.066,0.0,3.823,3.884,3.869,3.887,3.87,3.889,3.881,31.0,29.8,29.6,29.5,True
2026-09-16 17:20:13.049,27.1,0.0,31.1,0.0,0.066,0.0,3.823,3.884,3.869,3.886,3.869,3.889,3.881,31.1,29.8,29.7,29.5,True
2026-09-16 17:20:17.991,27.1,0.0,31.0,0.0,0.066,0.0,3.823,3.885,3.869,3.887,3.869,3.889,3.881,31.0,29.9,29.6,29.5,True
2026-09-16 17:20:23.133,27.1,0.0,30.9,0.0,0.066,0.0,3.823,3.884,3.869,3.886,3.87,3.889,3.881,30.9,29.9,29.6,29.5,True
2026-09-16 17:20:28.105,27.1,0.0,31.0,0.0,0.066,0.0,3.823,3.884,3.869,3.886,3.87,3.889,3.881,31.0,29.7,29.7,29.4,True
2026-09-16 17:20:33.193,27.1,0.0,30.9,0.0,0.066,0.0,3.823,3.885,3.869,3.886,3.869,3.889,3.881,30.9,29.9,29.6,29.5,True
2026-09-16 17:20:38.431,27.1,0.0,31.0,0.0,0.066,0.0,3.823,3.885,3.87,3.886,3.869,3.889,3.881,31.0,29.8,29.7,29.5,True
2026-09-16 17:20:43.530,27.1,0.0,30.9,0.0,0.066,0.0,3.823,3.884,3.869,3.887,3.87,3.889,3.881,30.9,29.8,29.6,29.5,True
2026-09-16 17:20:49.461,27.1,0.0,31.0,0.0,0.066,0.0,3.823,3.885,3.869,3.887,3.869,3.889,3.881,31.0,29.9,29.6,29.6,True
2026-09-16 17:20:54.960,27.1,0.0,31.0,0.0,0.066,0.0,3.823,3.885,3.869,3.887,3.869,3.889,3.881,31.0,29.8,29.8,29.4,True
2026-09-16 17:21:00.246,27.1,0.0,31.0,0.0,0.067,0.0,3.822,3.885,3.869,3.887,3.869,3.889,3.881,31.0,29.9,29.7,29.5,True
2026-09-16 17:21:05.335,27.1,0.0,31.0,0.0,0.067,0.0,3.822,3.885,3.869,3.887,3.869,3.889,3.881,31.0,29.9,29.6,29.5,True
2026-09-16 17:21:10.316,27.1,0.0,30.9,0.0,0.067,0.0,3.822,3.884,3.869,3.887,3.87,3.889,3.881,30.9,29.9,29.6,29.5,True
2026-09-16 17:21:15.649,27.1,0.0,31.0,0.0,0.067,0.0,3.822,3.884,3.869,3.887,3.87,3.889,3.881,31.0,29.8,29.7,29.4,True
2026-09-16 17:21:20.785,27.1,0.0,31.0,0.0,0.066,0.0,3.823,3.884,3.869,3.886,3.869,3.889,3.881,31.0,29.8,29.7,29.5,True
2026-09-16 17:21:25.588,27.1,0.0,31.1,0.0,0.066,0.0,3.823,3.884,3.869,3.886,3.869,3.889,3.881,31.1,29.8,29.8,29.4,True
2026-09-16 17:21:30.495,27.1,0.0,31.0,0.0,0.067,0.0,3.822,3.884,3.869,3.887,3.869,3.889,3.881,31.0,29.8,29.7,29.5,True
2026-09-16 17:21:35.517,27.1,0.0,30.9,0.0,0.068,0.005,3.821,3.885,3.869,3.886,3.87,3.889,3.881,30.9,30.0,29.6,29.5,True
2026-09-16 17:21:40.641,27.1,0.0,31.0,0.0,0.068,0.004,3.821,3.884,3.869,3.887,3.869,3.889,3.881,31.0,29.8,29.6,29.4,True
2026-09-16 17:21:45.563,27.1,0.0,31.0,0.0,0.068,0.004,3.821,3.884,3.869,3.886,3.87,3.889,3.881,31.0,29.8,29.6,29.3,True
2026-09-16 17:21:50.672,27.1,0.0,30.9,0.0,0.068,0.004,3.821,3.884,3.869,3.886,3.869,3.889,3.881,30.9,29.8,29.5,29.4,True
2026-09-16 17:21:53.584,27.1,0.0,31.0,0.0,0.068,0.004,3.821,3.884,3.869,3.886,3.87,3.889,3.881,31.0,29.8,29.4,29.5,True
2026-09-16 17:21:58.667,27.1,0.0,30.9,0.0,0.068,0.004,3.821,3.884,3.869,3.886,3.87,3.889,3.881,30.9,29.8,29.4,29.5,True
2026-09-16 17:22:04.079,27.1,0.0,30.8,0.0,0.068,0.004,3.821,3.884,3.869,3.886,3.87,3.889,3.881,30.8,29.9,29.2,29.4,True
2026-09-16 17:22:09.011,27.1,0.0,30.9,0.0,0.068,0.004,3.821,3.884,3.869,3.887,3.869,3.889,3.881,30.9,29.9,29.3,29.4,True
2026-09-16 17:22:14.140,27.1,0.0,30.8,0.0,0.068,0.004,3.821,3.884,3.869,3.887,3.869,3.889,3.881,30.8,29.8,29.3,29.4,True
2026-09-16 17:22:19.557,27.1,0.0,30.8,0.0,0.068,0.005,3.821,3.885,3.869,3.886,3.869,3.889,3.881,30.8,29.8,29.3,29.4,True
2026-09-16 17:22:24.686,27.1,0.0,30.8,0.0,0.068,0.005,3.821,3.885,3.869,3.887,3.869,3.889,3.881,30.8,29.8,29.3,29.4,True
2026-09-16 17:22:29.707,27.1,0.0,31.0,0.0,0.068,0.004,3.821,3.884,3.869,3.887,3.869,3.889,3.881,31.0,29.8,29.3,29.3,True
2026-09-16 17:22:34.711,27.1,0.0,30.8,0.0,0.067,0.005,3.821,3.884,3.869,3.887,3.869,3.888,3.881,30.8,29.9,29.2,29.4,True
2026-09-16 17:22:40.235,27.1,0.0,30.8,0.0,0.068,0.003,3.821,3.884,3.869,3.886,3.869,3.889,3.881,30.8,29.9,29.2,29.4,True
2026-09-16 17:22:45.645,27.1,0.0,30.8,0.0,0.067,0.002,3.821,3.885,3.869,3.887,3.869,3.888,3.88,30.8,29.9,29.2,29.4,True
2026-09-16 17:22:50.686,27.1,0.0,30.9,0.0,0.067,0.002,3.821,3.884,3.869,3.886,3.869,3.888,3.881,30.9,29.8,29.2,-30.0,True
2026-09-16 17:22:56.017,27.1,0.0,31.0,0.0,0.067,0.004,3.822,3.884,3.869,3.886,3.869,3.889,3.88,31.0,29.7,29.3,-30.0,True
2026-09-16 17:22:59.395,27.1,0.0,31.0,0.0,0.067,0.004,3.822,3.884,3.869,3.886,3.869,3.889,3.88,31.0,29.7,29.3,-30.0,True
2026-09-16 17:23:04.820,27.1,0.0,31.0,0.0,0.067,0.001,3.821,3.885,3.869,3.887,3.869,3.888,3.881,31.0,29.7,29.3,-30.0,True
2026-09-16 17:23:10.169,27.1,0.0,31.0,0.0,0.067,0.001,3.821,3.885,3.869,3.887,3.869,3.888,3.881,31.0,29.7,29.3,-30.0,True
2026-09-16 18:12:13.131,28.56,0.0,30.2,0.0,2.456,1.434,3.852,3.883,3.87,3.889,3.87,3.89,3.882,30.1,30.2,30.0,30.0,True
2026-09-16 18:12:18.602,28.67,0.0,30.3,0.0,2.456,1.434,3.852,3.883,3.87,3.889,3.87,3.89,3.882,30.3,30.0,30.2,29.9,True
2026-09-16 18:12:23.750,28.71,0.0,30.2,0.0,2.324,1.566,3.855,3.884,3.873,3.885,3.87,3.89,3.88,30.2,30.2,30.2,30.1,True
2026-09-16 18:12:28.803,28.7,0.0,30.5,0.0,2.318,1.572,3.861,3.879,3.869,3.885,3.87,3.89,3.881,30.5,30.0,30.4,30.0,True
2026-09-16 18:12:33.812,28.72,0.0,30.3,0.0,2.286,1.603,3.863,3.889,3.87,3.888,3.868,3.887,3.881,30.3,30.2,30.3,30.2,True
2026-09-16 18:12:38.808,28.73,0.0,30.3,0.0,2.286,1.604,3.852,3.883,3.871,3.888,3.869,3.89,3.881,30.3,30.2,30.3,30.3,True
2026-09-16 18:12:43.966,28.74,0.0,30.4,0.0,2.279,1.61,3.859,3.883,3.87,3.888,3.87,3.889,3.881,30.4,30.1,30.4,30.2,True
2026-09-16 18:12:49.229,28.77,0.0,30.5,0.0,2.279,1.61,3.859,3.883,3.87,3.888,3.87,3.889,3.881,30.5,30.1,30.3,30.3,True
2026-09-16 18:12:54.107,28.77,0.0,30.5,0.0,2.264,1.625,3.865,3.887,3.87,3.886,3.868,3.889,3.88,30.5,30.1,30.3,30.3,True
2026-09-16 18:12:59.543,28.75,0.0,30.6,0.0,2.264,1.625,3.865,3.887,3.87,3.886,3.868,3.889,3.88,30.6,30.1,29.9,30.5,True
2026-09-16 18:13:04.322,28.76,0.0,30.7,0.0,2.254,1.636,3.859,3.882,3.869,3.888,3.869,3.89,3.881,30.7,30.3,29.7,30.5,True
2026-09-16 18:13:09.233,28.76,0.0,30.7,0.0,2.339,1.55,3.851,3.882,3.87,3.886,3.87,3.889,3.88,30.7,30.3,29.7,30.5,True
2026-09-16 18:13:14.453,28.76,0.0,30.7,0.0,2.339,1.55,3.851,3.882,3.87,3.886,3.87,3.889,3.88,30.7,30.3,29.7,30.5,True
2026-09-16 18:13:19.403,28.67,0.0,30.6,0.0,2.339,1.55,3.851,3.882,3.87,3.886,3.87,3.889,3.88,30.6,30.3,29.4,30.5,True
2026-09-16 18:13:24.339,28.67,0.0,30.8,0.0,2.353,1.537,3.857,3.884,3.87,3.887,3.869,3.89,3.881,30.8,30.2,29.5,30.4,True
2026-09-16 18:13:29.298,28.65,0.0,30.9,0.0,2.379,1.51,3.863,3.885,3.87,3.886,3.869,3.889,3.881,30.9,30.0,29.6,30.3,True
2026-09-16 18:13:33.700,28.63,0.0,30.8,0.0,2.395,1.495,3.862,3.888,3.865,3.885,3.872,3.89,3.882,30.8,30.1,29.5,30.4,True
2026-09-16 18:13:38.520,28.63,0.0,30.8,0.0,2.396,1.493,3.856,3.884,3.872,3.885,3.869,3.889,3.882,30.8,30.2,29.5,30.3,True
2026-09-17 09:31:59.030,27.42,0.0,29.2,0.0,3.581,0.306,3.848,3.884,3.867,3.885,3.867,3.887,3.88,29.2,28.8,28.3,28.4,True
2026-09-17 09:32:04.171,27.41,0.0,29.1,0.0,3.59,0.297,3.847,3.883,3.867,3.885,3.867,3.887,3.879,28.9,29.1,28.1,28.7,True
2026-09-17 09:32:09.581,27.4,0.0,29.1,0.0,3.598,0.289,3.847,3.883,3.867,3.885,3.868,3.887,3.879,29.1,28.9,28.2,28.5,True
2026-09-17 09:32:29.751,27.38,0.0,29.1,0.0,3.616,0.272,3.847,3.883,3.867,3.885,3.867,3.888,3.879,29.1,29.0,28.3,28.6,True
2026-09-17 09:32:37.846,27.38,0.0,29.3,0.0,3.616,0.272,3.847,3.883,3.867,3.885,3.867,3.888,3.879,29.3,28.9,28.4,28.5,True
2026-09-17 09:32:44.494,27.38,0.0,29.1,0.0,3.62,0.267,3.847,3.883,3.867,3.885,3.867,3.887,3.879,29.1,28.9,28.4,28.5,True
2026-09-17 09:32:51.331,27.37,0.0,29.1,0.0,3.623,0.264,3.847,3.884,3.867,3.885,3.867,3.887,3.879,29.1,29.0,28.2,28.6,True
2026-09-17 09:32:57.180,27.37,0.0,29.1,0.0,3.628,0.259,3.847,3.883,3.867,3.885,3.867,3.887,3.88,29.1,29.0,28.3,28.6,True
2026-09-17 09:33:03.167,27.37,0.0,29.3,0.0,3.63,0.257,3.847,3.883,3.867,3.885,3.867,3.887,3.879,29.3,28.9,28.4,28.5,True
2026-09-17 09:33:09.893,27.37,0.0,29.1,0.0,3.632,0.255,3.847,3.883,3.867,3.885,3.867,3.887,3.879,29.0,29.1,28.3,28.6,True
2026-09-17 09:33:19.429,27.36,0.0,29.2,0.0,3.634,0.253,3.848,3.883,3.867,3.885,3.867,3.887,3.879,29.2,29.0,28.3,28.6,True
2026-09-17 09:33:26.832,27.36,0.0,29.1,0.0,3.634,0.253,3.848,3.883,3.867,3.885,3.867,3.887,3.879,29.1,29.0,28.2,28.6,True
2026-09-17 09:33:33.010,27.36,0.0,29.1,0.0,3.637,0.25,3.846,3.883,3.867,3.885,3.867,3.887,3.879,29.1,29.0,28.2,28.6,True
2026-09-17 09:33:40.066,27.36,0.0,29.3,0.0,3.638,0.249,3.847,3.883,3.867,3.885,3.867,3.887,3.879,29.3,28.9,28.4,28.5,True
2026-09-17 09:33:46.945,27.36,0.0,29.3,0.0,3.639,0.248,3.847,3.883,3.867,3.885,3.868,3.887,3.879,29.3,29.0,28.3,28.5,True
2026-09-17 09:33:52.866,27.36,0.0,29.3,0.0,3.639,0.248,3.847,3.883,3.867,3.885,3.868,3.887,3.879,29.3,29.0,28.2,28.6,True
2026-09-17 09:33:58.514,27.36,0.0,29.3,0.0,3.64,0.247,3.847,3.883,3.867,3.885,3.867,3.887,3.879,29.3,29.0,28.2,28.7,True
2026-09-17 09:34:05.000,27.36,0.0,29.3,0.0,3.642,0.246,3.847,3.883,3.867,3.885,3.867,3.888,3.879,29.3,29.0,28.2,28.5,True
2026-09-17 09:34:10.866,27.36,0.0,29.3,0.0,3.641,0.246,3.847,3.883,3.867,3.885,3.868,3.887,3.879,29.3,29.0,28.4,28.5,True
2026-09-17 09:34:16.236,27.36,0.0,29.3,0.0,3.643,0.244,3.847,3.883,3.867,3.885,3.867,3.887,3.879,29.3,29.0,28.4,28.5,True
2026-09-17 09:34:21.965,27.35,0.0,29.3,0.0,3.643,0.244,3.847,3.883,3.867,3.885,3.867,3.887,3.879,29.3,28.9,28.3,28.5,True
2026-09-17 09:34:27.677,27.35,0.0,29.2,0.0,3.643,0.244,3.847,3.883,3.867,3.885,3.867,3.887,3.879,29.2,29.1,28.2,28.6,True
2026-09-17 09:34:33.226,27.35,0.0,29.3,0.0,3.644,0.243,3.847,3.883,3.867,3.885,3.867,3.887,3.879,29.3,29.0,28.2,28.6,True
2026-09-17 09:34:39.359,27.35,0.0,29.3,0.0,3.645,0.242,3.847,3.883,3.867,3.885,3.867,3.887,3.879,29.3,29.0,28.2,28.6,True
2026-09-17 09:34:46.124,27.35,0.0,29.3,0.0,3.645,0.242,3.847,3.883,3.867,3.885,3.867,3.887,3.879,29.3,29.0,28.2,28.6,True
2026-09-17 09:34:52.681,27.35,0.0,29.4,0.0,3.646,0.241,3.847,3.883,3.867,3.885,3.867,3.887,3.879,29.4,29.0,28.3,28.5,True
2026-09-17 09:34:58.516,27.35,0.0,29.4,0.0,3.646,0.241,3.847,3.883,3.867,3.885,3.867,3.887,3.879,29.4,29.0,28.3,28.5,True
2026-09-17 09:35:04.472,27.35,0.0,29.5,0.0,3.646,0.241,3.847,3.883,3.867,3.886,3.867,3.887,3.879,29.5,28.9,28.3,28.5,True
2026-09-17 09:35:10.252,27.35,0.0,29.5,0.0,3.647,0.24,3.847,3.883,3.867,3.885,3.867,3.887,3.879,29.5,28.9,28.4,28.4,True
2026-09-17 09:35:16.256,27.35,0.0,29.4,0.0,3.647,0.24,3.847,3.883,3.867,3.885,3.867,3.887,3.879,29.4,29.0,28.3,28.5,True
2026-09-17 09:35:22.036,27.35,0.0,29.5,0.0,3.647,0.24,3.847,3.883,3.867,3.885,3.867,3.887,3.879,29.5,29.0,28.3,28.6,True
2026-09-17 09:35:28.106,27.35,0.0,29.4,0.0,3.648,0.239,3.847,3.883,3.867,3.885,3.867,3.887,3.879,29.4,29.0,28.3,28.5,True
2026-09-17 09:35:33.647,27.35,0.0,29.5,0.0,3.648,0.239,3.847,3.883,3.867,3.885,3.867,3.887,3.879,29.5,29.0,28.3,28.5,True
2026-09-17 09:35:39.367,27.35,0.0,29.5,0.0,3.648,0.239,3.847,3.883,3.867,3.885,3.867,3.887,3.879,29.5,28.9,28.3,28.5,True
2026-09-17 09:35:43.047,27.35,0.0,29.4,0.0,3.649,0.238,3.846,3.883,3.867,3.885,3.867,3.887,3.879,29.4,29.0,28.2,28.5,True
2026-09-17 09:35:47.890,27.35,0.0,29.5,0.0,3.649,0.238,3.847,3.883,3.867,3.885,3.867,3.887,3.879,29.5,29.0,28.3,28.5,True
2026-09-17 09:35:53.334,27.35,0.0,29.4,0.0,3.649,0.238,3.847,3.883,3.867,3.884,3.867,3.887,3.879,29.4,29.0,28.2,28.6,True
2026-09-17 09:35:58.592,27.35,0.0,29.5,0.0,3.65,0.237,3.847,3.883,3.866,3.885,3.867,3.887,3.879,29.5,28.9,28.4,28.4,True
2026-09-17 09:36:05.189,27.35,0.0,29.5,0.0,3.652,0.236,3.847,3.883,3.867,3.885,3.867,3.888,3.879,29.5,29.0,28.3,28.5,True
2026-09-17 09:36:11.325,27.35,0.0,29.6,0.0,3.652,0.235,3.847,3.883,3.867,3.885,3.867,3.887,3.879,29.6,29.0,28.2,28.5,True
2026-09-17 09:36:17.484,27.34,0.0,29.5,0.0,3.652,0.235,3.847,3.882,3.867,3.885,3.867,3.887,3.879,29.5,29.0,28.2,28.6,True
2026-09-17 09:36:24.316,27.34,0.0,29.5,0.0,3.653,0.234,3.846,3.883,3.867,3.885,3.867,3.887,3.879,29.5,29.1,28.2,28.6,True
2026-09-17 09:36:30.575,27.34,0.0,29.6,0.0,3.653,0.234,3.846,3.883,3.867,3.885,3.867,3.887,3.879,29.6,28.9,28.4,28.5,True
2026-09-17 09:36:36.924,27.34,0.0,29.6,0.0,3.652,0.234,3.847,3.883,3.867,3.885,3.867,3.886,3.879,29.6,29.0,28.3,28.5,True
2026-09-17 09:36:43.288,27.34,0.0,29.6,0.0,3.654,0.233,3.847,3.883,3.867,3.885,3.867,3.887,3.879,29.6,29.0,28.3,28.5,True
2026-09-17 09:36:49.486,27.34,0.0,29.5,0.0,3.654,0.233,3.847,3.883,3.867,3.885,3.867,3.887,3.879,29.5,29.0,28.2,28.5,True
2026-09-17 09:36:55.405,27.34,0.0,29.6,0.0,3.654,0.233,3.847,3.882,3.867,3.885,3.868,3.887,3.879,29.6,28.9,28.3,28.5,True
2026-09-17 09:37:02.013,27.34,0.0,29.5,0.0,3.654,0.233,3.847,3.882,3.867,3.885,3.868,3.887,3.879,29.5,29.1,28.1,28.6,True
2026-09-17 09:37:08.556,27.34,0.0,29.7,0.0,3.655,0.232,3.847,3.882,3.866,3.885,3.867,3.887,3.879,29.7,28.9,28.4,28.4,True
2026-09-17 09:37:15.088,27.34,0.0,29.6,0.0,3.655,0.232,3.847,3.883,3.867,3.885,3.867,3.887,3.879,29.6,29.0,28.2,28.5,True
2026-09-17 09:37:22.123,27.34,0.0,29.5,0.0,3.655,0.232,3.847,3.883,3.866,3.885,3.867,3.887,3.879,29.5,29.1,28.2,28.6,True
2026-09-17 09:37:28.659,27.34,0.0,29.5,0.0,3.655,0.232,3.847,3.883,3.866,3.885,3.867,3.887,3.879,29.5,29.1,28.2,28.6,True
2026-09-17 09:37:34.994,27.34,0.0,29.6,0.0,3.656,0.231,3.847,3.883,3.867,3.885,3.867,3.887,3.879,29.6,28.9,28.3,28.4,True
2026-09-17 09:37:42.253,27.34,0.0,29.7,0.0,3.656,0.231,3.847,3.883,3.867,3.885,3.867,3.887,3.879,29.7,28.9,28.3,28.5,True
2026-09-17 09:37:49.049,27.34,0.0,29.6,0.0,3.656,0.231,3.847,3.883,3.867,3.884,3.867,3.887,3.879,29.6,29.0,28.2,28.6,True
2026-09-17 09:37:54.633,27.34,0.0,29.6,0.0,3.656,0.231,3.847,3.883,3.867,3.884,3.867,3.887,3.879,29.6,28.9,28.3,28.4,True
2026-09-17 09:38:01.338,27.34,0.0,29.6,0.0,3.657,0.23,3.847,3.883,3.867,3.884,3.867,3.887,3.879,29.6,29.0,28.2,28.5,True
2026-09-17 09:38:08.037,27.34,0.0,29.6,0.0,3.657,0.23,3.847,3.883,3.867,3.884,3.867,3.887,3.879,29.6,29.0,28.2,28.5,True
2026-09-17 09:38:14.702,27.34,0.0,29.8,0.0,3.657,0.23,3.847,3.883,3.866,3.885,3.867,3.887,3.879,29.8,28.8,28.5,28.4,True
2026-09-17 09:38:21.497,27.34,0.0,29.7,0.0,3.657,0.23,3.847,3.883,3.866,3.885,3.867,3.887,3.879,29.7,29.0,28.2,28.5,True
2026-09-17 09:38:27.828,27.34,0.0,29.7,0.0,3.657,0.23,3.846,3.883,3.867,3.885,3.867,3.887,3.879,29.7,28.9,28.4,28.4,True
2026-09-17 09:38:33.490,27.34,0.0,29.7,0.0,3.657,0.23,3.846,3.883,3.867,3.885,3.867,3.887,3.879,29.7,28.9,28.3,28.5,True
2026-09-17 09:38:39.801,27.34,0.0,29.7,0.0,3.658,0.229,3.847,3.883,3.867,3.885,3.867,3.887,3.879,29.7,28.9,28.3,28.5,True
2026-09-17 09:38:46.152,27.34,0.0,29.6,0.0,3.658,0.229,3.847,3.883,3.867,3.885,3.867,3.887,3.879,29.6,28.9,28.3,28.4,True
2026-09-17 09:38:53.096,27.34,0.0,29.7,0.0,3.658,0.229,3.847,3.883,3.867,3.884,3.867,3.887,3.879,29.7,29.0,28.4,28.4,True
2026-09-17 09:38:59.521,27.34,0.0,29.6,0.0,3.658,0.229,3.847,3.883,3.867,3.884,3.867,3.887,3.879,29.6,29.1,28.3,28.4,True
2026-09-17 09:39:05.932,27.34,0.0,29.7,0.0,3.659,0.228,3.847,3.883,3.867,3.884,3.867,3.887,3.879,29.7,29.1,28.3,28.5,True
2026-09-17 09:39:11.965,27.34,0.0,29.7,0.0,3.659,0.228,3.846,3.883,3.867,3.885,3.867,3.887,3.879,29.7,29.1,28.3,28.5,True
2026-09-17 09:39:17.796,27.34,0.0,29.7,0.0,3.659,0.228,3.846,3.883,3.867,3.885,3.867,3.887,3.879,29.7,29.1,28.3,28.5,True
2026-09-17 09:39:24.202,27.34,0.0,29.5,0.0,3.659,0.228,3.847,3.883,3.867,3.885,3.867,3.887,3.879,29.5,29.2,28.1,28.6,True
2026-09-17 09:39:30.548,27.34,0.0,29.7,0.0,3.659,0.228,3.846,3.882,3.867,3.885,3.867,3.887,3.879,29.7,29.0,28.3,28.5,True
2026-09-17 09:39:36.993,27.34,0.0,29.7,0.0,3.659,0.228,3.846,3.882,3.867,3.885,3.867,3.887,3.879,29.7,28.9,28.3,28.5,True
2026-09-17 09:39:43.675,27.34,0.0,29.8,0.0,3.66,0.227,3.846,3.883,3.866,3.885,3.867,3.887,3.879,29.8,29.0,28.3,28.4,True
2026-09-17 09:39:51.184,27.34,0.0,29.8,0.0,3.66,0.227,3.847,3.883,3.867,3.885,3.867,3.887,3.879,29.8,28.9,28.4,28.4,True
2026-09-17 09:39:57.545,27.34,0.0,29.7,0.0,3.66,0.227,3.847,3.883,3.867,3.885,3.867,3.887,3.879,29.7,29.0,28.3,28.4,True
2026-09-17 09:40:03.873,27.34,0.0,29.8,0.0,3.66,0.227,3.846,3.883,3.867,3.884,3.867,3.887,3.879,29.8,29.0,28.3,28.5,True
2026-09-17 09:40:10.140,27.34,0.0,29.6,0.0,3.661,0.226,3.846,3.883,3.866,3.885,3.867,3.887,3.879,29.6,29.0,28.3,28.4,True
2026-09-17 09:40:16.880,27.33,0.0,29.7,0.0,3.661,0.226,3.846,3.883,3.866,3.885,3.867,3.887,3.879,29.7,29.0,28.2,28.4,True
2026-09-17 09:40:23.459,27.34,0.0,29.7,0.0,3.661,0.226,3.847,3.883,3.867,3.885,3.867,3.887,3.879,29.7,29.0,28.2,28.5,True
2026-09-17 09:40:30.181,27.34,0.0,29.8,0.0,3.661,0.226,3.847,3.883,3.867,3.885,3.867,3.887,3.879,29.8,29.0,28.3,28.4,True
2026-09-17 09:40:36.445,27.34,0.0,29.8,0.0,3.661,0.226,3.846,3.883,3.867,3.885,3.867,3.887,3.879,29.8,29.0,28.3,28.4,True
2026-09-17 09:40:43.844,27.33,0.0,29.8,0.0,3.661,0.226,3.846,3.883,3.867,3.884,3.866,3.887,3.879,29.8,28.9,28.3,28.4,True
2026-09-17 09:40:50.978,27.33,0.0,29.8,0.0,3.662,0.225,3.846,3.883,3.866,3.885,3.867,3.887,3.879,29.8,29.0,28.3,28.5,True
2026-09-17 09:40:57.125,27.33,0.0,29.8,0.0,3.662,0.225,3.846,3.883,3.866,3.885,3.867,3.887,3.879,29.8,29.0,28.3,28.4,True
2026-09-17 09:41:03.858,27.33,0.0,29.7,0.0,3.662,0.225,3.847,3.883,3.867,3.884,3.867,3.887,3.879,29.7,29.1,28.3,28.5,True
2026-09-17 09:41:09.939,27.34,0.0,29.8,0.0,3.662,0.225,3.847,3.883,3.867,3.884,3.867,3.887,3.879,29.8,29.0,28.3,28.5,True
2026-09-17 09:41:16.924,27.34,0.0,29.8,0.0,3.662,0.225,3.846,3.883,3.867,3.885,3.867,3.887,3.879,29.8,29.0,28.3,28.5,True
2026-09-17 09:41:23.456,27.33,0.0,29.8,0.0,3.661,0.225,3.846,3.883,3.867,3.885,3.867,3.886,3.878,29.8,29.0,28.2,28.5,True
2026-09-17 09:41:29.474,27.33,0.0,29.8,0.0,3.661,0.225,3.846,3.883,3.867,3.885,3.867,3.886,3.878,29.8,29.0,28.2,28.5,True
2026-09-17 09:41:35.620,27.33,0.0,29.8,0.0,3.662,0.225,3.847,3.883,3.867,3.885,3.867,3.887,3.879,29.8,29.0,28.2,28.5,True
2026-09-17 09:41:41.011,27.33,0.0,30.0,0.0,3.663,0.224,3.846,3.882,3.866,3.884,3.867,3.887,3.879,30.0,28.9,28.4,28.3,True
2026-09-17 09:41:47.310,27.33,0.0,29.9,0.0,3.663,0.224,3.846,3.883,3.867,3.885,3.867,3.887,3.879,29.9,29.0,28.3,28.4,True
2026-09-17 09:41:53.270,27.33,0.0,29.9,0.0,3.663,0.224,3.846,3.883,3.867,3.885,3.867,3.887,3.879,29.9,29.0,28.3,28.4,True
2026-09-17 09:42:00.405,27.33,0.0,29.8,0.0,3.663,0.224,3.846,3.882,3.866,3.885,3.867,3.887,3.879,29.8,29.1,28.3,28.4,True
2026-09-17 09:42:06.777,27.33,0.0,29.8,0.0,3.663,0.224,3.846,3.883,3.867,3.885,3.867,3.887,3.879,29.8,29.0,28.3,28.4,True
2026-09-17 09:42:13.601,27.33,0.0,29.9,0.0,3.664,0.223,3.847,3.883,3.867,3.885,3.867,3.887,3.879,29.9,29.0,28.3,28.4,True
2026-09-17 09:42:19.276,27.33,0.0,29.7,0.0,3.663,0.223,3.846,3.883,3.867,3.884,3.867,3.886,3.879,29.7,29.3,28.1,28.5,True
2026-09-17 09:42:25.489,27.33,0.0,29.7,0.0,3.664,0.223,3.847,3.882,3.866,3.885,3.867,3.887,3.879,29.7,29.3,28.1,28.5,True
2026-09-17 09:42:32.657,27.33,0.0,29.9,0.0,3.664,0.223,3.846,3.883,3.867,3.884,3.867,3.887,3.879,29.9,28.9,28.3,28.4,True
2026-09-17 09:42:38.250,27.33,0.0,29.9,0.0,3.664,0.223,3.846,3.883,3.867,3.884,3.867,3.887,3.879,29.9,29.0,28.3,28.4,True
2026-09-17 09:42:44.210,27.33,0.0,29.9,0.0,3.664,0.223,3.846,3.883,3.866,3.884,3.867,3.887,3.879,29.9,29.0,28.2,28.4,True
2026-09-17 09:42:49.660,27.33,0.0,29.9,0.0,3.664,0.223,3.846,3.883,3.866,3.884,3.867,3.887,3.879,29.9,29.1,28.3,28.4,True
2026-09-17 09:42:56.920,27.33,0.0,29.8,0.0,3.665,0.222,3.847,3.882,3.867,3.885,3.867,3.887,3.879,29.8,29.1,28.2,28.5,True
2026-09-17 09:43:04.010,27.33,0.0,29.8,0.0,3.665,0.222,3.847,3.882,3.867,3.885,3.867,3.887,3.879,29.8,29.1,28.2,28.5,True
2026-09-17 09:43:09.799,27.33,0.0,29.9,0.0,3.665,0.222,3.846,3.883,3.867,3.885,3.867,3.887,3.879,29.9,28.9,28.3,28.4,True
2026-09-17 09:43:15.943,27.33,0.0,30.1,0.0,3.665,0.222,3.846,3.882,3.866,3.885,3.867,3.887,3.878,30.1,28.8,28.4,28.3,True
2026-09-17 09:43:22.331,27.33,0.0,29.8,0.0,3.665,0.222,3.846,3.882,3.866,3.885,3.867,3.887,3.879,29.8,29.1,28.2,28.5,True
2026-09-17 09:43:28.984,27.33,0.0,29.8,0.0,3.665,0.222,3.846,3.883,3.866,3.885,3.867,3.887,3.879,29.8,29.1,28.2,28.5,True
2026-09-17 09:43:35.783,27.33,0.0,29.8,0.0,3.665,0.222,3.846,3.883,3.866,3.885,3.867,3.887,3.879,29.8,29.1,28.2,28.6,True
2026-09-17 09:43:42.701,27.33,0.0,29.8,0.0,3.665,0.222,3.847,3.882,3.866,3.885,3.867,3.887,3.879,29.8,29.1,28.2,28.6,True
2026-09-17 09:43:49.969,27.33,0.0,29.9,0.0,3.666,0.221,3.846,3.882,3.866,3.885,3.867,3.887,3.879,29.9,29.0,28.4,28.4,True
2026-09-17 09:43:57.025,27.33,0.0,30.0,0.0,3.666,0.221,3.846,3.882,3.866,3.885,3.867,3.887,3.879,30.0,29.0,28.3,28.4,True
2026-09-17 09:44:04.013,27.33,0.0,30.0,0.0,3.666,0.221,3.846,3.882,3.867,3.884,3.867,3.887,3.879,30.0,29.0,28.3,28.4,True
2026-09-17 09:44:10.836,27.33,0.0,30.0,0.0,3.666,0.221,3.846,3.882,3.867,3.884,3.867,3.887,3.879,30.0,29.0,28.3,28.4,True
2026-09-17 09:44:17.920,27.33,0.0,29.9,0.0,3.666,0.22,3.846,3.882,3.866,3.884,3.867,3.886,3.879,29.9,29.0,28.3,28.3,True
2026-09-17 09:44:24.744,27.33,0.0,29.8,0.0,3.667,0.22,3.845,3.882,3.866,3.884,3.867,3.887,3.879,29.8,29.1,28.2,28.5,True
2026-09-17 09:44:31.165,27.33,0.0,30.0,0.0,3.667,0.22,3.845,3.882,3.866,3.884,3.867,3.887,3.879,30.0,28.9,28.4,28.3,True
2026-09-17 09:44:37.049,27.33,0.0,30.0,0.0,3.667,0.22,3.847,3.882,3.867,3.884,3.867,3.887,3.879,30.0,29.0,28.4,28.4,True
2026-09-17 09:44:43.302,27.33,0.0,30.0,0.0,3.667,0.22,3.847,3.882,3.867,3.885,3.867,3.887,3.879,30.0,29.0,28.4,28.4,True
2026-09-17 09:44:49.856,27.33,0.0,30.0,0.0,3.667,0.22,3.847,3.882,3.867,3.885,3.867,3.887,3.879,30.0,29.0,28.4,28.4,True
2026-09-17 09:44:56.294,27.33,0.0,29.9,0.0,3.666,0.22,3.846,3.883,3.866,3.884,3.867,3.886,3.879,29.9,29.1,28.3,28.4,True
2026-09-17 09:45:03.197,27.33,0.0,30.0,0.0,3.667,0.22,3.846,3.882,3.866,3.884,3.867,3.887,3.879,30.0,29.0,28.3,28.4,True
2026-09-17 09:45:08.915,27.33,0.0,30.0,0.0,3.666,0.22,3.846,3.882,3.866,3.884,3.867,3.886,3.879,30.0,29.0,28.3,28.4,True
2026-09-17 09:45:17.352,27.32,0.0,30.0,0.0,3.668,0.219,3.846,3.882,3.866,3.884,3.867,3.887,3.878,30.0,29.1,28.2,28.5,True
2026-09-17 09:45:24.361,27.33,0.0,30.1,0.0,3.668,0.219,3.846,3.882,3.866,3.884,3.867,3.887,3.878,30.1,29.0,28.4,28.3,True
2026-09-17 09:45:29.797,27.32,0.0,30.0,0.0,3.668,0.219,3.847,3.882,3.867,3.884,3.867,3.887,3.879,30.0,29.0,28.3,28.4,True
2026-09-17 09:45:36.962,27.33,0.0,30.0,0.0,3.668,0.219,3.846,3.883,3.866,3.885,3.867,3.887,3.879,30.0,29.0,28.3,28.4,True
2026-09-17 09:45:44.884,27.33,0.0,29.9,0.0,3.668,0.219,3.846,3.883,3.866,3.885,3.867,3.887,3.879,29.9,29.1,28.2,28.5,True
2026-09-17 09:45:51.420,27.32,0.0,30.0,0.0,3.668,0.219,3.846,3.882,3.866,3.885,3.867,3.887,3.879,30.0,29.0,28.3,28.4,True
2026-09-17 09:45:58.160,27.32,0.0,30.0,0.0,3.669,0.218,3.846,3.882,3.866,3.884,3.867,3.887,3.879,30.0,29.0,28.3,28.4,True
2026-09-17 09:46:04.146,27.32,0.0,30.1,0.0,3.668,0.218,3.846,3.882,3.866,3.884,3.867,3.886,3.879,30.1,28.9,28.4,28.3,True
2026-09-17 09:46:10.764,27.32,0.0,29.9,0.0,3.669,0.218,3.846,3.882,3.866,3.884,3.867,3.887,3.879,29.9,29.1,28.2,28.5,True
2026-09-17 09:46:17.376,27.32,0.0,30.0,0.0,3.669,0.218,3.846,3.882,3.866,3.884,3.867,3.887,3.879,30.0,29.0,28.2,28.5,True
2026-09-17 09:46:24.451,27.33,0.0,30.1,0.0,3.669,0.218,3.846,3.882,3.866,3.884,3.867,3.887,3.879,30.1,29.0,28.3,28.4,True
2026-09-17 09:46:30.955,27.33,0.0,30.0,0.0,3.669,0.218,3.846,3.882,3.866,3.885,3.867,3.887,3.879,30.0,29.0,28.4,28.4,True
2026-09-17 09:46:37.717,27.32,0.0,30.1,0.0,3.669,0.218,3.846,3.882,3.866,3.885,3.867,3.887,3.879,30.1,29.0,28.4,28.3,True
2026-09-17 09:46:43.931,27.32,0.0,30.0,0.0,3.67,0.217,3.846,3.882,3.866,3.884,3.867,3.887,3.879,30.0,29.0,28.3,28.4,True
2026-09-17 09:46:49.436,27.32,0.0,30.1,0.0,3.67,0.217,3.846,3.883,3.866,3.884,3.866,3.887,3.879,30.1,29.0,28.3,28.4,True
2026-09-17 09:46:54.688,27.32,0.0,30.0,0.0,3.67,0.217,3.846,3.883,3.866,3.884,3.866,3.887,3.879,30.0,29.0,28.3,28.4,True
2026-09-17 09:47:00.290,27.32,0.0,30.0,0.0,3.67,0.217,3.846,3.883,3.867,3.884,3.866,3.887,3.879,30.0,29.0,28.3,28.4,True
2026-09-17 09:47:06.566,27.33,0.0,30.0,0.0,3.67,0.217,3.846,3.883,3.867,3.884,3.866,3.887,3.879,30.0,29.1,28.2,28.4,True
2026-09-17 09:47:13.647,27.32,0.0,30.0,0.0,3.669,0.217,3.846,3.882,3.866,3.884,3.867,3.886,3.878,30.0,29.1,28.3,28.4,True
2026-09-17 09:47:22.244,27.32,0.0,30.0,0.0,3.669,0.217,3.846,3.882,3.866,3.884,3.867,3.886,3.878,30.0,29.0,28.3,28.4,True
2026-09-17 09:47:29.116,27.32,0.0,30.0,0.0,3.671,0.216,3.845,3.882,3.866,3.884,3.867,3.887,3.879,30.0,29.0,28.3,28.4,True
2026-09-17 09:47:35.906,27.32,0.0,30.1,0.0,3.671,0.216,3.845,3.882,3.866,3.884,3.867,3.887,3.879,30.1,29.0,28.3,28.3,True
2026-09-17 09:47:43.347,27.32,0.0,30.1,0.0,3.67,0.216,3.847,3.882,3.866,3.884,3.866,3.886,3.879,30.1,29.0,28.3,28.3,True
2026-09-17 09:47:48.557,27.32,0.0,30.1,0.0,3.67,0.216,3.847,3.882,3.866,3.884,3.866,3.886,3.879,30.1,29.0,28.3,28.3,True
2026-09-17 09:47:53.904,27.32,0.0,30.0,0.0,3.67,0.216,3.846,3.882,3.866,3.884,3.867,3.886,3.878,30.0,29.1,28.2,28.4,True
2026-09-17 09:48:00.024,27.32,0.0,30.0,0.0,3.67,0.216,3.846,3.882,3.866,3.884,3.867,3.886,3.878,30.0,29.1,28.2,28.5,True
2026-09-17 09:48:06.679,27.32,0.0,30.0,0.0,3.671,0.215,3.846,3.882,3.866,3.884,3.866,3.886,3.879,30.0,29.1,28.3,28.4,True
2026-09-17 09:48:13.292,27.32,0.0,30.0,0.0,3.671,0.215,3.846,3.882,3.866,3.884,3.866,3.886,3.879,30.0,29.1,28.3,28.4,True
2026-09-17 09:48:20.320,27.32,0.0,30.1,0.0,3.672,0.215,3.846,3.882,3.866,3.884,3.867,3.887,3.879,30.1,29.0,28.4,28.3,True
2026-09-17 09:48:26.938,27.32,0.0,30.2,0.0,3.671,0.215,3.846,3.882,3.866,3.884,3.866,3.886,3.879,30.2,28.9,28.4,28.2,True
2026-09-17 09:48:33.222,27.32,0.0,30.1,0.0,3.672,0.215,3.846,3.882,3.866,3.884,3.867,3.887,3.878,30.1,29.0,28.3,28.3,True
2026-09-17 09:48:39.975,27.32,0.0,30.1,0.0,3.672,0.215,3.846,3.882,3.866,3.884,3.867,3.887,3.878,30.1,29.0,28.3,28.3,True
2026-09-17 09:48:47.139,27.32,0.0,30.1,0.0,3.672,0.215,3.846,3.883,3.866,3.884,3.867,3.887,3.879,30.1,29.0,28.2,28.4,True
2026-09-17 09:48:54.326,27.32,0.0,30.0,0.0,3.672,0.215,3.846,3.882,3.866,3.884,3.866,3.887,3.879,30.0,29.0,28.3,28.4,True
2026-09-17 09:49:00.785,27.32,0.0,30.0,0.0,3.671,0.215,3.846,3.882,3.866,3.884,3.866,3.886,3.879,30.0,29.0,28.3,28.4,True
2026-09-17 09:49:06.918,27.32,0.0,30.0,0.0,3.671,0.215,3.846,3.882,3.866,3.884,3.866,3.886,3.879,30.0,29.0,28.3,28.4,True
2026-09-17 09:49:13.511,27.32,0.0,30.2,0.0,3.671,0.215,3.846,3.882,3.866,3.884,3.866,3.886,3.879,30.2,28.8,28.4,28.2,True
2026-09-17 09:49:19.385,27.32,0.0,30.2,0.0,3.672,0.214,3.846,3.882,3.866,3.884,3.866,3.886,3.879,30.2,28.8,28.4,28.2,True
2026-09-17 09:49:26.010,27.32,0.0,30.1,0.0,3.672,0.214,3.846,3.882,3.866,3.885,3.866,3.886,3.878,30.1,29.0,28.3,28.3,True
2026-09-17 09:49:32.775,27.32,0.0,30.2,0.0,3.673,0.213,3.847,3.882,3.866,3.885,3.866,3.886,3.878,30.2,28.9,28.4,28.2,True
2026-09-17 09:49:40.371,27.32,0.0,30.2,0.0,3.673,0.213,3.847,3.882,3.866,3.885,3.866,3.886,3.878,30.2,28.9,28.4,28.2,True
2026-09-17 09:49:47.346,27.32,0.0,30.0,0.0,3.673,0.213,3.847,3.882,3.866,3.885,3.866,3.886,3.878,30.0,29.1,28.2,28.4,True
2026-09-17 09:49:52.783,27.32,0.0,30.1,0.0,3.673,0.213,3.846,3.882,3.866,3.884,3.867,3.886,3.879,30.1,29.0,28.3,28.3,True
2026-09-17 09:49:58.684,27.32,0.0,30.1,0.0,3.673,0.213,3.846,3.882,3.866,3.884,3.867,3.886,3.879,30.1,29.0,28.3,28.3,True
2026-09-17 09:50:04.935,27.32,0.0,30.1,0.0,3.674,0.213,3.846,3.882,3.866,3.884,3.867,3.887,3.879,30.1,29.1,28.2,28.4,True
2026-09-17 09:50:12.130,27.32,0.0,30.0,0.0,3.673,0.213,3.846,3.882,3.866,3.884,3.867,3.886,3.879,30.0,29.0,28.3,28.3,True
2026-09-17 09:50:18.353,27.32,0.0,30.0,0.0,3.673,0.213,3.846,3.882,3.866,3.884,3.866,3.886,3.879,30.0,29.0,28.3,28.3,True
2026-09-17 09:50:23.981,27.32,0.0,30.2,0.0,3.673,0.213,3.846,3.882,3.866,3.884,3.867,3.886,3.878,30.2,29.0,28.3,28.3,True
2026-09-17 09:50:30.783,27.32,0.0,30.2,0.0,3.673,0.213,3.846,3.882,3.866,3.884,3.867,3.886,3.878,30.2,29.0,28.3,28.2,True
2026-09-17 09:50:37.191,27.32,0.0,30.2,0.0,3.674,0.212,3.846,3.882,3.866,3.884,3.867,3.886,3.878,30.2,29.0,28.3,28.3,True
2026-09-17 09:50:43.976,27.32,0.0,30.2,0.0,3.674,0.212,3.846,3.882,3.866,3.884,3.867,3.886,3.878,30.2,29.0,28.3,28.3,True
2026-09-17 09:50:50.533,27.32,0.0,30.0,0.0,3.675,0.212,3.846,3.882,3.866,3.884,3.867,3.887,3.878,30.0,29.1,28.2,28.3,True
2026-09-17 09:51:04.951,27.32,0.0,30.1,0.0,3.674,0.212,3.846,3.882,3.867,3.884,3.867,3.886,3.878,30.1,29.0,28.3,28.3,True
2026-09-17 09:51:11.328,27.32,0.0,30.1,0.0,3.675,0.212,3.845,3.882,3.866,3.884,3.867,3.887,3.879,30.1,29.0,28.3,28.3,True
2026-09-17 09:51:17.980,27.32,0.0,30.1,0.0,3.676,0.211,3.846,3.882,3.866,3.884,3.867,3.887,3.879,30.1,29.0,28.3,28.3,True
2026-09-17 09:51:24.735,27.32,0.0,30.0,0.0,3.676,0.211,3.846,3.882,3.866,3.884,3.867,3.887,3.879,30.0,29.1,28.2,28.3,True
2026-09-17 09:51:31.775,27.32,0.0,30.2,0.0,3.675,0.211,3.846,3.882,3.866,3.884,3.867,3.886,3.878,30.2,29.0,28.3,28.2,True
2026-09-17 09:51:39.578,27.32,0.0,30.2,0.0,3.675,0.211,3.846,3.882,3.866,3.884,3.866,3.886,3.879,30.2,29.0,28.3,28.3,True
2026-09-17 09:51:47.496,27.32,0.0,30.2,0.0,3.675,0.211,3.846,3.882,3.866,3.884,3.867,3.886,3.879,30.2,29.0,28.3,28.2,True
2026-09-17 09:51:55.377,27.32,0.0,30.2,0.0,3.676,0.211,3.846,3.882,3.866,3.884,3.867,3.887,3.879,30.2,29.0,28.3,28.2,True
2026-09-17 09:52:02.527,27.32,0.0,30.2,0.0,3.677,0.21,3.846,3.882,3.866,3.884,3.867,3.887,3.878,30.2,28.9,28.4,28.2,True
2026-09-17 09:52:09.505,27.32,0.0,30.3,0.0,3.676,0.21,3.846,3.882,3.866,3.885,3.867,3.886,3.879,30.3,29.0,28.3,28.3,True
2026-09-17 09:52:15.862,27.32,0.0,30.2,0.0,3.677,0.21,3.846,3.882,3.866,3.884,3.866,3.887,3.878,30.2,29.1,28.2,28.4,True
2026-09-17 09:52:23.004,27.32,0.0,30.2,0.0,3.677,0.21,3.846,3.882,3.866,3.884,3.866,3.887,3.878,30.2,29.1,28.2,28.4,True
2026-09-17 09:52:28.812,27.31,0.0,30.2,0.0,3.676,0.21,3.846,3.882,3.866,3.884,3.866,3.886,3.878,30.2,29.0,28.3,28.2,True
2026-09-17 09:52:34.909,27.31,0.0,30.2,0.0,3.676,0.21,3.846,3.882,3.866,3.884,3.866,3.886,3.878,30.2,29.0,28.3,28.2,True
2026-09-17 09:52:41.633,27.31,0.0,30.2,0.0,3.676,0.21,3.846,3.882,3.866,3.884,3.867,3.886,3.878,30.2,29.0,28.2,28.4,True
2026-09-17 09:52:47.612,27.31,0.0,30.1,0.0,3.676,0.21,3.846,3.882,3.866,3.884,3.866,3.886,3.879,30.1,29.1,28.3,28.3,True
2026-09-17 09:52:54.508,27.31,0.0,30.1,0.0,3.676,0.21,3.846,3.882,3.866,3.884,3.866,3.886,3.879,30.1,29.1,28.3,28.3,True
2026-09-17 09:53:01.296,27.31,0.0,30.2,0.0,3.676,0.21,3.846,3.882,3.866,3.884,3.866,3.886,3.879,30.2,29.1,28.2,28.4,True
2026-09-17 09:53:07.766,27.31,0.0,30.1,0.0,3.677,0.209,3.846,3.882,3.866,3.884,3.867,3.886,3.878,30.1,29.1,28.2,28.4,True
2026-09-17 09:53:14.977,27.31,0.0,30.2,0.0,3.677,0.209,3.846,3.882,3.866,3.884,3.867,3.886,3.878,30.2,29.0,28.3,28.3,True
2026-09-17 09:53:21.469,27.31,0.0,30.2,0.0,3.677,0.209,3.845,3.882,3.866,3.884,3.866,3.886,3.879,30.2,29.0,28.3,28.2,True
2026-09-17 09:53:28.612,27.31,0.0,30.2,0.0,3.677,0.209,3.846,3.882,3.866,3.885,3.866,3.886,3.878,30.2,29.0,28.3,28.3,True
2026-09-17 09:53:35.279,27.31,0.0,30.2,0.0,3.677,0.209,3.846,3.882,3.866,3.885,3.866,3.886,3.878,30.2,29.0,28.3,28.2,True
2026-09-17 09:53:42.048,27.31,0.0,30.2,0.0,3.677,0.209,3.846,3.882,3.866,3.884,3.867,3.886,3.878,30.2,29.0,28.3,28.2,True
2026-09-17 09:53:49.108,27.31,0.0,30.3,0.0,3.677,0.209,3.846,3.882,3.866,3.884,3.867,3.886,3.878,30.3,29.0,28.3,28.2,True
2026-09-17 09:53:56.273,27.31,0.0,30.3,0.0,3.678,0.208,3.846,3.882,3.866,3.884,3.867,3.886,3.878,30.3,29.0,28.3,28.2,True
2026-09-17 09:54:03.123,27.31,0.0,30.3,0.0,3.678,0.208,3.846,3.882,3.866,3.884,3.866,3.886,3.878,30.3,29.0,28.3,28.2,True
2026-09-17 09:54:08.609,27.31,0.0,30.3,0.0,3.678,0.208,3.845,3.882,3.866,3.884,3.867,3.886,3.878,30.3,29.0,28.3,28.2,True
2026-09-17 09:54:15.123,27.31,0.0,30.2,0.0,3.678,0.208,3.846,3.882,3.866,3.884,3.867,3.886,3.878,30.2,29.0,28.3,28.2,True
2026-09-17 09:54:22.072,27.31,0.0,30.2,0.0,3.678,0.208,3.845,3.882,3.866,3.884,3.866,3.886,3.878,30.2,29.0,28.3,28.2,True
2026-09-17 09:54:29.185,27.31,0.0,30.2,0.0,3.678,0.208,3.845,3.882,3.866,3.884,3.866,3.886,3.878,30.2,29.0,28.3,28.2,True
2026-09-17 09:54:35.385,27.31,0.0,30.2,0.0,3.678,0.208,3.846,3.882,3.866,3.884,3.867,3.886,3.878,30.2,29.0,28.3,28.2,True
2026-09-17 09:54:43.065,27.31,0.0,30.2,0.0,3.679,0.207,3.846,3.882,3.866,3.884,3.866,3.886,3.879,30.2,29.0,28.3,28.2,True
2026-09-17 09:54:58.843,27.31,0.0,30.2,0.0,3.679,0.207,3.846,3.882,3.866,3.883,3.866,3.886,3.878,30.2,29.0,28.3,28.2,True
2026-09-17 09:55:07.382,27.31,0.0,30.2,0.0,3.679,0.207,3.846,3.882,3.866,3.883,3.866,3.886,3.878,30.2,29.0,28.3,28.2,True
2026-09-17 09:55:15.701,27.31,0.0,30.2,0.0,3.68,0.206,3.846,3.882,3.866,3.884,3.866,3.886,3.878,30.2,29.0,28.3,28.2,True
2026-09-17 09:55:22.743,27.31,0.0,30.1,0.0,3.68,0.206,3.846,3.882,3.866,3.884,3.866,3.886,3.878,30.1,29.0,28.3,28.2,True
2026-09-17 09:55:28.382,27.31,0.0,30.2,0.0,3.68,0.206,3.846,3.882,3.866,3.884,3.866,3.886,3.878,30.2,29.0,28.2,28.3,True
2026-09-17 09:55:35.202,27.31,0.0,30.2,0.0,3.68,0.206,3.846,3.882,3.866,3.884,3.866,3.886,3.878,30.2,29.0,28.3,28.3,True
2026-09-17 09:55:44.469,27.31,0.0,30.2,0.0,3.68,0.206,3.846,3.882,3.866,3.884,3.866,3.886,3.878,30.2,29.1,28.2,28.3,True
2026-09-17 09:55:52.090,27.31,0.0,30.2,0.0,3.68,0.206,3.846,3.882,3.866,3.884,3.866,3.886,3.878,30.2,29.1,28.2,28.3,True
2026-09-17 09:56:09.170,27.31,0.0,30.2,0.0,3.68,0.206,3.846,3.882,3.866,3.884,3.866,3.886,3.878,30.2,29.1,28.2,28.3,True
2026-09-17 09:56:30.540,27.31,0.0,30.2,0.0,3.68,0.206,3.846,3.882,3.866,3.884,3.867,3.886,3.878,30.2,29.1,28.2,28.3,True
2026-09-17 09:56:39.982,27.31,0.0,30.2,0.0,3.681,0.205,3.846,3.882,3.866,3.884,3.866,3.886,3.878,30.2,29.0,28.3,28.2,True
2026-09-17 09:56:48.930,27.31,0.0,30.2,0.0,3.681,0.205,3.846,3.882,3.866,3.884,3.866,3.886,3.878,30.2,29.0,28.3,28.2,True
2026-09-17 09:56:57.319,27.31,0.0,30.2,0.0,3.681,0.205,3.846,3.882,3.866,3.884,3.866,3.886,3.878,30.2,29.0,28.2,28.2,True
2026-09-17 09:57:06.076,27.31,0.0,30.2,0.0,3.682,0.204,3.846,3.882,3.866,3.884,3.866,3.886,3.878,30.2,29.1,28.2,28.2,True
2026-09-17 09:57:14.861,27.31,0.0,30.2,0.0,3.682,0.204,3.846,3.882,3.866,3.884,3.866,3.886,3.878,30.2,29.1,28.2,28.3,True
2026-09-17 09:57:24.098,27.31,0.0,30.3,0.0,3.682,0.204,3.846,3.882,3.866,3.884,3.866,3.886,3.878,30.3,29.0,28.3,28.2,True
2026-09-17 09:57:30.393,27.31,0.0,30.3,0.0,3.682,0.204,3.845,3.882,3.866,3.884,3.866,3.886,3.878,30.3,29.0,28.3,28.2,True
2026-09-17 09:57:36.664,27.31,0.0,30.3,0.0,3.682,0.204,3.846,3.882,3.866,3.884,3.866,3.886,3.878,30.3,29.0,28.2,28.3,True
2026-09-17 09:57:42.987,27.31,0.0,30.3,0.0,3.682,0.204,3.846,3.882,3.866,3.884,3.866,3.886,3.878,30.3,28.9,28.3,28.2,True
2026-09-17 09:57:51.994,27.31,0.0,30.3,0.0,3.683,0.203,3.846,3.882,3.866,3.884,3.866,3.886,3.878,30.3,29.0,28.3,28.2,True
2026-09-17 09:57:59.062,27.31,0.0,30.4,0.0,3.683,0.203,3.846,3.882,3.866,3.884,3.866,3.886,3.878,30.4,28.9,28.3,28.2,True
2026-09-17 09:58:06.362,27.31,0.0,30.2,0.0,3.683,0.203,3.846,3.882,3.865,3.884,3.866,3.886,3.878,30.2,29.1,28.2,28.3,True
2026-09-17 09:58:14.011,27.31,0.0,30.2,0.0,3.683,0.203,3.845,3.882,3.866,3.884,3.866,3.886,3.878,30.2,29.0,28.2,28.2,True
2026-09-17 09:58:20.343,27.31,0.0,30.3,0.0,3.683,0.203,3.845,3.882,3.866,3.884,3.866,3.886,3.878,30.3,29.0,28.3,28.1,True
2026-09-17 09:58:29.875,27.31,0.0,30.2,0.0,3.684,0.202,3.846,3.882,3.865,3.884,3.866,3.886,3.878,30.2,29.0,28.2,28.3,True
2026-09-17 09:58:38.678,27.31,0.0,30.2,0.0,3.684,0.202,3.846,3.882,3.865,3.884,3.866,3.886,3.878,30.2,29.1,28.2,28.2,True
2026-09-17 09:58:45.167,27.31,0.0,30.2,0.0,3.684,0.202,3.846,3.882,3.866,3.884,3.866,3.886,3.878,30.2,29.0,28.3,28.2,True
2026-09-17 09:58:50.971,27.3,0.0,30.3,0.0,3.684,0.202,3.846,3.882,3.866,3.884,3.866,3.886,3.878,30.3,29.0,28.2,28.2,True
2026-09-17 09:58:56.745,27.3,0.0,30.3,0.0,3.684,0.202,3.846,3.882,3.866,3.884,3.866,3.886,3.878,30.3,29.0,28.2,28.2,True
2026-09-17 09:59:03.360,27.3,0.0,30.2,0.0,3.684,0.202,3.846,3.882,3.866,3.884,3.866,3.886,3.878,30.2,29.0,28.2,28.2,True
2026-09-17 09:59:09.164,27.3,0.0,30.2,0.0,3.684,0.202,3.845,3.882,3.866,3.884,3.866,3.886,3.878,30.2,29.0,28.2,28.2,True
2026-09-17 09:59:14.686,27.3,0.0,30.2,0.0,3.684,0.202,3.845,3.882,3.866,3.884,3.866,3.886,3.878,30.2,29.0,28.2,28.2,True
2026-09-17 09:59:21.194,27.3,0.0,30.2,0.0,3.684,0.202,3.845,3.882,3.866,3.884,3.866,3.886,3.878,30.2,29.0,28.2,28.2,True
2026-09-17 09:59:26.608,27.3,0.0,30.3,0.0,3.684,0.202,3.845,3.882,3.866,3.884,3.866,3.886,3.878,30.3,29.0,28.3,28.1,True
2026-09-17 09:59:34.684,27.3,0.0,30.3,0.0,3.684,0.202,3.845,3.882,3.865,3.884,3.866,3.886,3.879,30.3,29.0,28.3,28.2,True
2026-09-17 09:59:40.399,27.3,0.0,30.3,0.0,3.685,0.201,3.846,3.882,3.866,3.884,3.866,3.886,3.878,30.3,29.0,28.3,28.2,True
2026-09-17 09:59:46.490,27.3,0.0,30.3,0.0,3.685,0.201,3.845,3.882,3.866,3.884,3.866,3.886,3.878,30.3,29.0,28.3,28.0,True
2026-09-17 09:59:53.238,27.3,0.0,30.3,0.0,3.685,0.201,3.845,3.882,3.866,3.884,3.866,3.886,3.878,30.3,29.0,28.3,28.1,True
2026-09-17 10:00:00.407,27.3,0.0,30.2,0.0,3.685,0.201,3.845,3.882,3.866,3.884,3.866,3.886,3.878,30.2,29.1,28.1,28.3,True
2026-09-17 10:00:08.326,27.3,0.0,30.3,0.0,3.685,0.201,3.845,3.882,3.865,3.884,3.866,3.886,3.878,30.3,29.0,28.2,28.1,True
2026-09-17 10:00:15.709,27.3,0.0,30.3,0.0,3.685,0.201,3.845,3.882,3.866,3.884,3.866,3.886,3.878,30.3,29.0,28.3,28.0,True
2026-09-17 10:00:24.674,27.3,0.0,30.2,0.0,3.685,0.201,3.845,3.882,3.866,3.884,3.866,3.886,3.878,30.2,29.1,28.2,28.2,True
2026-09-17 10:00:32.156,27.3,0.0,30.3,0.0,3.686,0.2,3.845,3.882,3.865,3.884,3.866,3.886,3.878,30.3,29.0,28.3,28.1,True
2026-09-17 10:00:38.806,27.3,0.0,30.2,0.0,3.686,0.2,3.845,3.882,3.866,3.884,3.866,3.886,3.878,30.2,29.1,28.1,28.2,True
2026-09-17 10:00:45.592,27.3,0.0,30.1,0.0,3.686,0.2,3.845,3.882,3.866,3.884,3.866,3.886,3.878,30.1,29.1,28.2,28.1,True
2026-09-17 10:00:52.670,27.3,0.0,30.1,0.0,3.686,0.2,3.846,3.882,3.865,3.884,3.866,3.886,3.878,30.1,29.1,28.2,28.1,True
2026-09-17 10:00:59.393,27.3,0.0,30.1,0.0,3.686,0.2,3.845,3.882,3.866,3.884,3.866,3.886,3.878,30.1,29.1,28.2,28.1,True
2026-09-17 10:01:05.847,27.3,0.0,30.3,0.0,3.686,0.2,3.845,3.882,3.865,3.884,3.866,3.886,3.878,30.3,28.9,28.2,28.1,True
2026-09-17 10:01:12.245,27.3,0.0,30.2,0.0,3.686,0.2,3.846,3.882,3.866,3.884,3.866,3.886,3.878,30.2,29.0,28.2,28.2,True
2026-09-17 10:01:18.944,27.3,0.0,30.3,0.0,3.686,0.2,3.846,3.882,3.866,3.884,3.866,3.886,3.878,30.3,29.0,28.3,28.1,True
2026-09-17 10:01:24.977,27.3,0.0,30.3,0.0,3.687,0.199,3.845,3.882,3.866,3.884,3.866,3.886,3.878,30.3,29.0,28.3,28.1,True
2026-09-17 10:01:33.198,27.3,0.0,30.3,0.0,3.687,0.199,3.845,3.882,3.866,3.884,3.866,3.886,3.878,30.3,29.0,28.2,28.0,True
2026-09-17 10:01:39.599,27.3,0.0,30.4,0.0,3.687,0.199,3.845,3.882,3.866,3.884,3.866,3.886,3.878,30.4,28.9,28.3,28.0,True
2026-09-17 10:01:47.565,27.3,0.0,30.3,0.0,3.687,0.199,3.845,3.882,3.865,3.884,3.866,3.886,3.878,30.3,29.1,28.2,28.1,True
2026-09-17 10:01:55.209,27.3,0.0,30.2,0.0,3.687,0.199,3.845,3.882,3.865,3.884,3.866,3.886,3.878,30.2,29.1,28.2,28.2,True
2026-09-17 10:02:02.018,27.3,0.0,30.3,0.0,3.688,0.198,3.845,3.882,3.866,3.884,3.866,3.886,3.878,30.3,28.9,28.3,28.1,True
2026-09-17 10:02:07.845,27.3,0.0,30.3,0.0,3.687,0.199,3.845,3.882,3.866,3.884,3.866,3.886,3.878,30.3,29.1,28.1,28.2,True
2026-09-17 10:02:15.177,27.3,0.0,30.2,0.0,3.688,0.198,3.845,3.882,3.866,3.884,3.866,3.886,3.878,30.2,29.1,28.2,28.2,True
2026-09-17 10:02:20.749,27.3,0.0,30.3,0.0,3.688,0.198,3.845,3.882,3.866,3.884,3.866,3.886,3.878,30.3,28.9,28.3,28.1,True
2026-09-17 10:02:27.132,27.3,0.0,30.2,0.0,3.688,0.198,3.845,3.882,3.866,3.884,3.866,3.886,3.878,30.2,29.0,28.1,28.2,True
2026-09-17 10:02:33.496,27.3,0.0,30.2,0.0,3.688,0.198,3.845,3.882,3.866,3.884,3.866,3.886,3.878,30.2,29.0,28.2,28.2,True
2026-09-17 10:02:39.501,27.3,0.0,30.2,0.0,3.688,0.198,3.845,3.882,3.866,3.884,3.866,3.886,3.878,30.2,29.0,28.2,28.2,True
2026-09-17 10:02:46.247,27.3,0.0,30.2,0.0,3.688,0.198,3.845,3.882,3.866,3.884,3.866,3.886,3.878,30.2,29.0,28.2,28.2,True
2026-09-17 10:02:53.049,27.3,0.0,30.2,0.0,3.688,0.198,3.845,3.882,3.866,3.884,3.866,3.886,3.878,30.2,29.0,28.2,28.2,True
2026-09-17 10:03:00.595,27.3,0.0,30.2,0.0,3.688,0.198,3.845,3.882,3.865,3.884,3.866,3.886,3.878,30.2,29.0,28.2,28.2,True
2026-09-17 10:03:08.257,27.3,0.0,30.3,0.0,3.689,0.197,3.845,3.882,3.866,3.884,3.866,3.886,3.878,30.3,29.0,28.2,28.1,True
2026-09-17 10:03:15.351,27.3,0.0,30.3,0.0,3.689,0.197,3.845,3.882,3.866,3.884,3.866,3.886,3.878,30.3,29.0,28.2,28.1,True
2026-09-17 10:03:23.200,27.3,0.0,30.2,0.0,3.689,0.197,3.845,3.882,3.865,3.884,3.866,3.886,3.878,30.2,29.0,28.2,28.2,True
2026-09-17 10:03:31.030,27.3,0.0,30.3,0.0,3.689,0.197,3.845,3.882,3.866,3.884,3.866,3.886,3.878,30.3,29.0,28.3,28.0,True
2026-09-17 10:03:38.364,27.3,0.0,30.3,0.0,3.689,0.197,3.845,3.882,3.866,3.884,3.866,3.886,3.878,30.3,28.9,28.3,28.1,True
2026-09-17 10:03:45.447,27.3,0.0,30.3,0.0,3.689,0.197,3.845,3.882,3.865,3.884,3.866,3.886,3.878,30.3,28.9,28.3,28.1,True
2026-09-17 10:03:52.532,27.3,0.0,30.3,0.0,3.689,0.197,3.845,3.882,3.865,3.884,3.866,3.886,3.878,30.3,28.9,28.3,28.0,True
2026-09-17 10:03:59.852,27.3,0.0,30.3,0.0,3.69,0.196,3.845,3.882,3.866,3.884,3.866,3.886,3.878,30.3,28.9,28.3,28.0,True
2026-09-17 10:04:07.136,27.3,0.0,30.3,0.0,3.69,0.196,3.845,3.882,3.866,3.884,3.866,3.886,3.878,30.3,29.0,28.2,28.1,True
2026-09-17 10:04:14.236,27.3,0.0,30.0,0.0,3.69,0.196,3.846,3.882,3.865,3.884,3.866,3.886,3.878,30.0,29.1,28.0,28.3,True
2026-09-17 10:04:21.279,27.3,0.0,30.0,0.0,3.69,0.196,3.846,3.882,3.865,3.884,3.866,3.886,3.878,30.0,29.1,28.0,28.3,True
2026-09-17 10:04:28.549,27.3,0.0,30.3,0.0,3.69,0.196,3.846,3.882,3.866,3.884,3.866,3.886,3.878,30.3,29.0,28.2,28.1,True
2026-09-17 10:04:35.197,27.3,0.0,30.3,0.0,3.69,0.196,3.845,3.882,3.865,3.884,3.866,3.886,3.878,30.3,29.0,28.2,28.1,True
2026-09-17 10:04:42.262,27.3,0.0,30.3,0.0,3.69,0.196,3.845,3.882,3.865,3.884,3.866,3.886,3.878,30.3,28.9,28.2,28.0,True
2026-09-17 10:04:49.634,27.3,0.0,30.3,0.0,3.691,0.195,3.845,3.882,3.866,3.884,3.866,3.886,3.878,30.3,29.0,28.2,28.1,True
2026-09-17 10:04:57.547,27.3,0.0,30.3,0.0,3.691,0.195,3.845,3.882,3.866,3.884,3.866,3.886,3.878,30.3,29.0,28.3,28.0,True
2026-09-17 10:05:05.343,27.29,0.0,30.2,0.0,3.691,0.195,3.845,3.882,3.866,3.884,3.866,3.886,3.878,30.2,29.0,28.2,28.1,True
2026-09-17 10:05:13.087,27.29,0.0,30.2,0.0,3.691,0.195,3.845,3.882,3.866,3.884,3.866,3.886,3.878,30.2,29.0,28.2,28.1,True
2026-09-17 10:05:21.137,27.3,0.0,30.3,0.0,3.691,0.195,3.845,3.882,3.866,3.884,3.866,3.886,3.878,30.3,29.0,28.3,28.1,True
2026-09-17 10:05:27.829,27.3,0.0,30.3,0.0,3.691,0.195,3.845,3.882,3.865,3.883,3.866,3.886,3.878,30.3,29.0,28.3,28.1,True
2026-09-17 10:05:33.879,27.3,0.0,30.2,0.0,3.691,0.195,3.845,3.882,3.865,3.883,3.866,3.886,3.878,30.2,29.0,28.1,28.0,True
2026-09-17 10:05:41.150,27.3,0.0,30.2,0.0,3.691,0.195,3.846,3.882,3.866,3.884,3.866,3.886,3.878,30.2,29.0,28.1,28.0,True
2026-09-17 10:05:47.812,27.3,0.0,30.2,0.0,3.692,0.194,3.845,3.882,3.865,3.884,3.866,3.886,3.878,30.2,29.1,28.1,28.2,True
2026-09-17 10:05:55.075,27.3,0.0,30.2,0.0,3.692,0.194,3.845,3.882,3.865,3.884,3.866,3.886,3.878,30.2,29.0,28.2,28.0,True
2026-09-17 10:06:02.239,27.3,0.0,30.2,0.0,3.692,0.194,3.845,3.882,3.865,3.884,3.866,3.886,3.878,30.2,29.0,28.2,28.0,True
2026-09-17 10:06:08.694,27.3,0.0,30.4,0.0,3.692,0.194,3.846,3.882,3.865,3.884,3.866,3.886,3.878,30.4,28.8,28.3,28.0,True
2026-09-17 10:06:15.231,27.3,0.0,30.2,0.0,3.692,0.194,3.846,3.882,3.865,3.884,3.866,3.886,3.878,30.2,29.1,28.2,28.1,True
2026-09-17 10:06:22.526,27.3,0.0,30.3,0.0,3.692,0.194,3.845,3.882,3.865,3.884,3.866,3.886,3.878,30.3,29.0,28.2,28.0,True
2026-09-17 10:06:29.056,27.29,0.0,30.1,0.0,3.693,0.193,3.845,3.882,3.865,3.884,3.866,3.886,3.878,30.1,29.1,28.0,28.2,True
2026-09-17 10:06:35.742,27.29,0.0,30.3,0.0,3.693,0.193,3.845,3.882,3.865,3.884,3.866,3.886,3.878,30.3,29.0,28.2,28.0,True
2026-09-17 10:06:43.623,27.29,0.0,30.2,0.0,3.693,0.193,3.845,3.882,3.866,3.884,3.866,3.886,3.878,30.2,29.0,28.1,28.2,True
2026-09-17 10:06:50.800,27.29,0.0,30.2,0.0,3.693,0.193,3.845,3.882,3.866,3.884,3.866,3.886,3.878,30.2,29.0,28.1,28.2,True
2026-09-17 10:06:57.768,27.29,0.0,30.4,0.0,3.693,0.193,3.845,3.882,3.866,3.884,3.866,3.886,3.878,30.4,28.8,28.3,28.0,True
2026-09-17 10:07:03.428,27.29,0.0,30.1,0.0,3.693,0.193,3.845,3.882,3.866,3.884,3.866,3.886,3.878,30.1,29.1,28.1,28.2,True
2026-09-17 10:07:10.956,27.29,0.0,30.3,0.0,3.693,0.193,3.845,3.882,3.865,3.884,3.866,3.886,3.878,30.3,28.9,28.3,27.9,True
2026-09-17 10:07:19.059,27.29,0.0,30.2,0.0,3.693,0.193,3.845,3.882,3.865,3.883,3.866,3.886,3.878,30.2,29.0,28.1,28.1,True
2026-09-17 10:07:27.861,27.29,0.0,30.2,0.0,3.694,0.192,3.845,3.882,3.866,3.883,3.866,3.886,3.878,30.2,29.0,28.2,28.0,True
2026-09-17 10:07:37.936,27.29,0.0,30.2,0.0,3.694,0.192,3.845,3.882,3.866,3.883,3.866,3.886,3.878,30.2,29.0,28.3,27.9,True
2026-09-17 10:07:46.906,27.29,0.0,30.2,0.0,3.694,0.192,3.845,3.882,3.865,3.884,3.866,3.886,3.878,30.2,29.0,28.2,28.0,True
2026-09-17 10:07:53.009,27.29,0.0,30.2,0.0,3.694,0.192,3.845,3.882,3.865,3.884,3.866,3.886,3.878,30.2,28.9,28.2,27.9,True
2026-09-17 10:07:57.409,27.29,0.0,30.3,0.0,3.694,0.192,3.845,3.882,3.866,3.883,3.866,3.886,3.878,30.3,28.9,28.2,28.0,True
2026-09-17 10:08:02.081,27.29,0.0,30.2,0.0,3.694,0.192,3.845,3.882,3.865,3.884,3.866,3.886,3.878,30.2,29.0,28.1,28.0,True
2026-09-17 10:08:07.818,27.29,0.0,30.3,0.0,3.694,0.192,3.845,3.882,3.866,3.884,3.866,3.886,3.878,30.3,28.9,28.3,28.0,True
2026-09-17 10:08:13.266,27.29,0.0,30.2,0.0,3.694,0.192,3.845,3.882,3.865,3.884,3.866,3.886,3.878,30.2,29.0,28.2,27.9,True
2026-09-17 10:08:19.873,27.29,0.0,30.2,0.0,3.695,0.191,3.845,3.882,3.865,3.883,3.866,3.886,3.878,30.2,29.0,28.1,28.1,True
2026-09-17 10:08:28.397,27.29,0.0,30.2,0.0,3.695,0.191,3.845,3.882,3.865,3.883,3.866,3.886,3.878,30.2,29.0,28.3,27.9,True
2026-09-17 10:08:34.820,27.29,0.0,30.2,0.0,3.695,0.191,3.845,3.882,3.865,3.884,3.866,3.886,3.878,30.2,29.0,28.2,28.0,True
2026-09-17 10:08:41.572,27.29,0.0,30.2,0.0,3.695,0.191,3.845,3.882,3.865,3.884,3.866,3.886,3.878,30.2,29.0,28.1,28.0,True
2026-09-17 10:08:48.309,27.29,0.0,30.3,0.0,3.695,0.191,3.845,3.882,3.865,3.884,3.866,3.886,3.878,30.3,28.9,28.2,28.0,True
2026-09-17 10:08:55.550,27.29,0.0,30.2,0.0,3.694,0.191,3.845,3.882,3.865,3.884,3.866,3.885,3.878,30.2,29.0,28.2,27.9,True
2026-09-17 10:09:01.464,27.29,0.0,30.2,0.0,3.694,0.191,3.845,3.881,3.865,3.884,3.866,3.885,3.878,30.2,29.0,28.2,27.9,True
2026-09-17 10:09:07.431,27.29,0.0,30.2,0.0,3.695,0.19,3.844,3.882,3.866,3.883,3.866,3.885,3.878,30.2,29.0,28.1,28.0,True
2026-09-17 10:09:13.671,27.29,0.0,30.3,0.0,3.696,0.19,3.845,3.882,3.865,3.884,3.866,3.886,3.878,30.3,28.9,28.3,27.8,True
2026-09-17 10:09:20.630,27.29,0.0,30.3,0.0,3.696,0.19,3.845,3.882,3.865,3.884,3.866,3.886,3.878,30.3,28.9,28.3,27.8,True
2026-09-17 10:09:26.403,27.29,0.0,30.2,0.0,3.695,0.19,3.845,3.881,3.865,3.884,3.866,3.885,3.878,30.2,29.0,28.1,27.9,True
2026-09-17 10:09:33.027,27.29,0.0,30.2,0.0,3.695,0.19,3.845,3.881,3.865,3.884,3.866,3.885,3.878,30.2,29.0,28.1,27.9,True
2026-09-17 10:09:44.261,27.29,0.0,30.3,0.0,3.696,0.19,3.845,3.882,3.865,3.884,3.866,3.886,3.878,30.3,28.9,28.2,27.9,True
2026-09-17 10:09:51.441,27.29,0.0,30.3,0.0,3.696,0.19,3.845,3.882,3.865,3.884,3.866,3.886,3.878,30.3,28.9,28.2,27.9,True
2026-09-17 10:09:58.247,27.29,0.0,30.2,0.0,3.696,0.19,3.845,3.881,3.865,3.883,3.866,3.886,3.878,30.2,29.0,28.0,28.0,True
2026-09-17 10:10:03.990,27.29,0.0,30.3,0.0,3.697,0.189,3.845,3.882,3.866,3.884,3.866,3.886,3.878,30.3,28.8,28.4,27.8,True
2026-09-17 10:10:10.980,27.29,0.0,30.3,0.0,3.696,0.189,3.845,3.881,3.865,3.884,3.866,3.885,3.878,30.3,28.8,28.4,27.8,True
2026-09-17 10:10:16.959,27.29,0.0,30.2,0.0,3.697,0.189,3.844,3.882,3.866,3.884,3.866,3.886,3.878,30.2,28.9,28.1,27.9,True
2026-09-17 10:10:23.057,27.29,0.0,30.2,0.0,3.697,0.189,3.845,3.882,3.866,3.884,3.866,3.886,3.878,30.2,28.9,28.1,27.9,True
2026-09-17 10:10:29.189,27.29,0.0,30.3,0.0,3.697,0.189,3.845,3.882,3.866,3.884,3.866,3.886,3.878,30.3,29.0,28.2,27.9,True
2026-09-17 10:10:35.545,27.29,0.0,30.3,0.0,3.697,0.189,3.845,3.882,3.865,3.884,3.866,3.886,3.878,30.3,28.9,28.2,27.9,True
2026-09-17 10:10:42.602,27.29,0.0,30.3,0.0,3.697,0.189,3.845,3.882,3.865,3.884,3.866,3.886,3.878,30.3,28.9,28.2,27.9,True
2026-09-17 10:10:48.367,27.29,0.0,30.2,0.0,3.698,0.188,3.845,3.882,3.865,3.884,3.866,3.886,3.878,30.2,29.0,28.1,28.0,True
2026-09-17 10:10:55.311,27.29,0.0,30.2,0.0,3.698,0.188,3.845,3.882,3.865,3.884,3.866,3.886,3.878,30.2,29.0,28.1,28.0,True
2026-09-17 10:11:02.044,27.29,0.0,30.1,0.0,3.698,0.188,3.845,3.882,3.865,3.883,3.866,3.886,3.878,30.1,29.0,28.0,28.0,True
2026-09-17 10:11:08.525,27.29,0.0,30.3,0.0,3.698,0.188,3.845,3.882,3.865,3.883,3.866,3.886,3.878,30.3,28.9,28.2,27.9,True
2026-09-17 10:11:15.094,27.29,0.0,30.2,0.0,3.698,0.188,3.845,3.882,3.865,3.883,3.866,3.886,3.878,30.2,28.9,28.2,27.9,True
2026-09-17 10:11:21.983,27.29,0.0,30.2,0.0,3.698,0.188,3.845,3.882,3.865,3.883,3.866,3.886,3.878,30.2,29.0,28.1,27.9,True
2026-09-17 10:11:29.432,27.29,0.0,30.2,0.0,3.698,0.188,3.845,3.882,3.865,3.883,3.866,3.886,3.878,30.2,29.0,28.1,27.9,True
2026-09-17 10:11:35.491,27.29,0.0,30.3,0.0,3.698,0.188,3.845,3.881,3.865,3.883,3.866,3.886,3.878,30.3,28.9,28.3,27.8,True
2026-09-17 10:11:43.357,27.29,0.0,30.2,0.0,3.699,0.187,3.845,3.882,3.865,3.883,3.865,3.886,3.878,30.2,28.8,28.2,27.8,True
2026-09-17 10:11:50.202,27.29,0.0,30.2,0.0,3.699,0.187,3.845,3.882,3.865,3.883,3.865,3.886,3.878,30.2,28.8,28.2,27.8,True
2026-09-17 10:11:56.944,27.29,0.0,30.3,0.0,3.699,0.187,3.845,3.882,3.865,3.883,3.865,3.886,3.878,30.3,28.9,28.2,27.8,True
2026-09-17 10:12:04.457,27.29,0.0,30.3,0.0,3.699,0.187,3.845,3.882,3.865,3.883,3.866,3.886,3.878,30.3,28.9,28.2,27.8,True
2026-09-17 10:12:11.176,27.29,0.0,30.2,0.0,3.698,0.187,3.845,3.882,3.865,3.883,3.866,3.885,3.878,30.2,29.0,28.0,28.0,True
2026-09-17 10:12:17.527,27.29,0.0,30.2,0.0,3.698,0.187,3.845,3.882,3.865,3.883,3.866,3.885,3.878,30.2,29.0,28.1,28.0,True
2026-09-17 10:12:24.695,27.29,0.0,30.1,0.0,3.699,0.187,3.845,3.882,3.865,3.884,3.866,3.886,3.878,30.1,29.1,28.1,27.9,True
2026-09-17 10:12:31.742,27.29,0.0,30.1,0.0,3.699,0.187,3.845,3.882,3.865,3.883,3.866,3.886,3.878,30.1,29.1,28.1,27.9,True
2026-09-17 10:12:37.941,27.29,0.0,30.1,0.0,3.7,0.186,3.844,3.881,3.865,3.884,3.866,3.886,3.878,30.1,29.1,28.1,27.9,True
2026-09-17 10:12:44.579,27.29,0.0,30.1,0.0,3.7,0.186,3.845,3.881,3.865,3.883,3.866,3.886,3.878,30.1,29.1,28.1,27.9,True
2026-09-17 10:12:51.343,27.29,0.0,30.2,0.0,3.7,0.186,3.845,3.881,3.865,3.883,3.866,3.886,3.878,30.2,29.0,28.1,27.9,True
2026-09-17 10:12:58.421,27.29,0.0,30.2,0.0,3.7,0.186,3.844,3.882,3.865,3.884,3.866,3.886,3.878,30.2,28.9,28.0,28.0,True
2026-09-17 10:13:04.735,27.29,0.0,30.2,0.0,3.699,0.186,3.845,3.882,3.865,3.884,3.866,3.885,3.878,30.2,28.9,28.0,28.0,True
2026-09-17 10:13:13.099,27.28,0.0,30.2,0.0,3.699,0.186,3.845,3.882,3.865,3.884,3.866,3.885,3.878,30.2,28.9,27.9,28.0,True
2026-09-17 10:13:19.703,27.29,0.0,30.2,0.0,3.7,0.186,3.844,3.881,3.865,3.883,3.866,3.886,3.878,30.2,28.9,28.2,27.8,True
2026-09-17 10:13:26.899,27.29,0.0,30.3,0.0,3.701,0.185,3.845,3.882,3.865,3.883,3.866,3.886,3.878,30.3,28.8,28.2,27.8,True
2026-09-17 10:13:33.638,27.28,0.0,30.3,0.0,3.701,0.185,3.845,3.882,3.865,3.883,3.866,3.886,3.878,30.3,28.8,28.1,27.9,True
2026-09-17 10:13:40.366,27.28,0.0,30.3,0.0,3.701,0.185,3.844,3.882,3.865,3.883,3.866,3.886,3.878,30.3,28.8,28.3,27.8,True
2026-09-17 10:13:47.649,27.28,0.0,30.3,0.0,3.701,0.185,3.845,3.882,3.865,3.883,3.865,3.886,3.878,30.3,28.8,28.3,27.8,True
2026-09-17 10:13:55.220,27.29,0.0,30.1,0.0,3.701,0.185,3.844,3.882,3.865,3.883,3.866,3.886,3.878,30.1,29.0,28.1,27.8,True
2026-09-17 10:14:01.669,27.28,0.0,30.2,0.0,3.701,0.185,3.844,3.881,3.865,3.884,3.866,3.886,3.878,30.2,28.9,28.2,27.9,True
2026-09-17 10:14:09.515,27.29,0.0,30.3,0.0,3.701,0.185,3.845,3.882,3.865,3.883,3.866,3.886,3.878,30.3,28.8,28.2,27.8,True
2026-09-17 10:14:16.653,27.29,0.0,30.2,0.0,3.7,0.185,3.845,3.882,3.865,3.884,3.866,3.885,3.878,30.2,28.9,28.0,27.9,True
2026-09-17 10:14:24.014,27.28,0.0,30.2,0.0,3.7,0.185,3.845,3.882,3.865,3.884,3.866,3.885,3.878,30.2,28.9,28.0,27.9,True
2026-09-17 10:14:32.504,27.28,0.0,30.3,0.0,3.701,0.184,3.844,3.881,3.865,3.883,3.866,3.885,3.878,30.3,28.9,28.2,27.8,True
2026-09-17 10:14:40.304,27.28,0.0,30.3,0.0,3.702,0.184,3.845,3.882,3.865,3.884,3.866,3.886,3.878,30.3,28.9,28.2,27.8,True
2026-09-17 10:14:49.855,27.28,0.0,30.3,0.0,3.702,0.184,3.845,3.881,3.865,3.883,3.866,3.886,3.878,30.3,28.9,28.2,27.8,True
2026-09-17 10:14:58.478,27.28,0.0,30.2,0.0,3.702,0.184,3.845,3.881,3.865,3.883,3.866,3.886,3.878,30.2,28.8,28.2,27.9,True
2026-09-17 10:15:06.101,27.28,0.0,30.2,0.0,3.702,0.184,3.845,3.882,3.865,3.884,3.866,3.886,3.877,30.2,28.8,28.2,27.8,True
2026-09-17 10:15:13.779,27.28,0.0,30.2,0.0,3.701,0.184,3.844,3.881,3.865,3.884,3.865,3.885,3.878,30.2,28.8,28.2,27.8,True
2026-09-17 10:15:21.018,27.28,0.0,30.2,0.0,3.701,0.184,3.844,3.881,3.865,3.884,3.865,3.885,3.878,30.2,28.8,28.2,27.8,True
2026-09-17 10:15:29.287,27.28,0.0,30.2,0.0,3.703,0.183,3.845,3.882,3.865,3.883,3.866,3.886,3.877,30.2,28.8,28.1,27.8,True
2026-09-17 10:15:37.330,27.28,0.0,30.1,0.0,3.703,0.183,3.845,3.881,3.865,3.883,3.866,3.886,3.878,30.1,29.0,28.0,27.8,True
2026-09-17 10:15:46.050,27.28,0.0,30.2,0.0,3.703,0.183,3.845,3.881,3.865,3.883,3.866,3.886,3.878,30.2,28.9,28.0,27.8,True
2026-09-17 10:15:56.372,27.28,0.0,30.2,0.0,3.703,0.183,3.845,3.882,3.865,3.884,3.865,3.886,3.878,30.2,28.9,28.0,27.8,True
2026-09-17 10:16:03.994,27.28,0.0,30.2,0.0,3.703,0.183,3.845,3.882,3.865,3.884,3.865,3.886,3.878,30.2,28.9,28.1,27.8,True
2026-09-17 10:16:11.045,27.28,0.0,30.2,0.0,3.704,0.182,3.845,3.881,3.865,3.883,3.866,3.886,3.878,30.2,28.9,28.0,27.9,True
2026-09-17 10:16:18.584,27.28,0.0,30.1,0.0,3.704,0.182,3.845,3.881,3.865,3.883,3.866,3.886,3.878,30.1,29.0,28.1,27.9,True
2026-09-17 10:16:25.434,27.28,0.0,30.2,0.0,3.704,0.182,3.844,3.881,3.865,3.883,3.866,3.886,3.877,30.2,28.9,28.0,27.9,True
2026-09-17 10:16:33.973,27.28,0.0,30.2,0.0,3.704,0.182,3.844,3.881,3.865,3.883,3.866,3.886,3.877,30.2,28.9,28.1,27.9,True
2026-09-17 10:16:41.385,27.28,0.0,30.3,0.0,3.704,0.182,3.845,3.882,3.865,3.883,3.866,3.886,3.877,30.3,28.8,28.2,27.8,True
2026-09-17 10:16:47.834,27.28,0.0,30.2,0.0,3.704,0.182,3.845,3.881,3.865,3.884,3.865,3.886,3.877,30.2,28.9,28.1,27.9,True
2026-09-17 10:16:54.672,27.28,0.0,30.1,0.0,3.704,0.182,3.845,3.881,3.865,3.883,3.865,3.886,3.878,30.1,28.9,28.0,27.9,True
2026-09-17 10:17:01.606,27.28,0.0,30.1,0.0,3.704,0.182,3.845,3.881,3.865,3.883,3.865,3.886,3.878,30.1,29.0,28.0,27.8,True
2026-09-17 10:17:09.310,27.28,0.0,30.2,0.0,3.703,0.182,3.845,3.881,3.865,3.883,3.866,3.885,3.878,30.2,28.8,28.2,27.7,True
2026-09-17 10:17:17.220,27.28,0.0,30.2,0.0,3.704,0.181,3.845,3.882,3.865,3.883,3.865,3.885,3.878,30.2,28.8,28.2,27.7,True
2026-09-17 10:17:26.573,27.28,0.0,30.2,0.0,3.704,0.181,3.845,3.882,3.865,3.883,3.865,3.885,3.878,30.2,28.9,28.0,27.8,True
2026-09-17 10:17:34.008,27.28,0.0,30.2,0.0,3.704,0.181,3.845,3.882,3.865,3.884,3.866,3.885,3.877,30.2,28.8,28.1,27.8,True
2026-09-17 10:17:41.653,27.28,0.0,30.1,0.0,3.704,0.181,3.845,3.882,3.865,3.883,3.866,3.885,3.877,30.1,28.9,28.1,27.8,True
2026-09-17 10:17:47.877,27.28,0.0,30.2,0.0,3.705,0.181,3.844,3.882,3.865,3.884,3.866,3.886,3.877,30.2,28.8,28.1,27.8,True
2026-09-17 10:17:54.240,27.28,0.0,30.1,0.0,3.705,0.181,3.844,3.882,3.865,3.883,3.866,3.886,3.877,30.1,28.9,28.1,27.7,True
2026-09-17 10:18:02.048,27.28,0.0,30.1,0.0,3.705,0.181,3.845,3.881,3.865,3.883,3.866,3.886,3.877,30.1,28.9,28.1,27.7,True
2026-09-17 10:18:09.663,27.28,0.0,30.2,0.0,3.705,0.181,3.845,3.881,3.865,3.883,3.866,3.886,3.877,30.2,28.8,28.0,27.8,True
2026-09-17 10:18:15.903,27.28,0.0,30.2,0.0,3.706,0.18,3.844,3.882,3.865,3.884,3.866,3.886,3.878,30.2,28.9,28.0,27.8,True
2026-09-17 10:18:22.075,27.28,0.0,30.2,0.0,3.705,0.18,3.845,3.881,3.865,3.883,3.866,3.885,3.878,30.2,28.8,28.1,27.8,True
2026-09-17 10:18:29.393,27.28,0.0,30.2,0.0,3.706,0.18,3.845,3.881,3.865,3.883,3.866,3.886,3.878,30.2,28.8,28.0,27.8,True
2026-09-17 10:18:36.511,27.28,0.0,30.1,0.0,3.706,0.18,3.845,3.881,3.865,3.883,3.866,3.886,3.878,30.1,28.8,28.0,27.8,True
2026-09-17 10:18:43.068,27.28,0.0,30.1,0.0,3.706,0.18,3.845,3.882,3.865,3.883,3.866,3.886,3.878,30.1,28.8,28.0,27.8,True
2026-09-17 10:18:49.741,27.28,0.0,30.1,0.0,3.706,0.18,3.845,3.881,3.865,3.884,3.866,3.886,3.878,30.1,28.9,28.0,27.8,True
2026-09-17 10:18:56.062,27.28,0.0,30.1,0.0,3.706,0.18,3.845,3.882,3.865,3.883,3.866,3.886,3.878,30.1,28.9,28.0,27.8,True
2026-09-17 10:19:02.707,27.28,0.0,30.1,0.0,3.706,0.18,3.845,3.882,3.865,3.883,3.866,3.886,3.878,30.1,28.9,28.0,27.9,True
2026-09-17 10:19:09.917,27.28,0.0,30.1,0.0,3.706,0.179,3.845,3.881,3.865,3.883,3.866,3.885,3.878,30.1,28.9,28.0,27.9,True
2026-09-17 10:19:17.642,27.28,0.0,30.2,0.0,3.706,0.179,3.844,3.881,3.865,3.883,3.866,3.885,3.877,30.2,28.7,28.2,27.7,True
2026-09-17 10:19:25.181,27.28,0.0,30.2,0.0,3.706,0.179,3.844,3.881,3.865,3.883,3.866,3.885,3.877,30.2,28.8,28.1,27.7,True
2026-09-17 10:19:32.730,27.28,0.0,30.2,0.0,3.706,0.179,3.844,3.881,3.865,3.883,3.866,3.885,3.877,30.2,28.8,28.1,27.7,True
2026-09-17 10:19:39.898,27.28,0.0,30.1,0.0,3.706,0.179,3.844,3.881,3.865,3.883,3.866,3.885,3.877,30.1,28.8,28.0,27.7,True
2026-09-17 10:19:46.094,27.28,0.0,30.1,0.0,3.706,0.179,3.844,3.882,3.865,3.884,3.866,3.885,3.877,30.1,28.8,28.1,27.7,True
2026-09-17 10:19:53.604,27.28,0.0,30.2,0.0,3.707,0.178,3.845,3.882,3.865,3.883,3.865,3.885,3.877,30.2,28.8,28.1,27.7,True
2026-09-17 10:20:00.902,27.28,0.0,30.1,0.0,3.707,0.178,3.845,3.882,3.865,3.883,3.865,3.885,3.877,30.1,28.8,28.0,27.8,True
2026-09-17 10:20:08.098,27.28,0.0,30.1,0.0,3.707,0.178,3.844,3.881,3.865,3.883,3.866,3.885,3.878,30.1,28.8,28.0,27.7,True
2026-09-17 10:20:13.785,27.28,0.0,30.2,0.0,3.707,0.178,3.844,3.881,3.865,3.883,3.866,3.885,3.877,30.2,28.8,28.1,27.8,True
2026-09-17 10:20:20.956,27.28,0.0,30.2,0.0,3.708,0.178,3.844,3.882,3.865,3.883,3.866,3.886,3.878,30.2,28.8,28.1,27.8,True
2026-09-17 10:20:27.934,27.28,0.0,30.2,0.0,3.708,0.178,3.844,3.882,3.865,3.883,3.866,3.886,3.878,30.2,28.8,28.0,27.8,True
2026-09-17 10:20:35.441,27.28,0.0,30.2,0.0,3.707,0.178,3.844,3.882,3.865,3.883,3.866,3.885,3.878,30.2,28.8,28.1,27.7,True
2026-09-17 10:20:42.753,27.28,0.0,30.2,0.0,3.709,0.177,3.845,3.881,3.865,3.883,3.866,3.886,3.877,30.2,28.8,28.1,27.7,True
2026-09-17 10:20:49.668,27.28,0.0,30.2,0.0,3.708,0.177,3.844,3.881,3.865,3.883,3.865,3.885,3.878,30.2,28.8,28.1,27.7,True
2026-09-17 10:20:56.290,27.28,0.0,30.2,0.0,3.708,0.177,3.844,3.881,3.865,3.883,3.865,3.885,3.878,30.2,28.8,28.1,27.7,True
2026-09-17 10:21:02.466,27.28,0.0,30.1,0.0,3.709,0.177,3.844,3.881,3.865,3.883,3.866,3.886,3.877,30.1,28.8,28.0,27.7,True
2026-09-17 10:21:08.997,27.28,0.0,30.2,0.0,3.709,0.177,3.844,3.881,3.865,3.883,3.866,3.886,3.877,30.2,28.8,28.1,27.7,True
2026-09-17 10:21:15.516,27.28,0.0,30.2,0.0,3.709,0.177,3.845,3.881,3.865,3.883,3.866,3.886,3.878,30.2,28.8,28.1,27.7,True
2026-09-17 10:21:21.635,27.28,0.0,30.2,0.0,3.708,0.177,3.844,3.881,3.865,3.883,3.866,3.885,3.877,30.2,28.8,28.1,27.7,True
2026-09-17 10:21:28.549,27.27,0.0,30.1,0.0,3.708,0.177,3.845,3.881,3.865,3.883,3.866,3.885,3.877,30.1,28.8,27.9,27.8,True
2026-09-17 10:21:36.095,27.27,0.0,30.1,0.0,3.708,0.177,3.845,3.881,3.865,3.883,3.866,3.885,3.877,30.1,28.8,28.0,27.8,True
2026-09-17 10:21:44.102,27.27,0.0,30.0,0.0,3.709,0.176,3.844,3.881,3.865,3.883,3.865,3.885,3.878,30.0,28.9,28.0,27.8,True
2026-09-17 10:21:49.857,27.27,0.0,30.2,0.0,3.71,0.176,3.844,3.881,3.865,3.883,3.866,3.886,3.877,30.2,28.9,27.8,27.9,True
2026-09-17 10:21:57.215,27.27,0.0,30.1,0.0,3.71,0.176,3.844,3.881,3.865,3.883,3.866,3.886,3.877,30.1,28.8,28.0,27.7,True
2026-09-17 10:22:03.872,27.27,0.0,30.0,0.0,3.71,0.176,3.844,3.881,3.865,3.883,3.865,3.886,3.878,30.0,28.9,28.0,27.8,True
2026-09-17 10:22:10.714,27.27,0.0,30.2,0.0,3.709,0.176,3.845,3.881,3.865,3.883,3.865,3.885,3.877,30.2,28.8,28.0,27.7,True
2026-09-17 10:22:16.741,27.27,0.0,30.2,0.0,3.709,0.176,3.845,3.881,3.865,3.883,3.866,3.885,3.877,30.2,28.8,28.0,27.7,True
2026-09-17 10:22:23.048,27.27,0.0,30.2,0.0,3.709,0.176,3.845,3.881,3.865,3.883,3.865,3.885,3.878,30.2,28.7,28.1,27.7,True
2026-09-17 10:22:29.268,27.27,0.0,30.2,0.0,3.709,0.176,3.844,3.881,3.865,3.883,3.866,3.885,3.877,30.2,28.7,28.1,27.6,True
2026-09-17 10:22:37.318,27.27,0.0,30.1,0.0,3.709,0.176,3.844,3.881,3.865,3.883,3.866,3.885,3.877,30.1,28.8,28.0,27.7,True
2026-09-17 10:22:44.012,27.27,0.0,30.0,0.0,3.71,0.175,3.845,3.881,3.865,3.883,3.865,3.885,3.878,30.0,28.9,28.0,27.7,True
2026-09-17 10:22:57.657,27.27,0.0,30.2,0.0,3.71,0.175,3.845,3.881,3.865,3.883,3.865,3.885,3.878,30.2,28.8,28.0,27.8,True
2026-09-17 10:23:06.051,27.27,0.0,30.2,0.0,3.71,0.175,3.844,3.881,3.865,3.883,3.865,3.885,3.877,30.2,28.7,28.1,27.5,True
2026-09-17 10:23:12.284,27.27,0.0,30.0,0.0,3.71,0.175,3.843,3.882,3.865,3.883,3.865,3.885,3.877,30.0,28.8,28.0,27.6,True
2026-09-17 10:23:18.600,27.27,0.0,30.1,0.0,3.711,0.174,3.844,3.881,3.865,3.883,3.865,3.885,3.877,30.1,28.8,28.0,27.7,True
2026-09-17 10:23:24.907,27.27,0.0,30.1,0.0,3.711,0.174,3.844,3.881,3.865,3.883,3.865,3.885,3.877,30.1,28.8,28.0,27.7,True
2026-09-17 10:23:31.878,27.27,0.0,30.1,0.0,3.71,0.175,3.844,3.881,3.865,3.883,3.866,3.885,3.878,30.1,28.8,28.0,27.7,True
2026-09-17 10:23:38.072,27.27,0.0,30.0,0.0,3.711,0.174,3.844,3.881,3.865,3.883,3.865,3.885,3.877,30.0,28.8,28.1,27.6,True
2026-09-17 10:23:46.274,27.27,0.0,30.1,0.0,3.711,0.174,3.844,3.881,3.865,3.883,3.865,3.885,3.877,30.1,28.7,28.0,27.6,True
2026-09-17 10:23:52.673,27.27,0.0,30.1,0.0,3.711,0.174,3.844,3.881,3.865,3.883,3.865,3.885,3.877,30.1,28.8,28.0,27.7,True
2026-09-17 10:24:00.474,27.27,0.0,30.1,0.0,3.711,0.174,3.844,3.881,3.865,3.883,3.866,3.885,3.877,30.1,28.8,28.0,27.7,True
2026-09-17 10:24:08.489,27.27,0.0,30.0,0.0,3.711,0.174,3.844,3.881,3.865,3.883,3.865,3.885,3.877,30.0,28.9,28.0,27.7,True
2026-09-17 10:24:16.177,27.27,0.0,30.0,0.0,3.711,0.174,3.844,3.881,3.865,3.883,3.865,3.885,3.877,30.0,28.9,28.0,27.7,True
2026-09-17 10:24:25.353,27.27,0.0,30.1,0.0,3.712,0.174,3.844,3.882,3.865,3.883,3.865,3.886,3.877,30.1,28.8,27.9,27.7,True
2026-09-17 10:24:33.907,27.27,0.0,30.1,0.0,3.712,0.173,3.844,3.881,3.865,3.883,3.866,3.885,3.878,30.1,28.8,27.9,27.7,True
2026-09-17 10:24:44.294,27.27,0.0,30.0,0.0,3.712,0.173,3.844,3.881,3.865,3.883,3.866,3.885,3.877,30.0,28.8,27.9,27.8,True
2026-09-17 10:24:57.751,27.27,0.0,30.2,0.0,3.712,0.173,3.844,3.881,3.865,3.883,3.865,3.885,3.877,30.2,28.8,28.0,27.7,True
2026-09-17 10:25:04.875,27.27,0.0,30.1,0.0,3.712,0.173,3.844,3.881,3.865,3.883,3.865,3.885,3.877,30.1,28.8,28.0,27.6,True
2026-09-17 10:25:11.941,27.27,0.0,30.0,0.0,3.713,0.172,3.844,3.882,3.865,3.883,3.865,3.885,3.877,30.0,28.9,27.9,27.7,True
2026-09-17 10:25:22.158,27.27,0.0,30.0,0.0,3.712,0.173,3.844,3.881,3.864,3.883,3.865,3.885,3.877,30.0,28.9,27.9,27.7,True
2026-09-17 10:25:30.559,27.27,0.0,30.0,0.0,3.713,0.172,3.844,3.881,3.865,3.883,3.865,3.885,3.877,30.0,28.8,27.9,27.7,True
2026-09-17 10:25:39.457,27.27,0.0,30.0,0.0,3.713,0.172,3.844,3.881,3.865,3.883,3.865,3.885,3.877,30.0,28.8,27.9,27.7,True
2026-09-17 10:25:46.704,27.27,0.0,30.0,0.0,3.713,0.172,3.844,3.881,3.865,3.883,3.865,3.885,3.877,30.0,28.9,27.8,27.7,True
2026-09-17 10:25:53.459,27.27,0.0,29.9,0.0,3.713,0.172,3.845,3.881,3.865,3.883,3.866,3.885,3.877,29.9,28.9,27.8,27.7,True
2026-09-17 10:26:01.222,27.27,0.0,30.0,0.0,3.713,0.172,3.844,3.881,3.865,3.883,3.865,3.885,3.877,30.0,28.8,27.9,27.7,True
2026-09-17 10:26:09.044,27.27,0.0,30.2,0.0,3.713,0.172,3.844,3.881,3.865,3.883,3.865,3.885,3.877,30.2,28.7,28.0,27.6,True
2026-09-17 10:26:17.052,27.27,0.0,30.0,0.0,3.713,0.172,3.844,3.881,3.865,3.883,3.865,3.885,3.877,30.0,28.8,27.9,27.6,True
2026-09-17 10:26:23.949,27.27,0.0,30.0,0.0,3.713,0.172,3.844,3.881,3.865,3.883,3.865,3.885,3.877,30.0,28.7,27.8,27.7,True
2026-09-17 10:26:31.030,27.27,0.0,30.0,0.0,3.714,0.171,3.844,3.881,3.865,3.883,3.865,3.885,3.877,30.0,28.7,27.8,27.7,True
2026-09-17 10:26:37.460,27.27,0.0,30.1,0.0,3.714,0.171,3.844,3.882,3.865,3.883,3.866,3.885,3.877,30.1,28.7,27.9,27.6,True
2026-09-17 10:26:44.138,27.27,0.0,30.1,0.0,3.714,0.171,3.844,3.881,3.865,3.883,3.865,3.885,3.877,30.1,28.7,27.9,27.6,True
2026-09-17 10:26:51.411,27.27,0.0,30.1,0.0,3.714,0.171,3.844,3.881,3.865,3.883,3.865,3.885,3.877,30.1,28.7,28.0,27.6,True
2026-09-17 10:26:58.168,27.27,0.0,30.1,0.0,3.714,0.171,3.844,3.881,3.865,3.883,3.865,3.885,3.878,30.1,28.7,27.9,27.6,True
2026-09-17 10:27:05.587,27.27,0.0,30.1,0.0,3.716,0.17,3.844,3.881,3.865,3.883,3.865,3.886,3.877,30.1,28.7,27.9,27.6,True
2026-09-17 11:19:01.273,27.35,0.0,28.2,0.0,3.71,0.175,3.845,3.881,3.865,3.883,3.865,3.885,3.877,28.2,28.1,27.2,27.5,True
2026-09-17 11:19:15.591,27.35,0.0,28.2,0.0,3.665,0.221,3.845,3.882,3.865,3.884,3.866,3.886,3.878,28.2,28.1,27.2,27.5,True
2026-09-17 11:19:26.163,27.31,0.0,27.8,0.0,3.675,0.21,3.845,3.882,3.865,3.884,3.866,3.885,3.878,27.8,27.8,27.0,27.4,True
2026-09-17 11:19:33.038,27.31,0.0,27.9,0.0,3.675,0.21,3.845,3.882,3.865,3.884,3.866,3.885,3.878,27.9,27.8,27.1,27.3,True
2026-09-17 11:19:40.364,27.3,0.0,27.9,0.0,3.681,0.204,3.845,3.882,3.865,3.884,3.866,3.885,3.878,27.9,27.8,27.1,27.4,True
2026-09-17 11:19:51.719,27.3,0.0,27.9,0.0,3.685,0.2,3.845,3.882,3.865,3.884,3.866,3.885,3.878,27.9,27.8,27.1,27.4,True
2026-09-17 11:58:19.417,27.34,0.0,28.7,0.0,3.642,0.244,3.845,3.882,3.865,3.883,3.866,3.886,3.877,28.7,28.1,27.3,27.8,True
2026-09-17 11:58:27.701,27.32,0.0,28.8,0.0,3.66,0.225,3.844,3.882,3.865,3.883,3.866,3.885,3.878,28.8,28.2,27.5,27.9,True
2026-09-17 11:58:33.844,27.32,0.0,28.8,0.0,3.669,0.217,3.845,3.882,3.865,3.884,3.866,3.886,3.878,28.8,28.2,27.5,27.9,True
2026-09-17 11:58:40.387,27.31,0.0,28.9,0.0,3.669,0.217,3.845,3.882,3.865,3.884,3.866,3.886,3.878,28.9,28.0,27.6,27.9,True
2026-09-17 11:58:47.473,27.3,0.0,28.9,0.0,3.682,0.204,3.845,3.881,3.865,3.883,3.866,3.886,3.877,28.9,28.2,27.6,28.0,True
2026-09-17 11:58:54.556,27.3,0.0,29.0,0.0,3.686,0.199,3.844,3.881,3.865,3.883,3.866,3.885,3.878,29.0,28.2,27.6,27.9,True
2026-09-17 11:59:03.527,27.29,0.0,28.9,0.0,3.691,0.194,3.844,3.881,3.865,3.883,3.866,3.885,3.878,28.9,28.2,27.5,28.0,True
2026-09-17 11:59:09.867,27.29,0.0,29.0,0.0,3.694,0.191,3.844,3.882,3.865,3.884,3.865,3.885,3.878,29.0,28.2,27.6,28.0,True
2026-09-17 11:59:16.114,27.29,0.0,29.0,0.0,3.694,0.191,3.844,3.882,3.865,3.884,3.865,3.885,3.878,29.0,28.2,27.6,28.0,True
2026-09-17 11:59:22.638,27.28,0.0,29.0,0.0,3.697,0.188,3.844,3.881,3.865,3.883,3.866,3.885,3.878,29.0,28.2,27.6,28.1,True
2026-09-17 11:59:29.014,27.28,0.0,28.9,0.0,3.702,0.183,3.844,3.882,3.865,3.883,3.866,3.885,3.878,28.9,28.3,27.6,28.0,True
2026-09-17 11:59:35.880,27.28,0.0,29.0,0.0,3.704,0.181,3.844,3.881,3.865,3.883,3.866,3.885,3.878,29.0,28.2,27.6,28.1,True
2026-09-17 11:59:42.032,27.28,0.0,29.1,0.0,3.706,0.179,3.844,3.882,3.865,3.883,3.866,3.885,3.877,29.1,28.2,27.7,28.0,True
2026-09-17 11:59:48.050,27.28,0.0,29.0,0.0,3.706,0.179,3.844,3.882,3.865,3.883,3.866,3.885,3.877,29.0,28.3,27.5,28.2,True
2026-09-17 11:59:53.994,27.27,0.0,29.0,0.0,3.709,0.176,3.844,3.882,3.865,3.883,3.865,3.885,3.877,29.0,28.3,27.7,28.0,True
2026-09-17 12:00:00.444,27.27,0.0,29.1,0.0,3.71,0.175,3.844,3.882,3.865,3.883,3.866,3.885,3.878,29.1,28.4,27.6,28.2,True
2026-09-17 12:00:06.793,27.27,0.0,29.1,0.0,3.711,0.174,3.844,3.882,3.865,3.883,3.865,3.885,3.878,29.1,28.2,27.6,28.0,True
2026-09-17 12:00:12.841,27.27,0.0,29.1,0.0,3.713,0.172,3.844,3.882,3.865,3.883,3.866,3.885,3.877,29.1,28.2,27.7,28.0,True
2026-09-17 12:00:18.975,27.27,0.0,29.1,0.0,3.714,0.171,3.844,3.881,3.865,3.883,3.865,3.885,3.878,29.1,28.4,27.6,28.2,True
2026-09-17 12:00:24.909,27.27,0.0,29.1,0.0,3.716,0.17,3.844,3.882,3.865,3.883,3.866,3.886,3.878,29.1,28.3,27.6,28.1,True
2026-09-17 12:00:31.274,27.27,0.0,29.1,0.0,3.715,0.17,3.844,3.882,3.865,3.883,3.866,3.885,3.878,29.1,28.3,27.5,28.3,True
2026-09-17 12:00:37.711,27.27,0.0,29.2,0.0,3.716,0.169,3.844,3.881,3.865,3.883,3.866,3.885,3.878,29.2,28.2,27.7,28.0,True
2026-09-17 12:00:44.185,27.26,0.0,29.2,0.0,3.718,0.168,3.844,3.881,3.865,3.883,3.865,3.886,3.877,29.2,28.3,27.6,28.2,True
2026-09-17 12:00:50.896,27.26,0.0,29.1,0.0,3.718,0.167,3.844,3.881,3.865,3.883,3.866,3.885,3.878,29.1,28.4,27.5,28.2,True
2026-09-17 12:00:58.582,27.26,0.0,29.2,0.0,3.719,0.166,3.844,3.881,3.865,3.883,3.866,3.885,3.878,29.2,28.2,27.6,28.1,True
2026-09-17 12:01:05.973,27.26,0.0,29.2,0.0,3.72,0.165,3.844,3.882,3.865,3.883,3.866,3.885,3.878,29.2,28.2,27.6,28.1,True
2026-09-17 12:01:13.989,27.26,0.0,29.2,0.0,3.72,0.165,3.844,3.882,3.865,3.883,3.866,3.885,3.878,29.2,28.3,27.6,28.1,True
2026-09-17 12:01:21.746,27.26,0.0,29.2,0.0,3.721,0.164,3.844,3.881,3.865,3.883,3.866,3.885,3.878,29.2,28.3,27.6,28.1,True
2026-09-17 12:01:30.359,27.26,0.0,29.4,0.0,3.721,0.164,3.844,3.881,3.865,3.883,3.866,3.885,3.878,29.4,28.2,27.6,28.1,True
2026-09-17 12:01:38.360,27.26,0.0,29.3,0.0,3.722,0.163,3.844,3.881,3.865,3.883,3.865,3.885,3.877,29.3,28.3,27.6,28.1,True
2026-09-17 12:01:46.244,27.26,0.0,29.2,0.0,3.722,0.163,3.844,3.881,3.865,3.883,3.865,3.885,3.877,29.2,28.3,27.6,28.2,True
2026-09-17 12:01:53.141,27.26,0.0,29.3,0.0,3.723,0.162,3.844,3.882,3.865,3.883,3.866,3.885,3.877,29.3,28.3,27.5,28.3,True
2026-09-17 12:02:01.047,27.26,0.0,29.3,0.0,3.724,0.161,3.844,3.881,3.865,3.883,3.865,3.885,3.877,29.3,28.3,27.6,28.2,True
2026-09-17 12:02:08.346,27.26,0.0,29.5,0.0,3.724,0.161,3.844,3.881,3.865,3.883,3.865,3.885,3.877,29.5,28.2,27.7,28.1,True
2026-09-17 12:02:15.737,27.26,0.0,29.4,0.0,3.725,0.16,3.844,3.881,3.865,3.883,3.866,3.885,3.878,29.4,28.3,27.6,28.2,True
2026-09-17 12:02:23.508,27.26,0.0,29.5,0.0,3.726,0.16,3.844,3.882,3.865,3.883,3.865,3.886,3.877,29.5,28.2,27.7,28.2,True
2026-09-17 12:02:30.796,27.26,0.0,29.5,0.0,3.725,0.16,3.844,3.881,3.865,3.883,3.866,3.885,3.878,29.5,28.2,27.6,28.2,True
2026-09-17 12:02:40.045,27.25,0.0,29.5,0.0,3.725,0.16,3.844,3.881,3.865,3.883,3.866,3.885,3.878,29.5,28.2,27.6,28.2,True
2026-09-17 12:02:46.860,27.25,0.0,29.5,0.0,3.726,0.159,3.844,3.881,3.865,3.883,3.866,3.885,3.877,29.5,28.2,27.6,28.2,True
2026-09-17 12:02:54.327,27.26,0.0,29.5,0.0,3.726,0.159,3.844,3.881,3.864,3.883,3.865,3.885,3.878,29.5,28.3,27.6,28.2,True
2026-09-17 12:03:02.743,27.25,0.0,29.4,0.0,3.726,0.159,3.844,3.881,3.864,3.883,3.865,3.885,3.878,29.4,28.3,27.6,28.2,True
2026-09-17 12:03:10.608,27.25,0.0,29.5,0.0,3.727,0.158,3.844,3.881,3.865,3.883,3.866,3.885,3.878,29.5,28.3,27.6,28.2,True
2026-09-17 12:03:17.461,27.25,0.0,29.5,0.0,3.728,0.157,3.844,3.881,3.865,3.883,3.865,3.885,3.878,29.5,28.3,27.6,28.2,True
2026-09-17 12:03:25.054,27.25,0.0,29.6,0.0,3.728,0.157,3.844,3.881,3.865,3.883,3.865,3.885,3.877,29.6,28.3,27.6,28.2,True
2026-09-17 12:03:33.154,27.25,0.0,29.6,0.0,3.729,0.156,3.844,3.881,3.865,3.883,3.865,3.885,3.878,29.6,28.3,27.6,28.2,True
2026-09-17 12:03:40.815,27.25,0.0,29.6,0.0,3.729,0.156,3.844,3.881,3.865,3.883,3.865,3.885,3.878,29.6,28.3,27.6,28.2,True
2026-09-17 12:03:48.602,27.25,0.0,29.6,0.0,3.73,0.155,3.844,3.881,3.865,3.883,3.865,3.885,3.877,29.6,28.3,27.6,28.3,True
2026-09-17 12:03:56.604,27.25,0.0,29.6,0.0,3.731,0.154,3.844,3.881,3.865,3.883,3.865,3.885,3.877,29.6,28.2,27.6,28.2,True
2026-09-17 12:04:03.774,27.25,0.0,29.6,0.0,3.731,0.154,3.844,3.881,3.865,3.883,3.865,3.885,3.877,29.6,28.3,27.6,28.3,True
2026-09-17 12:04:11.508,27.25,0.0,29.6,0.0,3.731,0.154,3.844,3.881,3.865,3.883,3.865,3.885,3.877,29.6,28.3,27.6,28.3,True
2026-09-17 12:04:19.100,27.25,0.0,29.6,0.0,3.732,0.153,3.844,3.882,3.865,3.883,3.865,3.885,3.877,29.6,28.3,27.6,28.3,True
2026-09-17 12:04:27.904,27.25,0.0,29.7,0.0,3.732,0.153,3.844,3.881,3.865,3.883,3.865,3.885,3.878,29.7,28.4,27.6,28.3,True
2026-09-17 12:04:35.800,27.25,0.0,29.7,0.0,3.732,0.153,3.844,3.881,3.865,3.883,3.865,3.885,3.877,29.7,28.3,27.6,28.2,True
2026-09-17 12:04:43.279,27.25,0.0,29.7,0.0,3.732,0.153,3.844,3.881,3.865,3.883,3.865,3.885,3.877,29.7,28.3,27.6,28.2,True
2026-09-17 12:04:49.257,27.25,0.0,29.7,0.0,3.733,0.152,3.844,3.881,3.865,3.883,3.865,3.885,3.877,29.7,28.3,27.6,28.3,True
2026-09-17 12:04:57.716,27.25,0.0,29.6,0.0,3.733,0.152,3.844,3.881,3.864,3.883,3.865,3.885,3.877,29.6,28.4,27.5,28.4,True
2026-09-17 12:05:05.416,27.25,0.0,29.7,0.0,3.733,0.152,3.844,3.881,3.865,3.883,3.865,3.885,3.877,29.7,28.4,27.5,28.4,True
2026-09-17 12:05:12.815,27.25,0.0,29.7,0.0,3.733,0.152,3.844,3.881,3.865,3.883,3.865,3.885,3.877,29.7,28.4,27.6,28.3,True
2026-09-17 12:05:20.970,27.25,0.0,29.7,0.0,3.733,0.152,3.844,3.881,3.865,3.883,3.865,3.885,3.877,29.7,28.3,27.6,28.2,True
2026-09-17 12:05:28.760,27.25,0.0,29.8,0.0,3.734,0.151,3.844,3.882,3.865,3.883,3.865,3.885,3.877,29.8,28.4,27.6,28.3,True
2026-09-17 12:05:35.198,27.25,0.0,29.8,0.0,3.734,0.151,3.844,3.881,3.865,3.883,3.865,3.885,3.877,29.8,28.3,27.6,28.3,True
2026-09-17 12:05:41.365,27.25,0.0,29.8,0.0,3.734,0.151,3.844,3.881,3.865,3.883,3.866,3.885,3.877,29.8,28.2,27.7,28.2,True
2026-09-17 12:05:49.254,27.25,0.0,29.8,0.0,3.734,0.151,3.844,3.881,3.865,3.883,3.865,3.885,3.877,29.8,28.2,27.7,28.2,True
2026-09-17 12:05:57.214,27.25,0.0,29.9,0.0,3.734,0.151,3.844,3.881,3.865,3.883,3.865,3.885,3.877,29.9,28.3,27.7,28.1,True
2026-09-17 12:06:05.005,27.25,0.0,29.8,0.0,3.734,0.151,3.844,3.881,3.865,3.883,3.865,3.885,3.877,29.8,28.3,27.6,28.3,True
2026-09-17 12:06:11.866,27.24,0.0,29.8,0.0,3.734,0.151,3.844,3.881,3.865,3.883,3.865,3.885,3.877,29.8,28.4,27.6,28.3,True
2026-09-17 12:06:18.401,27.24,0.0,29.8,0.0,3.735,0.15,3.844,3.881,3.865,3.883,3.865,3.885,3.877,29.8,28.4,27.6,28.3,True
2026-09-17 12:06:24.696,27.24,0.0,29.8,0.0,3.735,0.15,3.844,3.881,3.864,3.883,3.865,3.885,3.877,29.8,28.4,27.7,28.3,True
2026-09-17 12:06:31.200,27.25,0.0,29.8,0.0,3.735,0.15,3.844,3.881,3.865,3.883,3.865,3.885,3.878,29.8,28.4,27.6,28.3,True
2026-09-17 12:06:37.650,27.24,0.0,29.8,0.0,3.735,0.15,3.844,3.881,3.864,3.883,3.865,3.885,3.877,29.8,28.4,27.6,28.2,True
2026-09-17 12:06:43.824,27.25,0.0,29.8,0.0,3.735,0.15,3.844,3.881,3.865,3.883,3.865,3.885,3.877,29.8,28.3,27.7,28.2,True
2026-09-17 12:06:50.235,27.25,0.0,29.8,0.0,3.735,0.15,3.844,3.881,3.865,3.883,3.865,3.885,3.877,29.8,28.3,27.6,28.2,True
2026-09-17 12:06:56.692,27.25,0.0,29.8,0.0,3.735,0.15,3.844,3.881,3.865,3.883,3.865,3.885,3.877,29.8,28.3,27.6,28.2,True
2026-09-17 12:07:03.244,27.25,0.0,29.9,0.0,3.736,0.149,3.844,3.881,3.865,3.883,3.865,3.885,3.877,29.9,28.3,27.7,28.2,True
2026-09-17 12:07:09.679,27.25,0.0,29.8,0.0,3.736,0.149,3.844,3.881,3.864,3.883,3.865,3.885,3.877,29.8,28.5,27.6,28.3,True
2026-09-17 12:07:16.374,27.24,0.0,30.0,0.0,3.736,0.149,3.844,3.881,3.865,3.883,3.865,3.885,3.877,30.0,28.3,27.6,28.3,True
2026-09-17 12:07:23.328,27.24,0.0,30.0,0.0,3.736,0.149,3.844,3.881,3.864,3.883,3.865,3.885,3.877,30.0,28.3,27.7,28.2,True
2026-09-17 12:07:30.045,27.24,0.0,29.9,0.0,3.736,0.149,3.844,3.881,3.865,3.883,3.865,3.885,3.877,29.9,28.3,27.7,28.3,True
2026-09-17 12:07:37.151,27.24,0.0,29.9,0.0,3.736,0.149,3.844,3.881,3.865,3.883,3.865,3.885,3.877,29.9,28.3,27.7,28.3,True
2026-09-17 12:07:43.714,27.24,0.0,30.0,0.0,3.736,0.149,3.844,3.881,3.865,3.883,3.865,3.885,3.877,30.0,28.3,27.7,28.3,True
2026-09-17 12:07:50.198,27.24,0.0,30.0,0.0,3.736,0.149,3.844,3.881,3.865,3.883,3.865,3.885,3.877,30.0,28.3,27.7,28.3,True
2026-09-17 12:07:56.705,27.24,0.0,30.0,0.0,3.737,0.148,3.844,3.881,3.865,3.883,3.865,3.885,3.877,30.0,28.3,27.7,28.2,True
2026-09-17 12:08:03.270,27.24,0.0,29.9,0.0,3.737,0.148,3.844,3.881,3.865,3.883,3.866,3.885,3.877,29.9,28.4,27.6,28.2,True
2026-09-17 12:08:09.589,27.24,0.0,30.0,0.0,3.737,0.148,3.844,3.881,3.865,3.883,3.866,3.885,3.877,30.0,28.3,27.7,28.3,True
2026-09-17 12:08:17.443,27.24,0.0,29.9,0.0,3.737,0.148,3.844,3.881,3.865,3.883,3.865,3.885,3.877,29.9,28.4,27.5,28.4,True
2026-09-17 12:08:24.944,27.24,0.0,29.9,0.0,3.737,0.148,3.844,3.881,3.864,3.883,3.865,3.885,3.877,29.9,28.4,27.6,28.3,True
2026-09-17 12:08:32.081,27.24,0.0,30.0,0.0,3.737,0.148,3.844,3.881,3.865,3.883,3.865,3.885,3.877,30.0,28.3,27.6,28.3,True
2026-09-17 12:08:39.576,27.24,0.0,30.0,0.0,3.737,0.148,3.844,3.881,3.865,3.883,3.865,3.885,3.878,30.0,28.4,27.6,28.3,True
2026-09-17 12:08:46.805,27.24,0.0,29.9,0.0,3.737,0.148,3.844,3.881,3.865,3.883,3.865,3.885,3.878,29.9,28.4,27.6,28.3,True
2026-09-17 12:08:53.920,27.24,0.0,30.0,0.0,3.737,0.148,3.844,3.881,3.865,3.883,3.865,3.885,3.877,30.0,28.3,27.7,28.2,True
2026-09-17 12:09:01.835,27.24,0.0,30.0,0.0,3.738,0.147,3.843,3.881,3.864,3.883,3.865,3.885,3.877,30.0,28.4,27.6,28.3,True
2026-09-17 12:09:09.124,27.24,0.0,30.0,0.0,3.738,0.147,3.844,3.881,3.864,3.883,3.865,3.885,3.877,30.0,28.5,27.5,28.5,True
2026-09-17 12:09:16.439,27.24,0.0,29.9,0.0,3.738,0.147,3.843,3.881,3.864,3.883,3.865,3.885,3.877,29.9,28.3,27.6,28.4,True
2026-09-17 12:09:24.014,27.24,0.0,30.0,0.0,3.738,0.147,3.844,3.881,3.865,3.883,3.865,3.885,3.877,30.0,28.3,27.7,28.2,True
2026-09-17 12:09:31.735,27.24,0.0,30.1,0.0,3.738,0.147,3.844,3.881,3.864,3.883,3.865,3.885,3.877,30.1,28.3,27.6,28.3,True
2026-09-17 12:09:38.873,27.24,0.0,30.0,0.0,3.738,0.147,3.844,3.881,3.864,3.883,3.865,3.885,3.877,30.0,28.4,27.7,28.3,True
2026-09-17 12:09:45.871,27.24,0.0,30.0,0.0,3.739,0.146,3.843,3.881,3.864,3.883,3.865,3.885,3.877,30.0,28.4,27.7,28.3,True
2026-09-17 12:09:54.050,27.24,0.0,29.9,0.0,3.739,0.146,3.843,3.881,3.864,3.883,3.865,3.885,3.877,29.9,28.4,27.6,28.4,True
2026-09-17 12:10:01.471,27.24,0.0,30.0,0.0,3.739,0.146,3.844,3.881,3.865,3.883,3.865,3.885,3.877,30.0,28.3,27.7,28.2,True
2026-09-17 12:10:08.874,27.24,0.0,30.0,0.0,3.739,0.146,3.844,3.881,3.865,3.883,3.865,3.885,3.877,30.0,28.4,27.6,28.3,True
2026-09-17 12:10:15.992,27.24,0.0,30.1,0.0,3.739,0.146,3.844,3.881,3.864,3.883,3.865,3.885,3.877,30.1,28.3,27.7,28.3,True
2026-09-17 12:10:23.369,27.24,0.0,30.0,0.0,3.739,0.146,3.844,3.881,3.865,3.883,3.865,3.885,3.877,30.0,28.4,27.6,28.4,True
2026-09-17 12:10:32.003,27.24,0.0,30.1,0.0,3.739,0.146,3.844,3.881,3.864,3.883,3.865,3.885,3.877,30.1,28.3,27.6,28.4,True
2026-09-17 12:10:40.256,27.24,0.0,30.1,0.0,3.739,0.146,3.844,3.881,3.864,3.883,3.865,3.885,3.877,30.1,28.3,27.7,28.3,True
2026-09-17 12:10:48.069,27.24,0.0,30.2,0.0,3.74,0.145,3.844,3.881,3.864,3.883,3.865,3.885,3.877,30.2,28.3,27.6,28.3,True
2026-09-17 12:10:55.930,27.24,0.0,30.0,0.0,3.74,0.145,3.844,3.881,3.864,3.883,3.865,3.885,3.877,30.0,28.3,27.6,28.3,True
2026-09-17 12:11:03.795,27.24,0.0,30.0,0.0,3.74,0.145,3.844,3.881,3.864,3.883,3.865,3.885,3.877,30.0,28.4,27.6,28.3,True
2026-09-17 12:11:11.605,27.24,0.0,30.2,0.0,3.74,0.145,3.844,3.881,3.864,3.883,3.865,3.885,3.877,30.2,28.3,27.6,28.4,True
2026-09-17 12:11:19.489,27.24,0.0,30.1,0.0,3.74,0.145,3.844,3.881,3.864,3.883,3.865,3.885,3.877,30.1,28.4,27.5,28.5,True
2026-09-17 12:11:27.873,27.24,0.0,30.2,0.0,3.74,0.145,3.844,3.881,3.864,3.883,3.865,3.885,3.877,30.2,28.4,27.6,28.3,True
2026-09-17 12:11:35.834,27.24,0.0,30.2,0.0,3.74,0.145,3.843,3.881,3.864,3.883,3.865,3.885,3.877,30.2,28.4,27.6,28.3,True
2026-09-17 12:11:43.971,27.24,0.0,30.2,0.0,3.74,0.145,3.843,3.881,3.864,3.883,3.865,3.885,3.877,30.2,28.4,27.6,28.4,True
2026-09-17 12:11:50.588,27.24,0.0,30.2,0.0,3.74,0.145,3.844,3.881,3.864,3.883,3.864,3.885,3.877,30.2,28.4,27.6,28.4,True
2026-09-17 12:11:56.886,27.24,0.0,30.0,0.0,3.74,0.145,3.844,3.881,3.864,3.883,3.865,3.885,3.877,30.0,28.4,27.6,28.4,True
2026-09-17 12:12:03.367,27.24,0.0,30.1,0.0,3.74,0.145,3.844,3.881,3.864,3.883,3.865,3.885,3.877,30.1,28.4,27.6,28.4,True
2026-09-17 12:12:09.746,27.24,0.0,30.2,0.0,3.74,0.145,3.844,3.881,3.864,3.883,3.865,3.885,3.877,30.2,28.4,27.7,28.4,True
2026-09-17 12:12:15.966,27.24,0.0,30.2,0.0,3.74,0.145,3.844,3.881,3.864,3.883,3.865,3.885,3.877,30.2,28.4,27.7,28.4,True
2026-09-17 12:12:22.428,27.24,0.0,30.0,0.0,3.741,0.144,3.843,3.881,3.864,3.883,3.865,3.885,3.877,30.0,28.5,27.6,28.4,True
2026-09-17 12:12:28.691,27.24,0.0,30.1,0.0,3.741,0.144,3.844,3.881,3.865,3.883,3.865,3.885,3.877,30.1,28.4,27.6,28.4,True
2026-09-17 12:12:35.023,27.24,0.0,30.2,0.0,3.741,0.144,3.844,3.881,3.865,3.883,3.865,3.885,3.877,30.2,28.4,27.7,28.3,True
2026-09-17 12:12:41.592,27.24,0.0,30.2,0.0,3.741,0.144,3.843,3.881,3.864,3.883,3.865,3.885,3.877,30.2,28.3,27.6,28.4,True
2026-09-17 12:12:48.227,27.24,0.0,30.1,0.0,3.741,0.144,3.844,3.881,3.864,3.883,3.865,3.885,3.877,30.1,28.2,27.8,28.3,True
2026-09-17 12:12:55.191,27.24,0.0,30.2,0.0,3.741,0.144,3.844,3.881,3.864,3.883,3.865,3.885,3.877,30.2,28.3,27.7,28.2,True
2026-09-17 12:13:01.544,27.24,0.0,30.3,0.0,3.741,0.144,3.844,3.881,3.864,3.883,3.865,3.885,3.877,30.3,28.3,27.7,28.3,True
2026-09-17 12:13:08.209,27.24,0.0,30.3,0.0,3.741,0.144,3.844,3.881,3.864,3.883,3.865,3.885,3.877,30.3,28.4,27.7,28.3,True
2026-09-17 12:13:15.206,27.24,0.0,30.0,0.0,3.742,0.143,3.844,3.881,3.864,3.883,3.865,3.885,3.877,30.0,28.5,27.6,28.4,True
2026-09-17 12:13:21.656,27.24,0.0,30.2,0.0,3.742,0.143,3.844,3.881,3.865,3.883,3.865,3.885,3.877,30.2,28.4,27.7,28.3,True
2026-09-17 12:13:28.145,27.24,0.0,30.2,0.0,3.742,0.143,3.843,3.881,3.864,3.883,3.865,3.885,3.877,30.2,28.5,27.6,28.4,True
2026-09-17 12:13:34.615,27.24,0.0,30.3,0.0,3.742,0.143,3.843,3.881,3.864,3.883,3.865,3.885,3.877,30.3,28.4,27.7,28.3,True
2026-09-17 12:13:40.811,27.24,0.0,30.3,0.0,3.742,0.143,3.844,3.881,3.864,3.883,3.865,3.885,3.877,30.3,28.4,27.7,28.3,True
2026-09-17 12:13:47.305,27.24,0.0,30.3,0.0,3.742,0.143,3.844,3.881,3.864,3.883,3.865,3.885,3.877,30.3,28.4,27.7,28.3,True
2026-09-17 12:13:53.278,27.24,0.0,30.3,0.0,3.742,0.143,3.844,3.881,3.864,3.883,3.865,3.885,3.877,30.3,28.3,27.7,28.3,True
2026-09-17 12:14:01.012,27.24,0.0,30.2,0.0,3.742,0.143,3.844,3.881,3.864,3.883,3.865,3.885,3.877,30.2,28.3,27.8,28.2,True
2026-09-17 12:14:10.997,27.24,0.0,30.2,0.0,3.742,0.143,3.844,3.881,3.864,3.883,3.865,3.885,3.877,30.2,28.4,27.7,28.3,True
2026-09-17 12:14:18.611,27.24,0.0,30.2,0.0,3.742,0.143,3.844,3.881,3.864,3.883,3.865,3.885,3.877,30.2,28.5,27.6,28.4,True
2026-09-17 12:14:25.969,27.24,0.0,30.3,0.0,3.742,0.143,3.843,3.881,3.865,3.883,3.865,3.885,3.877,30.3,28.3,27.7,28.3,True
2026-09-17 12:14:33.768,27.24,0.0,30.3,0.0,3.743,0.142,3.843,3.881,3.864,3.883,3.865,3.885,3.877,30.3,28.4,27.7,28.4,True
2026-09-17 12:14:40.307,27.24,0.0,30.3,0.0,3.743,0.142,3.843,3.881,3.864,3.883,3.865,3.885,3.877,30.3,28.4,27.7,28.4,True
2026-09-17 12:14:47.754,27.24,0.0,30.3,0.0,3.743,0.142,3.844,3.881,3.864,3.883,3.865,3.885,3.877,30.3,28.3,27.7,28.4,True
2026-09-17 12:14:53.959,27.24,0.0,30.2,0.0,3.743,0.142,3.844,3.881,3.864,3.883,3.865,3.885,3.877,30.2,28.4,27.6,28.4,True
2026-09-17 12:14:59.618,27.24,0.0,30.2,0.0,3.743,0.142,3.844,3.881,3.864,3.883,3.865,3.885,3.877,30.2,28.4,27.6,28.4,True
2026-09-17 12:15:07.006,27.23,0.0,30.3,0.0,3.743,0.142,3.843,3.881,3.864,3.882,3.864,3.885,3.877,30.3,28.4,27.7,28.3,True
2026-09-17 18:57:09.094,27.23,0.0,30.3,0.0,3.743,0.142,3.843,3.881,3.864,3.882,3.864,3.885,3.877,30.3,28.4,27.7,28.3,True
2026-09-17 18:57:12.941,27.29,0.0,30.7,0.0,3.688,0.197,3.844,3.881,3.864,3.883,3.865,3.885,3.877,30.4,30.7,29.7,30.5,True
2026-09-17 18:57:16.891,27.28,0.0,30.9,0.0,3.698,0.187,3.843,3.881,3.864,3.883,3.865,3.885,3.877,30.2,30.9,29.7,30.6,True
2026-09-17 18:57:27.573,27.26,0.0,30.8,0.0,3.698,0.187,3.843,3.881,3.864,3.883,3.865,3.885,3.877,30.4,30.8,29.8,30.5,True
2026-09-17 18:57:33.548,27.26,0.0,30.8,0.0,3.72,0.165,3.843,3.881,3.865,3.883,3.865,3.885,3.877,30.5,30.8,29.8,30.6,True
2026-09-17 18:57:39.262,27.25,0.0,30.8,0.0,3.72,0.165,3.843,3.881,3.865,3.883,3.865,3.885,3.877,30.5,30.8,29.7,30.6,True
2026-09-17 18:57:44.320,27.25,0.0,30.7,0.0,3.729,0.156,3.844,3.881,3.864,3.882,3.865,3.885,3.877,30.5,30.7,29.8,30.5,True
2026-09-17 18:57:49.751,27.24,0.0,30.8,0.0,3.734,0.151,3.844,3.881,3.864,3.882,3.865,3.885,3.877,30.4,30.8,29.8,30.6,True
2026-09-17 18:57:55.519,27.24,0.0,30.8,0.0,3.734,0.151,3.844,3.881,3.864,3.882,3.865,3.885,3.877,30.4,30.8,29.7,30.6,True
2026-09-17 18:58:00.557,27.24,0.0,30.9,0.0,3.737,0.148,3.843,3.881,3.864,3.883,3.864,3.885,3.877,30.4,30.9,29.8,30.5,True
2026-09-17 18:58:05.894,27.24,0.0,30.8,0.0,3.742,0.143,3.843,3.881,3.864,3.883,3.865,3.885,3.877,30.5,30.8,29.7,30.6,True
2026-09-17 18:58:10.729,27.23,0.0,30.8,0.0,3.742,0.143,3.843,3.881,3.864,3.883,3.865,3.885,3.877,30.5,30.8,29.8,30.5,True
2026-09-17 18:58:15.845,27.23,0.0,30.8,0.0,3.745,0.14,3.843,3.881,3.864,3.883,3.865,3.885,3.877,30.5,30.8,29.8,30.6,True
2026-09-17 18:58:21.081,27.23,0.0,30.8,0.0,3.747,0.138,3.843,3.881,3.864,3.882,3.864,3.885,3.877,30.5,30.8,29.8,30.6,True
2026-09-17 18:58:26.367,27.23,0.0,30.9,0.0,3.749,0.136,3.843,3.881,3.864,3.883,3.865,3.885,3.877,30.4,30.9,29.7,30.7,True
2026-09-17 18:58:31.674,27.23,0.0,30.9,0.0,3.751,0.134,3.843,3.881,3.864,3.883,3.864,3.885,3.877,30.5,30.9,29.7,30.7,True
2026-09-17 18:58:36.965,27.22,0.0,30.9,0.0,3.751,0.133,3.843,3.881,3.864,3.883,3.864,3.884,3.877,30.5,30.9,29.7,30.7,True
2026-09-17 18:58:42.479,27.22,0.0,30.9,0.0,3.753,0.131,3.843,3.881,3.864,3.882,3.865,3.884,3.877,30.5,30.9,29.7,30.6,True
2026-09-17 18:58:48.308,27.22,0.0,30.9,0.0,3.755,0.13,3.843,3.881,3.864,3.883,3.864,3.885,3.877,30.4,30.9,29.8,30.6,True
2026-09-17 18:58:54.245,27.22,0.0,30.8,0.0,3.755,0.13,3.843,3.881,3.864,3.883,3.864,3.885,3.877,30.5,30.8,29.7,30.6,True
2026-09-17 18:59:00.111,27.22,0.0,30.8,0.0,3.757,0.128,3.843,3.881,3.864,3.882,3.864,3.885,3.877,30.5,30.8,29.8,30.5,True
2026-09-17 18:59:05.544,27.22,0.0,30.9,0.0,3.758,0.127,3.844,3.88,3.863,3.882,3.864,3.885,3.877,30.6,30.9,29.7,30.7,True
2026-09-17 18:59:11.482,27.22,0.0,30.8,0.0,3.759,0.126,3.843,3.881,3.864,3.883,3.865,3.885,3.877,30.5,30.8,29.7,30.6,True
2026-09-17 18:59:18.223,27.22,0.0,30.8,0.0,3.759,0.125,3.843,3.881,3.864,3.883,3.864,3.884,3.877,30.5,30.8,29.7,30.6,True
2026-09-17 18:59:24.799,27.22,0.0,30.8,0.0,3.761,0.124,3.843,3.881,3.864,3.882,3.865,3.885,3.877,30.6,30.8,29.8,30.6,True
2026-09-17 18:59:31.510,27.21,0.0,30.8,0.0,3.762,0.123,3.844,3.881,3.864,3.882,3.864,3.885,3.877,30.4,30.8,29.8,30.5,True
2026-09-17 18:59:38.000,27.21,0.0,30.8,0.0,3.763,0.122,3.844,3.881,3.864,3.883,3.864,3.885,3.877,30.6,30.8,29.8,30.5,True
2026-09-17 18:59:43.743,27.22,0.0,30.8,0.0,3.762,0.122,3.843,3.88,3.864,3.882,3.865,3.884,3.877,30.6,30.8,29.8,30.5,True
2026-09-17 18:59:49.463,27.21,0.0,30.7,0.0,3.762,0.122,3.843,3.88,3.864,3.882,3.865,3.884,3.877,30.7,30.7,29.8,30.5,True
2026-09-17 18:59:55.407,27.21,0.0,30.7,0.0,3.763,0.121,3.843,3.881,3.864,3.882,3.865,3.884,3.877,30.7,30.7,29.8,30.5,True
2026-09-17 19:00:01.754,27.21,0.0,30.8,0.0,3.765,0.12,3.843,3.88,3.864,3.882,3.865,3.885,3.877,30.7,30.8,29.8,30.5,True
2026-09-17 19:00:07.214,27.21,0.0,30.7,0.0,3.766,0.119,3.843,3.88,3.864,3.882,3.864,3.885,3.877,30.7,30.7,29.9,30.4,True
2026-09-17 19:00:12.936,27.21,0.0,30.7,0.0,3.766,0.119,3.843,3.88,3.864,3.882,3.864,3.885,3.877,30.6,30.7,29.8,30.5,True
2026-09-17 19:00:18.453,27.21,0.0,30.7,0.0,3.767,0.118,3.843,3.88,3.864,3.883,3.864,3.885,3.877,30.7,30.7,29.9,30.4,True
2026-09-17 19:00:24.136,27.21,0.0,30.7,0.0,3.767,0.118,3.843,3.88,3.864,3.882,3.865,3.885,3.877,30.7,30.7,29.8,30.5,True
2026-09-17 19:00:30.056,27.21,0.0,30.7,0.0,3.768,0.117,3.843,3.881,3.864,3.882,3.864,3.885,3.877,30.7,30.7,29.7,30.5,True
2026-09-17 19:00:35.861,27.21,0.0,30.8,0.0,3.767,0.117,3.843,3.881,3.864,3.883,3.864,3.884,3.877,30.8,30.7,29.9,30.5,True
2026-09-17 19:00:42.288,27.21,0.0,30.8,0.0,3.767,0.117,3.843,3.881,3.864,3.883,3.864,3.884,3.877,30.7,30.8,29.8,30.5,True
2026-09-17 19:00:48.253,27.21,0.0,30.8,0.0,3.768,0.116,3.843,3.881,3.864,3.882,3.864,3.884,3.876,30.7,30.8,29.8,30.5,True
2026-09-17 19:00:53.907,27.21,0.0,30.7,0.0,3.769,0.116,3.843,3.88,3.864,3.882,3.864,3.885,3.877,30.7,30.7,29.9,30.5,True
2026-09-17 19:00:59.599,27.21,0.0,30.7,0.0,3.77,0.115,3.843,3.881,3.864,3.882,3.864,3.885,3.877,30.7,30.7,29.8,30.4,True
2026-09-17 19:01:05.451,27.21,0.0,30.8,0.0,3.769,0.115,3.843,3.88,3.864,3.882,3.864,3.884,3.877,30.8,30.7,29.8,30.5,True
2026-09-17 19:01:11.811,27.21,0.0,30.7,0.0,3.771,0.114,3.843,3.88,3.864,3.883,3.865,3.885,3.877,30.7,30.7,29.9,30.4,True
2026-09-17 19:01:17.749,27.2,0.0,30.8,0.0,3.771,0.114,3.843,3.88,3.864,3.883,3.865,3.885,3.877,30.8,30.7,29.8,30.5,True
2026-09-17 19:01:23.722,27.2,0.0,31.0,0.0,3.77,0.114,3.843,3.881,3.864,3.882,3.865,3.884,3.877,30.5,31.0,29.7,30.7,True
2026-09-17 19:01:29.827,27.2,0.0,30.8,0.0,3.772,0.113,3.843,3.88,3.864,3.882,3.865,3.885,3.877,30.7,30.8,29.8,30.5,True
2026-09-17 19:01:36.207,27.2,0.0,30.8,0.0,3.772,0.113,3.843,3.881,3.864,3.883,3.864,3.885,3.876,30.8,30.7,29.9,30.4,True
2026-09-17 19:01:42.852,27.2,0.0,30.7,0.0,3.772,0.113,3.843,3.881,3.864,3.883,3.864,3.885,3.876,30.7,30.7,29.9,30.4,True
2026-09-17 19:01:49.207,27.2,0.0,30.9,0.0,3.772,0.112,3.843,3.88,3.864,3.882,3.864,3.884,3.877,30.6,30.9,29.6,30.6,True
2026-09-17 19:01:56.458,27.2,0.0,30.9,0.0,3.772,0.112,3.843,3.88,3.864,3.882,3.864,3.884,3.877,30.6,30.9,29.6,30.6,True
2026-09-17 19:02:03.304,27.2,0.0,30.8,0.0,3.773,0.112,3.843,3.88,3.864,3.882,3.864,3.885,3.877,30.7,30.8,29.7,30.6,True
2026-09-17 19:02:09.385,27.2,0.0,30.7,0.0,3.773,0.111,3.843,3.88,3.864,3.883,3.865,3.884,3.876,30.7,30.6,29.9,30.5,True
2026-09-17 19:02:15.104,27.2,0.0,30.7,0.0,3.773,0.111,3.843,3.881,3.864,3.882,3.864,3.884,3.876,30.7,30.6,29.9,30.5,True
2026-09-17 19:02:20.596,27.2,0.0,30.7,0.0,3.774,0.111,3.843,3.88,3.864,3.882,3.864,3.885,3.877,30.7,30.6,29.9,30.5,True
2026-09-17 19:02:28.292,27.2,0.0,30.8,0.0,3.775,0.11,3.843,3.881,3.864,3.882,3.865,3.885,3.877,30.7,30.8,29.7,30.5,True
2026-09-17 19:02:34.322,27.2,0.0,30.8,0.0,3.774,0.11,3.843,3.88,3.864,3.882,3.864,3.884,3.877,30.7,30.8,29.7,30.6,True
2026-09-17 19:02:39.750,27.2,0.0,30.8,0.0,3.774,0.11,3.843,3.88,3.864,3.882,3.864,3.884,3.877,30.7,30.8,29.8,30.5,True
2026-09-17 19:02:46.005,27.2,0.0,30.8,0.0,3.774,0.11,3.843,3.88,3.864,3.882,3.864,3.884,3.877,30.7,30.8,29.7,30.5,True
2026-09-17 19:02:51.432,27.2,0.0,30.9,0.0,3.774,0.11,3.843,3.88,3.864,3.882,3.864,3.884,3.877,30.9,30.7,29.8,30.4,True
2026-09-17 19:02:57.686,27.2,0.0,30.8,0.0,3.775,0.109,3.843,3.88,3.864,3.883,3.864,3.884,3.876,30.8,30.8,29.7,30.5,True
2026-09-17 19:03:04.286,27.2,0.0,30.8,0.0,3.775,0.109,3.843,3.88,3.864,3.883,3.864,3.884,3.876,30.7,30.8,29.6,30.7,True
2026-09-17 19:03:10.276,27.2,0.0,30.8,0.0,3.775,0.109,3.843,3.88,3.864,3.882,3.864,3.884,3.877,30.8,30.7,29.8,30.5,True
2026-09-17 19:03:16.350,27.2,0.0,30.9,0.0,3.775,0.109,3.843,3.88,3.864,3.882,3.864,3.884,3.877,30.9,30.8,29.8,30.5,True
2026-09-17 19:03:24.202,27.2,0.0,30.8,0.0,3.777,0.108,3.843,3.88,3.864,3.882,3.864,3.885,3.877,30.8,30.7,29.8,30.4,True
2026-09-17 19:03:30.359,27.2,0.0,30.8,0.0,3.777,0.108,3.843,3.881,3.864,3.882,3.864,3.885,3.877,30.8,30.7,29.8,30.5,True
2026-09-17 19:03:37.004,27.2,0.0,30.8,0.0,3.777,0.108,3.843,3.881,3.864,3.882,3.864,3.885,3.877,30.8,30.8,29.7,30.5,True
2026-09-17 19:03:43.053,27.2,0.0,30.8,0.0,3.777,0.108,3.843,3.881,3.864,3.882,3.864,3.885,3.877,30.8,30.8,29.8,30.5,True
2026-09-17 19:03:48.992,27.2,0.0,30.8,0.0,3.777,0.108,3.843,3.881,3.863,3.882,3.864,3.885,3.877,30.8,30.8,29.7,30.5,True
2026-09-17 19:03:54.919,27.2,0.0,30.9,0.0,3.777,0.107,3.843,3.881,3.864,3.882,3.864,3.884,3.876,30.9,30.7,29.8,30.3,True
2026-09-17 19:04:00.602,27.2,0.0,30.8,0.0,3.777,0.107,3.843,3.881,3.864,3.882,3.864,3.884,3.877,30.8,30.7,29.8,30.5,True
2026-09-17 19:04:07.016,27.2,0.0,30.9,0.0,3.777,0.107,3.843,3.88,3.863,3.882,3.864,3.884,3.877,30.8,30.9,29.6,30.6,True
2026-09-17 19:04:13.761,27.2,0.0,31.0,0.0,3.777,0.107,3.843,3.88,3.864,3.882,3.864,3.884,3.877,31.0,30.6,29.8,30.5,True
2026-09-17 19:04:20.780,27.2,0.0,30.9,0.0,3.777,0.107,3.843,3.88,3.864,3.882,3.865,3.884,3.877,30.9,30.6,29.8,30.4,True
2026-09-17 19:04:27.461,27.2,0.0,31.0,0.0,3.778,0.106,3.843,3.88,3.864,3.882,3.864,3.884,3.877,31.0,30.7,29.8,30.5,True
2026-09-17 19:04:33.724,27.2,0.0,30.9,0.0,3.778,0.106,3.843,3.88,3.864,3.883,3.864,3.884,3.877,30.9,30.7,29.7,30.5,True
2026-09-17 19:04:39.474,27.2,0.0,30.9,0.0,3.779,0.106,3.843,3.88,3.864,3.882,3.864,3.885,3.877,30.8,30.9,29.7,30.5,True
2026-09-17 19:04:45.341,27.19,0.0,31.0,0.0,3.78,0.105,3.843,3.88,3.864,3.882,3.864,3.885,3.877,31.0,30.5,29.9,30.3,True
2026-09-17 19:04:52.899,27.19,0.0,30.8,0.0,3.78,0.105,3.843,3.88,3.864,3.882,3.864,3.885,3.877,30.8,30.8,29.7,30.5,True
2026-09-17 19:05:00.051,27.19,0.0,30.9,0.0,3.779,0.105,3.842,3.88,3.864,3.882,3.864,3.884,3.877,30.9,30.7,29.8,30.5,True
2026-09-17 19:05:05.880,27.19,0.0,30.9,0.0,3.78,0.105,3.843,3.88,3.863,3.882,3.864,3.885,3.877,30.9,30.7,29.8,30.4,True
2026-09-17 19:05:12.194,27.19,0.0,30.8,0.0,3.78,0.105,3.843,3.88,3.863,3.882,3.864,3.885,3.877,30.8,30.8,29.6,30.5,True
2026-09-17 19:05:18.011,27.19,0.0,31.0,0.0,3.779,0.105,3.843,3.88,3.864,3.882,3.864,3.884,3.877,31.0,30.7,29.7,30.4,True
2026-09-17 19:05:23.995,27.19,0.0,30.9,0.0,3.781,0.104,3.843,3.88,3.864,3.882,3.864,3.885,3.877,30.9,30.7,29.7,30.4,True
2026-09-17 19:05:29.790,27.19,0.0,30.9,0.0,3.779,0.105,3.842,3.88,3.864,3.882,3.864,3.884,3.876,30.9,30.7,29.7,30.4,True
2026-09-17 19:05:38.996,27.19,0.0,30.9,0.0,3.78,0.104,3.843,3.88,3.864,3.882,3.864,3.884,3.877,30.9,30.8,29.6,30.5,True
2026-09-17 19:05:44.578,27.19,0.0,31.0,0.0,3.78,0.104,3.843,3.88,3.863,3.882,3.864,3.884,3.877,31.0,30.7,29.7,30.4,True
2026-09-17 19:05:50.639,27.19,0.0,30.9,0.0,3.78,0.104,3.843,3.88,3.864,3.882,3.864,3.884,3.876,30.9,30.8,29.7,30.4,True
2026-09-17 19:05:57.272,27.19,0.0,31.0,0.0,3.781,0.103,3.843,3.88,3.863,3.882,3.864,3.884,3.877,31.0,30.7,29.7,30.5,True
2026-09-17 19:06:03.439,27.19,0.0,31.0,0.0,3.78,0.104,3.843,3.88,3.864,3.882,3.864,3.884,3.877,31.0,30.5,29.8,30.4,True
2026-09-17 19:06:09.758,27.19,0.0,31.0,0.0,3.78,0.104,3.842,3.88,3.864,3.882,3.864,3.884,3.877,31.0,30.5,29.8,30.4,True
2026-09-17 19:06:15.847,27.19,0.0,30.9,0.0,3.782,0.103,3.842,3.88,3.863,3.882,3.864,3.885,3.877,30.9,30.8,29.6,30.5,True
2026-09-17 19:06:22.992,27.19,0.0,31.1,0.0,3.781,0.103,3.842,3.88,3.864,3.882,3.864,3.884,3.877,31.1,30.7,29.8,30.3,True
2026-09-17 19:06:29.013,27.19,0.0,30.9,0.0,3.781,0.103,3.842,3.88,3.864,3.882,3.864,3.884,3.877,30.9,30.6,29.8,30.3,True
2026-09-17 19:06:34.996,27.19,0.0,31.0,0.0,3.781,0.103,3.843,3.88,3.864,3.882,3.864,3.884,3.877,31.0,30.6,29.8,30.4,True
2026-09-17 19:06:40.700,27.19,0.0,30.9,0.0,3.782,0.102,3.843,3.88,3.863,3.882,3.864,3.884,3.877,30.9,30.8,29.7,30.4,True
2026-09-17 19:06:46.429,27.19,0.0,31.1,0.0,3.782,0.102,3.843,3.88,3.863,3.882,3.864,3.884,3.877,31.1,30.8,29.7,30.4,True
2026-09-17 19:06:53.040,27.19,0.0,31.0,0.0,3.782,0.102,3.843,3.88,3.863,3.882,3.864,3.884,3.877,31.0,30.7,29.7,30.5,True
2026-09-17 19:07:01.009,27.19,0.0,31.0,0.0,3.782,0.102,3.842,3.88,3.864,3.882,3.864,3.884,3.876,31.0,30.7,29.7,30.4,True
2026-09-17 19:07:06.668,27.19,0.0,30.9,0.0,3.782,0.102,3.843,3.88,3.863,3.882,3.864,3.884,3.877,30.9,30.7,29.7,30.4,True
2026-09-17 19:07:13.247,27.19,0.0,30.9,0.0,3.782,0.102,3.843,3.88,3.863,3.882,3.864,3.884,3.877,30.9,30.7,29.7,30.4,True
2026-09-17 19:07:20.053,27.19,0.0,31.0,0.0,3.782,0.102,3.843,3.88,3.864,3.882,3.864,3.884,3.877,31.0,30.7,29.6,30.5,True
2026-09-17 19:07:26.010,27.19,0.0,30.9,0.0,3.782,0.102,3.843,3.88,3.864,3.882,3.864,3.884,3.877,30.9,30.8,29.6,30.5,True
2026-09-17 19:07:31.787,27.19,0.0,31.0,0.0,3.782,0.102,3.843,3.88,3.863,3.882,3.864,3.884,3.877,31.0,30.7,29.7,30.4,True
2026-09-17 19:07:37.725,27.19,0.0,31.0,0.0,3.783,0.101,3.843,3.881,3.864,3.882,3.864,3.884,3.876,31.0,30.7,29.7,30.4,True
2026-09-17 19:07:43.652,27.19,0.0,31.0,0.0,3.783,0.101,3.842,3.88,3.864,3.882,3.864,3.884,3.876,31.0,30.6,29.7,30.4,True
2026-09-17 19:07:50.541,27.19,0.0,31.0,0.0,3.783,0.101,3.843,3.88,3.863,3.882,3.864,3.884,3.876,31.0,30.7,29.7,30.3,True
2026-09-17 19:07:57.636,27.19,0.0,31.0,0.0,3.783,0.101,3.843,3.88,3.863,3.882,3.864,3.884,3.877,31.0,30.7,29.7,30.4,True
2026-09-17 19:08:03.955,27.19,0.0,31.0,0.0,3.783,0.101,3.843,3.88,3.863,3.882,3.864,3.884,3.876,31.0,30.6,29.8,30.3,True
2026-09-17 19:08:10.003,27.19,0.0,30.9,0.0,3.784,0.1,3.843,3.88,3.863,3.882,3.864,3.884,3.877,30.9,30.7,29.7,30.4,True
2026-09-17 19:08:16.222,27.19,0.0,31.1,0.0,3.784,0.1,3.843,3.88,3.864,3.882,3.864,3.884,3.877,31.1,30.7,29.8,30.3,True
2026-09-17 19:08:22.591,27.19,0.0,31.1,0.0,3.784,0.1,3.843,3.88,3.864,3.882,3.864,3.884,3.876,31.1,30.6,29.7,30.4,True
2026-09-17 19:08:28.328,27.19,0.0,31.1,0.0,3.785,0.1,3.843,3.88,3.864,3.882,3.864,3.885,3.876,31.1,30.6,29.7,30.4,True
2026-09-17 19:08:35.030,27.19,0.0,31.1,0.0,3.784,0.1,3.843,3.88,3.864,3.882,3.864,3.884,3.876,31.1,30.6,29.7,30.4,True
2026-09-17 19:08:41.133,27.19,0.0,31.1,0.0,3.784,0.1,3.843,3.88,3.863,3.882,3.864,3.884,3.876,31.1,30.6,29.7,30.4,True
2026-09-17 19:08:47.206,27.19,0.0,31.0,0.0,3.784,0.1,3.842,3.88,3.863,3.882,3.864,3.884,3.876,31.0,30.7,29.6,30.5,True
2026-09-17 19:08:53.329,27.19,0.0,31.1,0.0,3.784,0.1,3.843,3.88,3.863,3.882,3.864,3.884,3.877,31.1,30.7,29.7,30.4,True
2026-09-17 19:08:59.344,27.19,0.0,31.0,0.0,3.784,0.1,3.843,3.88,3.863,3.882,3.864,3.884,3.877,31.0,30.7,29.7,30.5,True
2026-09-17 19:09:05.162,27.19,0.0,31.0,0.0,3.784,0.1,3.842,3.88,3.863,3.882,3.864,3.884,3.876,31.0,30.7,29.7,30.5,True
2026-09-17 19:09:10.696,27.19,0.0,31.0,0.0,3.785,0.099,3.842,3.88,3.864,3.882,3.864,3.884,3.876,31.0,30.7,29.7,30.5,True
2026-09-17 19:09:16.149,27.19,0.0,31.1,0.0,3.785,0.099,3.843,3.88,3.863,3.882,3.864,3.884,3.876,31.1,30.7,29.7,30.4,True
2026-09-17 19:09:21.359,27.19,0.0,31.2,0.0,3.785,0.099,3.843,3.88,3.863,3.882,3.864,3.884,3.876,31.2,30.5,29.8,30.4,True
2026-09-17 19:09:27.304,27.19,0.0,31.2,0.0,3.785,0.099,3.843,3.88,3.863,3.882,3.864,3.884,3.876,31.2,30.5,29.8,30.3,True
2026-09-17 19:09:34.285,27.19,0.0,31.1,0.0,3.785,0.099,3.843,3.88,3.863,3.882,3.864,3.884,3.877,31.1,30.7,29.7,30.4,True
2026-09-17 19:09:40.432,27.19,0.0,31.0,0.0,3.785,0.099,3.843,3.88,3.863,3.882,3.864,3.884,3.877,31.0,30.7,29.7,30.4,True
2026-09-17 19:09:47.506,27.19,0.0,31.1,0.0,3.785,0.099,3.843,3.88,3.863,3.882,3.864,3.884,3.877,31.1,30.6,29.8,30.4,True
2026-09-17 19:09:54.250,27.19,0.0,31.1,0.0,3.785,0.099,3.843,3.88,3.864,3.882,3.864,3.884,3.876,31.1,30.6,29.7,30.4,True
2026-09-17 19:10:01.315,27.19,0.0,31.1,0.0,3.786,0.098,3.843,3.88,3.864,3.882,3.864,3.884,3.876,31.1,30.6,29.7,30.4,True
2026-09-17 19:10:08.796,27.19,0.0,31.1,0.0,3.786,0.098,3.842,3.88,3.863,3.882,3.864,3.884,3.877,31.1,30.5,29.8,30.3,True
2026-09-17 19:10:15.229,27.19,0.0,31.1,0.0,3.786,0.098,3.842,3.88,3.863,3.882,3.864,3.884,3.877,31.1,30.5,29.8,30.3,True
2026-09-17 19:10:21.175,27.19,0.0,31.1,0.0,3.786,0.098,3.842,3.88,3.863,3.882,3.864,3.884,3.876,31.1,30.5,29.6,30.5,True
2026-09-17 19:10:25.177,27.19,0.0,31.1,0.0,3.786,0.098,3.843,3.88,3.863,3.882,3.864,3.884,3.877,31.1,30.5,29.8,30.3,True
2026-09-25 07:02:49.582,26.97,0.0,30.2,0.0,3.781,0.103,3.842,3.88,3.864,3.882,3.864,3.884,3.876,30.2,29.9,29.5,29.6,True
2026-09-25 07:02:59.489,26.97,0.0,30.2,0.0,3.87,0.0,3.82,3.866,3.844,3.869,3.848,3.87,3.862,30.2,30.0,29.5,29.7,True
2026-09-25 07:03:04.860,26.97,0.0,30.2,0.0,3.87,0.0,3.818,3.866,3.844,3.869,3.848,3.87,3.862,30.2,30.0,29.4,29.7,True
2026-09-25 07:03:10.263,26.97,0.0,30.3,0.0,3.87,0.0,3.814,3.866,3.844,3.869,3.848,3.87,3.862,30.3,30.0,29.5,29.7,True
2026-09-25 07:03:15.227,26.97,0.0,30.2,0.0,3.87,0.0,3.814,3.866,3.844,3.869,3.848,3.87,3.862,30.2,30.1,29.3,29.8,True
2026-09-25 07:03:20.348,26.97,0.0,30.2,0.0,3.87,0.0,3.813,3.866,3.843,3.869,3.848,3.87,3.863,30.2,30.0,29.3,29.8,True
2026-09-25 07:03:24.327,26.97,0.0,30.2,0.0,3.87,0.0,3.812,3.866,3.843,3.869,3.848,3.87,3.862,30.2,30.0,29.3,29.8,True
2026-09-25 07:03:28.353,26.97,0.0,30.2,0.0,3.87,0.0,3.812,3.866,3.843,3.869,3.847,3.87,3.863,30.2,30.0,29.4,29.8,True
2026-09-25 07:03:32.416,26.97,0.0,30.2,0.0,3.87,0.0,3.812,3.866,3.843,3.869,3.847,3.87,3.863,30.2,30.0,29.4,29.8,True
2026-09-25 07:03:37.280,26.96,0.0,30.4,0.0,3.87,0.0,3.812,3.866,3.843,3.869,3.847,3.87,3.862,30.4,30.0,29.4,29.7,True
2026-09-25 07:03:43.100,26.96,0.0,30.3,0.0,3.87,0.0,3.81,3.866,3.843,3.869,3.848,3.87,3.862,30.3,30.0,29.4,29.7,True
2026-09-25 07:03:47.627,26.96,0.0,30.4,0.0,3.87,0.0,3.81,3.866,3.843,3.869,3.848,3.87,3.862,30.4,29.9,29.5,29.6,True
2026-09-25 07:03:51.850,26.96,0.0,30.3,0.0,3.87,0.0,3.809,3.866,3.843,3.868,3.847,3.87,3.862,30.3,30.0,29.5,29.6,True
2026-09-25 07:03:57.571,26.96,0.0,30.2,0.0,3.87,0.0,3.808,3.866,3.843,3.869,3.847,3.87,3.862,30.2,30.1,29.4,29.8,True
2026-09-25 07:04:03.229,26.96,0.0,30.3,0.0,3.87,0.0,3.808,3.866,3.843,3.869,3.847,3.87,3.862,30.3,30.0,29.3,29.8,True
2026-09-25 07:04:08.912,26.96,0.0,30.3,0.0,3.87,0.0,3.807,3.866,3.844,3.869,3.847,3.87,3.862,30.3,30.0,29.3,29.7,True
2026-09-25 07:04:14.267,26.96,0.0,30.3,0.0,3.87,0.0,3.806,3.866,3.843,3.869,3.847,3.87,3.862,30.3,30.0,29.3,29.7,True
2026-09-25 07:04:19.573,26.96,0.0,30.3,0.0,3.87,0.0,3.806,3.866,3.843,3.869,3.847,3.87,3.862,30.3,30.0,29.3,29.7,True
2026-09-25 07:04:25.067,26.96,0.0,30.4,0.0,3.87,0.0,3.805,3.866,3.843,3.869,3.848,3.87,3.862,30.4,30.0,29.3,29.8,True
2026-09-25 07:04:30.600,26.96,0.0,30.3,0.0,3.87,0.0,3.803,3.866,3.843,3.869,3.847,3.87,3.862,30.3,30.0,29.3,29.8,True
2026-09-25 07:04:35.311,26.95,0.0,30.3,0.0,3.87,0.0,3.802,3.866,3.843,3.869,3.847,3.87,3.862,30.3,30.0,29.4,29.7,True
2026-09-25 07:04:39.295,26.95,0.0,30.5,0.0,3.87,0.0,3.802,3.866,3.843,3.869,3.848,3.87,3.862,30.5,30.0,29.5,29.6,True
2026-09-25 07:04:45.042,26.95,0.0,30.4,0.0,3.869,0.001,3.801,3.866,3.843,3.869,3.847,3.87,3.862,30.4,30.1,29.2,29.8,True
2026-09-25 07:04:50.685,26.95,0.0,30.4,0.0,3.869,0.0,3.8,3.866,3.843,3.869,3.847,3.869,3.862,30.4,30.0,29.4,29.7,True
2026-09-25 07:04:56.628,26.95,0.0,30.4,0.0,3.87,0.0,3.799,3.866,3.843,3.869,3.847,3.87,3.862,30.4,30.0,29.4,29.7,True
2026-09-25 07:05:02.105,26.95,0.0,30.5,0.0,3.87,0.0,3.799,3.866,3.843,3.869,3.847,3.87,3.862,30.5,29.9,29.5,29.7,True
2026-09-25 07:05:07.810,26.95,0.0,30.5,0.0,3.87,0.0,3.797,3.866,3.844,3.868,3.847,3.87,3.862,30.5,29.9,29.4,29.7,True
2026-09-25 07:05:12.452,26.95,0.0,30.3,0.0,3.87,0.0,3.797,3.866,3.844,3.868,3.847,3.87,3.862,30.3,30.2,29.2,29.8,True
2026-09-25 07:05:17.829,26.95,0.0,30.5,0.0,3.87,0.0,3.796,3.866,3.843,3.869,3.847,3.87,3.862,30.5,30.0,29.4,29.7,True
2026-09-25 07:05:23.544,26.95,0.0,30.5,0.0,3.87,0.0,3.796,3.866,3.843,3.869,3.847,3.87,3.862,30.5,30.0,29.3,29.8,True
2026-09-25 07:05:29.284,26.95,0.0,30.5,0.0,3.868,0.001,3.795,3.866,3.844,3.869,3.847,3.869,3.862,30.5,30.0,29.5,29.7,True
2026-09-25 07:05:34.999,26.95,0.0,30.4,0.0,3.87,0.0,3.794,3.866,3.843,3.869,3.847,3.87,3.862,30.4,30.0,29.3,29.7,True
2026-09-25 07:05:40.573,26.95,0.0,30.5,0.0,3.87,0.0,3.794,3.866,3.843,3.869,3.847,3.87,3.862,30.5,30.1,29.3,29.8,True
2026-09-25 07:05:46.093,26.94,0.0,30.5,0.0,3.87,0.0,3.792,3.866,3.843,3.869,3.847,3.87,3.862,30.5,30.0,29.3,29.8,True
2026-09-25 07:05:51.822,26.94,0.0,30.5,0.0,3.869,0.001,3.792,3.866,3.843,3.868,3.847,3.87,3.862,30.5,30.1,29.3,29.8,True
2026-09-25 07:05:57.719,26.94,0.0,30.6,0.0,3.87,0.0,3.79,3.866,3.843,3.868,3.847,3.87,3.862,30.6,30.0,29.3,29.8,True
2026-09-25 07:06:04.555,26.94,0.0,30.7,0.0,3.87,0.0,3.79,3.866,3.843,3.868,3.847,3.87,3.862,30.7,29.9,29.5,29.6,True
2026-09-25 07:06:11.151,26.94,0.0,30.5,0.0,3.869,0.001,3.79,3.866,3.843,3.869,3.847,3.87,3.862,30.5,30.0,29.3,29.9,True
2026-09-25 07:06:16.891,26.94,0.0,30.5,0.0,3.869,0.001,3.79,3.866,3.843,3.868,3.847,3.87,3.862,30.5,30.0,29.3,29.9,True
2026-09-25 07:06:21.476,26.94,0.0,30.6,0.0,3.87,0.0,3.788,3.866,3.843,3.869,3.847,3.87,3.862,30.6,30.1,29.4,29.7,True
2026-09-25 07:06:26.505,26.94,0.0,30.7,0.0,3.869,0.001,3.788,3.866,3.843,3.869,3.847,3.87,3.862,30.7,30.0,29.3,29.7,True
2026-09-25 07:06:32.153,26.94,0.0,30.7,0.0,3.869,0.001,3.787,3.866,3.843,3.869,3.847,3.87,3.862,30.7,30.0,29.4,29.7,True
2026-09-25 07:06:38.178,26.94,0.0,30.7,0.0,3.869,0.001,3.786,3.866,3.843,3.869,3.847,3.87,3.862,30.7,29.9,29.4,29.7,True
2026-09-25 07:06:43.862,26.94,0.0,30.7,0.0,3.87,0.0,3.786,3.866,3.843,3.868,3.847,3.87,3.862,30.7,30.0,29.4,29.6,True
2026-09-25 07:06:47.297,26.94,0.0,30.6,0.0,3.87,0.0,3.786,3.866,3.843,3.868,3.847,3.87,3.862,30.6,30.1,29.3,29.9,True
2026-09-25 07:06:52.978,26.94,0.0,30.8,0.0,3.869,0.001,3.784,3.866,3.843,3.869,3.847,3.87,3.862,30.8,30.0,29.5,29.6,True
2026-09-25 07:06:59.013,26.94,0.0,30.7,0.0,3.869,0.001,3.784,3.866,3.843,3.869,3.847,3.87,3.862,30.7,30.1,29.3,29.8,True
2026-09-25 07:07:05.985,26.94,0.0,30.7,0.0,3.869,0.001,3.783,3.866,3.843,3.868,3.847,3.87,3.862,30.7,30.0,29.3,29.7,True
2026-09-25 07:07:09.540,26.94,0.0,30.7,0.0,3.869,0.001,3.783,3.866,3.843,3.868,3.847,3.87,3.862,30.7,30.0,29.5,29.6,True
2026-09-25 07:07:15.841,26.94,0.0,30.7,0.0,3.869,0.001,3.784,3.866,3.843,3.869,3.847,3.87,3.862,30.7,29.9,29.4,29.7,True
2026-09-25 07:07:21.962,26.93,0.0,30.9,0.0,3.869,0.001,3.783,3.866,3.843,3.869,3.847,3.87,3.862,30.9,30.0,29.3,29.8,True
2026-09-25 07:07:27.212,26.94,0.0,30.7,0.0,3.869,0.001,3.782,3.866,3.843,3.869,3.847,3.87,3.862,30.7,30.0,29.5,29.7,True
2026-09-25 07:07:30.829,26.93,0.0,30.7,0.0,3.869,0.001,3.781,3.866,3.843,3.868,3.847,3.87,3.862,30.7,30.1,29.3,29.8,True
2026-09-25 07:07:36.473,26.93,0.0,30.7,0.0,3.869,0.001,3.781,3.866,3.843,3.869,3.847,3.87,3.862,30.7,30.0,29.3,29.8,True
2026-09-25 07:07:42.093,26.93,0.0,30.6,0.0,3.869,0.001,3.781,3.866,3.843,3.869,3.847,3.87,3.862,30.6,30.2,29.3,29.8,True
2026-09-25 07:07:47.811,26.93,0.0,30.7,0.0,3.868,0.001,3.78,3.866,3.843,3.869,3.847,3.869,3.862,30.7,30.0,29.4,29.7,True
2026-09-25 07:07:53.559,26.93,0.0,30.8,0.0,3.868,0.001,3.779,3.866,3.843,3.868,3.847,3.869,3.862,30.8,30.0,29.4,29.7,True
2026-09-25 07:07:59.413,26.93,0.0,30.8,0.0,3.869,0.001,3.779,3.866,3.843,3.869,3.847,3.87,3.862,30.8,29.9,29.4,29.8,True
2026-09-25 07:08:05.026,26.93,0.0,30.7,0.0,3.869,0.001,3.779,3.866,3.843,3.869,3.847,3.87,3.862,30.7,30.0,29.3,29.8,True
2026-09-25 07:08:10.545,26.93,0.0,30.8,0.0,3.869,0.001,3.779,3.866,3.843,3.869,3.847,3.87,3.862,30.8,30.0,29.4,29.7,True
2026-09-25 07:08:16.151,26.93,0.0,30.8,0.0,3.869,0.001,3.778,3.866,3.843,3.869,3.847,3.87,3.862,30.8,30.0,29.5,29.6,True
2026-09-25 07:08:21.930,26.93,0.0,30.9,0.0,3.869,0.001,3.777,3.866,3.843,3.868,3.847,3.87,3.862,30.9,30.0,29.4,29.7,True
2026-09-25 07:08:27.617,26.93,0.0,30.8,0.0,3.869,0.001,3.777,3.866,3.843,3.868,3.847,3.87,3.862,30.8,30.0,29.4,29.7,True
2026-09-25 07:08:32.310,26.93,0.0,30.9,0.0,3.868,0.001,3.776,3.866,3.843,3.868,3.847,3.869,3.862,30.9,29.9,29.4,29.7,True
2026-09-25 07:08:38.326,26.93,0.0,30.9,0.0,3.868,0.001,3.776,3.866,3.843,3.868,3.847,3.869,3.862,30.9,29.9,29.6,29.6,True
2026-09-25 07:08:44.045,26.93,0.0,30.8,0.0,3.869,0.001,3.776,3.866,3.843,3.868,3.847,3.87,3.862,30.8,30.0,29.4,29.7,True
2026-09-25 07:08:49.969,26.93,0.0,30.8,0.0,3.869,0.001,3.776,3.866,3.843,3.868,3.847,3.87,3.862,30.8,30.0,29.4,29.7,True
2026-09-25 07:08:55.696,26.93,0.0,30.8,0.0,3.869,0.001,3.775,3.866,3.843,3.869,3.847,3.87,3.862,30.8,30.0,29.3,29.8,True
2026-09-25 07:09:01.125,26.93,0.0,30.9,0.0,3.868,0.001,3.774,3.865,3.843,3.868,3.847,3.869,3.862,30.9,30.0,29.4,29.7,True
2026-09-25 07:09:06.806,26.93,0.0,30.9,0.0,3.868,0.001,3.774,3.865,3.843,3.868,3.847,3.869,3.862,30.9,30.0,29.5,29.8,True
2026-09-25 07:09:12.734,26.93,0.0,30.9,0.0,3.868,0.001,3.774,3.865,3.843,3.869,3.847,3.869,3.862,30.9,30.0,29.4,29.7,True
2026-09-25 07:09:18.560,26.93,0.0,30.8,0.0,3.869,0.001,3.774,3.866,3.843,3.869,3.847,3.87,3.862,30.8,30.1,29.3,29.9,True
2026-09-25 07:09:23.775,26.92,0.0,30.8,0.0,3.869,0.001,3.774,3.866,3.843,3.869,3.847,3.87,3.862,30.8,30.0,29.4,29.7,True
2026-09-25 07:09:29.449,26.92,0.0,31.0,0.0,3.869,0.001,3.773,3.866,3.843,3.869,3.847,3.87,3.862,31.0,30.0,29.4,29.7,True
2026-09-25 07:09:36.469,26.93,0.0,30.9,0.0,3.869,0.001,3.772,3.866,3.843,3.869,3.847,3.87,3.862,30.9,30.1,29.3,29.8,True
2026-09-25 07:09:42.306,26.92,0.0,30.9,0.0,3.868,0.001,3.772,3.866,3.843,3.868,3.847,3.869,3.862,30.9,30.0,29.3,29.7,True
2026-09-25 07:09:48.164,26.92,0.0,31.0,0.0,3.868,0.001,3.772,3.866,3.843,3.868,3.847,3.869,3.862,31.0,30.0,29.4,29.7,True
2026-09-25 07:09:53.659,26.92,0.0,31.0,0.0,3.869,0.001,3.772,3.866,3.843,3.868,3.847,3.87,3.862,31.0,29.9,29.5,29.6,True
2026-09-25 07:09:58.381,26.92,0.0,30.8,0.0,3.869,0.001,3.771,3.866,3.843,3.868,3.847,3.87,3.862,30.8,30.1,29.4,29.8,True
2026-09-25 07:10:02.477,26.92,0.0,31.0,0.0,3.868,0.001,3.77,3.866,3.843,3.869,3.847,3.869,3.862,31.0,30.0,29.3,29.8,True
2026-09-25 07:10:07.510,26.92,0.0,30.7,0.0,3.869,0.001,3.77,3.866,3.843,3.868,3.847,3.87,3.862,30.7,30.2,29.2,29.9,True
2026-09-25 07:10:13.005,26.92,0.0,30.9,0.0,3.869,0.001,3.77,3.866,3.843,3.868,3.847,3.87,3.862,30.9,30.0,29.3,29.8,True
2026-09-25 07:10:18.545,26.92,0.0,31.0,0.0,3.869,0.0,3.77,3.866,3.843,3.869,3.847,3.869,3.862,31.0,29.9,29.4,29.7,True
2026-09-25 07:10:23.877,26.92,0.0,31.0,0.0,3.869,0.0,3.77,3.866,3.843,3.869,3.847,3.869,3.862,31.0,29.9,29.4,29.7,True
2026-09-25 07:10:28.866,26.92,0.0,31.0,0.0,3.868,0.001,3.769,3.865,3.843,3.868,3.847,3.869,3.862,31.0,30.0,29.4,29.6,True
2026-09-25 07:10:33.599,26.92,0.0,30.9,0.0,3.869,0.001,3.769,3.866,3.843,3.868,3.847,3.87,3.862,30.9,30.1,29.3,29.8,True
2026-09-25 07:10:38.551,26.92,0.0,30.9,0.0,3.869,0.001,3.769,3.866,3.843,3.868,3.847,3.87,3.862,30.9,30.2,29.3,29.8,True
2026-09-25 07:10:43.247,26.92,0.0,30.9,0.0,3.868,0.001,3.768,3.866,3.843,3.868,3.847,3.869,3.862,30.9,30.2,29.3,29.8,True
2026-09-25 07:10:48.151,26.92,0.0,31.0,0.0,3.868,0.001,3.768,3.866,3.843,3.868,3.847,3.869,3.862,31.0,30.0,29.5,29.7,True
2026-09-25 07:10:53.060,26.92,0.0,30.9,0.0,3.868,0.001,3.768,3.865,3.843,3.868,3.847,3.869,3.862,30.9,30.1,29.4,29.7,True
2026-09-25 07:10:59.095,26.92,0.0,30.9,0.0,3.868,0.001,3.768,3.866,3.843,3.868,3.847,3.869,3.862,30.9,30.0,29.3,29.8,True
2026-09-25 07:11:04.829,26.92,0.0,31.0,0.0,3.868,0.001,3.768,3.866,3.843,3.868,3.847,3.869,3.862,31.0,30.0,29.4,29.7,True
2026-09-25 07:11:10.677,26.92,0.0,30.9,0.0,3.869,0.001,3.767,3.866,3.843,3.868,3.847,3.87,3.862,30.9,30.0,29.4,29.8,True
2026-09-25 07:11:16.187,26.92,0.0,31.0,0.0,3.868,0.001,3.767,3.865,3.843,3.868,3.847,3.869,3.862,31.0,30.0,29.5,29.7,True
2026-09-25 07:11:22.568,26.92,0.0,31.0,0.0,3.868,0.001,3.765,3.865,3.843,3.868,3.847,3.869,3.862,31.0,30.0,29.5,29.7,True
2026-09-25 07:11:28.510,26.92,0.0,30.9,0.0,3.868,0.001,3.766,3.866,3.843,3.868,3.847,3.869,3.862,30.9,30.1,29.4,29.8,True
2026-09-25 07:11:34.444,26.92,0.0,31.1,0.0,3.869,0.001,3.765,3.865,3.843,3.868,3.847,3.87,3.862,31.1,29.9,29.4,29.8,True
2026-09-25 07:11:40.286,26.92,0.0,31.0,0.0,3.868,0.001,3.765,3.866,3.843,3.868,3.847,3.869,3.862,31.0,30.0,29.5,29.7,True
2026-09-25 07:11:45.931,26.92,0.0,31.1,0.0,3.868,0.001,3.765,3.866,3.843,3.868,3.847,3.869,3.862,31.1,29.9,29.5,29.6,True
2026-09-25 07:11:51.739,26.92,0.0,31.1,0.0,3.868,0.001,3.765,3.865,3.843,3.868,3.847,3.869,3.862,31.1,29.9,29.5,29.6,True
2026-09-25 07:11:57.726,26.92,0.0,31.0,0.0,3.868,0.001,3.765,3.865,3.843,3.869,3.847,3.869,3.862,31.0,30.0,29.3,29.7,True
2026-09-25 07:12:03.422,26.92,0.0,31.1,0.0,3.868,0.001,3.765,3.865,3.843,3.869,3.847,3.869,3.862,31.1,29.9,29.4,29.7,True
2026-09-25 07:12:08.842,26.91,0.0,30.9,0.0,3.868,0.001,3.764,3.865,3.843,3.868,3.847,3.869,3.862,30.9,30.1,29.3,29.9,True
2026-09-25 07:12:14.895,26.92,0.0,31.0,0.0,3.869,0.001,3.764,3.865,3.843,3.869,3.847,3.87,3.862,31.0,30.1,29.3,29.8,True
2026-09-25 07:12:20.609,26.91,0.0,31.1,0.0,3.868,0.001,3.764,3.865,3.843,3.868,3.847,3.869,3.862,31.1,29.9,29.5,29.7,True
2026-09-25 07:12:26.249,26.91,0.0,31.1,0.0,3.868,0.001,3.763,3.865,3.843,3.868,3.847,3.869,3.862,31.1,30.0,29.5,29.7,True
2026-09-25 07:12:32.008,26.92,0.0,31.0,0.0,3.869,0.001,3.763,3.866,3.843,3.868,3.847,3.87,3.862,31.0,30.0,29.4,29.7,True
2026-09-25 07:12:37.616,26.91,0.0,31.0,0.0,3.868,0.001,3.763,3.865,3.843,3.868,3.847,3.869,3.862,31.0,30.1,29.3,29.8,True
2026-09-25 07:12:42.936,26.91,0.0,30.9,0.0,3.868,0.001,3.763,3.866,3.843,3.868,3.847,3.869,3.862,30.9,30.1,29.3,29.8,True
2026-09-25 07:12:48.513,26.91,0.0,31.0,0.0,3.868,0.001,3.762,3.865,3.843,3.869,3.847,3.869,3.862,31.0,30.0,29.4,29.8,True
2026-09-25 07:12:54.104,26.91,0.0,31.0,0.0,3.869,0.001,3.762,3.866,3.843,3.868,3.847,3.87,3.862,31.0,30.0,29.5,29.7,True
2026-09-25 07:13:00.699,26.91,0.0,31.0,0.0,3.868,0.001,3.762,3.865,3.843,3.868,3.847,3.869,3.862,31.0,30.0,29.3,29.8,True
2026-09-25 07:13:06.571,26.91,0.0,31.1,0.0,3.868,0.001,3.762,3.865,3.843,3.868,3.847,3.869,3.862,31.1,30.0,29.4,29.7,True
2026-09-25 07:13:11.917,26.91,0.0,31.1,0.0,3.868,0.001,3.762,3.865,3.843,3.868,3.847,3.869,3.862,31.1,29.9,29.5,29.7,True
2026-09-25 07:13:16.945,26.91,0.0,31.0,0.0,3.868,0.001,3.762,3.865,3.843,3.868,3.847,3.869,3.862,31.0,30.1,29.2,29.8,True
2026-09-25 07:13:21.838,26.91,0.0,31.0,0.0,3.868,0.001,3.762,3.865,3.843,3.868,3.847,3.869,3.862,31.0,30.1,29.3,29.8,True
2026-09-25 07:13:26.683,26.91,0.0,31.0,0.0,3.868,0.001,3.761,3.866,3.843,3.869,3.847,3.869,3.862,31.0,30.1,29.3,29.8,True
2026-09-25 07:13:32.521,26.91,0.0,31.0,0.0,3.868,0.001,3.761,3.866,3.843,3.869,3.847,3.869,3.862,31.0,30.1,29.3,29.8,True
2026-09-25 07:13:38.555,26.91,0.0,31.0,0.0,3.868,0.001,3.761,3.866,3.843,3.868,3.847,3.869,3.862,31.0,30.1,29.3,29.9,True
2026-09-25 07:13:44.192,26.91,0.0,31.2,0.0,3.868,0.001,3.761,3.865,3.843,3.868,3.847,3.869,3.862,31.2,30.0,29.5,29.7,True
2026-09-25 07:13:49.917,26.91,0.0,31.0,0.0,3.868,0.001,3.761,3.865,3.843,3.868,3.847,3.869,3.862,31.0,30.1,29.4,29.8,True
2026-09-25 07:13:55.217,26.91,0.0,31.0,0.0,3.868,0.001,3.761,3.865,3.843,3.868,3.847,3.869,3.862,31.0,30.1,29.4,29.8,True
2026-09-25 07:14:00.829,26.91,0.0,31.1,0.0,3.868,0.001,3.761,3.865,3.843,3.868,3.847,3.869,3.862,31.1,30.0,29.5,29.8,True
2026-09-25 07:14:06.421,26.91,0.0,31.2,0.0,3.868,0.001,3.76,3.865,3.843,3.868,3.847,3.869,3.861,31.2,29.9,29.5,29.7,True
2026-09-25 07:14:12.100,26.91,0.0,31.2,0.0,3.868,0.001,3.76,3.865,3.843,3.868,3.847,3.869,3.862,31.2,29.9,29.4,29.7,True
2026-09-25 07:14:17.219,26.91,0.0,31.1,0.0,3.869,0.001,3.759,3.865,3.843,3.868,3.847,3.87,3.862,31.1,30.0,29.5,29.7,True
2026-09-25 07:14:22.982,26.91,0.0,31.1,0.0,3.869,0.001,3.76,3.865,3.843,3.868,3.847,3.87,3.862,31.1,30.1,29.3,29.8,True
2026-09-25 07:14:28.666,26.91,0.0,31.2,0.0,3.868,0.001,3.759,3.865,3.842,3.868,3.847,3.869,3.862,31.2,30.1,29.3,29.8,True
2026-09-25 07:14:33.823,26.91,0.0,31.0,0.0,3.868,0.001,3.759,3.865,3.842,3.868,3.847,3.869,3.862,31.0,30.0,29.3,29.8,True
2026-09-25 07:14:38.770,26.91,0.0,31.0,0.0,3.868,0.001,3.759,3.865,3.843,3.868,3.847,3.869,3.862,31.0,30.0,29.4,29.7,True
2026-09-25 07:14:43.677,26.91,0.0,31.1,0.0,3.868,0.001,3.759,3.866,3.842,3.868,3.847,3.869,3.862,31.1,30.1,29.3,29.8,True
2026-09-25 07:14:48.486,26.91,0.0,31.1,0.0,3.868,0.001,3.759,3.866,3.842,3.868,3.847,3.869,3.862,31.1,30.0,29.5,29.7,True
2026-09-25 07:14:54.216,26.91,0.0,31.1,0.0,3.868,0.001,3.759,3.865,3.842,3.868,3.846,3.869,3.862,31.1,30.1,29.3,29.9,True
2026-09-25 07:14:59.970,26.91,0.0,31.1,0.0,3.868,0.001,3.758,3.865,3.843,3.868,3.847,3.869,3.862,31.1,30.0,29.4,29.7,True
2026-09-25 07:15:05.498,26.91,0.0,31.1,0.0,3.868,0.001,3.758,3.865,3.843,3.868,3.847,3.869,3.862,31.1,30.0,29.4,29.7,True
2026-09-25 07:15:10.897,26.91,0.0,31.1,0.0,3.868,0.001,3.758,3.865,3.843,3.868,3.847,3.869,3.862,31.1,30.0,29.5,29.7,True
2026-09-25 07:15:17.346,26.91,0.0,31.0,0.0,3.868,0.001,3.758,3.865,3.842,3.868,3.847,3.869,3.862,31.0,30.1,29.3,29.8,True
2026-09-25 07:15:22.823,26.91,0.0,31.2,0.0,3.868,0.001,3.758,3.865,3.842,3.868,3.847,3.869,3.862,31.2,29.9,29.5,29.7,True
2026-09-25 07:16:00.045,26.91,0.0,31.1,0.0,3.868,0.001,3.758,3.865,3.843,3.868,3.846,3.869,3.862,31.1,30.0,29.5,29.7,True
2026-09-25 07:16:04.951,26.91,0.0,31.0,0.0,3.868,0.001,3.758,3.866,3.842,3.868,3.847,3.869,3.861,31.0,30.1,29.4,29.8,True
2026-09-25 07:16:10.056,26.91,0.0,31.1,0.0,3.868,0.001,3.757,3.865,3.843,3.868,3.847,3.869,3.862,31.1,30.0,29.5,29.8,True
2026-09-25 07:16:13.783,26.91,0.0,31.1,0.0,3.868,0.001,3.757,3.865,3.842,3.868,3.847,3.869,3.862,31.1,30.0,29.5,29.8,True
2026-09-25 07:16:17.699,26.91,0.0,31.2,0.0,3.868,0.001,3.757,3.865,3.843,3.868,3.847,3.869,3.862,31.2,30.0,29.5,29.7,True
2026-09-25 07:16:21.703,26.91,0.0,31.1,0.0,3.868,0.001,3.757,3.865,3.843,3.868,3.847,3.869,3.862,31.1,30.1,29.3,29.8,True
2026-09-25 07:16:26.112,26.91,0.0,31.0,0.0,3.868,0.001,3.758,3.866,3.843,3.868,3.846,3.869,3.862,31.0,30.1,29.3,29.9,True
2026-09-25 07:16:30.298,26.9,0.0,31.1,0.0,3.868,0.001,3.756,3.865,3.842,3.868,3.846,3.869,3.862,31.1,30.0,29.5,29.7,True
2026-09-25 07:16:34.960,26.91,0.0,31.2,0.0,3.868,0.001,3.757,3.865,3.843,3.868,3.847,3.869,3.862,31.2,30.1,29.3,29.9,True
2026-09-25 07:16:41.133,26.91,0.0,31.2,0.0,3.869,0.001,3.757,3.865,3.842,3.868,3.847,3.87,3.862,31.2,30.0,29.4,29.8,True
2026-09-25 07:16:47.851,26.91,0.0,31.1,0.0,3.868,0.001,3.756,3.865,3.842,3.868,3.847,3.869,3.862,31.1,30.0,29.5,29.8,True
2026-09-25 07:16:53.517,26.91,0.0,31.2,0.0,3.868,0.001,3.756,3.866,3.843,3.868,3.847,3.869,3.862,31.2,29.9,29.4,29.7,True
2026-09-25 07:16:59.856,26.91,0.0,31.1,0.0,3.868,0.001,3.756,3.865,3.842,3.868,3.847,3.869,3.862,31.1,30.1,29.2,29.9,True
2026-09-25 07:17:05.174,26.91,0.0,31.1,0.0,3.868,0.001,3.756,3.865,3.842,3.868,3.847,3.869,3.862,31.1,30.0,29.4,29.8,True
2026-09-25 07:17:11.071,26.91,0.0,31.0,0.0,3.868,0.001,3.756,3.865,3.843,3.868,3.846,3.869,3.862,31.0,30.2,29.3,29.8,True
2026-09-25 07:17:17.092,26.9,0.0,31.2,0.0,3.868,0.001,3.756,3.865,3.842,3.868,3.846,3.869,3.862,31.2,30.0,29.4,29.8,True
2026-09-25 07:17:23.160,26.9,0.0,31.3,0.0,3.868,0.001,3.756,3.865,3.843,3.868,3.846,3.869,3.862,31.3,29.9,29.5,29.7,True
2026-09-25 07:17:29.126,26.9,0.0,31.3,0.0,3.868,0.001,3.755,3.866,3.843,3.868,3.847,3.869,3.862,31.3,29.9,29.5,29.7,True
2026-09-25 07:19:17.544,26.94,0.0,31.2,0.0,3.868,0.001,3.792,3.865,3.843,3.868,3.847,3.869,3.862,31.2,30.0,29.3,29.8,True
2026-09-25 07:19:22.490,26.93,0.0,31.1,0.0,3.868,0.001,3.78,3.865,3.842,3.868,3.847,3.869,3.862,31.1,30.0,29.3,29.7,True
2026-09-25 07:19:28.870,26.93,0.0,31.1,0.0,3.868,0.001,3.776,3.865,3.842,3.868,3.847,3.869,3.862,31.1,30.0,29.4,29.7,True
2026-09-25 07:19:35.213,26.92,0.0,31.1,0.0,3.868,0.001,3.773,3.865,3.843,3.868,3.847,3.869,3.862,31.1,30.0,29.4,29.7,True
2026-09-25 07:19:41.125,26.92,0.0,31.1,0.0,3.868,0.001,3.772,3.865,3.843,3.868,3.847,3.869,3.862,31.1,30.0,29.4,29.7,True
2026-09-25 07:19:46.818,26.92,0.0,31.0,0.0,3.868,0.001,3.77,3.865,3.843,3.868,3.847,3.869,3.862,31.0,30.1,29.4,29.8,True
2026-09-25 07:19:52.518,26.92,0.0,31.1,0.0,3.868,0.001,3.769,3.866,3.843,3.868,3.847,3.869,3.862,31.1,30.1,29.3,29.8,True
2026-09-25 07:19:57.329,26.92,0.0,31.2,0.0,3.868,0.001,3.768,3.866,3.842,3.868,3.847,3.869,3.862,31.2,29.9,29.5,29.7,True
2026-09-25 07:20:01.561,26.92,0.0,31.0,0.0,3.868,0.001,3.767,3.865,3.842,3.868,3.847,3.869,3.862,31.0,30.1,29.3,29.8,True
2026-09-25 07:20:06.034,26.92,0.0,31.0,0.0,3.868,0.001,3.766,3.865,3.843,3.868,3.847,3.869,3.862,31.0,30.2,29.3,29.9,True
2026-09-25 07:20:10.271,26.92,0.0,31.1,0.0,3.868,0.001,3.765,3.865,3.842,3.868,3.847,3.869,3.862,31.1,30.0,29.4,29.8,True
2026-09-25 07:20:15.083,26.91,0.0,31.0,0.0,3.868,0.001,3.765,3.865,3.842,3.868,3.847,3.869,3.862,31.0,30.1,29.3,29.8,True
2026-09-25 07:20:20.090,26.91,0.0,31.1,0.0,3.868,0.001,3.765,3.866,3.842,3.868,3.847,3.869,3.862,31.1,30.1,29.3,29.9,True
2026-09-25 07:20:25.253,26.91,0.0,31.1,0.0,3.868,0.001,3.763,3.865,3.842,3.868,3.847,3.869,3.862,31.1,30.1,29.3,29.9,True
2026-09-25 07:20:30.796,26.91,0.0,31.1,0.0,3.868,0.001,3.763,3.866,3.842,3.868,3.847,3.869,3.862,31.1,30.1,29.4,29.8,True
2026-09-25 07:20:37.589,26.91,0.0,31.1,0.0,3.868,0.001,3.763,3.865,3.843,3.868,3.847,3.869,3.862,31.1,30.0,29.5,29.8,True
2026-09-25 07:20:43.530,26.91,0.0,31.1,0.0,3.868,0.001,3.763,3.865,3.843,3.868,3.847,3.869,3.862,31.1,30.0,29.4,29.8,True
2026-09-25 07:20:49.253,26.91,0.0,31.0,0.0,3.868,0.001,3.762,3.865,3.842,3.868,3.846,3.869,3.862,31.0,30.2,29.2,29.9,True
2026-09-25 07:20:54.870,26.91,0.0,31.0,0.0,3.868,0.001,3.761,3.865,3.842,3.868,3.847,3.869,3.862,31.0,30.2,29.3,29.9,True
2026-09-25 07:21:00.285,26.91,0.0,31.1,0.0,3.868,0.001,3.761,3.865,3.843,3.868,3.846,3.869,3.862,31.1,30.0,29.4,29.7,True
2026-09-25 07:21:05.931,26.91,0.0,31.1,0.0,3.868,0.001,3.761,3.865,3.843,3.868,3.846,3.869,3.862,31.1,30.0,29.3,29.8,True
2026-09-25 07:21:11.866,26.91,0.0,31.1,0.0,3.868,0.001,3.76,3.865,3.842,3.868,3.847,3.869,3.862,31.1,30.1,29.4,29.8,True
2026-09-25 07:21:17.533,26.91,0.0,31.1,0.0,3.868,0.001,3.76,3.865,3.842,3.868,3.847,3.869,3.862,31.1,30.0,29.4,29.8,True
2026-09-25 07:21:23.287,26.91,0.0,31.2,0.0,3.868,0.001,3.76,3.865,3.842,3.868,3.846,3.869,3.862,31.2,30.0,29.5,29.8,True
2026-09-25 07:21:51.263,26.91,0.0,31.0,0.0,3.868,0.001,3.758,3.865,3.842,3.868,3.847,3.869,3.862,31.0,30.1,29.3,29.8,True
2026-09-25 07:21:57.094,26.91,0.0,31.0,0.0,3.868,0.001,3.758,3.865,3.842,3.868,3.846,3.869,3.861,31.0,30.1,29.3,29.8,True
2026-09-25 07:22:03.143,26.91,0.0,31.0,0.0,3.868,0.001,3.758,3.865,3.843,3.868,3.846,3.869,3.862,31.0,30.1,29.3,29.8,True
2026-09-25 07:22:06.245,26.91,0.0,31.0,0.0,3.868,0.001,3.758,3.865,3.843,3.868,3.846,3.869,3.862,31.0,30.1,29.5,29.8,True
2026-09-25 07:22:12.694,26.91,0.0,31.1,0.0,3.868,0.001,3.758,3.865,3.842,3.868,3.847,3.869,3.862,31.1,30.1,29.3,29.8,True
2026-09-25 07:22:18.696,26.91,0.0,31.0,0.0,3.868,0.001,3.758,3.865,3.842,3.868,3.847,3.869,3.862,31.0,30.2,29.3,29.8,True
2026-09-25 07:22:24.982,26.91,0.0,31.2,0.0,3.868,0.001,3.758,3.865,3.842,3.868,3.847,3.869,3.862,31.2,30.0,29.4,29.8,True
2026-09-25 07:22:31.323,26.91,0.0,31.2,0.0,3.868,0.001,3.758,3.865,3.842,3.868,3.847,3.869,3.862,31.2,30.0,29.4,29.8,True
2026-09-25 07:22:37.740,26.91,0.0,31.2,0.0,3.868,0.001,3.757,3.865,3.842,3.868,3.846,3.869,3.862,31.2,30.0,29.4,29.8,True
2026-09-25 07:22:43.825,26.91,0.0,31.1,0.0,3.868,0.001,3.757,3.865,3.842,3.868,3.846,3.869,3.862,31.1,30.2,29.4,29.8,True
2026-09-25 07:22:50.046,26.91,0.0,31.1,0.0,3.868,0.001,3.757,3.865,3.842,3.868,3.846,3.869,3.862,31.1,30.2,29.3,29.9,True
2026-09-25 07:22:55.902,26.91,0.0,31.1,0.0,3.868,0.001,3.757,3.865,3.842,3.868,3.846,3.869,3.862,31.1,30.2,29.3,29.9,True
2026-09-25 07:23:01.967,26.91,0.0,31.1,0.0,3.868,0.001,3.756,3.865,3.842,3.868,3.846,3.869,3.862,31.1,30.1,29.4,29.9,True
2026-09-25 07:23:07.853,26.91,0.0,31.2,0.0,3.868,0.001,3.756,3.865,3.842,3.868,3.846,3.869,3.862,31.2,29.9,29.5,29.7,True
2026-09-25 07:23:14.445,26.91,0.0,31.2,0.0,3.868,0.001,3.756,3.865,3.842,3.868,3.846,3.869,3.862,31.2,29.9,29.5,29.7,True
2026-09-25 07:23:20.547,26.9,0.0,31.2,0.0,3.868,0.001,3.756,3.865,3.842,3.868,3.846,3.869,3.862,31.2,30.0,29.5,29.8,True
2026-09-25 07:23:47.101,26.9,0.0,31.2,0.0,3.868,0.001,3.756,3.865,3.842,3.868,3.846,3.869,3.861,31.2,30.0,29.5,29.7,True
2026-09-25 07:23:50.079,26.9,0.0,31.2,0.0,3.868,0.001,3.756,3.865,3.842,3.868,3.846,3.869,3.862,31.2,30.0,29.5,29.7,True
2026-09-25 07:23:51.674,26.9,0.0,31.1,0.0,3.868,0.001,3.756,3.865,3.842,3.868,3.846,3.869,3.861,31.1,30.0,29.4,29.7,True
2026-09-25 07:23:53.248,26.91,0.0,31.2,0.0,3.868,0.001,3.756,3.865,3.842,3.868,3.846,3.869,3.861,31.2,30.0,29.4,29.8,True
2026-09-25 07:23:54.962,26.9,0.0,31.2,0.0,3.868,0.001,3.755,3.865,3.842,3.868,3.846,3.869,3.862,31.2,30.1,29.3,29.9,True
2026-09-25 07:23:56.601,26.9,0.0,31.1,0.0,3.868,0.001,3.755,3.865,3.842,3.868,3.846,3.869,3.862,31.1,30.0,29.4,29.8,True
2026-09-25 07:23:58.292,26.9,0.0,31.1,0.0,3.868,0.001,3.756,3.865,3.842,3.868,3.846,3.869,3.862,31.1,30.1,29.3,29.8,True
2026-09-25 07:23:59.938,26.91,0.0,31.2,0.0,3.868,0.001,3.756,3.865,3.842,3.868,3.846,3.869,3.862,31.2,30.1,29.4,29.8,True
2026-09-25 07:24:01.638,26.9,0.0,31.2,0.0,3.868,0.001,3.755,3.865,3.842,3.868,3.846,3.869,3.861,31.2,30.0,29.5,29.7,True
2026-09-25 07:24:03.291,26.9,0.0,31.0,0.0,3.868,0.001,3.755,3.865,3.842,3.868,3.846,3.869,3.861,31.0,30.2,29.2,29.9,True
2026-09-25 07:24:05.026,26.9,0.0,31.1,0.0,3.868,0.001,3.755,3.865,3.842,3.868,3.846,3.869,3.862,31.1,30.2,29.3,29.8,True
2026-09-25 07:24:06.745,26.9,0.0,31.2,0.0,3.868,0.001,3.756,3.865,3.842,3.868,3.846,3.869,3.861,31.2,30.0,29.4,29.8,True
2026-09-25 07:24:08.382,26.9,0.0,31.2,0.0,3.868,0.001,3.756,3.864,3.842,3.868,3.847,3.869,3.861,31.2,30.0,29.4,29.8,True
2026-09-25 07:24:10.008,26.9,0.0,31.2,0.0,3.868,0.001,3.755,3.865,3.842,3.868,3.846,3.869,3.861,31.2,30.0,29.4,29.8,True
2026-09-25 07:24:11.578,26.9,0.0,31.2,0.0,3.868,0.001,3.755,3.865,3.842,3.868,3.846,3.869,3.862,31.2,30.0,29.5,29.7,True
2026-09-25 07:24:13.332,26.9,0.0,31.3,0.0,3.868,0.001,3.756,3.865,3.842,3.868,3.846,3.869,3.861,31.3,29.9,29.6,29.6,True
2026-09-25 07:24:15.041,26.9,0.0,31.2,0.0,3.868,0.001,3.756,3.865,3.842,3.868,3.846,3.869,3.861,31.2,30.0,29.5,29.8,True
2026-09-25 07:24:16.697,26.9,0.0,31.2,0.0,3.868,0.001,3.755,3.865,3.842,3.868,3.846,3.869,3.862,31.2,30.0,29.4,29.8,True
2026-09-25 07:24:18.402,26.9,0.0,31.2,0.0,3.868,0.001,3.756,3.865,3.842,3.868,3.846,3.869,3.862,31.2,30.1,29.3,29.9,True
2026-09-25 07:24:19.965,26.9,0.0,31.1,0.0,3.868,0.001,3.755,3.865,3.842,3.868,3.846,3.869,3.861,31.1,30.1,29.3,29.8,True
2026-09-25 07:24:21.687,26.9,0.0,31.2,0.0,3.868,0.001,3.756,3.865,3.842,3.868,3.846,3.869,3.861,31.2,30.0,29.5,29.8,True
2026-09-25 07:24:23.593,26.9,0.0,31.2,0.0,3.868,0.001,3.755,3.865,3.842,3.868,3.846,3.869,3.862,31.2,30.0,29.5,29.8,True
2026-09-25 07:24:25.201,26.9,0.0,31.2,0.0,3.868,0.001,3.755,3.865,3.842,3.868,3.846,3.869,3.862,31.2,30.0,29.5,29.6,True
2026-09-25 07:24:27.040,26.9,0.0,31.2,0.0,3.868,0.001,3.755,3.865,3.842,3.868,3.846,3.869,3.862,31.2,30.1,29.5,29.8,True
2026-09-25 07:24:28.767,26.9,0.0,31.0,0.0,3.868,0.001,3.755,3.865,3.842,3.868,3.846,3.869,3.862,31.0,30.2,29.3,29.9,True
2026-09-25 07:24:30.477,26.9,0.0,31.1,0.0,3.868,0.001,3.755,3.865,3.842,3.868,3.846,3.869,3.862,31.1,30.1,29.3,29.9,True
2026-09-25 07:24:32.178,26.9,0.0,31.2,0.0,3.868,0.001,3.755,3.865,3.842,3.868,3.846,3.869,3.862,31.2,30.1,29.4,29.8,True
2026-09-25 07:24:34.301,26.9,0.0,31.3,0.0,3.868,0.001,3.755,3.865,3.842,3.868,3.846,3.869,3.862,31.3,30.0,29.5,29.8,True
2026-09-25 07:24:35.950,26.9,0.0,31.2,0.0,3.868,0.001,3.755,3.865,3.842,3.868,3.846,3.869,3.862,31.2,30.1,29.4,29.8,True
2026-09-25 07:24:37.757,26.9,0.0,31.2,0.0,3.868,0.001,3.754,3.865,3.842,3.868,3.847,3.869,3.861,31.2,30.0,29.5,29.8,True
2026-09-25 07:24:39.408,26.9,0.0,31.1,0.0,3.868,0.001,3.755,3.865,3.842,3.868,3.846,3.869,3.861,31.1,30.1,29.4,29.8,True
2026-09-25 07:24:41.007,26.9,0.0,31.2,0.0,3.868,0.001,3.755,3.865,3.843,3.868,3.846,3.869,3.861,31.2,30.0,29.4,29.9,True
2026-09-25 07:24:42.758,26.9,0.0,31.2,0.0,3.868,0.001,3.755,3.865,3.842,3.868,3.847,3.869,3.861,31.2,30.0,29.5,29.8,True
2026-09-25 07:24:44.496,26.9,0.0,31.2,0.0,3.868,0.001,3.755,3.865,3.842,3.868,3.846,3.869,3.862,31.2,30.0,29.4,29.8,True
2026-09-25 07:24:46.254,26.9,0.0,31.2,0.0,3.868,0.001,3.755,3.865,3.842,3.868,3.846,3.869,3.862,31.2,30.1,29.5,29.8,True
2026-09-25 07:24:48.027,26.9,0.0,31.1,0.0,3.868,0.001,3.755,3.865,3.842,3.868,3.846,3.869,3.862,31.1,30.1,29.4,29.8,True
2026-09-25 07:24:49.897,26.9,0.0,31.2,0.0,3.868,0.001,3.755,3.865,3.842,3.868,3.847,3.869,3.862,31.2,30.2,29.3,29.9,True
2026-09-25 07:24:51.639,26.9,0.0,31.2,0.0,3.868,0.001,3.755,3.865,3.842,3.868,3.846,3.869,3.862,31.2,30.1,29.4,29.8,True
2026-09-25 07:24:53.307,26.9,0.0,31.2,0.0,3.868,0.001,3.755,3.865,3.842,3.868,3.846,3.869,3.861,31.2,30.2,29.3,29.9,True
2026-09-25 07:24:55.073,26.9,0.0,31.2,0.0,3.868,0.001,3.755,3.865,3.842,3.868,3.846,3.869,3.861,31.2,30.1,29.4,29.8,True
2026-09-25 07:24:56.693,26.9,0.0,31.2,0.0,3.868,0.001,3.754,3.865,3.842,3.868,3.846,3.869,3.861,31.2,30.0,29.4,29.8,True
2026-09-25 07:24:58.423,26.9,0.0,31.3,0.0,3.868,0.001,3.755,3.865,3.842,3.868,3.847,3.869,3.862,31.3,30.0,29.5,29.7,True
2026-09-25 07:24:59.949,26.9,0.0,31.2,0.0,3.868,0.001,3.755,3.865,3.842,3.868,3.847,3.869,3.862,31.2,30.0,29.5,29.7,True
2026-09-25 07:25:01.758,26.9,0.0,31.2,0.0,3.868,0.001,3.755,3.865,3.842,3.868,3.846,3.869,3.861,31.2,30.0,29.5,29.8,True
2026-09-25 07:25:03.475,26.9,0.0,31.0,0.0,3.868,0.001,3.755,3.865,3.842,3.868,3.846,3.869,3.861,31.0,30.2,29.3,29.9,True
2026-09-25 07:25:05.161,26.9,0.0,31.1,0.0,3.868,0.001,3.755,3.865,3.842,3.868,3.846,3.869,3.861,31.1,30.2,29.3,29.9,True
2026-09-25 07:25:06.982,26.9,0.0,31.2,0.0,3.868,0.001,3.755,3.865,3.842,3.868,3.846,3.869,3.861,31.2,30.0,29.5,29.8,True
2026-09-25 07:25:08.668,26.9,0.0,31.2,0.0,3.868,0.001,3.755,3.865,3.842,3.868,3.846,3.869,3.861,31.2,30.0,29.4,29.8,True
2026-09-25 07:25:10.348,26.9,0.0,31.0,0.0,3.868,0.001,3.755,3.865,3.842,3.868,3.846,3.869,3.862,31.0,30.2,29.4,29.8,True
2026-09-25 07:25:12.102,26.9,0.0,31.2,0.0,3.868,0.001,3.755,3.865,3.842,3.868,3.846,3.869,3.861,31.2,30.1,29.4,29.8,True
2026-09-25 07:25:13.949,26.9,0.0,31.2,0.0,3.868,0.001,3.755,3.865,3.842,3.868,3.846,3.869,3.861,31.2,30.0,29.4,29.8,True
2026-09-25 07:25:15.883,26.9,0.0,31.1,0.0,3.868,0.001,3.755,3.865,3.842,3.868,3.846,3.869,3.862,31.1,30.1,29.4,29.9,True
2026-09-25 07:25:17.622,26.9,0.0,31.2,0.0,3.868,0.001,3.755,3.865,3.842,3.868,3.846,3.869,3.862,31.2,30.1,29.4,29.8,True
2026-09-25 07:25:19.332,26.9,0.0,31.2,0.0,3.868,0.001,3.755,3.865,3.842,3.868,3.846,3.869,3.862,31.2,30.1,29.4,29.8,True
2026-09-25 07:25:21.043,26.9,0.0,31.2,0.0,3.868,0.001,3.755,3.865,3.842,3.868,3.846,3.869,3.862,31.2,30.0,29.4,29.8,True
2026-09-25 07:25:22.853,26.9,0.0,31.1,0.0,3.868,0.001,3.755,3.865,3.842,3.868,3.846,3.869,3.861,31.1,30.2,29.4,29.8,True
2026-09-25 07:25:24.477,26.9,0.0,31.3,0.0,3.868,0.001,3.755,3.865,3.842,3.868,3.846,3.869,3.861,31.3,30.2,29.3,29.9,True
2026-09-25 07:25:26.263,26.9,0.0,31.2,0.0,3.868,0.001,3.755,3.865,3.842,3.868,3.846,3.869,3.862,31.2,30.0,29.5,29.7,True
2026-09-25 07:25:28.166,26.9,0.0,31.2,0.0,3.868,0.001,3.755,3.865,3.842,3.868,3.846,3.869,3.862,31.2,30.1,29.4,29.8,True
2026-09-25 07:25:29.697,26.9,0.0,31.2,0.0,3.868,0.001,3.755,3.865,3.842,3.868,3.846,3.869,3.862,31.2,30.0,29.5,29.8,True
2026-09-25 07:25:31.431,26.9,0.0,31.2,0.0,3.868,0.001,3.755,3.865,3.842,3.868,3.846,3.869,3.862,31.2,30.0,29.5,29.7,True
2026-09-25 07:25:33.193,26.9,0.0,31.2,0.0,3.868,0.001,3.755,3.865,3.842,3.868,3.846,3.869,3.861,31.2,30.0,29.4,29.8,True
2026-09-25 07:25:34.919,26.9,0.0,31.2,0.0,3.868,0.001,3.755,3.865,3.842,3.868,3.846,3.869,3.861,31.2,30.0,29.4,29.8,True
2026-09-25 07:25:36.736,26.9,0.0,31.1,0.0,3.868,0.001,3.755,3.865,3.842,3.868,3.846,3.869,3.862,31.1,30.2,29.4,29.8,True
2026-09-25 07:25:38.464,26.9,0.0,31.2,0.0,3.868,0.001,3.754,3.865,3.843,3.868,3.846,3.869,3.862,31.2,30.1,29.4,29.8,True
2026-09-25 07:25:40.166,26.9,0.0,31.2,0.0,3.868,0.001,3.754,3.865,3.842,3.868,3.846,3.869,3.862,31.2,30.0,29.6,29.7,True
2026-09-25 07:25:42.109,26.9,0.0,31.3,0.0,3.868,0.001,3.754,3.865,3.842,3.868,3.846,3.869,3.862,31.3,30.0,29.5,29.7,True
2026-09-25 07:25:43.778,26.9,0.0,31.3,0.0,3.868,0.001,3.755,3.865,3.842,3.868,3.846,3.869,3.861,31.3,30.0,29.5,29.8,True
2026-09-25 07:25:45.575,26.9,0.0,31.3,0.0,3.868,0.001,3.755,3.865,3.842,3.868,3.846,3.869,3.861,31.3,30.0,29.6,29.6,True
2026-09-25 07:25:47.506,26.9,0.0,31.2,0.0,3.868,0.001,3.755,3.865,3.842,3.868,3.846,3.869,3.862,31.2,30.0,29.5,29.8,True
2026-09-25 07:25:49.173,26.9,0.0,31.1,0.0,3.868,0.001,3.755,3.865,3.842,3.868,3.846,3.869,3.862,31.1,30.2,29.4,29.9,True
2026-09-25 07:25:50.873,26.9,0.0,31.1,0.0,3.868,0.001,3.755,3.865,3.842,3.868,3.846,3.869,3.861,31.1,30.2,29.4,29.8,True
2026-09-25 07:25:52.704,26.9,0.0,31.2,0.0,3.868,0.001,3.754,3.865,3.842,3.868,3.846,3.869,3.862,31.2,30.1,29.4,29.9,True
2026-09-25 07:25:54.396,26.9,0.0,31.2,0.0,3.868,0.001,3.754,3.865,3.842,3.868,3.846,3.869,3.862,31.2,30.0,29.5,29.7,True
2026-09-25 07:25:56.107,26.9,0.0,31.2,0.0,3.868,0.001,3.755,3.865,3.842,3.868,3.846,3.869,3.862,31.2,30.1,29.4,29.8,True
2026-09-25 07:25:57.773,26.9,0.0,31.3,0.0,3.868,0.001,3.754,3.865,3.842,3.868,3.847,3.869,3.861,31.3,29.9,29.5,29.7,True
2026-09-25 07:25:59.519,26.9,0.0,31.2,0.0,3.868,0.001,3.754,3.865,3.842,3.868,3.846,3.869,3.862,31.2,30.1,29.3,29.9,True
2026-09-25 07:26:01.311,26.9,0.0,31.3,0.0,3.868,0.001,3.754,3.865,3.842,3.868,3.846,3.869,3.862,31.3,30.0,29.5,29.8,True
2026-09-25 07:26:02.977,26.9,0.0,31.2,0.0,3.868,0.001,3.755,3.865,3.843,3.868,3.846,3.869,3.861,31.2,30.0,29.6,29.8,True
2026-09-25 07:26:04.737,26.9,0.0,31.2,0.0,3.868,0.001,3.755,3.865,3.842,3.868,3.846,3.869,3.862,31.2,30.1,29.4,29.8,True
2026-09-25 07:26:06.401,26.9,0.0,31.2,0.0,3.868,0.001,3.755,3.865,3.842,3.868,3.846,3.869,3.861,31.2,30.0,29.4,29.9,True
2026-09-25 07:26:08.104,26.9,0.0,31.2,0.0,3.868,0.001,3.755,3.865,3.842,3.868,3.846,3.869,3.862,31.2,30.1,29.3,29.9,True
2026-09-25 07:26:09.747,26.9,0.0,31.2,0.0,3.868,0.001,3.755,3.865,3.842,3.868,3.846,3.869,3.862,31.2,30.1,29.5,29.7,True
2026-09-25 07:26:11.484,26.9,0.0,31.1,0.0,3.868,0.001,3.755,3.865,3.842,3.868,3.846,3.869,3.861,31.1,30.2,29.3,29.9,True
2026-09-25 07:26:13.259,26.9,0.0,31.2,0.0,3.868,0.001,3.755,3.865,3.842,3.868,3.846,3.869,3.861,31.2,30.1,29.5,29.7,True
2026-09-25 07:26:15.081,26.9,0.0,31.2,0.0,3.868,0.001,3.755,3.865,3.842,3.868,3.847,3.869,3.862,31.2,30.0,29.5,29.8,True
2026-09-25 07:26:16.999,26.9,0.0,31.3,0.0,3.868,0.001,3.755,3.865,3.842,3.868,3.847,3.869,3.862,31.3,30.0,29.4,29.8,True
2026-09-25 07:26:18.733,26.9,0.0,31.2,0.0,3.868,0.001,3.755,3.865,3.842,3.868,3.846,3.869,3.861,31.2,30.1,29.4,29.8,True
2026-09-25 07:26:20.411,26.9,0.0,31.2,0.0,3.868,0.001,3.755,3.865,3.842,3.868,3.846,3.869,3.861,31.2,30.1,29.4,29.8,True
2026-09-25 07:26:22.147,26.9,0.0,31.1,0.0,3.868,0.001,3.755,3.865,3.842,3.868,3.846,3.869,3.861,31.1,30.2,29.2,30.0,True
2026-09-25 07:26:23.990,26.9,0.0,31.2,0.0,3.868,0.001,3.754,3.865,3.842,3.868,3.846,3.869,3.861,31.2,30.1,29.4,29.9,True
2026-09-25 07:26:25.799,26.9,0.0,31.2,0.0,3.868,0.001,3.755,3.865,3.842,3.868,3.846,3.869,3.861,31.2,30.2,29.3,29.9,True
2026-09-25 07:26:27.563,26.9,0.0,31.2,0.0,3.868,0.001,3.755,3.865,3.842,3.868,3.846,3.869,3.861,31.2,30.1,29.5,29.8,True
2026-09-25 07:26:29.351,26.9,0.0,31.2,0.0,3.868,0.001,3.755,3.865,3.842,3.868,3.846,3.869,3.861,31.2,30.1,29.5,29.7,True
2026-09-25 07:26:31.123,26.9,0.0,31.1,0.0,3.868,0.001,3.755,3.865,3.842,3.868,3.846,3.869,3.861,31.1,30.2,29.3,29.9,True
2026-09-25 07:26:32.886,26.9,0.0,31.0,0.0,3.868,0.001,3.755,3.865,3.842,3.868,3.846,3.869,3.861,31.0,30.2,29.3,29.9,True
2026-09-25 07:26:34.520,26.9,0.0,31.2,0.0,3.868,0.001,3.755,3.865,3.842,3.868,3.846,3.869,3.861,31.2,30.1,29.5,29.8,True
2026-09-25 07:26:36.249,26.9,0.0,31.2,0.0,3.868,0.001,3.755,3.865,3.842,3.868,3.846,3.869,3.862,31.2,30.1,29.3,29.9,True
2026-09-25 07:26:38.005,26.9,0.0,31.2,0.0,3.868,0.001,3.755,3.865,3.842,3.868,3.846,3.869,3.862,31.2,30.1,29.3,29.9,True
2026-09-25 07:26:39.751,26.9,0.0,31.2,0.0,3.868,0.001,3.755,3.865,3.842,3.868,3.846,3.869,3.862,31.2,30.2,29.5,29.8,True
2026-09-25 07:26:41.605,26.9,0.0,31.2,0.0,3.868,0.001,3.755,3.865,3.842,3.868,3.846,3.869,3.861,31.2,30.1,29.5,29.8,True
2026-09-25 07:26:44.291,26.9,0.0,31.3,0.0,3.868,0.001,3.755,3.865,3.842,3.868,3.846,3.869,3.861,31.3,30.0,29.5,29.8,True
2026-09-25 07:26:46.033,26.9,0.0,31.4,0.0,3.868,0.001,3.755,3.865,3.842,3.868,3.846,3.869,3.861,31.4,30.0,29.5,29.8,True
2026-09-25 07:26:48.049,26.9,0.0,31.2,0.0,3.868,0.001,3.755,3.865,3.842,3.868,3.846,3.869,3.861,31.2,30.2,29.3,29.9,True
2026-09-25 07:26:49.666,26.9,0.0,31.1,0.0,3.868,0.001,3.755,3.865,3.842,3.868,3.846,3.869,3.861,31.1,30.2,29.3,29.8,True
2026-09-25 07:26:51.361,26.9,0.0,31.2,0.0,3.868,0.001,3.755,3.865,3.842,3.868,3.846,3.869,3.861,31.2,30.0,29.5,29.8,True
2026-09-25 07:26:52.947,26.9,0.0,31.2,0.0,3.868,0.001,3.755,3.865,3.842,3.868,3.846,3.869,3.861,31.2,30.1,29.4,29.8,True
2026-09-25 07:26:54.681,26.9,0.0,31.4,0.0,3.868,0.001,3.755,3.865,3.842,3.868,3.846,3.869,3.862,31.4,29.9,29.6,29.7,True
2026-09-25 07:26:56.725,26.9,0.0,31.2,0.0,3.868,0.001,3.755,3.865,3.842,3.868,3.846,3.869,3.861,31.2,30.2,29.3,30.0,True
2026-09-25 07:26:58.570,26.9,0.0,31.3,0.0,3.868,0.001,3.755,3.865,3.842,3.868,3.846,3.869,3.861,31.3,30.1,29.5,29.8,True
2026-09-25 07:27:00.272,26.9,0.0,31.2,0.0,3.868,0.001,3.755,3.865,3.842,3.868,3.846,3.869,3.861,31.2,30.0,29.4,29.9,True
2026-09-25 07:27:01.984,26.9,0.0,31.3,0.0,3.868,0.001,3.755,3.865,3.842,3.868,3.846,3.869,3.861,31.3,30.1,29.5,29.8,True
2026-09-25 07:27:03.794,26.9,0.0,31.1,0.0,3.867,0.001,3.755,3.865,3.842,3.868,3.846,3.868,3.861,31.1,30.2,29.3,29.9,True
2026-09-25 07:27:05.473,26.9,0.0,31.2,0.0,3.868,0.001,3.755,3.865,3.842,3.868,3.846,3.869,3.861,31.2,30.1,29.3,29.9,True
2026-09-25 07:27:07.287,26.9,0.0,31.2,0.0,3.868,0.001,3.755,3.865,3.842,3.868,3.846,3.869,3.861,31.2,30.1,29.4,29.8,True
2026-09-25 07:27:09.056,26.9,0.0,31.3,0.0,3.868,0.001,3.755,3.865,3.842,3.868,3.846,3.869,3.861,31.3,30.0,29.5,29.8,True
2026-09-25 07:27:10.661,26.9,0.0,31.2,0.0,3.868,0.001,3.755,3.865,3.842,3.868,3.846,3.869,3.861,31.2,30.0,29.5,29.8,True
2026-09-25 07:27:12.327,26.9,0.0,31.2,0.0,3.868,0.001,3.755,3.865,3.842,3.868,3.846,3.869,3.861,31.2,30.0,29.5,29.7,True
2026-09-25 07:27:14.053,26.9,0.0,31.1,0.0,3.868,0.001,3.755,3.865,3.842,3.867,3.846,3.869,3.861,31.1,30.2,29.3,29.9,True
2026-09-25 07:27:15.891,26.9,0.0,31.3,0.0,3.868,0.001,3.755,3.865,3.842,3.868,3.846,3.869,3.861,31.3,30.0,29.5,29.8,True
2026-09-25 07:27:17.864,26.9,0.0,31.3,0.0,3.868,0.001,3.754,3.865,3.842,3.868,3.846,3.869,3.861,31.3,30.0,29.4,29.8,True
2026-09-25 07:27:19.575,26.9,0.0,31.2,0.0,3.868,0.001,3.754,3.865,3.842,3.868,3.846,3.869,3.861,31.2,30.0,29.5,29.8,True
2026-09-25 07:27:21.272,26.9,0.0,31.2,0.0,3.868,0.001,3.755,3.865,3.842,3.868,3.847,3.869,3.861,31.2,30.0,29.4,29.8,True
2026-09-25 07:27:23.082,26.9,0.0,31.3,0.0,3.868,0.001,3.755,3.865,3.842,3.868,3.846,3.869,3.862,31.3,30.0,29.6,29.7,True
2026-09-25 07:27:24.950,26.9,0.0,31.2,0.0,3.868,0.001,3.754,3.865,3.842,3.868,3.846,3.869,3.862,31.2,30.1,29.4,29.9,True
2026-09-25 07:27:26.723,26.9,0.0,31.3,0.0,3.868,0.001,3.755,3.865,3.842,3.868,3.846,3.869,3.861,31.3,30.0,29.6,29.7,True
2026-09-25 07:27:28.405,26.9,0.0,31.3,0.0,3.868,0.001,3.755,3.865,3.842,3.868,3.846,3.869,3.862,31.3,30.0,29.6,29.7,True
2026-09-25 07:27:30.286,26.9,0.0,31.2,0.0,3.868,0.001,3.755,3.865,3.842,3.868,3.846,3.869,3.862,31.2,30.2,29.3,29.9,True
2026-09-25 07:27:32.080,26.9,0.0,31.2,0.0,3.868,0.001,3.755,3.865,3.842,3.868,3.846,3.869,3.861,31.2,30.2,29.4,29.9,True
2026-09-25 07:27:33.852,26.9,0.0,31.3,0.0,3.868,0.001,3.755,3.865,3.842,3.868,3.846,3.869,3.861,31.3,30.0,29.4,29.8,True
2026-09-25 07:27:35.651,26.9,0.0,31.3,0.0,3.868,0.001,3.755,3.865,3.842,3.868,3.846,3.869,3.861,31.3,30.0,29.5,29.8,True
2026-09-25 07:27:37.402,26.9,0.0,31.2,0.0,3.868,0.001,3.755,3.865,3.842,3.868,3.846,3.869,3.861,31.2,30.2,29.3,30.0,True
2026-09-25 07:27:39.051,26.9,0.0,31.2,0.0,3.868,0.001,3.755,3.865,3.842,3.868,3.846,3.869,3.862,31.2,30.2,29.3,29.9,True
2026-09-25 07:27:40.900,26.9,0.0,31.2,0.0,3.868,0.001,3.755,3.865,3.842,3.868,3.846,3.869,3.862,31.2,30.2,29.3,29.9,True
2026-09-25 07:27:42.708,26.9,0.0,31.2,0.0,3.868,0.001,3.755,3.865,3.842,3.868,3.846,3.869,3.861,31.2,30.2,29.4,29.8,True
2026-09-25 07:27:44.453,26.9,0.0,31.1,0.0,3.868,0.001,3.755,3.865,3.842,3.868,3.846,3.869,3.861,31.1,30.2,29.5,29.8,True
2026-09-25 07:27:46.183,26.9,0.0,31.3,0.0,3.868,0.001,3.755,3.865,3.842,3.868,3.846,3.869,3.861,31.3,30.0,29.5,29.8,True
2026-09-25 07:27:47.917,26.9,0.0,31.3,0.0,3.867,0.001,3.755,3.865,3.842,3.868,3.846,3.868,3.862,31.3,30.0,29.5,29.8,True
2026-09-25 07:27:49.586,26.9,0.0,31.3,0.0,3.868,0.001,3.755,3.865,3.842,3.868,3.846,3.869,3.861,31.3,30.0,29.5,29.8,True
2026-09-25 07:27:51.348,26.9,0.0,31.3,0.0,3.868,0.001,3.755,3.865,3.842,3.868,3.846,3.869,3.861,31.3,30.0,29.5,29.8,True
2026-09-25 07:27:53.097,26.9,0.0,31.2,0.0,3.868,0.001,3.756,3.865,3.842,3.868,3.846,3.869,3.861,31.2,30.2,29.4,29.8,True
2026-09-25 07:27:54.776,26.9,0.0,31.1,0.0,3.868,0.001,3.756,3.865,3.842,3.868,3.846,3.869,3.861,31.1,30.1,29.4,29.9,True
2026-09-25 07:27:56.437,26.9,0.0,31.2,0.0,3.868,0.001,3.755,3.865,3.842,3.868,3.846,3.869,3.861,31.2,30.1,29.4,29.8,True
2026-09-25 07:27:58.295,26.9,0.0,31.2,0.0,3.868,0.001,3.755,3.865,3.842,3.868,3.846,3.869,3.862,31.2,30.2,29.3,29.9,True
2026-09-25 07:28:00.051,26.9,0.0,31.2,0.0,3.868,0.001,3.755,3.865,3.842,3.868,3.846,3.869,3.862,31.2,30.2,29.3,30.0,True
2026-09-25 07:28:01.840,26.9,0.0,31.2,0.0,3.868,0.001,3.755,3.865,3.842,3.868,3.846,3.869,3.861,31.2,30.1,29.4,29.8,True
2026-09-25 07:28:03.465,26.9,0.0,31.4,0.0,3.868,0.001,3.755,3.865,3.842,3.868,3.846,3.869,3.862,31.4,30.0,29.5,29.8,True
2026-09-25 07:28:05.284,26.9,0.0,31.3,0.0,3.868,0.001,3.755,3.865,3.842,3.868,3.846,3.869,3.861,31.3,30.1,29.4,29.8,True
2026-09-25 07:28:06.981,26.9,0.0,31.2,0.0,3.868,0.001,3.755,3.865,3.842,3.868,3.846,3.869,3.861,31.2,30.0,29.5,29.8,True
2026-09-25 07:28:08.850,26.9,0.0,31.2,0.0,3.868,0.001,3.755,3.865,3.842,3.868,3.846,3.869,3.861,31.2,30.2,29.4,29.8,True
2026-09-25 07:28:10.779,26.9,0.0,31.3,0.0,3.868,0.001,3.755,3.865,3.842,3.868,3.846,3.869,3.862,31.3,30.2,29.4,29.9,True
2026-09-25 07:28:12.630,26.9,0.0,31.4,0.0,3.868,0.001,3.755,3.865,3.842,3.868,3.846,3.869,3.861,31.4,30.0,29.5,29.8,True
2026-09-25 07:28:14.472,26.9,0.0,31.2,0.0,3.868,0.001,3.755,3.865,3.842,3.868,3.846,3.869,3.861,31.2,30.1,29.3,29.8,True
2026-09-25 07:28:16.287,26.9,0.0,31.4,0.0,3.868,0.001,3.755,3.865,3.842,3.868,3.846,3.869,3.861,31.4,30.0,29.6,29.7,True
2026-09-25 07:28:18.041,26.9,0.0,31.2,0.0,3.868,0.001,3.755,3.865,3.842,3.868,3.846,3.869,3.861,31.2,30.1,29.4,29.9,True
2026-09-25 07:28:20.100,26.9,0.0,31.2,0.0,3.868,0.001,3.755,3.865,3.842,3.868,3.846,3.869,3.861,31.2,30.1,29.3,29.9,True
2026-09-25 07:28:21.820,26.9,0.0,31.3,0.0,3.867,0.001,3.756,3.865,3.842,3.868,3.846,3.868,3.861,31.3,30.1,29.4,29.8,True
2026-09-25 07:28:23.718,26.9,0.0,31.2,0.0,3.868,0.001,3.756,3.865,3.842,3.868,3.846,3.869,3.861,31.2,30.2,29.3,29.9,True
2026-09-25 07:28:25.552,26.9,0.0,31.2,0.0,3.867,0.001,3.755,3.865,3.842,3.868,3.846,3.868,3.861,31.2,30.1,29.4,29.8,True
2026-09-25 07:28:27.306,26.9,0.0,31.3,0.0,3.868,0.001,3.756,3.865,3.842,3.868,3.846,3.869,3.861,31.3,30.0,29.5,29.8,True
2026-09-25 07:28:28.976,26.9,0.0,31.3,0.0,3.868,0.001,3.756,3.865,3.842,3.868,3.846,3.869,3.861,31.3,30.0,29.5,29.8,True
2026-09-25 07:28:30.715,26.9,0.0,31.3,0.0,3.868,0.001,3.756,3.865,3.842,3.868,3.846,3.869,3.862,31.3,30.0,29.5,29.8,True
2026-09-25 07:28:32.562,26.9,0.0,31.2,0.0,3.868,0.001,3.756,3.865,3.842,3.868,3.846,3.869,3.861,31.2,30.2,29.5,29.8,True
2026-09-25 07:28:35.455,26.9,0.0,31.2,0.0,3.868,0.001,3.755,3.865,3.842,3.868,3.846,3.869,3.861,31.2,30.1,29.5,29.7,True
2026-09-25 07:28:37.166,26.9,0.0,31.2,0.0,3.867,0.001,3.755,3.865,3.842,3.868,3.846,3.868,3.862,31.2,30.1,29.4,29.8,True
2026-09-25 07:28:39.044,26.9,0.0,31.3,0.0,3.867,0.001,3.755,3.865,3.842,3.868,3.846,3.868,3.862,31.3,30.1,29.4,29.8,True
2026-09-25 07:28:40.881,26.9,0.0,31.3,0.0,3.868,0.001,3.756,3.865,3.842,3.868,3.846,3.869,3.861,31.3,30.1,29.4,29.8,True
2026-09-25 07:28:42.690,26.9,0.0,31.3,0.0,3.868,0.001,3.756,3.865,3.842,3.868,3.846,3.869,3.861,31.3,30.1,29.4,29.8,True
2026-09-25 07:29:13.904,26.9,0.0,31.1,0.0,3.868,0.001,3.757,3.865,3.842,3.868,3.846,3.869,3.861,31.1,30.3,29.3,30.0,True
2026-09-25 07:29:17.378,26.9,0.0,31.1,0.0,3.868,0.001,3.757,3.865,3.842,3.868,3.846,3.869,3.861,31.1,30.3,29.3,30.0,True
2026-09-25 07:29:19.218,26.9,0.0,31.2,0.0,3.868,0.001,3.757,3.865,3.842,3.868,3.846,3.869,3.861,31.2,30.2,29.4,29.8,True
2026-09-25 07:29:23.592,26.9,0.0,31.1,0.0,3.868,0.001,3.757,3.865,3.842,3.868,3.846,3.869,3.861,31.1,30.2,29.3,30.0,True
2026-09-25 07:29:25.351,26.9,0.0,31.1,0.0,3.868,0.001,3.756,3.865,3.842,3.868,3.846,3.869,3.861,31.1,30.2,29.3,30.0,True
2026-09-25 07:29:27.144,26.9,0.0,31.3,0.0,3.868,0.001,3.757,3.864,3.842,3.867,3.846,3.869,3.861,31.3,30.1,29.5,29.7,True
2026-09-25 07:29:28.825,26.91,0.0,31.2,0.0,3.868,0.001,3.757,3.865,3.842,3.868,3.846,3.869,3.862,31.2,30.2,29.3,29.8,True
2026-09-25 07:29:30.560,26.9,0.0,31.3,0.0,3.868,0.001,3.757,3.865,3.842,3.868,3.846,3.869,3.862,31.3,30.0,29.5,29.7,True
2026-09-25 07:29:32.371,26.9,0.0,31.2,0.0,3.868,0.001,3.757,3.865,3.842,3.868,3.846,3.869,3.861,31.2,30.2,29.4,29.8,True
2026-09-25 07:29:34.254,26.91,0.0,31.2,0.0,3.868,0.001,3.757,3.865,3.842,3.868,3.846,3.869,3.861,31.2,30.3,29.3,30.0,True
2026-09-25 07:29:36.063,26.9,0.0,31.3,0.0,3.868,0.001,3.757,3.865,3.842,3.868,3.846,3.869,3.861,31.3,30.1,29.5,29.8,True
2026-09-25 07:29:37.996,26.91,0.0,31.3,0.0,3.868,0.001,3.756,3.865,3.842,3.868,3.846,3.869,3.862,31.3,30.0,29.5,29.8,True
2026-09-25 07:29:39.773,26.9,0.0,31.4,0.0,3.868,0.001,3.756,3.865,3.842,3.868,3.846,3.869,3.862,31.4,30.0,29.5,29.8,True
2026-09-25 07:29:41.547,26.91,0.0,31.4,0.0,3.868,0.001,3.757,3.865,3.842,3.868,3.846,3.869,3.861,31.4,30.0,29.5,29.8,True
2026-09-25 07:29:43.310,26.9,0.0,31.2,0.0,3.868,0.001,3.757,3.865,3.842,3.868,3.846,3.869,3.861,31.2,30.2,29.5,29.8,True
2026-09-25 07:29:45.225,26.9,0.0,31.2,0.0,3.868,0.001,3.757,3.864,3.842,3.868,3.846,3.869,3.861,31.2,30.0,29.4,29.8,True
2026-09-25 07:29:46.910,26.91,0.0,31.3,0.0,3.868,0.001,3.757,3.864,3.842,3.868,3.846,3.869,3.861,31.3,30.0,29.5,29.8,True
2026-09-25 07:29:48.725,26.9,0.0,31.3,0.0,3.868,0.001,3.757,3.865,3.842,3.868,3.846,3.869,3.861,31.3,30.0,29.5,29.8,True
2026-09-25 07:29:50.373,26.9,0.0,31.2,0.0,3.868,0.001,3.756,3.865,3.842,3.868,3.846,3.869,3.861,31.2,30.1,29.5,29.8,True
2026-09-25 07:29:52.401,26.9,0.0,31.3,0.0,3.868,0.001,3.757,3.865,3.842,3.868,3.846,3.869,3.861,31.3,30.0,29.5,29.8,True
2026-09-25 07:29:54.241,26.9,0.0,31.2,0.0,3.868,0.001,3.757,3.865,3.842,3.868,3.846,3.869,3.861,31.2,30.1,29.3,29.9,True
2026-09-25 07:29:55.952,26.9,0.0,31.3,0.0,3.868,0.001,3.757,3.865,3.842,3.868,3.846,3.869,3.861,31.3,30.0,29.5,29.8,True
2026-09-25 07:29:57.695,26.91,0.0,31.3,0.0,3.868,0.001,3.757,3.865,3.842,3.868,3.846,3.869,3.861,31.3,30.1,29.5,29.8,True
2026-09-25 07:29:59.461,26.9,0.0,31.3,0.0,3.868,0.001,3.757,3.865,3.842,3.868,3.846,3.869,3.861,31.3,30.0,29.5,29.8,True
2026-09-25 07:30:01.345,26.9,0.0,31.3,0.0,3.868,0.001,3.757,3.865,3.842,3.868,3.846,3.869,3.861,31.3,30.1,29.4,29.9,True
2026-09-25 07:30:03.197,26.9,0.0,31.3,0.0,3.868,0.001,3.757,3.865,3.842,3.868,3.846,3.869,3.861,31.3,30.2,29.5,29.9,True
2026-09-25 07:30:05.050,26.9,0.0,31.2,0.0,3.867,0.001,3.757,3.865,3.842,3.868,3.846,3.868,3.862,31.2,30.0,29.5,29.9,True
2026-09-25 07:30:06.887,26.91,0.0,31.3,0.0,3.867,0.001,3.757,3.865,3.842,3.868,3.846,3.868,3.862,31.3,30.0,29.5,29.8,True
2026-09-25 07:30:08.759,26.9,0.0,31.3,0.0,3.868,0.001,3.757,3.865,3.842,3.868,3.846,3.869,3.862,31.3,30.0,29.5,29.8,True
2026-09-25 07:30:10.693,26.9,0.0,31.3,0.0,3.868,0.001,3.757,3.865,3.842,3.868,3.846,3.869,3.861,31.3,30.0,29.5,29.8,True
2026-09-25 07:30:13.324,26.9,0.0,31.3,0.0,3.868,0.001,3.757,3.865,3.842,3.868,3.846,3.869,3.861,31.3,30.0,29.5,29.8,True
2026-09-25 07:30:15.108,26.9,0.0,31.2,0.0,3.868,0.001,3.758,3.865,3.842,3.868,3.846,3.869,3.861,31.2,30.2,29.4,29.8,True
2026-09-25 07:30:17.058,26.9,0.0,31.3,0.0,3.868,0.001,3.758,3.865,3.842,3.868,3.846,3.869,3.861,31.3,30.0,29.6,29.8,True
2026-09-25 07:30:18.798,26.9,0.0,31.2,0.0,3.867,0.001,3.757,3.865,3.842,3.868,3.846,3.868,3.861,31.2,30.1,29.4,29.8,True
2026-09-25 07:30:20.612,26.9,0.0,31.2,0.0,3.867,0.001,3.757,3.865,3.842,3.868,3.846,3.868,3.861,31.2,30.1,29.5,29.8,True
2026-09-25 07:30:22.695,26.9,0.0,31.4,0.0,3.868,0.001,3.757,3.865,3.842,3.868,3.846,3.869,3.861,31.4,30.0,29.5,29.7,True
2026-09-25 07:30:25.516,26.9,0.0,31.3,0.0,3.868,0.001,3.757,3.865,3.842,3.868,3.846,3.869,3.861,31.3,30.1,29.5,29.8,True
2026-09-25 07:30:27.346,26.9,0.0,31.2,0.0,3.868,0.001,3.757,3.865,3.842,3.868,3.846,3.869,3.861,31.2,30.2,29.4,29.8,True
2026-09-25 07:30:29.201,26.9,0.0,31.2,0.0,3.868,0.001,3.757,3.865,3.842,3.868,3.846,3.869,3.861,31.2,30.2,29.4,29.8,True
2026-09-25 07:30:30.916,26.91,0.0,31.3,0.0,3.868,0.001,3.757,3.865,3.842,3.868,3.846,3.869,3.861,31.3,30.1,29.5,29.8,True
2026-09-25 07:30:32.784,26.9,0.0,31.2,0.0,3.868,0.001,3.757,3.865,3.842,3.868,3.846,3.869,3.861,31.2,30.1,29.5,29.8,True
2026-09-25 07:30:34.640,26.91,0.0,31.2,0.0,3.868,0.001,3.757,3.865,3.842,3.868,3.846,3.869,3.861,31.2,30.2,29.3,29.9,True
2026-09-25 07:30:36.428,26.91,0.0,31.2,0.0,3.868,0.001,3.757,3.865,3.842,3.868,3.847,3.869,3.862,31.2,30.2,29.3,29.9,True
2026-09-25 07:30:38.241,26.91,0.0,31.3,0.0,3.868,0.001,3.757,3.865,3.842,3.868,3.847,3.869,3.862,31.3,30.0,29.6,29.8,True
2026-09-25 07:30:40.091,26.9,0.0,31.3,0.0,3.868,0.001,3.757,3.865,3.842,3.868,3.846,3.869,3.861,31.3,30.1,29.5,29.9,True
2026-09-25 07:30:42.031,26.9,0.0,31.2,0.0,3.868,0.001,3.757,3.865,3.842,3.868,3.846,3.869,3.861,31.2,30.1,29.5,29.8,True
2026-09-25 07:30:43.966,26.9,0.0,31.2,0.0,3.868,0.001,3.757,3.865,3.842,3.868,3.846,3.869,3.861,31.2,30.1,29.5,29.8,True
2026-09-25 07:30:45.806,26.9,0.0,31.2,0.0,3.868,0.001,3.757,3.865,3.842,3.868,3.846,3.869,3.861,31.2,30.2,29.3,30.0,True
2026-09-25 07:30:47.640,26.91,0.0,31.2,0.0,3.868,0.001,3.757,3.865,3.842,3.868,3.846,3.869,3.861,31.2,30.2,29.5,29.9,True
2026-09-25 07:30:49.492,26.9,0.0,31.2,0.0,3.868,0.001,3.757,3.865,3.842,3.868,3.846,3.869,3.861,31.2,30.1,29.5,29.9,True
2026-09-25 07:30:51.439,26.9,0.0,31.3,0.0,3.868,0.001,3.757,3.865,3.842,3.868,3.846,3.869,3.861,31.3,30.0,29.6,29.7,True
2026-09-25 07:30:53.282,26.91,0.0,31.3,0.0,3.867,0.001,3.757,3.865,3.842,3.868,3.846,3.868,3.861,31.3,30.0,29.6,29.7,True
2026-09-25 07:30:55.025,26.9,0.0,31.2,0.0,3.868,0.001,3.758,3.865,3.842,3.868,3.846,3.869,3.861,31.2,30.0,29.5,29.7,True
2026-09-25 07:30:56.832,26.91,0.0,31.3,0.0,3.868,0.001,3.757,3.865,3.842,3.868,3.846,3.869,3.861,31.3,30.1,29.4,29.9,True
2026-09-25 07:30:58.725,26.9,0.0,31.3,0.0,3.868,0.001,3.758,3.865,3.842,3.868,3.846,3.869,3.861,31.3,30.0,29.5,29.8,True
2026-09-25 07:31:00.617,26.91,0.0,31.3,0.0,3.867,0.001,3.758,3.865,3.842,3.868,3.846,3.868,3.861,31.3,30.0,29.5,29.8,True
2026-09-25 07:31:02.454,26.9,0.0,31.2,0.0,3.867,0.001,3.757,3.865,3.842,3.868,3.846,3.868,3.861,31.2,30.2,29.4,29.9,True
2026-09-25 07:31:04.308,26.91,0.0,31.2,0.0,3.868,0.001,3.758,3.865,3.842,3.868,3.846,3.869,3.861,31.2,30.3,29.3,29.9,True
2026-09-25 07:31:06.096,26.91,0.0,31.3,0.0,3.868,0.001,3.758,3.865,3.842,3.868,3.846,3.869,3.861,31.3,30.1,29.5,29.8,True
2026-09-25 07:31:08.027,26.91,0.0,31.3,0.0,3.868,0.001,3.758,3.865,3.842,3.868,3.846,3.869,3.861,31.3,30.1,29.5,29.9,True
2026-09-25 07:31:09.821,26.91,0.0,31.3,0.0,3.868,0.001,3.758,3.865,3.842,3.868,3.846,3.869,3.861,31.3,30.0,29.5,29.7,True
2026-09-25 07:31:11.740,26.91,0.0,31.3,0.0,3.868,0.001,3.758,3.865,3.842,3.868,3.846,3.869,3.861,31.3,30.0,29.5,29.8,True
2026-09-25 07:31:13.441,26.91,0.0,31.3,0.0,3.868,0.001,3.758,3.865,3.842,3.868,3.846,3.869,3.861,31.3,30.0,29.5,29.7,True
2026-09-25 07:31:15.422,26.91,0.0,31.2,0.0,3.867,0.001,3.758,3.865,3.842,3.868,3.846,3.868,3.862,31.2,30.2,29.3,29.9,True
2026-09-25 07:31:17.427,26.91,0.0,31.2,0.0,3.868,0.001,3.758,3.865,3.842,3.868,3.846,3.869,3.861,31.2,30.1,29.5,29.8,True
2026-09-25 07:31:19.345,26.9,0.0,31.2,0.0,3.868,0.001,3.759,3.865,3.842,3.868,3.846,3.869,3.861,31.2,30.1,29.5,29.8,True
2026-09-25 07:31:21.133,26.9,0.0,31.2,0.0,3.868,0.001,3.759,3.865,3.842,3.868,3.846,3.869,3.861,31.2,30.2,29.3,29.9,True
2026-09-25 07:31:22.927,26.91,0.0,31.2,0.0,3.868,0.001,3.758,3.865,3.842,3.868,3.846,3.869,3.861,31.2,30.1,29.5,29.8,True
2026-09-25 07:31:24.824,26.9,0.0,31.2,0.0,3.868,0.001,3.758,3.865,3.842,3.868,3.847,3.869,3.861,31.2,30.0,29.5,29.7,True
2026-09-25 07:31:26.625,26.91,0.0,31.2,0.0,3.867,0.001,3.759,3.865,3.842,3.868,3.846,3.868,3.861,31.2,30.2,29.4,29.9,True
2026-09-25 07:31:28.503,26.91,0.0,31.3,0.0,3.867,0.001,3.759,3.865,3.842,3.868,3.846,3.868,3.861,31.3,30.1,29.5,29.8,True
2026-09-25 07:31:30.390,26.91,0.0,31.2,0.0,3.868,0.001,3.759,3.865,3.842,3.868,3.846,3.869,3.861,31.2,30.0,29.5,29.8,True
2026-09-25 07:31:32.506,26.91,0.0,31.2,0.0,3.868,0.001,3.759,3.865,3.842,3.868,3.846,3.869,3.861,31.2,30.2,29.4,29.8,True
2026-09-25 07:31:34.449,26.91,0.0,31.4,0.0,3.868,0.001,3.758,3.865,3.842,3.868,3.846,3.869,3.861,31.4,30.0,29.5,29.8,True
2026-09-25 07:31:36.330,26.9,0.0,31.2,0.0,3.868,0.001,3.758,3.865,3.842,3.868,3.846,3.869,3.861,31.2,30.2,29.4,29.9,True
2026-09-25 07:31:38.224,26.91,0.0,31.3,0.0,3.868,0.001,3.758,3.865,3.842,3.867,3.846,3.869,3.861,31.3,30.1,29.5,29.8,True
2026-09-25 07:31:40.097,26.9,0.0,31.2,0.0,3.868,0.001,3.758,3.865,3.842,3.868,3.846,3.869,3.861,31.2,30.1,29.4,29.9,True
2026-09-25 07:31:42.155,26.91,0.0,31.3,0.0,3.868,0.001,3.758,3.865,3.842,3.868,3.846,3.869,3.861,31.3,30.1,29.5,29.8,True
2026-09-25 07:31:43.938,26.91,0.0,31.4,0.0,3.868,0.001,3.758,3.865,3.842,3.867,3.846,3.869,3.861,31.4,30.0,29.5,29.8,True
2026-09-25 07:31:45.739,26.91,0.0,31.3,0.0,3.868,0.001,3.758,3.865,3.842,3.867,3.846,3.869,3.861,31.3,30.1,29.5,29.9,True
2026-09-25 07:31:47.732,26.91,0.0,31.4,0.0,3.868,0.001,3.758,3.865,3.842,3.868,3.846,3.869,3.861,31.4,30.0,29.5,29.8,True
2026-09-25 07:31:49.637,26.91,0.0,31.4,0.0,3.868,0.001,3.758,3.865,3.842,3.868,3.846,3.869,3.861,31.4,30.0,29.5,29.8,True
2026-09-25 07:31:51.525,26.9,0.0,31.2,0.0,3.868,0.001,3.758,3.865,3.842,3.868,3.846,3.869,3.861,31.2,30.1,29.4,29.9,True
2026-09-25 07:31:53.491,26.91,0.0,31.2,0.0,3.868,0.001,3.758,3.865,3.842,3.868,3.846,3.869,3.861,31.2,30.1,29.4,29.9,True
2026-09-25 07:31:55.321,26.9,0.0,31.4,0.0,3.868,0.001,3.758,3.865,3.842,3.868,3.846,3.869,3.862,31.4,30.0,29.5,29.8,True
2026-09-25 07:31:57.204,26.91,0.0,31.3,0.0,3.868,0.001,3.758,3.865,3.842,3.868,3.846,3.869,3.861,31.3,30.0,29.5,29.9,True
2026-09-25 07:31:59.119,26.91,0.0,31.2,0.0,3.868,0.001,3.759,3.865,3.842,3.868,3.846,3.869,3.861,31.2,30.1,29.4,29.8,True
2026-09-25 07:32:00.960,26.91,0.0,31.2,0.0,3.868,0.001,3.759,3.865,3.842,3.868,3.846,3.869,3.861,31.2,30.1,29.4,29.9,True
2026-09-25 07:32:02.720,26.91,0.0,31.3,0.0,3.868,0.001,3.759,3.865,3.842,3.868,3.846,3.869,3.861,31.3,30.0,29.5,29.8,True
2026-09-25 07:32:04.665,26.91,0.0,31.3,0.0,3.868,0.001,3.759,3.865,3.842,3.868,3.846,3.869,3.861,31.3,30.1,29.5,29.8,True
2026-09-25 07:32:06.586,26.91,0.0,31.4,0.0,3.868,0.001,3.759,3.865,3.842,3.868,3.846,3.869,3.861,31.4,30.0,29.7,29.7,True
2026-09-25 07:32:08.388,26.91,0.0,31.2,0.0,3.868,0.001,3.758,3.865,3.842,3.868,3.846,3.869,3.861,31.2,30.2,29.4,29.9,True
2026-09-25 07:32:10.229,26.91,0.0,31.3,0.0,3.868,0.001,3.759,3.865,3.842,3.868,3.846,3.869,3.862,31.3,30.0,29.4,29.9,True
2026-09-25 07:32:12.121,26.91,0.0,31.2,0.0,3.868,0.001,3.759,3.865,3.842,3.868,3.846,3.869,3.862,31.2,30.2,29.3,29.9,True
2026-09-25 07:32:13.871,26.91,0.0,31.2,0.0,3.868,0.001,3.759,3.865,3.842,3.868,3.846,3.869,3.861,31.2,30.2,29.4,29.9,True
2026-09-25 07:32:15.724,26.91,0.0,31.3,0.0,3.868,0.001,3.759,3.865,3.842,3.868,3.846,3.869,3.861,31.3,30.1,29.4,29.8,True
2026-09-25 07:32:17.746,26.91,0.0,31.3,0.0,3.868,0.001,3.759,3.865,3.842,3.868,3.846,3.869,3.861,31.3,30.1,29.5,29.9,True
2026-09-25 07:32:19.652,26.91,0.0,31.3,0.0,3.868,0.001,3.759,3.865,3.842,3.868,3.846,3.869,3.862,31.3,30.1,29.5,29.8,True
2026-09-25 07:32:21.473,26.91,0.0,31.3,0.0,3.867,0.001,3.759,3.865,3.842,3.868,3.846,3.868,3.861,31.3,30.1,29.5,29.8,True
2026-09-25 07:32:23.325,26.91,0.0,31.2,0.0,3.867,0.001,3.759,3.865,3.842,3.868,3.846,3.868,3.861,31.2,30.0,29.5,29.7,True
2026-09-25 07:32:25.274,26.91,0.0,31.2,0.0,3.868,0.001,3.759,3.865,3.842,3.868,3.846,3.869,3.861,31.2,30.2,29.3,29.9,True
2026-09-25 07:32:27.253,26.91,0.0,31.2,0.0,3.868,0.001,3.759,3.865,3.842,3.868,3.846,3.869,3.861,31.2,30.2,29.3,30.0,True
2026-09-25 07:32:29.072,26.91,0.0,31.4,0.0,3.868,0.001,3.759,3.865,3.842,3.868,3.846,3.869,3.861,31.4,30.0,29.6,29.8,True
2026-09-25 07:32:31.100,26.91,0.0,31.2,0.0,3.868,0.001,3.759,3.865,3.842,3.868,3.846,3.869,3.861,31.2,30.1,29.4,29.9,True
2026-09-25 07:32:32.956,26.91,0.0,31.3,0.0,3.868,0.001,3.759,3.865,3.842,3.868,3.846,3.869,3.861,31.3,30.0,29.6,29.8,True
2026-09-25 07:32:34.844,26.91,0.0,31.3,0.0,3.868,0.001,3.759,3.865,3.842,3.868,3.846,3.869,3.861,31.3,30.2,29.4,29.9,True
2026-09-25 07:32:36.737,26.91,0.0,31.3,0.0,3.868,0.001,3.759,3.865,3.842,3.868,3.846,3.869,3.861,31.3,30.1,29.4,29.9,True
2026-09-25 07:32:38.760,26.91,0.0,31.4,0.0,3.867,0.001,3.759,3.865,3.842,3.867,3.846,3.868,3.861,31.4,30.1,29.5,29.8,True
2026-09-25 07:32:40.755,26.91,0.0,31.3,0.0,3.868,0.001,3.759,3.865,3.842,3.868,3.846,3.869,3.861,31.3,30.0,29.6,29.8,True
2026-09-25 07:32:42.629,26.91,0.0,31.2,0.0,3.868,0.001,3.759,3.865,3.842,3.868,3.846,3.869,3.861,31.2,30.0,29.5,29.9,True
2026-09-25 07:32:44.425,26.91,0.0,31.3,0.0,3.868,0.001,3.76,3.865,3.842,3.868,3.846,3.869,3.862,31.3,30.1,29.5,29.9,True
2026-09-25 07:32:46.215,26.91,0.0,31.3,0.0,3.868,0.001,3.759,3.865,3.842,3.868,3.846,3.869,3.861,31.3,30.1,29.4,29.9,True
2026-09-25 07:32:48.071,26.91,0.0,31.4,0.0,3.868,0.001,3.759,3.865,3.842,3.868,3.846,3.869,3.861,31.4,30.0,29.5,29.8,True
2026-09-25 11:58:41.889,26.96,0.0,31.3,0.0,3.869,0.0,3.818,3.865,3.842,3.868,3.846,3.869,3.861,31.3,29.7,29.0,29.4,True
2026-09-25 11:58:46.406,26.96,0.0,29.9,0.0,3.869,0.0,3.817,3.865,3.842,3.868,3.846,3.869,3.861,29.9,29.7,28.9,29.5,True
2026-09-25 11:58:48.199,26.96,0.0,29.9,0.0,3.869,0.0,3.816,3.865,3.842,3.868,3.846,3.869,3.861,29.9,29.7,29.0,29.5,True
2026-09-25 11:58:50.363,26.96,0.0,29.8,0.0,3.869,0.0,3.816,3.865,3.842,3.868,3.846,3.869,3.861,29.8,29.8,29.0,29.4,True
2026-09-25 11:58:52.635,26.96,0.0,29.9,0.0,3.869,0.0,3.815,3.865,3.842,3.867,3.846,3.869,3.861,29.9,29.7,29.0,29.4,True
2026-09-25 11:58:54.537,26.96,0.0,30.0,0.0,3.869,0.0,3.815,3.865,3.842,3.868,3.846,3.869,3.861,30.0,29.6,29.1,29.4,True
2026-09-25 11:58:56.404,26.96,0.0,30.0,0.0,3.869,0.0,3.815,3.865,3.842,3.868,3.846,3.869,3.861,30.0,29.6,29.1,29.4,True
2026-09-25 11:58:58.455,26.96,0.0,29.9,0.0,3.868,0.0,3.815,3.865,3.842,3.868,3.846,3.868,3.861,29.9,29.7,29.0,29.5,True
2026-09-25 11:59:00.249,26.96,0.0,29.9,0.0,3.869,0.0,3.814,3.865,3.842,3.868,3.846,3.869,3.861,29.9,29.7,29.0,29.4,True
2026-09-25 11:59:02.073,26.96,0.0,29.9,0.0,3.869,0.0,3.814,3.865,3.842,3.868,3.846,3.869,3.861,29.9,29.8,29.0,29.4,True
2026-09-25 11:59:03.787,26.96,0.0,30.0,0.0,3.869,0.0,3.814,3.865,3.842,3.868,3.846,3.869,3.861,30.0,29.7,29.0,29.4,True
2026-09-25 11:59:06.365,26.96,0.0,30.0,0.0,3.869,0.0,3.813,3.865,3.842,3.868,3.846,3.869,3.861,30.0,29.8,29.0,29.5,True
2026-09-25 11:59:08.249,26.96,0.0,30.0,0.0,3.868,0.0,3.813,3.865,3.842,3.867,3.846,3.868,3.861,30.0,29.7,29.0,29.5,True
2026-09-25 11:59:12.949,26.96,0.0,30.0,0.0,3.868,0.0,3.813,3.865,3.842,3.867,3.846,3.868,3.861,30.0,29.6,29.1,29.4,True
2026-09-25 11:59:14.844,26.96,0.0,29.9,0.0,3.869,0.0,3.812,3.864,3.842,3.868,3.846,3.869,3.862,29.9,29.8,29.0,29.4,True
2026-09-25 11:59:17.601,26.96,0.0,29.9,0.0,3.868,0.0,3.812,3.865,3.841,3.868,3.846,3.868,3.861,29.9,29.9,28.9,29.6,True
2026-09-25 11:59:19.301,26.96,0.0,30.0,0.0,3.869,0.0,3.812,3.865,3.842,3.868,3.846,3.869,3.861,30.0,29.7,29.0,29.5,True
2026-09-25 11:59:24.439,26.96,0.0,30.0,0.0,3.869,0.0,3.812,3.865,3.842,3.868,3.846,3.869,3.861,30.0,29.8,29.0,29.5,True
2026-09-25 11:59:26.311,26.96,0.0,30.0,0.0,3.869,0.0,3.811,3.864,3.842,3.868,3.846,3.869,3.861,30.0,29.7,29.1,29.4,True
2026-09-25 11:59:29.035,26.96,0.0,30.0,0.0,3.869,0.0,3.81,3.865,3.842,3.868,3.846,3.869,3.861,30.0,29.7,29.0,29.5,True
2026-09-25 11:59:31.309,26.96,0.0,30.0,0.0,3.869,0.0,3.81,3.865,3.842,3.868,3.846,3.869,3.861,30.0,29.8,29.0,29.5,True
2026-09-25 11:59:33.081,26.96,0.0,30.0,0.0,3.869,0.0,3.81,3.865,3.842,3.868,3.846,3.869,3.861,30.0,29.8,29.0,29.6,True
2026-09-25 11:59:34.786,26.96,0.0,30.0,0.0,3.868,0.0,3.81,3.865,3.841,3.868,3.846,3.868,3.861,30.0,29.8,29.0,29.4,True
2026-09-25 11:59:37.044,26.96,0.0,30.0,0.0,3.869,0.0,3.81,3.865,3.842,3.868,3.846,3.869,3.861,30.0,29.8,29.0,29.5,True
2026-09-25 11:59:39.342,26.95,0.0,30.0,0.0,3.868,0.0,3.809,3.865,3.842,3.868,3.846,3.868,3.861,30.0,29.7,29.1,29.4,True
2026-09-25 11:59:41.086,26.95,0.0,30.2,0.0,3.868,0.0,3.809,3.865,3.842,3.868,3.846,3.868,3.861,30.2,29.6,29.1,29.5,True
2026-09-25 11:59:43.889,26.95,0.0,30.2,0.0,3.869,0.0,3.808,3.864,3.842,3.868,3.846,3.869,3.861,30.2,29.6,29.1,29.3,True
2026-09-25 11:59:45.702,26.95,0.0,30.2,0.0,3.868,0.0,3.808,3.865,3.842,3.868,3.846,3.868,3.861,30.2,29.6,29.1,29.3,True
2026-09-25 11:59:48.945,26.95,0.0,30.0,0.0,3.869,0.0,3.807,3.865,3.842,3.868,3.846,3.869,3.861,30.0,29.7,29.0,29.5,True
2026-09-25 11:59:52.075,26.95,0.0,30.1,0.0,3.869,0.0,3.807,3.865,3.842,3.868,3.846,3.869,3.861,30.1,29.7,29.1,29.5,True
2026-09-25 11:59:56.486,26.95,0.0,30.1,0.0,3.869,0.0,3.806,3.865,3.842,3.868,3.846,3.869,3.861,30.1,29.7,29.1,29.5,True
2026-09-25 11:59:58.354,26.95,0.0,30.1,0.0,3.869,0.0,3.806,3.864,3.842,3.868,3.846,3.869,3.861,30.1,29.8,29.0,29.5,True
2026-09-25 12:00:00.161,26.95,0.0,30.1,0.0,3.868,0.0,3.806,3.865,3.842,3.867,3.846,3.868,3.861,30.1,29.7,29.1,29.5,True
2026-09-25 12:00:01.979,26.95,0.0,30.1,0.0,3.868,0.0,3.805,3.865,3.842,3.868,3.846,3.868,3.861,30.1,29.7,29.1,29.5,True
2026-09-25 12:00:03.866,26.95,0.0,30.0,0.0,3.869,0.0,3.805,3.865,3.842,3.868,3.846,3.869,3.861,30.0,29.8,29.0,29.6,True
2026-09-25 12:00:05.597,26.95,0.0,30.2,0.0,3.869,0.0,3.805,3.865,3.842,3.868,3.846,3.869,3.861,30.2,29.6,29.1,29.4,True
2026-09-25 12:00:07.358,26.95,0.0,30.2,0.0,3.869,0.0,3.805,3.865,3.841,3.867,3.846,3.869,3.861,30.2,29.7,29.1,29.4,True
2026-09-25 12:00:09.170,26.95,0.0,30.2,0.0,3.868,0.0,3.804,3.865,3.842,3.868,3.846,3.868,3.861,30.2,29.7,29.1,29.5,True
2026-09-25 12:00:11.789,26.95,0.0,30.2,0.0,3.869,0.0,3.804,3.865,3.841,3.867,3.846,3.869,3.861,30.2,29.7,29.1,29.5,True
2026-09-25 12:00:13.656,26.95,0.0,30.2,0.0,3.869,0.0,3.804,3.865,3.841,3.867,3.846,3.869,3.861,30.2,29.6,29.1,29.4,True
2026-09-25 12:00:15.863,26.95,0.0,30.1,0.0,3.869,0.0,3.804,3.865,3.842,3.868,3.846,3.869,3.861,30.1,29.8,29.0,29.4,True
2026-09-25 12:00:17.709,26.95,0.0,30.1,0.0,3.868,0.0,3.803,3.865,3.842,3.868,3.846,3.868,3.861,30.1,29.7,29.1,29.4,True
2026-09-25 12:00:19.547,26.95,0.0,30.1,0.0,3.869,0.0,3.803,3.865,3.842,3.868,3.846,3.869,3.861,30.1,29.7,29.1,29.3,True
2026-09-25 12:00:21.374,26.95,0.0,30.3,0.0,3.869,0.0,3.803,3.865,3.842,3.868,3.846,3.869,3.861,30.3,29.6,29.2,29.3,True
2026-09-25 12:00:23.298,26.95,0.0,30.2,0.0,3.869,0.0,3.802,3.865,3.842,3.867,3.846,3.869,3.861,30.2,29.7,29.1,29.5,True
2026-09-25 12:00:25.059,26.95,0.0,30.2,0.0,3.869,0.0,3.802,3.865,3.842,3.867,3.846,3.869,3.861,30.2,29.7,29.1,29.5,True
2026-09-25 12:00:26.843,26.95,0.0,30.2,0.0,3.869,0.0,3.802,3.865,3.842,3.868,3.846,3.869,3.861,30.2,29.7,29.1,29.3,True
2026-09-25 12:00:28.842,26.95,0.0,30.2,0.0,3.869,0.0,3.802,3.865,3.842,3.868,3.846,3.869,3.861,30.2,29.7,29.1,29.3,True
2026-09-25 12:00:30.815,26.95,0.0,30.2,0.0,3.869,0.0,3.801,3.865,3.842,3.868,3.846,3.869,3.861,30.2,29.8,29.0,29.5,True
2026-09-25 12:00:32.784,26.95,0.0,30.1,0.0,3.869,0.0,3.801,3.865,3.842,3.868,3.846,3.869,3.861,30.1,29.8,29.0,29.4,True
2026-09-25 12:00:34.712,26.95,0.0,30.2,0.0,3.868,0.0,3.8,3.865,3.842,3.868,3.846,3.868,3.861,30.2,29.7,29.1,29.4,True
2026-09-25 12:00:36.440,26.95,0.0,30.2,0.0,3.868,0.0,3.8,3.865,3.842,3.868,3.846,3.868,3.861,30.2,29.8,29.1,29.5,True
2026-09-25 12:00:38.502,26.95,0.0,30.2,0.0,3.869,0.0,3.8,3.865,3.842,3.868,3.846,3.869,3.861,30.2,29.8,29.1,29.5,True
2026-09-25 12:00:40.430,26.95,0.0,30.2,0.0,3.868,0.0,3.8,3.865,3.842,3.868,3.846,3.868,3.861,30.2,29.7,29.1,29.5,True
2026-09-25 12:00:42.188,26.95,0.0,30.2,0.0,3.869,0.0,3.8,3.865,3.841,3.868,3.846,3.869,3.861,30.2,29.8,29.0,29.6,True
2026-09-25 12:00:43.954,26.94,0.0,30.1,0.0,3.868,0.0,3.8,3.865,3.842,3.868,3.846,3.868,3.861,30.1,29.9,29.0,29.6,True
2026-09-25 12:00:45.848,26.94,0.0,30.2,0.0,3.869,0.0,3.799,3.865,3.841,3.868,3.846,3.869,3.861,30.2,29.8,29.1,29.5,True
2026-09-25 12:00:48.217,26.95,0.0,30.2,0.0,3.869,0.0,3.799,3.865,3.841,3.868,3.846,3.869,3.861,30.2,29.8,29.0,29.6,True
2026-09-25 12:00:50.073,26.95,0.0,30.2,0.0,3.869,0.0,3.799,3.865,3.842,3.868,3.846,3.869,3.861,30.2,29.8,29.1,29.5,True
2026-09-25 12:00:51.953,26.94,0.0,30.0,0.0,3.868,0.0,3.798,3.865,3.841,3.867,3.846,3.868,3.861,30.0,29.9,29.0,29.5,True
2026-09-25 12:00:53.718,26.94,0.0,30.2,0.0,3.868,0.0,3.798,3.865,3.841,3.867,3.846,3.868,3.861,30.2,29.8,29.1,29.4,True
2026-09-25 12:00:55.934,26.95,0.0,30.2,0.0,3.868,0.0,3.799,3.865,3.842,3.868,3.846,3.868,3.861,30.2,29.8,29.0,29.6,True
2026-09-25 12:00:57.859,26.94,0.0,30.2,0.0,3.868,0.0,3.798,3.865,3.842,3.868,3.846,3.868,3.861,30.2,29.8,29.0,29.6,True
2026-09-25 12:00:59.755,26.94,0.0,30.3,0.0,3.868,0.0,3.797,3.865,3.842,3.868,3.846,3.868,3.861,30.3,29.7,29.1,29.3,True
2026-09-25 12:01:01.708,26.94,0.0,30.2,0.0,3.869,0.0,3.798,3.865,3.841,3.867,3.846,3.869,3.861,30.2,29.6,29.1,29.4,True
2026-09-25 12:01:03.490,26.94,0.0,30.4,0.0,3.868,0.0,3.797,3.865,3.842,3.868,3.846,3.868,3.861,30.4,29.7,29.1,29.3,True
2026-09-25 12:01:05.411,26.94,0.0,30.3,0.0,3.868,0.0,3.797,3.865,3.842,3.868,3.846,3.868,3.861,30.3,29.8,29.1,29.5,True
2026-09-25 12:01:07.302,26.94,0.0,30.2,0.0,3.868,0.0,3.797,3.865,3.842,3.867,3.846,3.868,3.861,30.2,29.8,29.1,29.5,True
2026-09-25 12:01:10.059,26.94,0.0,30.3,0.0,3.868,0.0,3.797,3.865,3.841,3.868,3.846,3.868,3.861,30.3,29.7,29.1,29.3,True
2026-09-25 12:01:12.175,26.94,0.0,30.3,0.0,3.868,0.0,3.797,3.865,3.842,3.868,3.846,3.868,3.861,30.3,29.7,29.1,29.5,True
2026-09-25 12:01:14.427,26.94,0.0,30.3,0.0,3.869,0.0,3.797,3.865,3.842,3.867,3.846,3.869,3.861,30.3,29.8,29.1,29.5,True
2026-09-25 12:01:16.331,26.94,0.0,30.4,0.0,3.869,0.0,3.796,3.865,3.842,3.868,3.846,3.869,3.861,30.4,29.6,29.2,29.4,True
2026-09-25 12:01:18.146,26.94,0.0,30.3,0.0,3.868,0.0,3.796,3.865,3.842,3.868,3.846,3.868,3.861,30.3,29.9,29.0,29.5,True
2026-09-25 12:01:20.125,26.94,0.0,30.2,0.0,3.868,0.0,3.796,3.865,3.842,3.868,3.846,3.868,3.861,30.2,29.8,29.1,29.4,True
2026-09-25 12:01:21.968,26.94,0.0,30.3,0.0,3.868,0.0,3.796,3.865,3.841,3.868,3.846,3.868,3.861,30.3,29.8,29.1,29.4,True
2026-09-25 12:01:23.921,26.94,0.0,30.3,0.0,3.868,0.0,3.796,3.865,3.842,3.868,3.846,3.868,3.861,30.3,29.7,29.1,29.4,True
2026-09-25 12:01:25.803,26.94,0.0,30.4,0.0,3.868,0.0,3.796,3.865,3.842,3.868,3.846,3.868,3.861,30.4,29.7,29.1,29.4,True
2026-09-25 12:01:27.756,26.94,0.0,30.3,0.0,3.869,0.0,3.796,3.865,3.841,3.868,3.846,3.869,3.861,30.3,29.8,29.1,29.5,True
2026-09-25 12:01:29.532,26.94,0.0,30.3,0.0,3.868,0.0,3.795,3.865,3.842,3.867,3.846,3.868,3.861,30.3,29.8,29.0,29.5,True
2026-09-25 12:01:31.693,26.94,0.0,30.2,0.0,3.868,0.0,3.795,3.864,3.842,3.868,3.846,3.868,3.861,30.2,29.8,29.0,29.5,True
2026-09-25 12:01:33.703,26.94,0.0,30.3,0.0,3.868,0.0,3.796,3.864,3.841,3.868,3.846,3.868,3.861,30.3,29.7,29.1,29.3,True
2026-09-25 12:01:35.571,26.94,0.0,30.3,0.0,3.868,0.0,3.796,3.864,3.841,3.868,3.846,3.868,3.861,30.3,29.8,29.0,29.5,True
2026-09-25 12:01:37.349,26.94,0.0,30.3,0.0,3.868,0.0,3.796,3.865,3.841,3.868,3.846,3.868,3.861,30.3,29.8,29.1,29.4,True
2026-09-25 12:01:39.246,26.94,0.0,30.3,0.0,3.869,0.0,3.794,3.865,3.842,3.867,3.846,3.869,3.861,30.3,29.8,29.0,29.6,True
2026-09-25 12:01:41.107,26.94,0.0,30.3,0.0,3.869,0.0,3.794,3.865,3.842,3.867,3.846,3.869,3.861,30.3,29.8,29.0,29.5,True
2026-09-25 12:01:42.905,26.94,0.0,30.3,0.0,3.868,0.0,3.795,3.865,3.842,3.868,3.846,3.868,3.861,30.3,29.8,29.0,29.5,True
2026-09-25 12:01:44.754,26.94,0.0,30.4,0.0,3.868,0.0,3.795,3.865,3.842,3.868,3.846,3.868,3.861,30.4,29.8,29.1,29.4,True
2026-09-25 12:01:46.589,26.94,0.0,30.2,0.0,3.868,0.0,3.794,3.865,3.842,3.868,3.846,3.868,3.861,30.2,29.8,29.1,29.5,True
2026-09-25 12:01:48.756,26.94,0.0,30.3,0.0,3.868,0.0,3.794,3.865,3.842,3.868,3.846,3.868,3.861,30.3,29.8,29.0,29.5,True
2026-09-25 12:01:50.677,26.94,0.0,30.5,0.0,3.869,0.0,3.794,3.865,3.842,3.868,3.846,3.869,3.861,30.5,29.7,29.1,29.4,True
2026-09-25 12:01:52.533,26.94,0.0,30.2,0.0,3.869,0.0,3.794,3.864,3.841,3.867,3.846,3.869,3.861,30.2,29.9,28.9,29.6,True
2026-09-25 12:01:54.337,26.94,0.0,30.3,0.0,3.868,0.0,3.794,3.865,3.842,3.868,3.846,3.868,3.861,30.3,29.9,29.0,29.5,True
2026-09-25 12:01:56.113,26.94,0.0,30.4,0.0,3.868,0.0,3.794,3.865,3.842,3.868,3.846,3.868,3.861,30.4,29.8,29.1,29.4,True
2026-09-25 12:01:58.103,26.94,0.0,30.4,0.0,3.868,0.0,3.794,3.865,3.842,3.868,3.846,3.868,3.861,30.4,29.7,29.1,29.4,True
2026-09-25 12:01:59.969,26.94,0.0,30.4,0.0,3.868,0.0,3.794,3.865,3.841,3.868,3.846,3.868,3.861,30.4,29.8,29.1,29.4,True
2026-09-25 12:02:01.806,26.94,0.0,30.3,0.0,3.868,0.0,3.794,3.865,3.842,3.868,3.846,3.868,3.861,30.3,29.8,29.0,29.5,True
2026-09-25 12:02:03.710,26.94,0.0,30.6,0.0,3.868,0.0,3.794,3.865,3.842,3.868,3.846,3.868,3.861,30.6,29.7,29.1,29.4,True
2026-09-25 12:02:05.748,26.94,0.0,30.4,0.0,3.868,0.0,3.794,3.865,3.842,3.868,3.846,3.868,3.861,30.4,29.8,29.0,29.5,True
2026-09-25 12:02:07.518,26.94,0.0,30.4,0.0,3.869,0.0,3.793,3.864,3.842,3.868,3.846,3.869,3.861,30.4,29.8,29.1,29.5,True
2026-09-25 12:02:09.295,26.94,0.0,30.4,0.0,3.868,0.0,3.793,3.864,3.842,3.868,3.846,3.868,3.861,30.4,29.8,29.0,29.5,True
2026-09-25 12:02:11.246,26.94,0.0,30.3,0.0,3.868,0.0,3.793,3.864,3.842,3.868,3.846,3.868,3.861,30.3,29.8,29.1,29.5,True
2026-09-25 12:02:13.219,26.94,0.0,30.4,0.0,3.868,0.0,3.793,3.864,3.842,3.868,3.846,3.868,3.861,30.4,29.8,29.0,29.6,True
2026-09-25 12:02:14.989,26.94,0.0,30.4,0.0,3.868,0.0,3.793,3.864,3.842,3.868,3.846,3.868,3.861,30.4,29.8,29.0,29.5,True
2026-09-25 12:02:16.919,26.94,0.0,30.4,0.0,3.869,0.0,3.793,3.864,3.841,3.868,3.846,3.869,3.861,30.4,29.7,29.1,29.5,True
2026-09-25 12:02:18.758,26.94,0.0,30.4,0.0,3.868,0.0,3.792,3.864,3.842,3.868,3.846,3.868,3.861,30.4,29.8,29.0,29.5,True
2026-09-25 12:02:20.801,26.94,0.0,30.4,0.0,3.868,0.0,3.792,3.865,3.842,3.868,3.846,3.868,3.861,30.4,29.8,29.1,29.4,True
2026-09-25 12:02:22.858,26.94,0.0,30.4,0.0,3.868,0.0,3.792,3.864,3.842,3.868,3.846,3.868,3.861,30.4,29.8,29.1,29.5,True
2026-09-25 12:02:24.742,26.94,0.0,30.3,0.0,3.868,0.0,3.792,3.865,3.842,3.867,3.846,3.868,3.861,30.3,29.9,29.0,29.6,True
2026-09-25 12:02:26.696,26.94,0.0,30.4,0.0,3.869,0.0,3.792,3.864,3.841,3.868,3.846,3.869,3.861,30.4,29.8,29.1,29.5,True
2026-09-25 12:02:28.745,26.94,0.0,30.5,0.0,3.868,0.0,3.792,3.864,3.842,3.868,3.846,3.868,3.861,30.5,29.6,29.2,29.3,True
2026-09-25 12:02:30.770,26.94,0.0,30.4,0.0,3.868,0.0,3.792,3.865,3.842,3.868,3.846,3.868,3.861,30.4,29.8,29.0,29.5,True
2026-09-25 12:02:32.720,26.94,0.0,30.3,0.0,3.868,0.0,3.792,3.865,3.842,3.868,3.846,3.868,3.861,30.3,29.8,28.9,29.6,True
2026-09-25 12:02:34.743,26.94,0.0,30.4,0.0,3.868,0.0,3.792,3.864,3.842,3.868,3.846,3.868,3.861,30.4,29.8,29.0,29.5,True
2026-09-25 12:02:36.707,26.94,0.0,30.3,0.0,3.868,0.0,3.792,3.864,3.842,3.867,3.846,3.868,3.861,30.3,29.9,29.0,29.5,True
2026-09-25 12:02:38.573,26.94,0.0,30.3,0.0,3.869,0.0,3.792,3.865,3.842,3.867,3.846,3.869,3.861,30.3,29.8,29.0,29.5,True
2026-09-25 12:02:40.447,26.94,0.0,30.4,0.0,3.868,0.0,3.792,3.865,3.842,3.868,3.846,3.868,3.861,30.4,29.6,29.1,29.4,True
2026-09-25 12:02:42.442,26.94,0.0,30.3,0.0,3.868,0.0,3.792,3.865,3.842,3.867,3.846,3.868,3.861,30.3,29.9,29.0,29.5,True
2026-09-25 12:02:44.479,26.94,0.0,30.5,0.0,3.869,0.0,3.792,3.865,3.842,3.868,3.846,3.869,3.861,30.5,29.7,29.1,29.4,True
2026-09-25 12:02:46.528,26.94,0.0,30.4,0.0,3.868,0.0,3.792,3.864,3.842,3.868,3.846,3.868,3.861,30.4,29.8,29.1,29.4,True
2026-09-25 12:02:49.468,26.94,0.0,30.5,0.0,3.868,0.0,3.791,3.865,3.842,3.867,3.846,3.868,3.861,30.5,29.8,29.1,29.4,True
2026-09-25 12:02:51.393,26.94,0.0,30.3,0.0,3.868,0.0,3.791,3.865,3.842,3.868,3.846,3.868,3.861,30.3,30.0,28.9,29.6,True
2026-09-25 12:02:53.463,26.93,0.0,30.5,0.0,3.868,0.0,3.791,3.865,3.842,3.868,3.846,3.868,3.861,30.5,29.8,29.1,29.5,True
2026-09-25 12:02:55.352,26.94,0.0,30.5,0.0,3.868,0.0,3.791,3.865,3.841,3.867,3.846,3.868,3.861,30.5,29.8,29.0,29.5,True
2026-09-25 12:02:57.174,26.94,0.0,30.5,0.0,3.868,0.0,3.791,3.865,3.842,3.868,3.846,3.868,3.861,30.5,29.8,29.0,29.5,True
2026-09-25 12:02:59.043,26.94,0.0,30.5,0.0,3.868,0.0,3.791,3.865,3.842,3.868,3.846,3.868,3.861,30.5,29.8,29.1,29.5,True
2026-09-25 12:03:01.483,26.93,0.0,30.5,0.0,3.868,0.0,3.79,3.865,3.841,3.867,3.846,3.868,3.861,30.5,29.7,29.1,29.5,True
2026-09-25 12:03:03.321,26.94,0.0,30.5,0.0,3.868,0.0,3.791,3.864,3.842,3.868,3.846,3.868,3.861,30.5,29.7,29.1,29.4,True
2026-09-25 12:03:05.159,26.93,0.0,30.5,0.0,3.868,0.0,3.79,3.865,3.841,3.867,3.846,3.868,3.861,30.5,29.8,29.1,29.5,True
2026-09-25 12:03:07.059,26.93,0.0,30.4,0.0,3.868,0.0,3.79,3.865,3.841,3.867,3.846,3.868,3.861,30.4,29.8,29.0,29.5,True
2026-09-25 12:03:09.041,26.93,0.0,30.5,0.0,3.868,0.0,3.79,3.865,3.841,3.868,3.846,3.868,3.861,30.5,29.8,29.0,29.5,True
2026-09-25 12:03:10.922,26.93,0.0,30.5,0.0,3.868,0.0,3.79,3.864,3.842,3.867,3.846,3.868,3.861,30.5,29.8,29.0,29.6,True
2026-09-25 12:03:12.816,26.93,0.0,30.5,0.0,3.869,0.0,3.79,3.864,3.842,3.867,3.846,3.869,3.861,30.5,29.8,29.1,29.5,True
2026-09-25 12:03:14.691,26.93,0.0,30.5,0.0,3.868,0.0,3.79,3.864,3.841,3.868,3.846,3.868,3.861,30.5,29.8,29.1,29.4,True
2026-09-25 12:03:17.089,26.93,0.0,30.5,0.0,3.868,0.0,3.79,3.864,3.841,3.868,3.846,3.868,3.861,30.5,29.8,29.1,29.4,True
2026-09-25 12:03:18.889,26.94,0.0,30.5,0.0,3.868,0.0,3.79,3.864,3.841,3.868,3.846,3.868,3.861,30.5,29.8,29.1,29.4,True
2026-09-25 12:03:20.732,26.94,0.0,30.5,0.0,3.868,0.0,3.79,3.864,3.842,3.867,3.846,3.868,3.861,30.5,29.7,29.1,29.4,True
2026-09-25 12:03:22.782,26.93,0.0,30.5,0.0,3.868,0.0,3.789,3.864,3.841,3.868,3.846,3.868,3.861,30.5,29.8,29.0,29.5,True
2026-09-25 12:03:24.739,26.93,0.0,30.6,0.0,3.868,0.0,3.789,3.864,3.841,3.868,3.846,3.868,3.861,30.6,29.7,29.2,29.4,True
2026-09-25 12:03:26.792,26.93,0.0,30.4,0.0,3.868,0.0,3.789,3.865,3.842,3.867,3.846,3.868,3.861,30.4,29.9,29.0,29.6,True
2026-09-25 12:03:28.967,26.93,0.0,30.5,0.0,3.868,0.0,3.789,3.864,3.841,3.868,3.846,3.868,3.861,30.5,29.7,29.2,29.4,True
2026-09-25 12:03:30.927,26.93,0.0,30.5,0.0,3.868,0.0,3.789,3.864,3.841,3.868,3.846,3.868,3.861,30.5,29.8,29.0,29.5,True
2026-09-25 12:03:32.907,26.93,0.0,30.5,0.0,3.868,0.0,3.789,3.865,3.841,3.868,3.846,3.868,3.861,30.5,29.8,29.0,29.5,True
2026-09-25 12:03:34.832,26.93,0.0,30.6,0.0,3.868,0.0,3.789,3.865,3.841,3.868,3.846,3.868,3.861,30.6,29.7,29.1,29.4,True
2026-09-25 12:03:36.834,26.93,0.0,30.4,0.0,3.868,0.0,3.789,3.865,3.841,3.867,3.846,3.868,3.861,30.4,29.8,29.1,29.5,True
2026-09-25 12:03:38.710,26.93,0.0,30.5,0.0,3.868,0.0,3.789,3.865,3.841,3.867,3.846,3.868,3.861,30.5,29.7,29.1,29.5,True
2026-09-25 12:03:40.580,26.93,0.0,30.5,0.0,3.868,0.0,3.789,3.865,3.841,3.867,3.846,3.868,3.861,30.5,29.8,29.0,29.4,True
2026-09-25 12:03:42.932,26.93,0.0,30.6,0.0,3.868,0.0,3.789,3.864,3.841,3.867,3.846,3.868,3.861,30.6,29.8,29.1,29.4,True
2026-09-25 12:03:44.753,26.93,0.0,30.5,0.0,3.868,0.0,3.789,3.865,3.841,3.868,3.846,3.868,3.861,30.5,29.8,29.1,29.5,True
2026-09-25 12:03:46.718,26.93,0.0,30.4,0.0,3.869,0.0,3.789,3.865,3.841,3.867,3.846,3.869,3.861,30.4,29.8,29.0,29.5,True
2026-09-25 12:03:48.815,26.93,0.0,30.5,0.0,3.869,0.0,3.789,3.865,3.841,3.867,3.846,3.869,3.861,30.5,29.8,29.1,29.4,True
2026-09-25 12:03:50.709,26.93,0.0,30.5,0.0,3.868,0.0,3.788,3.865,3.842,3.867,3.846,3.868,3.861,30.5,29.8,29.0,29.5,True
2026-09-25 12:03:52.677,26.93,0.0,30.5,0.0,3.869,0.0,3.789,3.864,3.842,3.868,3.846,3.869,3.861,30.5,29.8,29.1,29.3,True
2026-09-25 12:03:54.721,26.93,0.0,30.4,0.0,3.868,0.0,3.789,3.865,3.842,3.867,3.846,3.868,3.861,30.4,29.8,29.1,29.4,True
2026-09-25 12:03:56.622,26.93,0.0,30.5,0.0,3.868,0.0,3.788,3.864,3.841,3.868,3.846,3.868,3.861,30.5,29.8,29.0,29.6,True
2026-09-25 12:03:58.882,26.93,0.0,30.6,0.0,3.868,0.0,3.788,3.864,3.842,3.867,3.846,3.868,3.861,30.6,29.8,29.0,29.5,True
2026-09-25 12:04:00.853,26.93,0.0,30.6,0.0,3.868,0.0,3.788,3.864,3.841,3.867,3.845,3.868,3.861,30.6,29.7,29.2,29.3,True
2026-09-25 12:04:03.232,26.93,0.0,30.6,0.0,3.868,0.0,3.788,3.865,3.842,3.867,3.845,3.868,3.861,30.6,29.7,29.2,29.3,True
2026-09-25 12:04:05.148,26.93,0.0,30.5,0.0,3.869,0.0,3.788,3.865,3.842,3.867,3.846,3.869,3.861,30.5,29.8,29.0,29.6,True
2026-09-25 12:04:06.932,26.93,0.0,30.6,0.0,3.869,0.0,3.788,3.865,3.842,3.867,3.846,3.869,3.861,30.6,29.7,29.1,29.4,True
2026-09-25 12:04:08.865,26.93,0.0,30.7,0.0,3.868,0.0,3.788,3.865,3.841,3.868,3.846,3.868,3.861,30.7,29.7,29.1,29.3,True
2026-09-25 12:04:10.485,26.93,0.0,30.6,0.0,3.868,0.0,3.788,3.865,3.842,3.867,3.845,3.868,3.861,30.6,29.7,29.2,29.4,True
2026-09-25 12:04:12.144,26.93,0.0,30.5,0.0,3.868,0.0,3.788,3.865,3.842,3.867,3.845,3.868,3.861,30.5,29.9,28.9,29.6,True
2026-09-25 12:04:14.148,26.93,0.0,30.5,0.0,3.868,0.0,3.788,3.864,3.841,3.868,3.846,3.868,3.861,30.5,29.8,29.1,29.5,True
2026-09-25 12:04:16.017,26.93,0.0,30.7,0.0,3.868,0.0,3.787,3.865,3.842,3.867,3.846,3.868,3.861,30.7,29.7,29.1,29.4,True
2026-09-25 12:04:17.849,26.93,0.0,30.6,0.0,3.868,0.0,3.787,3.865,3.841,3.868,3.846,3.868,3.861,30.6,29.7,29.1,29.3,True
2026-09-25 12:04:19.729,26.93,0.0,30.6,0.0,3.868,0.0,3.787,3.865,3.841,3.868,3.846,3.868,3.861,30.6,29.7,29.1,29.5,True
2026-09-25 12:04:21.735,26.93,0.0,30.4,0.0,3.868,0.0,3.787,3.864,3.842,3.867,3.846,3.868,3.861,30.4,29.7,29.1,29.5,True
2026-09-25 12:04:23.544,26.93,0.0,30.6,0.0,3.868,0.0,3.787,3.865,3.842,3.867,3.846,3.868,3.861,30.6,29.8,29.0,29.5,True
2026-09-25 12:04:25.389,26.93,0.0,30.5,0.0,3.868,0.0,3.787,3.865,3.842,3.867,3.846,3.868,3.861,30.5,29.9,29.0,29.5,True
2026-09-25 12:04:27.246,26.93,0.0,30.5,0.0,3.868,0.0,3.787,3.865,3.841,3.868,3.846,3.868,3.861,30.5,29.7,29.1,29.5,True
2026-09-25 12:04:29.160,26.93,0.0,30.6,0.0,3.868,0.0,3.787,3.865,3.841,3.867,3.845,3.868,3.861,30.6,29.7,29.2,29.4,True
2026-09-25 12:04:30.981,26.93,0.0,30.5,0.0,3.868,0.0,3.787,3.864,3.841,3.868,3.846,3.868,3.861,30.5,29.8,29.0,29.5,True
2026-09-25 12:04:32.892,26.93,0.0,30.6,0.0,3.868,0.0,3.787,3.865,3.842,3.868,3.846,3.868,3.861,30.6,29.8,29.1,29.5,True
2026-09-25 12:04:34.855,26.93,0.0,30.5,0.0,3.868,0.0,3.787,3.864,3.842,3.868,3.845,3.868,3.861,30.5,29.8,29.1,29.4,True
2026-09-25 12:04:37.159,26.93,0.0,30.5,0.0,3.868,0.0,3.787,3.864,3.842,3.868,3.845,3.868,3.861,30.5,29.8,29.0,29.6,True
2026-09-25 12:04:39.001,26.93,0.0,30.6,0.0,3.868,0.0,3.787,3.865,3.841,3.867,3.846,3.868,3.861,30.6,29.7,29.2,29.3,True
2026-09-25 12:04:40.912,26.93,0.0,30.6,0.0,3.868,0.0,3.787,3.865,3.841,3.868,3.846,3.868,3.861,30.6,29.7,29.1,29.4,True
2026-09-25 12:04:42.990,26.93,0.0,30.5,0.0,3.868,0.0,3.786,3.864,3.841,3.867,3.846,3.868,3.861,30.5,29.8,29.1,29.5,True
2026-09-25 12:04:44.869,26.93,0.0,30.6,0.0,3.868,0.0,3.786,3.864,3.841,3.867,3.846,3.868,3.861,30.6,29.8,29.1,29.5,True
2026-09-25 12:04:46.910,26.93,0.0,30.6,0.0,3.868,0.0,3.786,3.865,3.841,3.867,3.846,3.868,3.861,30.6,29.8,29.1,29.5,True
2026-09-25 12:04:49.007,26.93,0.0,30.6,0.0,3.868,0.0,3.787,3.864,3.841,3.867,3.846,3.868,3.861,30.6,29.8,29.1,29.5,True
2026-09-25 12:04:50.873,26.93,0.0,30.5,0.0,3.868,0.0,3.787,3.864,3.841,3.867,3.846,3.868,3.861,30.5,29.9,29.0,29.6,True
2026-09-25 12:04:53.020,26.93,0.0,30.8,0.0,3.869,0.0,3.786,3.865,3.841,3.867,3.846,3.869,3.861,30.8,29.6,29.2,29.4,True
2026-09-25 12:04:56.232,26.93,0.0,30.6,0.0,3.868,0.0,3.786,3.864,3.841,3.867,3.846,3.868,3.861,30.6,29.8,29.0,29.6,True
2026-09-25 12:04:59.249,26.93,0.0,30.7,0.0,3.868,0.0,3.786,3.864,3.841,3.867,3.846,3.868,3.861,30.7,29.7,29.1,29.5,True
2026-09-25 12:05:01.353,26.93,0.0,30.5,0.0,3.868,0.0,3.786,3.864,3.841,3.867,3.846,3.868,3.861,30.5,29.8,29.0,29.5,True
2026-09-25 12:05:03.186,26.93,0.0,30.7,0.0,3.868,0.0,3.786,3.864,3.842,3.867,3.846,3.868,3.861,30.7,29.7,29.1,29.5,True
2026-09-25 12:05:05.636,26.93,0.0,30.7,0.0,3.868,0.0,3.786,3.864,3.842,3.868,3.846,3.868,3.861,30.7,29.7,29.1,29.5,True
2026-09-25 12:05:07.543,26.93,0.0,30.6,0.0,3.868,0.0,3.785,3.864,3.841,3.867,3.846,3.868,3.861,30.6,29.8,29.1,29.5,True
2026-09-25 12:05:09.408,26.93,0.0,30.5,0.0,3.868,0.0,3.785,3.864,3.841,3.867,3.846,3.868,3.861,30.5,29.8,29.0,29.6,True
2026-09-25 12:05:11.428,26.93,0.0,30.8,0.0,3.869,0.0,3.786,3.864,3.841,3.867,3.846,3.869,3.861,30.8,29.7,29.1,29.3,True
2026-09-25 12:05:13.287,26.93,0.0,30.6,0.0,3.868,0.0,3.785,3.864,3.841,3.867,3.846,3.868,3.861,30.6,29.8,29.1,29.4,True
2026-09-25 12:05:15.264,26.93,0.0,30.7,0.0,3.868,0.0,3.785,3.864,3.841,3.867,3.846,3.868,3.861,30.7,29.7,29.1,29.4,True
2026-09-25 12:05:17.077,26.93,0.0,30.6,0.0,3.868,0.0,3.785,3.864,3.842,3.867,3.845,3.868,3.861,30.6,29.8,29.1,29.4,True
2026-09-25 12:05:18.992,26.93,0.0,30.6,0.0,3.868,0.0,3.785,3.864,3.842,3.867,3.845,3.868,3.861,30.6,29.8,29.1,29.4,True
2026-09-25 12:05:20.919,26.93,0.0,30.7,0.0,3.868,0.0,3.785,3.864,3.841,3.868,3.845,3.868,3.861,30.7,29.8,29.1,29.5,True
2026-09-25 12:05:22.774,26.93,0.0,30.7,0.0,3.868,0.0,3.785,3.864,3.841,3.868,3.846,3.868,3.861,30.7,29.7,29.2,29.4,True
2026-09-25 12:05:24.752,26.93,0.0,30.6,0.0,3.868,0.0,3.785,3.864,3.841,3.868,3.846,3.868,3.861,30.6,29.8,29.1,29.5,True
2026-09-25 12:05:26.689,26.93,0.0,30.7,0.0,3.868,0.0,3.785,3.864,3.841,3.867,3.845,3.868,3.861,30.7,29.8,29.1,29.5,True
2026-09-25 12:05:28.610,26.93,0.0,30.7,0.0,3.868,0.0,3.785,3.864,3.841,3.867,3.845,3.868,3.861,30.7,29.7,29.1,29.3,True
2026-09-25 12:05:30.645,26.93,0.0,30.7,0.0,3.868,0.0,3.785,3.864,3.841,3.867,3.846,3.868,3.861,30.7,29.7,29.1,29.4,True
2026-09-25 12:05:32.533,26.93,0.0,30.7,0.0,3.868,0.0,3.785,3.865,3.842,3.868,3.846,3.868,3.86,30.7,29.8,29.1,29.4,True
2026-09-25 12:05:34.521,26.93,0.0,30.6,0.0,3.868,0.0,3.785,3.865,3.842,3.868,3.846,3.868,3.86,30.6,29.8,29.1,29.5,True
2026-09-25 12:05:36.865,26.93,0.0,30.6,0.0,3.868,0.0,3.785,3.864,3.842,3.867,3.846,3.868,3.861,30.6,29.8,29.1,29.5,True
2026-09-25 12:05:38.818,26.93,0.0,30.7,0.0,3.868,0.0,3.785,3.864,3.842,3.867,3.846,3.868,3.861,30.7,29.8,29.1,29.5,True
2026-09-25 12:05:40.813,26.93,0.0,30.6,0.0,3.868,0.0,3.785,3.865,3.842,3.868,3.846,3.868,3.861,30.6,29.8,29.1,29.5,True
2026-09-25 12:05:42.731,26.93,0.0,30.6,0.0,3.868,0.0,3.784,3.864,3.841,3.867,3.845,3.868,3.861,30.6,29.8,29.0,29.5,True
2026-09-25 12:05:44.759,26.93,0.0,30.7,0.0,3.868,0.0,3.784,3.864,3.841,3.867,3.845,3.868,3.861,30.7,29.8,29.1,29.4,True
2026-09-25 12:05:46.678,26.93,0.0,30.7,0.0,3.868,0.0,3.785,3.864,3.841,3.867,3.846,3.868,3.861,30.7,29.8,29.1,29.5,True
2026-09-25 12:05:48.647,26.93,0.0,30.6,0.0,3.868,0.0,3.784,3.864,3.841,3.867,3.845,3.868,3.861,30.6,29.8,29.1,29.5,True
2026-09-25 12:05:50.674,26.93,0.0,30.6,0.0,3.868,0.0,3.784,3.864,3.841,3.867,3.845,3.868,3.861,30.6,29.8,29.0,29.5,True
2026-09-25 12:05:52.554,26.93,0.0,30.7,0.0,3.868,0.0,3.785,3.865,3.842,3.867,3.845,3.868,3.86,30.7,29.7,29.1,29.4,True
2026-09-25 12:05:54.528,26.93,0.0,30.7,0.0,3.868,0.0,3.785,3.865,3.842,3.867,3.845,3.868,3.86,30.7,29.8,29.0,29.5,True
2026-09-25 12:05:56.614,26.93,0.0,30.6,0.0,3.868,0.0,3.784,3.865,3.841,3.867,3.845,3.868,3.861,30.6,29.8,29.0,29.5,True
2026-09-25 12:05:58.527,26.93,0.0,30.7,0.0,3.868,0.0,3.784,3.865,3.841,3.867,3.846,3.868,3.86,30.7,29.8,29.1,29.5,True
2026-09-25 12:06:00.511,26.93,0.0,30.6,0.0,3.868,0.0,3.784,3.865,3.842,3.867,3.845,3.868,3.861,30.6,30.0,29.0,29.6,True
2026-09-25 12:06:02.545,26.93,0.0,30.7,0.0,3.868,0.0,3.784,3.865,3.841,3.867,3.846,3.868,3.861,30.7,29.8,29.1,29.5,True
2026-09-25 12:06:04.500,26.93,0.0,30.7,0.0,3.868,0.0,3.784,3.864,3.841,3.867,3.846,3.868,3.861,30.7,29.8,29.1,29.5,True
2026-09-25 12:06:06.685,26.93,0.0,30.5,0.0,3.868,0.0,3.784,3.865,3.841,3.867,3.845,3.868,3.861,30.5,29.9,29.1,29.4,True
2026-09-25 12:06:08.628,26.93,0.0,30.7,0.0,3.868,0.0,3.784,3.865,3.841,3.867,3.845,3.868,3.861,30.7,29.8,29.1,29.5,True
2026-09-25 12:06:10.563,26.93,0.0,30.7,0.0,3.868,0.0,3.784,3.864,3.841,3.867,3.846,3.868,3.86,30.7,29.8,29.1,29.5,True
2026-09-25 12:06:12.524,26.93,0.0,30.6,0.0,3.868,0.0,3.784,3.864,3.841,3.867,3.845,3.868,3.861,30.6,29.8,29.1,29.5,True
2026-09-25 12:06:14.187,26.93,0.0,30.6,0.0,3.868,0.0,3.784,3.864,3.841,3.867,3.845,3.868,3.861,30.6,29.8,29.1,29.4,True
2026-09-25 12:06:16.179,26.93,0.0,30.7,0.0,3.868,0.0,3.784,3.864,3.841,3.867,3.845,3.868,3.861,30.7,29.8,29.0,29.4,True
2026-09-25 12:06:18.156,26.93,0.0,30.8,0.0,3.868,0.0,3.784,3.864,3.841,3.867,3.846,3.868,3.861,30.8,29.7,29.2,29.5,True
2026-09-25 12:06:20.044,26.93,0.0,30.7,0.0,3.868,0.0,3.784,3.864,3.841,3.867,3.846,3.868,3.861,30.7,29.8,29.1,29.5,True
2026-09-25 12:06:22.062,26.93,0.0,30.6,0.0,3.868,0.0,3.783,3.864,3.841,3.867,3.845,3.868,3.861,30.6,29.8,29.1,29.4,True
2026-09-25 12:06:24.009,26.93,0.0,30.8,0.0,3.868,0.0,3.783,3.865,3.841,3.867,3.846,3.868,3.861,30.8,29.7,29.2,29.4,True
2026-09-25 12:06:25.985,26.93,0.0,30.5,0.0,3.868,0.0,3.784,3.864,3.841,3.867,3.846,3.868,3.861,30.5,29.9,29.0,29.6,True
2026-09-25 12:06:28.198,26.93,0.0,30.8,0.0,3.868,0.0,3.783,3.864,3.841,3.867,3.845,3.868,3.861,30.8,29.7,29.1,29.5,True
2026-09-25 12:06:30.097,26.93,0.0,30.7,0.0,3.868,0.0,3.784,3.864,3.842,3.867,3.845,3.868,3.861,30.7,29.8,29.1,29.5,True
2026-09-25 12:06:32.074,26.93,0.0,30.7,0.0,3.868,0.0,3.784,3.865,3.841,3.867,3.845,3.868,3.861,30.7,29.8,29.1,29.4,True
2026-09-25 12:06:34.052,26.93,0.0,30.5,0.0,3.868,0.0,3.784,3.865,3.841,3.867,3.845,3.868,3.861,30.5,29.8,29.1,29.5,True
2026-09-25 12:06:35.981,26.93,0.0,30.4,0.0,3.868,0.0,3.783,3.864,3.841,3.867,3.846,3.868,3.861,30.4,30.0,29.0,29.5,True
2026-09-25 12:06:37.834,26.93,0.0,30.7,0.0,3.868,0.0,3.783,3.864,3.841,3.867,3.846,3.868,3.861,30.7,29.8,29.1,29.5,True
2026-09-25 12:06:39.861,26.93,0.0,30.7,0.0,3.868,0.0,3.783,3.864,3.841,3.867,3.845,3.868,3.861,30.7,29.8,29.1,29.5,True
2026-09-25 12:06:41.724,26.93,0.0,30.6,0.0,3.868,0.0,3.783,3.864,3.841,3.867,3.845,3.868,3.861,30.6,29.8,29.0,29.5,True
2026-09-25 12:06:43.703,26.92,0.0,30.6,0.0,3.868,0.0,3.783,3.865,3.841,3.867,3.845,3.868,3.861,30.6,29.8,29.0,29.6,True
2026-09-25 12:06:45.840,26.93,0.0,30.6,0.0,3.868,0.0,3.783,3.864,3.841,3.867,3.846,3.868,3.861,30.6,29.8,29.1,29.5,True
2026-09-25 12:06:47.867,26.93,0.0,30.5,0.0,3.868,0.0,3.783,3.864,3.841,3.867,3.845,3.868,3.861,30.5,29.9,29.0,29.5,True
2026-09-25 12:06:50.752,26.92,0.0,30.5,0.0,3.868,0.0,3.783,3.864,3.841,3.867,3.845,3.868,3.861,30.5,29.9,29.0,29.5,True
2026-09-25 12:06:52.764,26.93,0.0,30.7,0.0,3.868,0.0,3.783,3.864,3.841,3.868,3.846,3.868,3.861,30.7,29.8,29.1,29.5,True
2026-09-25 12:06:54.692,26.92,0.0,30.7,0.0,3.868,0.0,3.783,3.864,3.841,3.867,3.846,3.868,3.861,30.7,29.8,29.0,29.5,True
2026-09-25 12:06:56.644,26.93,0.0,30.7,0.0,3.868,0.0,3.783,3.864,3.841,3.867,3.846,3.868,3.861,30.7,29.8,29.1,29.5,True
2026-09-25 12:06:58.894,26.92,0.0,30.8,0.0,3.868,0.0,3.782,3.864,3.841,3.867,3.846,3.868,3.861,30.8,29.6,29.2,29.4,True
2026-09-25 12:07:00.782,26.93,0.0,30.7,0.0,3.868,0.0,3.782,3.864,3.841,3.867,3.846,3.868,3.861,30.7,29.8,29.1,29.4,True
2026-09-25 12:07:02.676,26.92,0.0,30.7,0.0,3.868,0.0,3.782,3.864,3.841,3.867,3.846,3.868,3.861,30.7,29.8,29.0,29.6,True
2026-09-25 12:07:04.640,26.92,0.0,30.6,0.0,3.868,0.0,3.783,3.864,3.841,3.867,3.845,3.868,3.861,30.6,29.9,29.1,29.5,True
2026-09-25 12:07:06.660,26.92,0.0,30.7,0.0,3.868,0.0,3.783,3.864,3.841,3.867,3.845,3.868,3.861,30.7,29.7,29.2,29.5,True
2026-09-25 12:07:08.705,26.92,0.0,30.6,0.0,3.868,0.0,3.783,3.864,3.841,3.867,3.846,3.868,3.861,30.6,29.8,29.1,29.6,True
2026-09-25 12:07:10.658,26.92,0.0,30.6,0.0,3.868,0.0,3.782,3.864,3.841,3.868,3.846,3.868,3.861,30.6,29.8,29.1,29.5,True
2026-09-25 12:07:12.618,26.93,0.0,30.6,0.0,3.868,0.0,3.782,3.864,3.841,3.868,3.846,3.868,3.861,30.6,29.9,29.1,29.6,True
2026-09-25 12:07:14.625,26.92,0.0,30.7,0.0,3.868,0.0,3.782,3.864,3.841,3.867,3.846,3.868,3.861,30.7,29.8,29.1,29.5,True
2026-09-25 12:07:16.700,26.92,0.0,30.6,0.0,3.868,0.0,3.782,3.864,3.841,3.867,3.846,3.868,3.861,30.6,29.8,29.1,29.3,True
2026-09-25 12:07:18.684,26.92,0.0,30.6,0.0,3.868,0.0,3.783,3.864,3.841,3.867,3.846,3.868,3.861,30.6,29.9,29.0,29.6,True
2026-09-25 12:07:20.627,26.92,0.0,30.7,0.0,3.868,0.0,3.783,3.864,3.841,3.867,3.845,3.868,3.861,30.7,29.8,29.1,29.5,True
2026-09-25 12:07:22.694,26.93,0.0,30.7,0.0,3.868,0.0,3.782,3.864,3.841,3.867,3.846,3.868,3.86,30.7,29.8,29.1,29.6,True
2026-09-25 12:07:24.615,26.92,0.0,30.8,0.0,3.868,0.0,3.782,3.865,3.841,3.867,3.845,3.868,3.86,30.8,29.6,29.2,29.5,True
2026-09-25 12:11:24.158,26.96,0.0,30.4,0.0,3.869,0.0,3.815,3.865,3.842,3.867,3.846,3.869,3.861,30.4,29.7,29.1,29.3,True
2026-09-25 12:11:28.313,26.96,0.0,30.4,0.0,3.868,0.0,3.81,3.864,3.842,3.868,3.846,3.868,3.861,30.4,29.7,29.1,29.3,True
2026-09-25 12:11:30.346,26.95,0.0,30.5,0.0,3.868,0.0,3.809,3.864,3.842,3.867,3.846,3.868,3.861,30.5,29.8,29.1,29.5,True
2026-09-25 12:11:32.929,26.95,0.0,30.5,0.0,3.868,0.0,3.807,3.864,3.842,3.867,3.846,3.868,3.861,30.5,29.8,29.0,29.6,True
2026-09-25 12:11:35.166,26.95,0.0,30.4,0.0,3.868,0.0,3.806,3.864,3.841,3.868,3.846,3.868,3.861,30.4,29.8,29.1,29.5,True
2026-09-25 12:11:37.162,26.95,0.0,30.5,0.0,3.868,0.0,3.806,3.864,3.841,3.868,3.846,3.868,3.861,30.5,29.8,29.1,29.5,True
2026-09-25 12:11:39.278,26.95,0.0,30.4,0.0,3.868,0.0,3.805,3.864,3.842,3.867,3.846,3.868,3.861,30.4,29.9,29.1,29.5,True
2026-09-25 12:11:41.795,26.95,0.0,30.2,0.0,3.868,0.0,3.805,3.865,3.842,3.867,3.846,3.868,3.861,30.2,29.9,29.0,29.6,True
2026-09-25 12:11:44.009,26.95,0.0,30.4,0.0,3.868,0.0,3.804,3.864,3.841,3.867,3.845,3.868,3.861,30.4,29.8,29.1,29.5,True
2026-09-25 12:11:46.468,26.95,0.0,30.4,0.0,3.868,0.0,3.803,3.864,3.841,3.867,3.845,3.868,3.861,30.4,29.8,29.3,29.4,True
2026-09-25 12:11:48.723,26.94,0.0,30.5,0.0,3.868,0.0,3.802,3.864,3.841,3.867,3.845,3.868,3.861,30.5,29.6,29.2,29.5,True
2026-09-25 12:11:51.336,26.94,0.0,30.5,0.0,3.868,0.0,3.802,3.864,3.841,3.867,3.845,3.868,3.861,30.5,29.8,29.2,29.5,True
2026-09-25 12:11:53.996,26.94,0.0,30.5,0.0,3.868,0.0,3.801,3.864,3.841,3.867,3.846,3.868,3.861,30.5,29.7,29.3,29.4,True
2026-09-25 12:11:56.466,26.94,0.0,30.5,0.0,3.868,0.0,3.8,3.865,3.841,3.867,3.846,3.868,3.861,30.5,29.7,29.3,29.4,True
2026-09-25 12:11:58.536,26.94,0.0,30.4,0.0,3.868,0.0,3.8,3.865,3.841,3.867,3.846,3.868,3.861,30.4,30.0,29.1,29.6,True
2026-09-25 12:12:01.063,26.94,0.0,30.4,0.0,3.868,0.0,3.799,3.864,3.841,3.868,3.846,3.868,3.86,30.4,30.0,29.1,29.6,True
2026-09-25 12:12:03.507,26.94,0.0,30.5,0.0,3.868,0.0,3.799,3.864,3.841,3.868,3.846,3.868,3.86,30.5,29.8,29.2,29.5,True
2026-09-25 12:12:05.594,26.94,0.0,30.4,0.0,3.868,0.0,3.799,3.864,3.841,3.867,3.846,3.868,3.861,30.4,29.9,29.1,29.6,True
2026-09-25 12:12:07.745,26.94,0.0,30.5,0.0,3.868,0.0,3.798,3.864,3.841,3.867,3.846,3.868,3.861,30.5,29.8,29.2,29.5,True
2026-09-25 12:12:09.696,26.94,0.0,30.5,0.0,3.868,0.0,3.798,3.865,3.841,3.867,3.845,3.868,3.861,30.5,29.8,29.2,29.6,True
2026-09-25 12:12:11.935,26.94,0.0,30.5,0.0,3.868,0.0,3.798,3.864,3.841,3.867,3.846,3.868,3.861,30.5,29.7,29.1,29.6,True
