timestamp,voltage,current,temperature,soc,delta_v,cell_v1,cell_v2,cell_v3,cell_v4,cell_v5,cell_v6,cell_v7,cell_v8,ntc1,ntc2,ntc3,ntc4,bluetooth_connected
2026-08-26 14:10:46.514,29.13,0.0,29.1,0.0,0.027,3.919,3.903,3.926,3.913,3.927,3.911,3.93,3.921,29.1,28.7,28.2,28.2,True
2026-08-26 14:10:50.086,29.13,0.0,29.1,0.0,0.027,3.919,3.903,3.926,3.913,3.927,3.911,3.93,3.921,29.1,28.8,28.1,28.3,True
2026-08-26 14:10:51.151,29.13,0.0,29.1,0.0,0.028,3.919,3.903,3.926,3.913,3.927,3.911,3.931,3.921,29.1,28.8,28.2,28.2,True
2026-08-26 14:10:52.220,29.13,0.0,29.0,0.0,0.027,3.919,3.903,3.926,3.913,3.927,3.912,3.93,3.921,29.0,28.9,28.1,28.3,True
2026-08-26 14:10:53.292,29.13,0.0,29.0,0.0,0.027,3.919,3.903,3.926,3.913,3.927,3.912,3.93,3.921,29.0,28.9,28.1,28.3,True
2026-08-26 14:10:54.348,29.13,0.0,29.1,0.0,0.027,3.919,3.903,3.926,3.913,3.927,3.912,3.93,3.921,29.1,28.7,28.2,28.2,True
2026-08-26 14:10:55.423,29.13,0.0,29.1,0.0,0.027,3.919,3.903,3.926,3.913,3.927,3.912,3.93,3.921,29.1,28.7,28.2,28.2,True
2026-08-26 14:10:56.486,29.13,0.0,29.1,0.0,0.027,3.919,3.903,3.926,3.913,3.927,3.911,3.93,3.921,29.1,28.7,28.1,28.3,True
2026-08-26 14:10:57.562,29.13,0.0,29.1,0.0,0.027,3.919,3.903,3.926,3.913,3.927,3.912,3.93,3.921,29.1,28.7,28.2,28.4,True
2026-08-26 14:10:58.630,29.13,0.0,29.0,0.0,0.027,3.919,3.903,3.926,3.913,3.927,3.912,3.93,3.921,29.0,28.9,28.0,28.3,True
2026-08-26 14:10:59.707,29.13,0.0,29.0,0.0,0.027,3.919,3.903,3.926,3.913,3.927,3.911,3.93,3.921,29.0,28.9,28.0,28.4,True
2026-08-26 14:11:00.770,29.13,0.0,29.1,0.0,0.027,3.919,3.903,3.925,3.913,3.927,3.911,3.93,3.921,29.1,28.8,28.2,28.3,True
2026-08-26 14:11:01.873,29.13,0.0,29.1,0.0,0.027,3.919,3.903,3.926,3.913,3.926,3.912,3.93,3.921,29.1,28.8,28.2,28.3,True
2026-08-26 14:11:02.931,29.13,0.0,29.2,0.0,0.027,3.919,3.903,3.926,3.913,3.927,3.911,3.93,3.92,29.2,28.8,28.1,28.3,True
2026-08-26 14:11:04.005,29.13,0.0,29.1,0.0,0.027,3.919,3.903,3.926,3.913,3.927,3.912,3.93,3.921,29.1,28.8,28.2,28.3,True
2026-08-26 14:11:05.051,29.13,0.0,29.1,0.0,0.027,3.919,3.903,3.926,3.913,3.927,3.912,3.93,3.921,29.1,28.8,28.1,28.3,True
2026-08-26 14:11:06.155,29.13,0.0,29.1,0.0,0.027,3.919,3.903,3.926,3.913,3.927,3.911,3.93,3.921,29.1,28.8,28.2,28.3,True
2026-08-26 14:11:07.243,29.13,0.0,29.1,0.0,0.027,3.919,3.903,3.926,3.913,3.927,3.911,3.93,3.921,29.1,28.8,28.1,28.2,True
2026-08-26 14:11:08.333,29.13,0.0,29.1,0.0,0.027,3.918,3.903,3.925,3.913,3.926,3.911,3.93,3.921,29.1,28.9,28.2,28.3,True
2026-08-26 14:11:09.398,29.13,0.0,29.1,0.0,0.027,3.918,3.903,3.925,3.913,3.926,3.911,3.93,3.921,29.1,28.8,28.2,28.3,True
2026-08-26 14:11:10.441,29.13,0.0,29.0,0.0,0.027,3.919,3.903,3.926,3.913,3.927,3.911,3.93,3.921,29.0,28.9,28.0,28.3,True
2026-08-26 14:11:11.498,29.13,0.0,29.0,0.0,0.026,3.919,3.904,3.925,3.913,3.927,3.911,3.93,3.921,29.0,28.8,28.0,28.4,True
2026-08-26 14:11:12.554,29.13,0.0,29.1,0.0,0.026,3.919,3.904,3.925,3.913,3.927,3.912,3.93,3.921,29.1,28.7,28.3,28.2,True
2026-08-26 14:11:13.646,29.13,0.0,29.2,0.0,0.027,3.918,3.903,3.925,3.912,3.927,3.911,3.93,3.921,29.2,28.7,28.2,28.3,True
2026-08-26 14:11:14.718,29.12,0.0,29.0,0.0,0.027,3.919,3.903,3.926,3.913,3.927,3.912,3.93,3.921,29.0,28.8,28.1,28.3,True
2026-08-26 14:11:15.776,29.12,0.0,29.0,0.0,0.027,3.919,3.903,3.926,3.913,3.927,3.912,3.93,3.921,29.0,28.8,28.1,28.3,True
2026-08-26 14:11:16.838,29.13,0.0,29.1,0.0,0.027,3.919,3.903,3.926,3.913,3.927,3.911,3.93,3.921,29.1,28.8,28.0,28.4,True
2026-08-26 14:11:17.907,29.12,0.0,29.1,0.0,0.027,3.918,3.903,3.925,3.913,3.926,3.911,3.93,3.921,29.1,28.9,28.0,28.4,True
2026-08-26 14:11:18.966,29.12,0.0,29.1,0.0,0.027,3.919,3.903,3.926,3.913,3.927,3.911,3.93,3.921,29.1,28.8,28.2,28.3,True
2026-08-26 14:11:20.046,29.12,0.0,29.1,0.0,0.027,3.919,3.903,3.926,3.913,3.927,3.911,3.93,3.921,29.1,28.8,28.2,28.3,True
2026-08-26 14:11:21.104,29.12,0.0,29.1,0.0,0.027,3.919,3.903,3.926,3.913,3.927,3.911,3.93,3.921,29.1,28.8,28.1,28.3,True
2026-08-26 14:11:22.190,29.12,0.0,29.3,0.0,0.027,3.919,3.903,3.925,3.913,3.927,3.912,3.93,3.921,29.3,28.7,28.2,28.3,True
2026-08-26 14:11:23.281,29.12,0.0,29.1,0.0,0.027,3.918,3.903,3.925,3.912,3.927,3.911,3.93,3.921,29.1,28.8,28.2,28.3,True
2026-08-26 14:11:24.323,29.12,0.0,29.2,0.0,0.027,3.918,3.903,3.925,3.912,3.927,3.911,3.93,3.921,29.2,28.8,28.2,28.3,True
2026-08-26 14:11:25.515,29.12,0.0,29.1,0.0,0.028,3.919,3.903,3.926,3.913,3.927,3.911,3.931,3.921,29.1,28.8,28.1,28.3,True
2026-08-26 14:11:26.584,29.12,0.0,29.1,0.0,0.027,3.919,3.903,3.926,3.913,3.927,3.911,3.93,3.921,29.1,28.9,28.0,28.4,True
2026-08-26 14:11:27.629,29.12,0.0,29.2,0.0,0.027,3.919,3.903,3.926,3.913,3.927,3.911,3.93,3.921,29.2,28.7,28.3,28.2,True
2026-08-26 14:11:28.690,29.12,0.0,29.0,0.0,0.027,3.919,3.903,3.926,3.913,3.926,3.911,3.93,3.921,29.0,28.9,28.1,28.4,True
2026-08-26 14:11:29.750,29.12,0.0,29.1,0.0,0.027,3.919,3.903,3.926,3.912,3.927,3.911,3.93,3.921,29.1,28.7,28.2,28.3,True
2026-08-26 14:11:30.815,29.12,0.0,29.0,0.0,0.027,3.919,3.903,3.926,3.913,3.927,3.911,3.93,3.921,29.0,28.9,28.0,28.4,True
2026-08-26 14:11:31.872,29.12,0.0,29.1,0.0,0.027,3.918,3.903,3.925,3.913,3.927,3.911,3.93,3.92,29.1,28.8,28.0,28.4,True
2026-08-26 14:11:32.916,29.12,0.0,29.1,0.0,0.027,3.919,3.903,3.926,3.913,3.926,3.911,3.93,3.921,29.1,28.8,28.1,28.4,True
2026-08-26 14:11:33.975,29.12,0.0,29.1,0.0,0.027,3.919,3.903,3.926,3.913,3.926,3.911,3.93,3.921,29.1,28.9,28.1,28.3,True
2026-08-26 14:11:34.987,29.12,0.0,29.2,0.0,0.027,3.919,3.903,3.926,3.912,3.927,3.911,3.93,3.921,29.2,28.8,28.1,28.4,True
2026-08-26 14:11:36.054,29.12,0.0,29.2,0.0,0.027,3.919,3.903,3.925,3.913,3.927,3.911,3.93,3.921,29.2,28.7,28.3,28.2,True
2026-08-26 14:11:37.192,29.12,0.0,29.2,0.0,0.027,3.919,3.903,3.925,3.913,3.927,3.911,3.93,3.921,29.2,28.8,28.2,28.3,True
2026-08-26 14:11:38.249,29.12,0.0,29.2,0.0,0.027,3.918,3.903,3.925,3.912,3.927,3.911,3.93,3.921,29.2,28.8,28.2,28.2,True
2026-08-26 14:11:39.307,29.12,0.0,29.2,0.0,0.027,3.919,3.903,3.926,3.913,3.927,3.911,3.93,3.921,29.2,28.8,28.2,28.3,True
2026-08-26 14:11:40.346,29.12,0.0,29.1,0.0,0.027,3.919,3.903,3.926,3.913,3.926,3.912,3.93,3.921,29.1,28.9,28.1,28.3,True
2026-08-26 14:11:41.377,29.12,0.0,29.2,0.0,0.027,3.919,3.903,3.926,3.913,3.926,3.912,3.93,3.921,29.2,28.8,28.2,28.3,True
2026-08-26 14:11:42.439,29.12,0.0,29.1,0.0,0.027,3.918,3.903,3.925,3.913,3.926,3.911,3.93,3.921,29.1,28.8,28.1,28.3,True
2026-08-26 14:11:43.487,29.12,0.0,29.2,0.0,0.027,3.919,3.903,3.926,3.912,3.926,3.912,3.93,3.921,29.2,28.8,28.2,28.2,True
2026-08-26 14:11:44.557,29.12,0.0,29.2,0.0,0.027,3.919,3.903,3.926,3.912,3.926,3.912,3.93,3.921,29.2,28.8,28.2,28.3,True
2026-08-26 14:11:45.736,29.12,0.0,29.2,0.0,0.027,3.919,3.903,3.926,3.913,3.927,3.911,3.93,3.921,29.2,28.7,28.2,28.3,True
2026-08-26 14:11:46.823,29.12,0.0,29.2,0.0,0.027,3.919,3.903,3.926,3.913,3.927,3.911,3.93,3.921,29.2,28.9,28.1,28.4,True
2026-08-26 14:11:47.895,29.12,0.0,29.1,0.0,0.027,3.918,3.903,3.926,3.912,3.926,3.911,3.93,3.921,29.1,28.9,28.1,28.4,True
2026-08-26 14:11:48.952,29.12,0.0,29.2,0.0,0.027,3.919,3.903,3.926,3.912,3.927,3.912,3.93,3.921,29.2,28.9,28.2,28.3,True
2026-08-26 14:11:49.974,29.12,0.0,29.1,0.0,0.027,3.919,3.903,3.926,3.912,3.927,3.912,3.93,3.921,29.1,28.9,28.2,28.3,True
2026-08-26 14:11:50.991,29.12,0.0,29.1,0.0,0.027,3.919,3.903,3.926,3.912,3.927,3.911,3.93,3.921,29.1,28.9,28.1,28.4,True
2026-08-26 14:11:52.063,29.12,0.0,29.2,0.0,0.027,3.918,3.903,3.925,3.912,3.927,3.911,3.93,3.921,29.2,28.8,28.2,28.4,True
2026-08-26 14:11:53.306,29.12,0.0,29.1,0.0,0.027,3.919,3.903,3.926,3.913,3.927,3.911,3.93,3.921,29.1,28.9,28.2,28.3,True
2026-08-26 14:11:54.640,29.12,0.0,29.2,0.0,0.027,3.919,3.903,3.926,3.913,3.927,3.911,3.93,3.921,29.2,28.8,28.2,28.3,True
2026-08-26 14:11:55.896,29.12,0.0,29.1,0.0,0.027,3.918,3.903,3.925,3.913,3.927,3.911,3.93,3.92,29.1,28.9,28.2,28.4,True
2026-08-26 14:11:57.118,29.12,0.0,29.3,0.0,0.027,3.919,3.903,3.926,3.913,3.927,3.911,3.93,3.921,29.3,28.8,28.2,28.3,True
2026-08-26 14:11:58.343,29.12,0.0,29.1,0.0,0.027,3.919,3.903,3.926,3.913,3.927,3.911,3.93,3.921,29.1,29.0,28.2,28.4,True
2026-08-26 14:11:59.632,29.12,0.0,29.2,0.0,0.027,3.919,3.903,3.926,3.912,3.927,3.911,3.93,3.921,29.2,28.8,28.3,28.3,True
2026-08-26 14:12:00.864,29.12,0.0,29.3,0.0,0.026,3.919,3.904,3.925,3.913,3.927,3.911,3.93,3.921,29.3,28.7,28.3,28.2,True
2026-08-26 14:12:02.089,29.12,0.0,29.2,0.0,0.027,3.919,3.903,3.926,3.913,3.927,3.911,3.93,3.921,29.2,28.9,28.3,28.3,True
2026-08-26 14:12:03.362,29.12,0.0,29.1,0.0,0.027,3.919,3.903,3.926,3.913,3.927,3.911,3.93,3.921,29.1,28.9,28.2,28.4,True
2026-08-26 14:12:04.596,29.12,0.0,29.3,0.0,0.027,3.919,3.903,3.926,3.913,3.927,3.911,3.93,3.921,29.3,28.8,28.4,28.3,True
2026-08-26 14:12:05.767,29.12,0.0,29.1,0.0,0.027,3.918,3.903,3.925,3.912,3.927,3.911,3.93,3.921,29.1,28.8,28.3,28.4,True
2026-08-26 14:12:07.063,29.12,0.0,29.2,0.0,0.027,3.918,3.903,3.925,3.912,3.927,3.911,3.93,3.921,29.2,28.8,28.2,28.4,True
2026-08-26 14:12:08.282,29.12,0.0,29.2,0.0,0.027,3.918,3.903,3.925,3.912,3.927,3.911,3.93,3.921,29.2,28.9,28.3,28.4,True
2026-08-26 14:12:09.623,29.12,0.0,29.2,0.0,0.027,3.918,3.903,3.925,3.912,3.926,3.912,3.93,3.921,29.2,28.9,28.3,28.3,True
2026-08-26 14:12:10.902,29.12,0.0,29.3,0.0,0.027,3.918,3.903,3.925,3.912,3.926,3.911,3.93,3.921,29.3,28.8,28.3,28.3,True
2026-08-26 14:12:12.148,29.12,0.0,29.3,0.0,0.027,3.918,3.903,3.925,3.912,3.927,3.911,3.93,3.921,29.3,28.8,28.4,28.3,True
2026-08-26 14:12:13.561,29.12,0.0,29.4,0.0,0.027,3.919,3.903,3.925,3.913,3.926,3.912,3.93,3.921,29.4,28.7,28.4,28.3,True
2026-08-26 14:12:14.763,29.12,0.0,29.2,0.0,0.027,3.919,3.903,3.925,3.913,3.926,3.912,3.93,3.921,29.2,28.8,28.3,28.4,True
2026-08-26 14:12:16.022,29.12,0.0,29.3,0.0,0.027,3.919,3.903,3.925,3.913,3.927,3.911,3.93,3.921,29.3,28.9,28.4,28.3,True
2026-08-26 14:12:17.280,29.12,0.0,29.3,0.0,0.027,3.918,3.903,3.926,3.912,3.926,3.911,3.93,3.921,29.3,28.8,28.3,28.4,True
2026-08-26 14:12:18.594,29.12,0.0,29.1,0.0,0.027,3.919,3.903,3.926,3.913,3.926,3.911,3.93,3.921,29.1,29.0,28.3,28.4,True
2026-08-26 14:12:19.914,29.12,0.0,29.3,0.0,0.027,3.919,3.903,3.926,3.913,3.926,3.911,3.93,3.921,29.3,28.8,28.4,28.3,True
2026-08-26 14:12:21.160,29.12,0.0,29.4,0.0,0.027,3.918,3.903,3.925,3.912,3.926,3.911,3.93,3.921,29.4,28.8,28.5,28.3,True
2026-08-26 14:12:22.405,29.12,0.0,29.2,0.0,0.027,3.918,3.903,3.925,3.912,3.926,3.911,3.93,3.921,29.2,28.9,28.4,28.3,True
2026-08-26 14:12:23.634,29.12,0.0,29.3,0.0,0.027,3.919,3.903,3.926,3.912,3.927,3.911,3.93,3.921,29.3,28.9,28.4,28.4,True
2026-08-26 14:12:24.998,29.11,0.0,29.4,0.0,0.027,3.918,3.903,3.926,3.912,3.926,3.911,3.93,3.921,29.4,28.8,28.4,28.3,True
2026-08-26 14:12:26.231,29.12,0.0,29.4,0.0,0.027,3.919,3.903,3.925,3.913,3.927,3.911,3.93,3.921,29.4,28.7,28.5,28.3,True
2026-08-26 14:12:27.498,29.12,0.0,29.2,0.0,0.027,3.919,3.903,3.925,3.913,3.927,3.911,3.93,3.921,29.2,29.0,28.4,28.5,True
2026-08-26 14:12:28.760,29.12,0.0,29.2,0.0,0.027,3.918,3.903,3.925,3.913,3.926,3.911,3.93,3.921,29.2,29.0,28.4,28.4,True
2026-08-26 14:12:30.111,29.12,0.0,29.3,0.0,0.027,3.919,3.903,3.926,3.913,3.926,3.911,3.93,3.921,29.3,28.9,28.4,28.3,True
2026-08-26 14:12:31.328,29.12,0.0,29.2,0.0,0.027,3.919,3.903,3.926,3.913,3.926,3.911,3.93,3.921,29.2,29.0,28.3,28.5,True
2026-08-26 14:12:32.568,29.11,0.0,29.4,0.0,0.027,3.918,3.903,3.925,3.913,3.926,3.911,3.93,3.921,29.4,28.8,28.5,28.4,True
2026-08-26 14:12:33.894,29.12,0.0,29.4,0.0,0.027,3.918,3.903,3.925,3.913,3.926,3.911,3.93,3.921,29.4,28.9,28.5,28.4,True
2026-08-26 14:12:35.173,29.12,0.0,29.5,0.0,0.027,3.919,3.903,3.925,3.913,3.927,3.911,3.93,3.921,29.5,28.8,28.6,28.3,True
2026-08-26 14:12:36.420,29.12,0.0,29.3,0.0,0.027,3.918,3.903,3.926,3.912,3.926,3.911,3.93,3.921,29.3,28.8,28.5,28.4,True
2026-08-26 14:12:37.672,29.12,0.0,29.3,0.0,0.027,3.919,3.903,3.926,3.912,3.927,3.911,3.93,3.921,29.3,29.0,28.4,28.4,True
2026-08-26 14:12:39.066,29.11,0.0,29.4,0.0,0.027,3.918,3.903,3.925,3.912,3.926,3.911,3.93,3.921,29.4,28.9,28.5,28.4,True
2026-08-26 14:12:40.320,29.12,0.0,29.3,0.0,0.027,3.918,3.903,3.925,3.913,3.926,3.911,3.93,3.921,29.3,29.0,28.5,28.4,True
2026-08-26 14:12:41.580,29.12,0.0,29.3,0.0,0.027,3.919,3.903,3.925,3.913,3.927,3.911,3.93,3.921,29.3,28.8,28.6,28.3,True
2026-08-26 14:12:42.891,29.12,0.0,29.4,0.0,0.027,3.919,3.903,3.925,3.913,3.927,3.911,3.93,3.921,29.4,28.9,28.5,28.5,True
2026-08-26 14:12:44.127,29.11,0.0,29.3,0.0,0.027,3.918,3.903,3.926,3.912,3.927,3.911,3.93,3.92,29.3,29.0,28.5,28.4,True
2026-08-26 14:12:45.322,29.12,0.0,29.3,0.0,0.027,3.919,3.903,3.926,3.913,3.927,3.911,3.93,3.92,29.3,28.9,28.6,28.4,True
2026-08-26 14:12:46.532,29.11,0.0,29.5,0.0,0.027,3.919,3.903,3.926,3.913,3.927,3.911,3.93,3.921,29.5,28.9,28.6,28.4,True
2026-08-26 14:12:47.752,29.11,0.0,29.3,0.0,0.027,3.919,3.903,3.926,3.913,3.927,3.911,3.93,3.921,29.3,29.0,28.5,28.5,True
2026-08-26 14:12:48.995,29.12,0.0,29.3,0.0,0.027,3.919,3.903,3.926,3.913,3.927,3.911,3.93,3.921,29.3,29.0,28.5,28.5,True
2026-08-26 14:12:50.227,29.11,0.0,29.3,0.0,0.027,3.918,3.903,3.925,3.913,3.926,3.911,3.93,3.921,29.3,29.0,28.5,28.5,True
2026-08-26 14:12:51.659,29.11,0.0,29.5,0.0,0.027,3.918,3.903,3.925,3.912,3.926,3.912,3.93,3.921,29.5,28.9,28.7,28.4,True
2026-08-26 14:12:52.932,29.11,0.0,29.4,0.0,0.027,3.918,3.903,3.925,3.912,3.926,3.912,3.93,3.921,29.4,29.0,28.6,28.4,True
2026-08-26 14:12:54.314,29.12,0.0,29.4,0.0,0.027,3.919,3.903,3.926,3.913,3.927,3.911,3.93,3.92,29.4,29.0,28.5,28.4,True
2026-08-26 14:12:55.655,29.11,0.0,29.4,0.0,0.027,3.918,3.903,3.925,3.913,3.926,3.911,3.93,3.921,29.4,28.9,28.6,28.4,True
2026-08-26 14:12:56.947,29.11,0.0,29.4,0.0,0.027,3.918,3.903,3.926,3.912,3.926,3.911,3.93,3.92,29.4,28.9,28.6,28.5,True
2026-08-26 14:12:58.217,29.12,0.0,29.5,0.0,0.027,3.918,3.903,3.925,3.913,3.926,3.911,3.93,3.921,29.5,28.9,28.7,28.4,True
2026-08-26 14:12:59.617,29.12,0.0,29.5,0.0,0.027,3.918,3.903,3.925,3.913,3.926,3.911,3.93,3.921,29.5,28.9,28.6,28.4,True
2026-08-26 14:13:00.887,29.11,0.0,29.3,0.0,0.027,3.919,3.903,3.926,3.913,3.927,3.912,3.93,3.921,29.3,29.0,28.5,28.6,True
2026-08-26 14:13:02.197,29.11,0.0,29.5,0.0,0.027,3.918,3.903,3.925,3.912,3.926,3.911,3.93,3.921,29.5,28.8,28.8,28.4,True
2026-08-26 14:13:03.658,29.11,0.0,29.5,0.0,0.027,3.918,3.903,3.925,3.912,3.927,3.911,3.93,3.921,29.5,28.8,28.8,28.3,True
2026-08-26 14:13:04.948,29.11,0.0,29.5,0.0,0.027,3.918,3.903,3.925,3.912,3.927,3.911,3.93,3.921,29.5,29.0,28.6,28.5,True
2026-08-26 14:13:06.214,29.11,0.0,29.4,0.0,0.027,3.919,3.903,3.925,3.913,3.927,3.911,3.93,3.921,29.4,29.0,28.6,28.5,True
2026-08-26 14:13:07.597,29.12,0.0,29.4,0.0,0.027,3.919,3.903,3.925,3.913,3.927,3.911,3.93,3.921,29.4,29.0,28.6,28.5,True
2026-08-26 14:13:08.845,29.11,0.0,29.5,0.0,0.027,3.919,3.903,3.925,3.913,3.927,3.911,3.93,3.921,29.5,29.0,28.6,28.5,True
2026-08-26 14:13:10.035,29.11,0.0,29.4,0.0,0.027,3.918,3.903,3.925,3.912,3.927,3.911,3.93,3.921,29.4,29.0,28.6,28.5,True
2026-08-26 14:13:11.365,29.11,0.0,29.4,0.0,0.027,3.918,3.903,3.925,3.912,3.927,3.911,3.93,3.921,29.4,29.0,28.8,28.4,True
2026-08-26 14:13:12.709,29.12,0.0,29.4,0.0,0.027,3.919,3.903,3.926,3.913,3.927,3.911,3.93,3.921,29.4,28.9,28.7,28.4,True
2026-08-26 14:13:13.944,29.11,0.0,29.4,0.0,0.028,3.919,3.903,3.925,3.913,3.927,3.911,3.931,3.92,29.4,29.0,28.6,28.6,True
2026-08-26 14:13:15.221,29.11,0.0,29.5,0.0,0.027,3.918,3.903,3.925,3.913,3.926,3.911,3.93,3.92,29.5,29.0,28.6,28.5,True
2026-08-26 14:13:16.643,29.11,0.0,29.5,0.0,0.027,3.918,3.903,3.925,3.913,3.926,3.911,3.93,3.92,29.5,29.0,28.6,28.5,True
2026-08-26 14:13:17.892,29.11,0.0,29.5,0.0,0.027,3.919,3.903,3.926,3.913,3.927,3.911,3.93,3.921,29.5,29.0,28.6,28.5,True
2026-08-26 14:13:19.162,29.11,0.0,29.5,0.0,0.027,3.919,3.903,3.926,3.913,3.927,3.912,3.93,3.92,29.5,29.0,28.7,28.5,True
2026-08-26 14:13:20.631,29.11,0.0,29.5,0.0,0.028,3.918,3.902,3.926,3.913,3.927,3.911,3.93,3.92,29.5,29.0,28.6,28.4,True
2026-08-26 14:13:21.914,29.11,0.0,29.4,0.0,0.027,3.919,3.903,3.925,3.913,3.927,3.912,3.93,3.921,29.4,29.0,28.6,28.6,True
2026-08-26 14:13:23.176,29.11,0.0,29.5,0.0,0.027,3.919,3.903,3.926,3.912,3.926,3.912,3.93,3.921,29.5,28.9,28.8,28.4,True
2026-08-26 14:13:24.609,29.11,0.0,29.5,0.0,0.027,3.919,3.903,3.926,3.912,3.926,3.912,3.93,3.921,29.5,29.0,28.7,28.5,True
2026-08-26 14:13:25.862,29.11,0.0,29.5,0.0,0.027,3.919,3.903,3.926,3.913,3.927,3.911,3.93,3.921,29.5,28.9,28.7,28.5,True
2026-08-26 14:13:27.117,29.11,0.0,29.5,0.0,0.027,3.918,3.903,3.925,3.913,3.926,3.911,3.93,3.921,29.5,29.1,28.6,28.6,True
2026-08-26 14:13:28.410,29.11,0.0,29.5,0.0,0.027,3.918,3.903,3.925,3.912,3.927,3.911,3.93,3.921,29.5,29.0,28.7,28.5,True
2026-08-26 14:13:29.649,29.11,0.0,29.4,0.0,0.027,3.918,3.903,3.925,3.912,3.927,3.911,3.93,3.921,29.4,29.0,28.6,28.5,True
2026-08-26 14:13:30.913,29.11,0.0,29.5,0.0,0.027,3.919,3.903,3.926,3.913,3.926,3.911,3.93,3.921,29.5,29.0,28.7,28.6,True
2026-08-26 14:13:32.181,29.11,0.0,29.5,0.0,0.027,3.918,3.903,3.926,3.912,3.926,3.911,3.93,3.921,29.5,28.9,28.7,28.5,True
2026-08-26 14:13:33.563,29.11,0.0,29.5,0.0,0.027,3.919,3.903,3.925,3.913,3.927,3.911,3.93,3.921,29.5,29.0,28.7,28.6,True
2026-08-26 14:13:34.819,29.11,0.0,29.6,0.0,0.027,3.919,3.903,3.925,3.913,3.927,3.911,3.93,3.921,29.6,29.0,28.7,28.5,True
2026-08-26 14:13:36.077,29.11,0.0,29.6,0.0,0.027,3.918,3.903,3.926,3.912,3.926,3.911,3.93,3.921,29.6,28.9,28.8,28.4,True
2026-08-26 14:13:37.356,29.11,0.0,29.5,0.0,0.027,3.918,3.903,3.926,3.912,3.926,3.911,3.93,3.921,29.5,29.0,28.8,28.4,True
2026-08-26 14:13:38.637,29.11,0.0,29.6,0.0,0.027,3.918,3.903,3.926,3.912,3.926,3.911,3.93,3.921,29.6,28.9,28.8,28.5,True
2026-08-26 14:13:39.893,29.11,0.0,29.6,0.0,0.027,3.918,3.903,3.925,3.913,3.927,3.911,3.93,3.92,29.6,29.0,28.8,28.5,True
2026-08-26 14:13:41.126,29.11,0.0,29.6,0.0,0.027,3.918,3.903,3.925,3.912,3.927,3.911,3.93,3.921,29.6,29.0,28.8,28.5,True
2026-08-26 14:13:42.373,29.11,0.0,29.5,0.0,0.027,3.918,3.903,3.925,3.913,3.926,3.911,3.93,3.921,29.5,29.0,28.7,28.6,True
2026-08-26 14:13:43.644,29.11,0.0,29.5,0.0,0.027,3.918,3.903,3.925,3.913,3.926,3.911,3.93,3.921,29.5,29.1,28.7,28.5,True
2026-08-26 14:13:44.885,29.11,0.0,29.5,0.0,0.027,3.919,3.903,3.926,3.912,3.927,3.911,3.93,3.921,29.5,29.0,28.7,28.6,True
2026-08-26 14:13:46.136,29.11,0.0,29.6,0.0,0.027,3.918,3.903,3.925,3.912,3.927,3.911,3.93,3.921,29.6,29.0,28.8,28.5,True
2026-08-26 14:13:47.443,29.11,0.0,29.5,0.0,0.027,3.919,3.903,3.925,3.913,3.927,3.911,3.93,3.921,29.5,29.1,28.7,28.6,True
2026-08-26 14:13:48.758,29.11,0.0,29.6,0.0,0.027,3.919,3.903,3.925,3.913,3.927,3.911,3.93,3.921,29.6,29.0,28.7,28.5,True
2026-08-26 14:13:50.007,29.11,0.0,29.5,0.0,0.027,3.919,3.903,3.925,3.913,3.927,3.911,3.93,3.921,29.5,29.0,28.8,28.5,True
2026-08-26 14:13:51.283,29.11,0.0,29.6,0.0,0.027,3.918,3.903,3.925,3.912,3.926,3.911,3.93,3.921,29.6,28.9,28.9,28.4,True
2026-08-26 14:13:52.538,29.11,0.0,29.6,0.0,0.027,3.918,3.903,3.925,3.912,3.926,3.911,3.93,3.921,29.6,29.0,28.8,28.4,True
2026-08-26 14:13:53.767,29.11,0.0,29.5,0.0,0.027,3.919,3.903,3.926,3.912,3.927,3.911,3.93,3.921,29.5,29.0,28.8,28.5,True
2026-08-26 14:13:55.017,29.11,0.0,29.5,0.0,0.027,3.919,3.903,3.926,3.913,3.927,3.911,3.93,3.921,29.5,29.1,28.7,28.6,True
2026-08-26 14:13:56.281,29.11,0.0,29.6,0.0,0.027,3.918,3.903,3.925,3.912,3.927,3.911,3.93,3.921,29.6,29.0,28.8,28.5,True
2026-08-26 14:13:57.541,29.11,0.0,29.6,0.0,0.027,3.918,3.903,3.925,3.912,3.926,3.911,3.93,3.921,29.6,28.9,28.8,28.5,True
2026-08-26 14:13:58.800,29.11,0.0,29.6,0.0,0.027,3.918,3.903,3.925,3.912,3.926,3.911,3.93,3.921,29.6,29.0,28.8,28.5,True
2026-08-26 14:14:00.043,29.11,0.0,29.6,0.0,0.028,3.918,3.902,3.925,3.913,3.927,3.911,3.93,3.921,29.6,29.0,28.8,28.5,True
2026-08-26 14:14:01.283,29.11,0.0,29.6,0.0,0.027,3.918,3.903,3.925,3.913,3.926,3.911,3.93,3.92,29.6,29.0,28.8,28.6,True
2026-08-26 14:14:02.494,29.11,0.0,29.5,0.0,0.027,3.918,3.903,3.926,3.912,3.927,3.911,3.93,3.92,29.5,29.1,28.7,28.6,True
2026-08-26 14:14:03.752,29.11,0.0,29.5,0.0,0.027,3.919,3.903,3.926,3.913,3.926,3.911,3.93,3.921,29.5,29.0,28.8,28.5,True
2026-08-26 14:14:05.019,29.11,0.0,29.6,0.0,0.027,3.919,3.903,3.926,3.913,3.926,3.911,3.93,3.921,29.6,29.0,28.8,28.4,True
2026-08-26 14:14:06.262,29.11,0.0,29.6,0.0,0.028,3.918,3.903,3.925,3.912,3.926,3.911,3.931,3.921,29.6,29.0,28.8,28.5,True
2026-08-26 14:14:07.518,29.11,0.0,29.5,0.0,0.028,3.918,3.902,3.926,3.912,3.927,3.911,3.93,3.92,29.5,29.1,28.8,28.5,True
2026-08-26 14:14:08.760,29.11,0.0,29.6,0.0,0.027,3.918,3.903,3.926,3.912,3.926,3.911,3.93,3.921,29.6,29.0,28.8,28.5,True
2026-08-26 14:14:10.053,29.11,0.0,29.7,0.0,0.027,3.918,3.903,3.925,3.913,3.927,3.911,3.93,3.92,29.7,28.9,28.9,28.4,True
2026-08-26 14:14:11.343,29.11,0.0,29.7,0.0,0.027,3.919,3.903,3.925,3.913,3.927,3.911,3.93,3.921,29.7,29.0,28.8,28.5,True
2026-08-26 14:14:12.584,29.11,0.0,29.7,0.0,0.027,3.918,3.903,3.925,3.913,3.926,3.911,3.93,3.92,29.7,29.0,28.8,28.4,True
2026-08-26 14:14:13.826,29.11,0.0,29.6,0.0,0.027,3.918,3.903,3.925,3.913,3.926,3.911,3.93,3.92,29.6,29.0,28.8,28.4,True
2026-08-26 14:14:15.119,29.11,0.0,29.6,0.0,0.028,3.918,3.902,3.925,3.912,3.926,3.911,3.93,3.92,29.6,29.0,28.8,28.5,True
2026-08-26 14:14:16.365,29.11,0.0,29.7,0.0,0.027,3.918,3.903,3.925,3.912,3.926,3.911,3.93,3.921,29.7,29.0,28.7,28.6,True
2026-08-26 14:14:17.613,29.11,0.0,29.5,0.0,0.028,3.918,3.902,3.926,3.912,3.927,3.911,3.93,3.921,29.5,29.1,28.6,28.6,True
2026-08-26 14:14:18.992,29.11,0.0,29.5,0.0,0.028,3.918,3.902,3.926,3.912,3.927,3.911,3.93,3.921,29.5,29.1,28.8,28.5,True
2026-08-26 14:14:20.250,29.11,0.0,29.6,0.0,0.027,3.918,3.903,3.925,3.913,3.926,3.911,3.93,3.921,29.6,29.1,28.7,28.6,True
2026-08-26 14:14:21.489,29.11,0.0,29.7,0.0,0.027,3.918,3.903,3.925,3.913,3.926,3.911,3.93,3.921,29.7,29.0,28.7,28.6,True
2026-08-26 14:14:22.734,29.11,0.0,29.5,0.0,0.027,3.919,3.903,3.925,3.912,3.927,3.912,3.93,3.921,29.5,29.1,28.8,28.5,True
2026-08-26 14:19:10.775,29.11,0.0,29.3,0.0,0.027,3.919,3.903,3.926,3.913,3.927,3.911,3.93,3.921,29.3,28.9,28.0,28.3,True
2026-08-26 14:19:12.696,29.11,0.0,29.4,0.0,0.027,3.919,3.903,3.926,3.913,3.927,3.911,3.93,3.921,29.4,28.8,28.2,28.3,True
2026-08-26 14:19:13.753,29.11,0.0,29.5,0.0,0.028,3.919,3.902,3.926,3.913,3.927,3.911,3.93,3.921,29.5,28.8,28.1,28.3,True
2026-08-26 14:19:14.830,29.11,0.0,29.4,0.0,0.028,3.919,3.902,3.926,3.913,3.927,3.911,3.93,3.921,29.4,28.9,28.0,28.3,True
2026-08-26 14:19:15.892,29.11,0.0,29.5,0.0,0.027,3.919,3.903,3.926,3.913,3.926,3.911,3.93,3.921,29.5,28.9,28.1,28.3,True
2026-08-26 14:19:16.978,29.11,0.0,29.3,0.0,0.027,3.919,3.903,3.926,3.913,3.926,3.912,3.93,3.921,29.3,28.9,28.1,28.3,True
2026-08-26 14:19:18.041,29.11,0.0,29.3,0.0,0.027,3.919,3.903,3.926,3.913,3.926,3.912,3.93,3.921,29.3,28.9,28.0,28.4,True
2026-08-26 14:19:19.096,29.11,0.0,29.5,0.0,0.027,3.918,3.903,3.926,3.912,3.926,3.911,3.93,3.921,29.5,28.8,28.2,28.3,True
2026-08-26 14:19:20.157,29.11,0.0,29.5,0.0,0.027,3.919,3.903,3.926,3.913,3.927,3.911,3.93,3.921,29.5,28.8,28.2,28.3,True
2026-08-26 14:19:21.245,29.11,0.0,29.4,0.0,0.027,3.918,3.903,3.925,3.913,3.927,3.911,3.93,3.92,29.4,28.8,28.1,28.3,True
2026-08-26 14:19:22.315,29.11,0.0,29.4,0.0,0.027,3.918,3.903,3.925,3.913,3.927,3.911,3.93,3.92,29.4,28.8,28.1,28.3,True
2026-08-26 14:19:23.373,29.11,0.0,29.3,0.0,0.027,3.919,3.903,3.926,3.912,3.927,3.911,3.93,3.921,29.3,28.9,28.1,28.4,True
2026-08-26 14:19:24.448,29.11,0.0,29.5,0.0,0.027,3.919,3.903,3.926,3.912,3.927,3.911,3.93,3.921,29.5,28.7,28.3,28.1,True
2026-08-26 14:19:25.511,29.1,0.0,29.4,0.0,0.027,3.919,3.903,3.926,3.912,3.927,3.911,3.93,3.921,29.4,28.8,28.1,28.3,True
2026-08-26 14:19:26.583,29.1,0.0,29.5,0.0,0.027,3.919,3.903,3.925,3.913,3.927,3.911,3.93,3.921,29.5,28.9,28.2,28.2,True
2026-08-26 14:19:27.625,29.1,0.0,29.4,0.0,0.027,3.919,3.903,3.926,3.912,3.927,3.911,3.93,3.921,29.4,29.0,28.0,28.4,True
2026-08-26 14:19:28.703,29.1,0.0,29.4,0.0,0.027,3.918,3.903,3.925,3.912,3.926,3.911,3.93,3.921,29.4,28.9,28.1,28.3,True
2026-08-26 14:19:29.794,29.1,0.0,29.4,0.0,0.027,3.918,3.903,3.925,3.912,3.926,3.911,3.93,3.92,29.4,28.8,28.2,28.3,True
2026-08-26 14:19:30.855,29.1,0.0,29.3,0.0,0.027,3.918,3.903,3.925,3.912,3.927,3.911,3.93,3.92,29.3,28.9,28.2,28.3,True
2026-08-26 14:19:31.913,29.1,0.0,29.3,0.0,0.027,3.918,3.903,3.925,3.912,3.927,3.911,3.93,3.92,29.3,28.9,28.1,28.3,True
2026-08-26 14:19:32.998,29.1,0.0,29.4,0.0,0.027,3.918,3.903,3.925,3.913,3.926,3.911,3.93,3.921,29.4,28.9,28.1,28.3,True
2026-08-26 14:19:34.070,29.1,0.0,29.4,0.0,0.027,3.918,3.903,3.926,3.912,3.926,3.911,3.93,3.921,29.4,28.9,28.2,28.2,True
2026-08-26 14:19:35.193,29.1,0.0,29.5,0.0,0.027,3.919,3.903,3.925,3.913,3.927,3.911,3.93,3.921,29.5,28.8,28.1,28.4,True
2026-08-26 14:19:36.252,29.1,0.0,29.4,0.0,0.027,3.919,3.903,3.925,3.913,3.927,3.911,3.93,3.921,29.4,28.9,28.0,28.4,True
2026-08-26 14:19:37.280,29.1,0.0,29.5,0.0,0.027,3.919,3.903,3.925,3.913,3.927,3.911,3.93,3.921,29.5,28.8,28.1,28.4,True
2026-08-26 14:19:38.299,29.1,0.0,29.4,0.0,0.027,3.919,3.903,3.925,3.913,3.927,3.911,3.93,3.921,29.4,29.0,28.1,28.4,True
2026-08-26 14:19:39.332,29.1,0.0,29.4,0.0,0.027,3.919,3.903,3.925,3.913,3.927,3.911,3.93,3.921,29.4,28.9,28.1,28.4,True
2026-08-26 14:19:40.444,29.1,0.0,29.4,0.0,0.027,3.919,3.903,3.926,3.913,3.927,3.911,3.93,3.921,29.4,28.9,28.2,28.3,True
2026-08-26 14:19:41.486,29.1,0.0,29.3,0.0,0.028,3.918,3.902,3.925,3.912,3.927,3.911,3.93,3.921,29.3,28.9,28.2,28.3,True
2026-08-26 14:19:42.569,29.1,0.0,29.4,0.0,0.027,3.918,3.903,3.925,3.912,3.926,3.911,3.93,3.92,29.4,28.9,28.1,28.4,True
2026-08-26 14:19:43.612,29.1,0.0,29.4,0.0,0.027,3.918,3.903,3.925,3.912,3.926,3.911,3.93,3.92,29.4,28.9,28.1,28.3,True
2026-08-26 14:19:44.682,29.1,0.0,29.4,0.0,0.027,3.918,3.903,3.925,3.912,3.927,3.911,3.93,3.921,29.4,29.0,28.1,28.4,True
2026-08-26 14:19:45.758,29.1,0.0,29.5,0.0,0.027,3.919,3.903,3.925,3.913,3.927,3.911,3.93,3.921,29.5,29.0,28.2,28.3,True
2026-08-26 14:19:46.798,29.1,0.0,29.5,0.0,0.027,3.918,3.903,3.925,3.912,3.926,3.911,3.93,3.921,29.5,28.9,28.2,28.3,True
2026-08-26 14:19:47.869,29.1,0.0,29.5,0.0,0.027,3.919,3.903,3.926,3.912,3.927,3.912,3.93,3.921,29.5,28.8,28.2,28.3,True
2026-08-26 14:19:48.911,29.1,0.0,29.4,0.0,0.027,3.919,3.903,3.926,3.912,3.927,3.911,3.93,3.921,29.4,28.9,28.1,28.3,True
2026-08-26 14:19:49.954,29.1,0.0,29.4,0.0,0.027,3.919,3.903,3.926,3.912,3.927,3.911,3.93,3.921,29.4,28.9,28.2,28.3,True
2026-08-26 14:19:50.988,29.1,0.0,29.5,0.0,0.027,3.919,3.903,3.926,3.912,3.927,3.911,3.93,3.921,29.5,28.9,28.2,28.4,True
2026-08-26 14:19:52.055,29.1,0.0,29.4,0.0,0.027,3.918,3.903,3.925,3.912,3.926,3.911,3.93,3.921,29.4,29.0,28.0,28.4,True
2026-08-26 14:19:53.130,29.1,0.0,29.5,0.0,0.027,3.918,3.903,3.926,3.912,3.926,3.911,3.93,3.921,29.5,28.9,28.1,28.4,True
2026-08-26 14:19:54.215,29.1,0.0,29.5,0.0,0.027,3.918,3.903,3.925,3.912,3.927,3.911,3.93,3.921,29.5,28.9,28.2,28.3,True
2026-08-26 14:19:55.350,29.1,0.0,29.5,0.0,0.027,3.918,3.903,3.925,3.912,3.927,3.911,3.93,3.921,29.5,28.8,28.2,28.4,True
2026-08-26 14:19:56.453,29.1,0.0,29.4,0.0,0.027,3.919,3.903,3.925,3.913,3.927,3.911,3.93,3.921,29.4,28.9,28.2,28.3,True
2026-08-26 14:19:57.508,29.1,0.0,29.5,0.0,0.027,3.919,3.903,3.925,3.913,3.927,3.911,3.93,3.921,29.5,28.8,28.2,28.2,True
2026-08-26 14:19:58.589,29.1,0.0,29.5,0.0,0.027,3.919,3.903,3.925,3.913,3.927,3.911,3.93,3.921,29.5,28.9,28.1,28.4,True
2026-08-26 14:19:59.682,29.1,0.0,29.5,0.0,0.027,3.919,3.903,3.926,3.913,3.926,3.911,3.93,3.921,29.5,28.8,28.2,28.4,True
2026-08-26 14:20:00.767,29.1,0.0,29.5,0.0,0.027,3.919,3.903,3.926,3.913,3.926,3.911,3.93,3.921,29.5,28.9,28.1,28.4,True
2026-08-26 14:20:01.828,29.1,0.0,29.5,0.0,0.028,3.919,3.902,3.926,3.913,3.927,3.911,3.93,3.921,29.5,28.9,28.2,28.3,True
2026-08-26 14:20:02.901,29.1,0.0,29.4,0.0,0.027,3.918,3.903,3.925,3.913,3.926,3.911,3.93,3.921,29.4,28.9,28.1,28.4,True
2026-08-26 14:20:03.974,29.1,0.0,29.4,0.0,0.027,3.918,3.903,3.925,3.913,3.926,3.911,3.93,3.921,29.4,29.0,28.1,28.4,True
2026-08-26 14:20:05.012,29.1,0.0,29.4,0.0,0.027,3.918,3.903,3.925,3.912,3.927,3.911,3.93,3.92,29.4,28.9,28.2,28.3,True
2026-08-26 14:20:06.047,29.09,0.0,29.4,0.0,0.028,3.918,3.902,3.926,3.912,3.926,3.911,3.93,3.92,29.4,29.0,28.1,28.4,True
2026-08-26 14:20:07.087,29.1,0.0,29.5,0.0,0.028,3.918,3.902,3.926,3.912,3.927,3.911,3.93,3.921,29.5,28.8,28.2,28.3,True
2026-08-26 14:20:08.132,29.1,0.0,29.4,0.0,0.027,3.919,3.903,3.926,3.912,3.927,3.911,3.93,3.921,29.4,28.9,28.1,28.4,True
2026-08-26 14:20:09.212,29.09,0.0,29.3,0.0,0.027,3.919,3.903,3.926,3.912,3.927,3.911,3.93,3.921,29.3,29.0,28.1,28.3,True
2026-08-26 14:20:10.255,29.1,0.0,29.4,0.0,0.027,3.918,3.903,3.925,3.912,3.927,3.911,3.93,3.921,29.4,28.9,28.1,28.3,True
2026-08-26 14:20:11.315,29.1,0.0,29.4,0.0,0.028,3.918,3.902,3.925,3.913,3.926,3.911,3.93,3.92,29.4,29.0,28.0,28.4,True
2026-08-26 14:20:12.403,29.1,0.0,29.6,0.0,0.027,3.918,3.903,3.925,3.913,3.926,3.911,3.93,3.921,29.6,28.9,28.2,28.3,True
2026-08-26 14:20:13.460,29.1,0.0,29.5,0.0,0.027,3.918,3.903,3.925,3.913,3.926,3.911,3.93,3.921,29.5,28.9,28.1,28.4,True
2026-08-26 14:20:14.517,29.1,0.0,29.6,0.0,0.027,3.918,3.903,3.926,3.912,3.926,3.911,3.93,3.92,29.6,28.8,28.2,28.3,True
2026-08-26 14:20:15.772,29.09,0.0,29.5,0.0,0.027,3.918,3.903,3.926,3.912,3.926,3.911,3.93,3.92,29.5,28.8,28.2,28.3,True
2026-08-26 14:20:16.999,29.09,0.0,29.5,0.0,0.027,3.918,3.903,3.925,3.912,3.927,3.911,3.93,3.92,29.5,28.9,28.2,28.3,True
2026-08-26 14:20:18.244,29.1,0.0,29.5,0.0,0.027,3.919,3.903,3.925,3.913,3.927,3.911,3.93,3.921,29.5,28.8,28.2,28.3,True
2026-08-26 14:20:19.660,29.09,0.0,29.4,0.0,0.027,3.918,3.903,3.925,3.913,3.926,3.911,3.93,3.921,29.4,29.0,28.1,28.5,True
2026-08-26 14:20:20.932,29.09,0.0,29.5,0.0,0.027,3.918,3.903,3.925,3.913,3.926,3.911,3.93,3.921,29.5,28.8,28.2,28.3,True
2026-08-26 14:20:22.128,29.09,0.0,29.6,0.0,0.027,3.918,3.903,3.926,3.912,3.927,3.911,3.93,3.92,29.6,28.7,28.3,28.2,True
2026-08-26 14:20:23.345,29.09,0.0,29.5,0.0,0.027,3.918,3.903,3.925,3.912,3.926,3.911,3.93,3.921,29.5,29.0,28.0,28.4,True
2026-08-26 14:20:24.686,29.09,0.0,29.5,0.0,0.028,3.918,3.902,3.925,3.913,3.927,3.911,3.93,3.921,29.5,28.9,28.2,28.4,True
2026-08-26 14:20:25.909,29.09,0.0,29.5,0.0,0.028,3.918,3.902,3.925,3.912,3.927,3.911,3.93,3.921,29.5,28.9,28.2,28.3,True
2026-08-26 14:20:27.127,29.09,0.0,29.5,0.0,0.028,3.918,3.902,3.925,3.912,3.927,3.911,3.93,3.921,29.5,28.9,28.2,28.3,True
2026-08-26 14:20:28.554,29.09,0.0,29.3,0.0,0.027,3.919,3.903,3.926,3.913,3.926,3.911,3.93,3.921,29.3,29.0,28.1,28.5,True
2026-08-26 14:20:29.781,29.09,0.0,29.5,0.0,0.027,3.919,3.903,3.925,3.913,3.927,3.911,3.93,3.921,29.5,28.9,28.1,28.4,True
2026-08-26 14:20:31.023,29.09,0.0,29.6,0.0,0.027,3.919,3.903,3.926,3.913,3.926,3.911,3.93,3.921,29.6,28.9,28.2,28.4,True
2026-08-26 14:20:32.274,29.09,0.0,29.6,0.0,0.027,3.918,3.903,3.925,3.913,3.927,3.911,3.93,3.92,29.6,28.9,28.2,28.3,True
2026-08-26 14:20:33.653,29.09,0.0,29.5,0.0,0.027,3.919,3.903,3.926,3.912,3.926,3.912,3.93,3.921,29.5,29.0,28.2,28.4,True
2026-08-26 14:20:34.863,29.09,0.0,29.5,0.0,0.027,3.919,3.903,3.926,3.912,3.926,3.912,3.93,3.921,29.5,28.9,28.2,28.3,True
2026-08-26 14:20:36.237,29.09,0.0,29.4,0.0,0.027,3.918,3.903,3.926,3.913,3.926,3.911,3.93,3.92,29.4,29.1,28.1,28.3,True
2026-08-26 14:20:37.649,29.09,0.0,29.5,0.0,0.027,3.918,3.903,3.926,3.913,3.926,3.911,3.93,3.92,29.5,28.9,28.2,28.3,True
2026-08-26 14:20:38.898,29.09,0.0,29.4,0.0,0.027,3.918,3.903,3.925,3.912,3.926,3.912,3.93,3.921,29.4,28.9,28.2,28.4,True
2026-08-26 14:20:40.129,29.09,0.0,29.5,0.0,0.027,3.918,3.903,3.925,3.912,3.926,3.912,3.93,3.921,29.5,29.0,28.1,28.4,True
2026-08-26 14:20:41.551,29.09,0.0,29.5,0.0,0.028,3.918,3.902,3.925,3.912,3.927,3.911,3.93,3.92,29.5,28.9,28.2,28.4,True
2026-08-26 14:20:42.781,29.09,0.0,29.6,0.0,0.028,3.918,3.902,3.926,3.913,3.926,3.911,3.93,3.92,29.6,28.8,28.2,28.3,True
2026-08-26 14:20:44.066,29.09,0.0,29.4,0.0,0.027,3.918,3.903,3.925,3.913,3.926,3.911,3.93,3.92,29.4,29.0,28.2,28.4,True
2026-08-26 14:20:45.326,29.09,0.0,29.5,0.0,0.027,3.918,3.903,3.925,3.912,3.926,3.911,3.93,3.92,29.5,28.9,28.2,28.4,True
2026-08-26 14:20:46.713,29.09,0.0,29.6,0.0,0.027,3.918,3.903,3.926,3.913,3.926,3.911,3.93,3.92,29.6,28.9,28.2,28.3,True
2026-08-26 14:20:47.942,29.09,0.0,29.6,0.0,0.027,3.918,3.903,3.925,3.912,3.927,3.911,3.93,3.92,29.6,28.8,28.3,28.3,True
2026-08-26 14:20:49.310,29.09,0.0,29.6,0.0,0.027,3.918,3.903,3.925,3.912,3.927,3.911,3.93,3.92,29.6,28.8,28.3,28.2,True
2026-08-26 14:20:50.616,29.09,0.0,29.4,0.0,0.027,3.918,3.903,3.925,3.913,3.926,3.911,3.93,3.921,29.4,28.9,28.1,28.4,True
2026-08-26 14:20:51.865,29.09,0.0,29.3,0.0,0.027,3.918,3.903,3.925,3.912,3.926,3.911,3.93,3.921,29.3,29.0,28.1,28.4,True
2026-08-26 14:20:53.124,29.09,0.0,29.5,0.0,0.028,3.918,3.902,3.925,3.912,3.926,3.911,3.93,3.921,29.5,28.9,28.2,28.4,True
2026-08-26 14:20:54.348,29.09,0.0,29.5,0.0,0.028,3.918,3.902,3.925,3.912,3.927,3.911,3.93,3.921,29.5,28.9,28.2,28.3,True
2026-08-26 14:20:55.656,29.09,0.0,29.5,0.0,0.028,3.918,3.902,3.925,3.912,3.927,3.911,3.93,3.921,29.5,28.9,28.2,28.3,True
2026-08-26 14:20:56.904,29.09,0.0,29.4,0.0,0.027,3.919,3.903,3.925,3.913,3.927,3.911,3.93,3.921,29.4,29.0,28.1,28.3,True
2026-08-26 14:20:58.219,29.09,0.0,29.5,0.0,0.027,3.919,3.903,3.925,3.913,3.927,3.911,3.93,3.921,29.5,28.8,28.2,28.3,True
2026-08-26 14:20:59.661,29.09,0.0,29.5,0.0,0.027,3.918,3.903,3.925,3.912,3.927,3.911,3.93,3.921,29.5,28.9,28.2,28.4,True
2026-08-26 14:21:00.950,29.09,0.0,29.5,0.0,0.027,3.918,3.903,3.925,3.912,3.927,3.911,3.93,3.921,29.5,29.0,28.1,28.4,True
2026-08-26 14:21:02.250,29.09,0.0,29.5,0.0,0.027,3.918,3.903,3.925,3.912,3.927,3.911,3.93,3.921,29.5,29.0,28.1,28.4,True
2026-08-26 14:21:03.737,29.09,0.0,29.5,0.0,0.027,3.918,3.903,3.925,3.912,3.926,3.911,3.93,3.921,29.5,28.9,28.2,28.4,True
2026-08-26 14:21:04.970,29.09,0.0,29.5,0.0,0.028,3.918,3.902,3.925,3.912,3.927,3.911,3.93,3.921,29.5,28.9,28.1,28.5,True
2026-08-26 14:21:06.259,29.09,0.0,29.5,0.0,0.027,3.918,3.903,3.925,3.912,3.926,3.911,3.93,3.921,29.5,28.9,28.2,28.3,True
2026-08-26 14:21:07.534,29.09,0.0,29.5,0.0,0.027,3.918,3.903,3.925,3.912,3.926,3.911,3.93,3.921,29.5,28.9,28.2,28.4,True
2026-08-26 14:21:08.860,29.09,0.0,29.5,0.0,0.027,3.918,3.903,3.925,3.912,3.927,3.911,3.93,3.92,29.5,29.0,28.2,28.4,True
2026-08-26 14:21:10.099,29.09,0.0,29.6,0.0,0.027,3.918,3.903,3.925,3.912,3.927,3.911,3.93,3.92,29.6,28.9,28.2,28.4,True
2026-08-26 14:21:11.359,29.09,0.0,29.5,0.0,0.028,3.918,3.902,3.926,3.912,3.926,3.912,3.93,3.921,29.5,28.9,28.2,28.4,True
2026-08-26 14:21:12.638,29.09,0.0,29.6,0.0,0.027,3.918,3.903,3.925,3.912,3.926,3.911,3.93,3.921,29.6,28.8,28.2,28.4,True
2026-08-26 14:21:13.924,29.09,0.0,29.6,0.0,0.027,3.918,3.903,3.925,3.912,3.926,3.911,3.93,3.921,29.6,28.9,28.2,28.4,True
2026-08-26 14:21:15.337,29.09,0.0,29.6,0.0,0.027,3.918,3.903,3.925,3.913,3.926,3.911,3.93,3.92,29.6,29.0,28.1,28.5,True
2026-08-26 14:21:16.631,29.09,0.0,29.5,0.0,0.027,3.918,3.903,3.926,3.912,3.926,3.911,3.93,3.921,29.5,29.0,28.2,28.4,True
2026-08-26 14:21:17.927,29.09,0.0,29.6,0.0,0.027,3.918,3.903,3.926,3.912,3.926,3.911,3.93,3.921,29.6,28.9,28.2,28.3,True
2026-08-26 14:21:19.189,29.09,0.0,29.6,0.0,0.028,3.918,3.902,3.925,3.912,3.927,3.911,3.93,3.921,29.6,28.9,28.2,28.3,True
2026-08-26 14:21:20.426,29.09,0.0,29.5,0.0,0.027,3.918,3.903,3.925,3.912,3.926,3.911,3.93,3.92,29.5,29.0,28.1,28.4,True
2026-08-26 14:21:21.674,29.09,0.0,29.6,0.0,0.027,3.918,3.903,3.925,3.912,3.926,3.911,3.93,3.92,29.6,28.9,28.3,28.3,True
2026-08-26 14:21:22.923,29.09,0.0,29.6,0.0,0.027,3.918,3.903,3.925,3.912,3.926,3.911,3.93,3.921,29.6,28.9,28.2,28.4,True
2026-08-26 14:21:24.192,29.09,0.0,29.6,0.0,0.027,3.918,3.903,3.925,3.912,3.926,3.911,3.93,3.92,29.6,28.9,28.2,28.3,True
2026-08-26 14:21:25.532,29.09,0.0,29.6,0.0,0.027,3.918,3.903,3.926,3.913,3.926,3.911,3.93,3.92,29.6,28.9,28.2,28.4,True
2026-08-26 14:21:26.771,29.09,0.0,29.6,0.0,0.027,3.918,3.903,3.926,3.913,3.926,3.911,3.93,3.92,29.6,28.8,28.3,28.3,True
2026-08-26 14:21:28.074,29.09,0.0,29.6,0.0,0.028,3.918,3.902,3.926,3.912,3.926,3.911,3.93,3.921,29.6,28.9,28.2,28.4,True
2026-08-26 14:21:29.359,29.09,0.0,29.7,0.0,0.028,3.918,3.902,3.925,3.912,3.926,3.911,3.93,3.921,29.7,28.9,28.3,28.3,True
2026-08-26 14:21:30.639,29.09,0.0,29.6,0.0,0.027,3.918,3.903,3.925,3.913,3.926,3.911,3.93,3.921,29.6,28.9,28.2,28.4,True
2026-08-26 14:21:32.002,29.09,0.0,29.6,0.0,0.027,3.919,3.903,3.925,3.913,3.927,3.911,3.93,3.921,29.6,28.9,28.2,28.4,True
2026-08-26 14:21:33.337,29.09,0.0,29.6,0.0,0.027,3.918,3.903,3.925,3.912,3.926,3.911,3.93,3.921,29.6,28.8,28.3,28.3,True
2026-08-26 14:21:34.625,29.09,0.0,29.6,0.0,0.027,3.919,3.903,3.926,3.912,3.927,3.911,3.93,3.921,29.6,28.9,28.2,28.4,True
2026-08-26 14:21:35.914,29.09,0.0,29.6,0.0,0.028,3.918,3.902,3.925,3.912,3.927,3.911,3.93,3.92,29.6,28.8,28.2,28.4,True
2026-08-26 14:21:37.307,29.09,0.0,29.5,0.0,0.027,3.918,3.903,3.925,3.912,3.927,3.911,3.93,3.92,29.5,29.0,28.2,28.4,True
2026-08-26 14:21:38.569,29.09,0.0,29.6,0.0,0.027,3.918,3.903,3.925,3.913,3.926,3.911,3.93,3.92,29.6,28.9,28.2,28.4,True
2026-08-26 14:21:39.805,29.09,0.0,29.5,0.0,0.027,3.918,3.903,3.925,3.913,3.926,3.911,3.93,3.92,29.5,29.0,28.1,28.5,True
2026-08-26 14:21:41.081,29.09,0.0,29.6,0.0,0.028,3.918,3.902,3.925,3.912,3.926,3.911,3.93,3.921,29.6,28.9,28.2,28.3,True
2026-08-26 14:21:42.453,29.09,0.0,29.6,0.0,0.028,3.918,3.902,3.925,3.912,3.926,3.911,3.93,3.921,29.6,28.8,28.3,28.3,True
2026-08-26 14:21:43.713,29.09,0.0,29.6,0.0,0.027,3.918,3.903,3.925,3.912,3.926,3.911,3.93,3.92,29.6,28.9,28.2,28.4,True
2026-08-26 14:21:45.108,29.09,0.0,29.5,0.0,0.027,3.919,3.903,3.926,3.913,3.926,3.911,3.93,3.921,29.5,28.9,28.2,28.3,True
2026-08-26 14:21:46.412,29.09,0.0,29.6,0.0,0.028,3.918,3.902,3.925,3.912,3.926,3.911,3.93,3.921,29.6,28.9,28.2,28.4,True
2026-08-26 14:21:47.700,29.09,0.0,29.6,0.0,0.027,3.919,3.903,3.926,3.913,3.926,3.911,3.93,3.921,29.6,29.1,28.1,28.5,True
2026-08-26 14:21:49.053,29.09,0.0,29.7,0.0,0.027,3.918,3.903,3.925,3.912,3.927,3.911,3.93,3.92,29.7,28.8,28.4,28.3,True
2026-08-26 14:21:50.324,29.09,0.0,29.6,0.0,0.027,3.918,3.903,3.925,3.912,3.927,3.911,3.93,3.92,29.6,28.9,28.2,28.4,True
2026-08-26 14:21:51.704,29.09,0.0,29.7,0.0,0.027,3.918,3.903,3.925,3.912,3.926,3.911,3.93,3.921,29.7,28.9,28.3,28.3,True
2026-08-26 14:21:52.961,29.09,0.0,29.6,0.0,0.027,3.918,3.903,3.925,3.912,3.926,3.911,3.93,3.921,29.6,28.9,28.2,28.4,True
2026-08-26 14:21:54.320,29.09,0.0,29.6,0.0,0.027,3.918,3.903,3.925,3.912,3.926,3.911,3.93,3.921,29.6,28.9,28.3,28.4,True
2026-08-26 14:21:55.593,29.09,0.0,29.6,0.0,0.028,3.918,3.902,3.925,3.913,3.926,3.911,3.93,3.921,29.6,28.9,28.2,28.4,True
2026-08-26 14:21:56.919,29.09,0.0,29.6,0.0,0.027,3.918,3.903,3.925,3.912,3.926,3.911,3.93,3.921,29.6,29.0,28.2,28.4,True
2026-08-26 14:21:58.252,29.09,0.0,29.6,0.0,0.028,3.918,3.902,3.926,3.912,3.927,3.911,3.93,3.92,29.6,28.9,28.3,28.3,True
2026-08-26 14:21:59.537,29.09,0.0,29.6,0.0,0.028,3.918,3.902,3.926,3.912,3.927,3.911,3.93,3.921,29.6,29.0,28.2,28.4,True
2026-08-26 14:22:00.820,29.09,0.0,29.6,0.0,0.027,3.918,3.903,3.925,3.912,3.926,3.911,3.93,3.92,29.6,28.9,28.2,28.4,True
2026-08-26 14:22:02.130,29.08,0.0,29.5,0.0,0.027,3.918,3.903,3.925,3.912,3.926,3.911,3.93,3.92,29.5,28.9,28.2,28.4,True
2026-08-26 14:22:03.604,29.09,0.0,29.6,0.0,0.028,3.918,3.902,3.925,3.913,3.926,3.911,3.93,3.921,29.6,28.8,28.2,28.4,True
2026-08-26 14:22:05.169,29.09,0.0,29.6,0.0,0.027,3.918,3.903,3.925,3.912,3.926,3.911,3.93,3.921,29.6,28.9,28.3,28.3,True
2026-08-26 14:22:06.452,29.09,0.0,29.7,0.0,0.027,3.918,3.903,3.925,3.913,3.926,3.911,3.93,3.92,29.7,28.9,28.2,28.3,True
2026-08-26 14:22:07.727,29.09,0.0,29.6,0.0,0.027,3.919,3.903,3.925,3.913,3.927,3.911,3.93,3.921,29.6,29.0,28.2,28.5,True
2026-08-26 14:22:09.100,29.09,0.0,29.7,0.0,0.028,3.918,3.902,3.925,3.913,3.927,3.911,3.93,3.921,29.7,28.8,28.4,28.3,True
2026-08-26 14:22:10.441,29.09,0.0,29.6,0.0,0.028,3.918,3.902,3.925,3.913,3.927,3.911,3.93,3.921,29.6,28.9,28.3,28.3,True
2026-08-26 14:22:11.704,29.09,0.0,29.6,0.0,0.027,3.918,3.903,3.925,3.913,3.927,3.911,3.93,3.92,29.6,28.9,28.3,28.3,True
2026-08-26 14:22:13.107,29.09,0.0,29.6,0.0,0.028,3.918,3.902,3.925,3.912,3.927,3.911,3.93,3.921,29.6,28.9,28.2,28.4,True
2026-08-26 14:22:14.568,29.08,0.0,29.6,0.0,0.028,3.918,3.902,3.925,3.912,3.926,3.911,3.93,3.92,29.6,28.9,28.2,28.4,True
2026-08-26 14:22:15.967,29.09,0.0,29.7,0.0,0.028,3.918,3.902,3.925,3.912,3.926,3.911,3.93,3.92,29.7,28.8,28.3,28.3,True
2026-08-26 14:22:17.312,29.08,0.0,29.6,0.0,0.028,3.918,3.902,3.925,3.912,3.926,3.911,3.93,3.92,29.6,29.0,28.2,28.3,True
2026-08-26 14:22:18.626,29.08,0.0,29.6,0.0,0.027,3.918,3.903,3.925,3.912,3.926,3.911,3.93,3.921,29.6,28.9,28.2,28.4,True
2026-08-26 14:22:19.955,29.08,0.0,29.6,0.0,0.027,3.918,3.903,3.925,3.912,3.926,3.911,3.93,3.92,29.6,28.9,28.2,28.4,True
2026-08-26 14:22:21.372,29.09,0.0,29.7,0.0,0.027,3.918,3.903,3.925,3.913,3.926,3.911,3.93,3.92,29.7,28.9,28.3,28.3,True
2026-08-26 14:22:22.686,29.08,0.0,29.6,0.0,0.028,3.918,3.902,3.925,3.912,3.927,3.911,3.93,3.92,29.6,28.7,28.4,28.3,True
2026-08-26 14:22:23.990,29.08,0.0,29.7,0.0,0.027,3.918,3.903,3.925,3.912,3.926,3.911,3.93,3.921,29.7,28.9,28.2,28.4,True
2026-08-26 14:22:25.295,29.08,0.0,29.7,0.0,0.027,3.918,3.903,3.925,3.913,3.926,3.911,3.93,3.92,29.7,28.8,28.3,28.4,True
2026-08-26 14:22:26.554,29.09,0.0,29.7,0.0,0.027,3.918,3.903,3.925,3.912,3.927,3.911,3.93,3.92,29.7,28.9,28.2,28.4,True
2026-08-26 14:22:27.816,29.08,0.0,29.6,0.0,0.027,3.918,3.903,3.925,3.912,3.927,3.911,3.93,3.92,29.6,28.9,28.3,28.3,True
2026-08-26 14:22:29.271,29.08,0.0,29.8,0.0,0.028,3.918,3.902,3.925,3.913,3.926,3.911,3.93,3.921,29.8,28.7,28.4,28.2,True
2026-08-26 14:22:30.611,29.08,0.0,29.6,0.0,0.028,3.918,3.902,3.925,3.912,3.926,3.911,3.93,3.92,29.6,28.9,28.3,28.3,True
2026-08-26 14:22:31.952,29.09,0.0,29.6,0.0,0.027,3.918,3.903,3.925,3.912,3.927,3.911,3.93,3.92,29.6,28.9,28.2,28.4,True
2026-08-26 14:22:33.321,29.08,0.0,29.5,0.0,0.027,3.918,3.903,3.925,3.912,3.927,3.911,3.93,3.92,29.5,29.1,28.2,28.4,True
2026-08-26 14:22:34.610,29.08,0.0,29.7,0.0,0.027,3.918,3.903,3.925,3.912,3.926,3.911,3.93,3.92,29.7,28.8,28.3,28.4,True
2026-08-26 14:22:36.030,29.08,0.0,29.6,0.0,0.027,3.918,3.903,3.925,3.912,3.926,3.911,3.93,3.92,29.6,29.0,28.2,28.4,True
2026-08-26 14:22:37.386,29.08,0.0,29.6,0.0,0.027,3.918,3.903,3.925,3.912,3.926,3.911,3.93,3.92,29.6,28.9,28.2,28.4,True
2026-08-26 14:22:38.734,29.08,0.0,29.6,0.0,0.027,3.918,3.903,3.925,3.912,3.926,3.911,3.93,3.921,29.6,29.0,28.3,28.3,True
2026-08-26 14:22:40.169,29.09,0.0,29.7,0.0,0.027,3.918,3.903,3.925,3.912,3.927,3.911,3.93,3.92,29.7,28.8,28.3,28.4,True
2026-08-26 14:22:41.511,29.08,0.0,29.6,0.0,0.027,3.918,3.903,3.925,3.912,3.927,3.911,3.93,3.92,29.6,28.9,28.2,28.4,True
2026-08-26 14:23:04.483,31.35,0.0,29.6,0.0,0.027,3.919,3.903,3.926,3.912,3.927,3.911,3.93,3.921,29.6,28.9,28.2,28.4,True
2026-08-26 14:23:06.337,31.35,0.0,29.6,0.0,0.027,3.919,3.903,3.926,3.912,3.927,3.911,3.93,3.921,29.6,28.9,28.2,28.4,True
2026-08-26 14:23:07.553,31.35,0.0,29.5,0.0,0.027,3.918,3.903,3.925,3.913,3.926,3.911,3.93,3.921,29.5,29.0,28.2,28.4,True
2026-08-26 14:23:08.708,31.35,0.0,29.7,0.0,0.027,3.918,3.903,3.925,3.913,3.926,3.911,3.93,3.921,29.7,28.9,28.3,28.4,True
2026-08-26 14:23:09.850,31.34,0.0,29.7,0.0,0.028,3.918,3.902,3.925,3.912,3.926,3.911,3.93,3.921,29.7,28.9,28.2,28.3,True
2026-08-26 14:23:11.011,31.34,0.0,29.8,0.0,0.028,3.918,3.902,3.925,3.912,3.926,3.911,3.93,3.921,29.8,29.0,28.1,28.4,True
2026-08-26 14:23:12.182,31.35,0.0,29.8,0.0,0.027,3.918,3.903,3.925,3.913,3.926,3.911,3.93,3.92,29.8,28.8,28.3,28.3,True
2026-08-26 14:23:13.345,31.34,0.0,29.6,0.0,0.028,3.918,3.902,3.925,3.912,3.926,3.911,3.93,3.921,29.6,29.0,28.2,28.4,True
2026-08-26 14:23:14.519,31.35,0.0,29.7,0.0,0.027,3.918,3.903,3.926,3.912,3.926,3.911,3.93,3.92,29.7,28.9,28.2,28.4,True
2026-08-26 14:23:15.636,31.35,0.0,29.8,0.0,0.028,3.918,3.902,3.926,3.913,3.926,3.911,3.93,3.921,29.8,28.8,28.4,28.3,True
2026-08-26 14:23:16.770,31.35,0.0,29.7,0.0,0.028,3.918,3.902,3.926,3.913,3.926,3.911,3.93,3.921,29.7,28.9,28.2,28.4,True
2026-08-26 14:23:17.940,31.35,0.0,29.6,0.0,0.027,3.918,3.903,3.925,3.912,3.926,3.911,3.93,3.921,29.6,28.9,28.3,28.3,True
2026-08-26 14:23:19.167,31.35,0.0,29.6,0.0,0.027,3.918,3.903,3.925,3.912,3.926,3.911,3.93,3.921,29.6,29.0,28.2,28.4,True
2026-08-26 14:23:20.377,31.34,0.0,29.6,0.0,0.028,3.918,3.902,3.925,3.912,3.926,3.911,3.93,3.92,29.6,29.0,28.2,28.4,True
2026-08-26 14:23:21.573,31.34,0.0,29.7,0.0,0.028,3.918,3.902,3.925,3.912,3.926,3.911,3.93,3.921,29.7,28.9,28.3,28.2,True
2026-08-26 14:23:22.749,31.35,0.0,29.7,0.0,0.027,3.918,3.903,3.925,3.913,3.926,3.911,3.93,3.921,29.7,28.9,28.3,28.3,True
2026-08-26 14:23:23.914,31.34,0.0,29.6,0.0,0.028,3.918,3.902,3.925,3.912,3.926,3.911,3.93,3.921,29.6,28.8,28.4,28.3,True
2026-08-26 14:23:25.076,31.34,0.0,29.8,0.0,0.028,3.918,3.902,3.925,3.912,3.926,3.911,3.93,3.92,29.8,28.8,28.3,28.3,True
2026-08-26 14:23:26.211,31.35,0.0,29.7,0.0,0.027,3.918,3.903,3.926,3.912,3.926,3.911,3.93,3.92,29.7,28.8,28.4,28.4,True
2026-08-26 14:23:27.381,31.35,0.0,29.8,0.0,0.027,3.918,3.903,3.926,3.912,3.926,3.911,3.93,3.92,29.8,28.9,28.2,28.3,True
2026-08-26 14:23:28.500,31.35,0.0,29.6,0.0,0.027,3.918,3.903,3.925,3.912,3.927,3.911,3.93,3.92,29.6,28.9,28.2,28.5,True
2026-08-26 14:23:29.731,31.34,0.0,29.8,0.0,0.028,3.918,3.902,3.925,3.912,3.926,3.911,3.93,3.921,29.8,28.8,28.4,28.3,True
2026-08-26 14:23:30.866,31.34,0.0,29.7,0.0,0.028,3.918,3.902,3.925,3.912,3.926,3.911,3.93,3.921,29.7,28.9,28.3,28.4,True
2026-08-26 14:23:32.015,31.34,0.0,29.8,0.0,0.028,3.918,3.902,3.925,3.912,3.926,3.911,3.93,3.921,29.8,28.9,28.2,28.4,True
2026-08-26 14:23:33.159,31.34,0.0,29.6,0.0,0.028,3.918,3.902,3.925,3.912,3.926,3.911,3.93,3.92,29.6,29.0,28.2,28.4,True
2026-08-26 14:23:34.314,31.34,0.0,29.5,0.0,0.028,3.918,3.902,3.925,3.912,3.926,3.911,3.93,3.92,29.5,29.0,28.3,28.4,True
2026-08-26 14:23:35.481,31.34,0.0,29.7,0.0,0.028,3.918,3.902,3.925,3.912,3.926,3.911,3.93,3.921,29.7,28.9,28.2,28.4,True
2026-08-26 14:23:36.680,31.35,0.0,29.8,0.0,0.027,3.918,3.903,3.925,3.912,3.926,3.911,3.93,3.921,29.8,28.9,28.3,28.4,True
2026-08-26 14:23:37.885,31.34,0.0,29.8,0.0,0.027,3.918,3.903,3.925,3.912,3.926,3.911,3.93,3.92,29.8,28.8,28.3,28.3,True
2026-08-26 14:23:39.084,31.34,0.0,29.7,0.0,0.027,3.918,3.903,3.925,3.912,3.926,3.911,3.93,3.92,29.7,29.0,28.2,28.4,True
2026-08-26 14:23:40.255,31.35,0.0,29.6,0.0,0.027,3.918,3.903,3.925,3.912,3.927,3.911,3.93,3.92,29.6,29.0,28.2,28.4,True
2026-08-26 14:23:41.466,31.34,0.0,29.7,0.0,0.028,3.918,3.902,3.925,3.912,3.927,3.911,3.93,3.92,29.7,28.9,28.2,28.5,True
2026-08-26 14:23:42.670,31.35,0.0,29.7,0.0,0.027,3.918,3.903,3.925,3.912,3.926,3.911,3.93,3.921,29.7,28.9,28.2,28.4,True
2026-08-26 14:23:43.884,31.34,0.0,29.7,0.0,0.027,3.918,3.903,3.925,3.912,3.926,3.911,3.93,3.92,29.7,28.9,28.1,28.4,True
2026-08-26 14:23:45.058,31.35,0.0,29.6,0.0,0.027,3.918,3.903,3.926,3.912,3.926,3.911,3.93,3.92,29.6,29.0,28.2,28.4,True
2026-08-26 14:23:46.241,31.34,0.0,29.8,0.0,0.026,3.918,3.903,3.925,3.912,3.926,3.911,3.929,3.92,29.8,28.9,28.2,28.4,True
2026-08-26 14:23:47.557,31.34,0.0,29.7,0.0,0.026,3.918,3.903,3.925,3.912,3.926,3.911,3.929,3.92,29.7,28.9,28.3,28.4,True
2026-08-26 14:23:48.720,31.35,0.0,29.8,0.0,0.027,3.918,3.903,3.925,3.912,3.926,3.911,3.93,3.921,29.8,28.8,28.2,28.4,True
2026-08-26 14:23:49.851,31.35,0.0,29.7,0.0,0.027,3.918,3.903,3.925,3.912,3.926,3.911,3.93,3.921,29.7,28.9,28.3,28.4,True
2026-08-26 14:23:51.021,31.35,0.0,29.7,0.0,0.027,3.918,3.903,3.925,3.913,3.926,3.911,3.93,3.92,29.7,28.9,28.2,28.4,True
2026-08-26 14:23:52.231,31.34,0.0,29.6,0.0,0.027,3.918,3.903,3.925,3.912,3.926,3.911,3.93,3.92,29.6,28.9,28.2,28.4,True
2026-08-26 14:23:53.431,31.35,0.0,29.7,0.0,0.028,3.918,3.902,3.925,3.913,3.926,3.911,3.93,3.921,29.7,28.8,28.2,28.3,True
2026-08-26 14:23:54.614,31.35,0.0,29.8,0.0,0.028,3.918,3.902,3.925,3.913,3.926,3.911,3.93,3.921,29.8,28.8,28.3,28.3,True
2026-08-26 14:23:55.825,31.35,0.0,29.7,0.0,0.027,3.918,3.903,3.925,3.912,3.926,3.911,3.93,3.921,29.7,28.9,28.1,28.5,True
2026-08-26 14:23:56.991,31.34,0.0,29.7,0.0,0.027,3.918,3.903,3.925,3.912,3.926,3.911,3.93,3.92,29.7,28.9,28.2,28.3,True
2026-08-26 14:23:58.164,31.34,0.0,29.7,0.0,0.028,3.918,3.902,3.925,3.912,3.926,3.911,3.93,3.92,29.7,29.0,28.3,28.3,True
2026-08-26 14:23:59.348,31.34,0.0,29.7,0.0,0.028,3.918,3.902,3.925,3.912,3.926,3.911,3.93,3.92,29.7,28.9,28.3,28.3,True
2026-08-26 14:24:00.516,31.35,0.0,29.8,0.0,0.027,3.918,3.903,3.925,3.912,3.926,3.911,3.93,3.921,29.8,28.9,28.3,28.4,True
2026-08-26 14:24:01.770,31.35,0.0,29.8,0.0,0.027,3.918,3.903,3.925,3.912,3.926,3.911,3.93,3.921,29.8,28.8,28.3,28.4,True
2026-08-26 14:24:02.952,31.34,0.0,29.8,0.0,0.028,3.918,3.902,3.925,3.912,3.926,3.911,3.93,3.92,29.8,29.0,28.2,28.4,True
2026-08-26 14:24:04.163,31.34,0.0,29.7,0.0,0.028,3.918,3.902,3.925,3.912,3.926,3.911,3.93,3.92,29.7,28.9,28.2,28.4,True
2026-08-26 14:24:05.336,31.35,0.0,29.7,0.0,0.027,3.918,3.903,3.925,3.912,3.926,3.911,3.93,3.921,29.7,28.9,28.2,28.4,True
2026-08-26 14:24:06.726,31.34,0.0,29.7,0.0,0.028,3.918,3.902,3.925,3.912,3.926,3.911,3.93,3.92,29.7,28.9,28.3,28.4,True
2026-08-26 14:24:07.943,31.35,0.0,29.7,0.0,0.028,3.918,3.902,3.925,3.912,3.927,3.911,3.93,3.921,29.7,28.9,28.2,28.4,True
2026-08-26 14:24:09.195,31.35,0.0,29.8,0.0,0.028,3.918,3.902,3.925,3.912,3.927,3.911,3.93,3.921,29.8,28.8,28.3,28.4,True
2026-08-26 14:24:10.365,31.34,0.0,29.6,0.0,0.028,3.918,3.902,3.925,3.912,3.926,3.911,3.93,3.921,29.6,29.0,28.2,28.4,True
2026-08-26 14:24:11.588,31.34,0.0,29.8,0.0,0.027,3.918,3.903,3.925,3.912,3.926,3.911,3.93,3.92,29.8,28.9,28.3,28.3,True
2026-08-26 14:24:12.738,31.34,0.0,29.7,0.0,0.028,3.918,3.902,3.925,3.912,3.926,3.911,3.93,3.921,29.7,28.9,28.2,28.4,True
2026-08-26 14:24:13.929,31.34,0.0,29.8,0.0,0.028,3.918,3.902,3.925,3.912,3.926,3.911,3.93,3.921,29.8,28.8,28.4,28.2,True
2026-08-26 14:24:15.213,31.34,0.0,29.7,0.0,0.027,3.918,3.903,3.925,3.912,3.926,3.911,3.93,3.92,29.7,28.9,28.3,28.4,True
2026-08-26 14:24:16.734,31.35,0.0,29.8,0.0,0.028,3.918,3.902,3.926,3.912,3.927,3.911,3.93,3.921,29.8,28.9,28.3,28.4,True
2026-08-26 14:24:18.137,31.34,0.0,29.9,0.0,0.028,3.918,3.902,3.925,3.912,3.926,3.911,3.93,3.92,29.9,28.8,28.3,28.3,True
2026-08-26 14:24:19.495,31.34,0.0,29.7,0.0,0.027,3.918,3.903,3.925,3.912,3.926,3.911,3.93,3.92,29.7,29.0,28.2,28.5,True
2026-08-26 14:24:20.895,31.34,0.0,29.7,0.0,0.028,3.918,3.902,3.925,3.912,3.926,3.911,3.93,3.92,29.7,29.0,28.3,28.3,True
2026-08-26 14:24:22.329,31.34,0.0,29.8,0.0,0.028,3.918,3.902,3.925,3.912,3.926,3.911,3.93,3.921,29.8,28.8,28.3,28.4,True
2026-08-26 14:24:23.711,31.34,0.0,29.7,0.0,0.028,3.918,3.902,3.925,3.912,3.926,3.911,3.93,3.92,29.7,28.9,28.3,28.2,True
2026-08-26 14:24:25.214,31.34,0.0,29.7,0.0,0.028,3.918,3.902,3.925,3.912,3.926,3.911,3.93,3.921,29.7,28.9,28.2,28.4,True
2026-08-26 14:24:26.662,31.34,0.0,29.7,0.0,0.028,3.918,3.902,3.925,3.912,3.926,3.911,3.93,3.921,29.7,29.0,28.2,28.5,True
2026-08-26 14:24:28.096,31.34,0.0,29.7,0.0,0.027,3.918,3.903,3.925,3.912,3.926,3.911,3.93,3.92,29.7,28.9,28.3,28.3,True
2026-08-26 14:24:29.524,31.35,0.0,29.8,0.0,0.027,3.918,3.903,3.925,3.912,3.927,3.911,3.93,3.921,29.8,28.8,28.3,28.3,True
2026-08-26 14:24:31.014,31.35,0.0,29.7,0.0,0.027,3.918,3.903,3.925,3.912,3.927,3.911,3.93,3.921,29.7,28.9,28.3,28.3,True
2026-08-26 14:24:32.654,31.34,0.0,29.7,0.0,0.028,3.918,3.902,3.925,3.912,3.926,3.911,3.93,3.921,29.7,28.9,28.3,28.4,True
2026-08-26 14:24:34.061,31.35,0.0,29.6,0.0,0.027,3.918,3.903,3.925,3.912,3.926,3.911,3.93,3.921,29.6,28.9,28.2,28.4,True
2026-08-26 14:24:35.479,31.34,0.0,29.8,0.0,0.028,3.918,3.902,3.925,3.912,3.926,3.911,3.93,3.92,29.8,28.9,28.3,28.3,True
2026-08-26 14:24:36.904,31.34,0.0,29.7,0.0,0.028,3.918,3.902,3.925,3.912,3.926,3.911,3.93,3.92,29.7,28.8,28.3,28.3,True
2026-08-26 14:24:38.273,31.34,0.0,29.8,0.0,0.028,3.918,3.902,3.925,3.912,3.926,3.911,3.93,3.921,29.8,28.9,28.3,28.4,True
2026-08-26 14:24:39.694,31.35,0.0,29.8,0.0,0.028,3.918,3.902,3.925,3.912,3.927,3.911,3.93,3.921,29.8,28.8,28.3,28.3,True
2026-08-26 14:24:41.063,31.35,0.0,29.8,0.0,0.028,3.918,3.902,3.925,3.912,3.927,3.911,3.93,3.921,29.8,28.9,28.3,28.2,True
2026-08-26 14:24:42.429,31.35,0.0,29.8,0.0,0.027,3.919,3.903,3.925,3.913,3.927,3.911,3.93,3.921,29.8,28.9,28.2,28.4,True
2026-08-26 14:24:43.847,31.34,0.0,29.7,0.0,0.028,3.918,3.902,3.925,3.912,3.926,3.911,3.93,3.92,29.7,28.9,28.2,28.4,True
2026-08-26 14:24:45.247,31.34,0.0,29.7,0.0,0.028,3.918,3.902,3.925,3.912,3.926,3.911,3.93,3.92,29.7,28.9,28.2,28.3,True
2026-08-26 14:24:46.733,31.34,0.0,29.7,0.0,0.027,3.918,3.903,3.925,3.912,3.926,3.911,3.93,3.92,29.7,28.9,28.2,28.4,True
2026-08-26 14:24:48.220,31.34,0.0,29.8,0.0,0.027,3.918,3.903,3.925,3.912,3.926,3.911,3.93,3.92,29.8,28.8,28.2,28.4,True
2026-08-26 14:24:49.615,31.34,0.0,29.7,0.0,0.028,3.918,3.902,3.925,3.912,3.926,3.911,3.93,3.92,29.7,28.8,28.3,28.4,True
2026-08-26 14:24:50.998,31.34,0.0,29.6,0.0,0.028,3.918,3.902,3.925,3.912,3.926,3.911,3.93,3.92,29.6,28.8,28.4,28.2,True
2026-08-26 14:24:52.511,31.34,0.0,29.6,0.0,0.027,3.918,3.903,3.925,3.912,3.926,3.911,3.93,3.92,29.6,29.1,28.2,28.5,True
2026-08-26 14:24:54.012,31.34,0.0,29.7,0.0,0.027,3.918,3.903,3.925,3.912,3.926,3.911,3.93,3.92,29.7,28.9,28.3,28.3,True
2026-08-26 14:24:55.483,31.35,0.0,29.7,0.0,0.027,3.918,3.903,3.925,3.913,3.926,3.911,3.93,3.921,29.7,28.9,28.3,28.3,True
2026-08-26 14:24:56.928,31.34,0.0,29.8,0.0,0.028,3.918,3.902,3.925,3.912,3.926,3.911,3.93,3.92,29.8,28.9,28.2,28.4,True
2026-08-26 14:24:58.374,31.35,0.0,29.7,0.0,0.028,3.918,3.902,3.925,3.912,3.927,3.911,3.93,3.921,29.7,28.9,28.2,28.4,True
2026-08-26 14:24:59.861,31.34,0.0,29.8,0.0,0.027,3.918,3.903,3.925,3.912,3.926,3.911,3.93,3.92,29.8,28.9,28.3,28.3,True
2026-08-26 14:25:21.758,29.08,0.0,29.7,0.0,2.277,1.653,3.902,3.925,3.912,3.926,3.911,3.93,3.921,29.7,28.9,28.2,28.4,True
2026-08-26 14:25:24.101,29.08,0.0,29.7,0.0,2.277,1.653,3.902,3.925,3.912,3.926,3.911,3.93,3.921,29.7,29.0,28.2,28.4,True
2026-08-26 14:25:25.364,29.08,0.0,29.7,0.0,2.277,1.653,3.902,3.925,3.912,3.926,3.911,3.93,3.92,29.7,28.9,28.3,28.3,True
2026-08-26 14:25:26.519,29.08,0.0,29.8,0.0,2.277,1.653,3.902,3.925,3.912,3.926,3.911,3.93,3.92,29.8,28.8,28.3,28.2,True
2026-08-26 14:25:27.684,29.08,0.0,29.6,0.0,2.277,1.653,3.903,3.925,3.912,3.926,3.911,3.93,3.92,29.6,29.0,28.2,28.4,True
2026-08-26 14:25:28.868,29.08,0.0,29.7,0.0,2.277,1.653,3.902,3.925,3.912,3.926,3.911,3.93,3.921,29.7,29.0,28.3,28.4,True
2026-08-26 14:25:30.052,29.08,0.0,29.7,0.0,2.277,1.653,3.902,3.925,3.912,3.926,3.911,3.93,3.921,29.7,29.0,28.2,28.4,True
2026-08-26 14:25:31.213,29.08,0.0,29.8,0.0,2.277,1.653,3.902,3.925,3.912,3.926,3.911,3.93,3.92,29.8,28.9,28.3,28.4,True
2026-08-26 14:25:32.347,29.08,0.0,29.7,0.0,2.277,1.653,3.903,3.925,3.912,3.926,3.911,3.93,3.92,29.7,29.0,28.2,28.4,True
2026-08-26 14:25:33.517,29.08,0.0,29.8,0.0,2.277,1.653,3.902,3.925,3.913,3.926,3.911,3.93,3.92,29.8,28.9,28.2,28.4,True
2026-08-26 14:25:34.797,29.08,0.0,29.8,0.0,2.277,1.653,3.903,3.925,3.912,3.926,3.911,3.93,3.92,29.8,28.8,28.4,28.3,True
2026-08-26 14:25:35.980,29.08,0.0,29.8,0.0,2.278,1.652,3.902,3.925,3.912,3.927,3.911,3.93,3.92,29.8,28.9,28.4,28.3,True
2026-08-26 14:25:37.149,29.08,0.0,29.8,0.0,2.277,1.653,3.902,3.925,3.912,3.926,3.911,3.93,3.921,29.8,28.9,28.3,28.3,True
2026-08-26 14:25:38.378,29.08,0.0,29.8,0.0,2.277,1.653,3.902,3.925,3.912,3.926,3.911,3.93,3.921,29.8,28.9,28.2,28.4,True
2026-08-26 14:25:39.658,29.08,0.0,29.8,0.0,2.277,1.653,3.902,3.925,3.912,3.926,3.911,3.93,3.92,29.8,28.8,28.3,28.4,True
2026-08-26 14:25:40.916,29.08,0.0,29.6,0.0,2.278,1.652,3.902,3.925,3.912,3.926,3.911,3.93,3.92,29.6,29.0,28.2,28.4,True
2026-08-26 14:25:42.194,29.08,0.0,29.8,0.0,2.278,1.652,3.902,3.925,3.912,3.926,3.911,3.93,3.92,29.8,28.8,28.3,28.3,True
2026-08-26 14:25:43.442,29.08,0.0,29.8,0.0,2.278,1.652,3.903,3.925,3.912,3.926,3.911,3.93,3.92,29.8,28.8,28.3,28.4,True
2026-08-26 14:25:44.678,29.08,0.0,29.7,0.0,2.278,1.652,3.902,3.925,3.912,3.926,3.911,3.93,3.92,29.7,28.9,28.3,28.4,True
2026-08-26 14:25:45.936,29.08,0.0,29.8,0.0,2.278,1.652,3.902,3.925,3.912,3.926,3.911,3.93,3.92,29.8,28.9,28.3,28.3,True
2026-08-26 14:25:47.333,29.08,0.0,29.7,0.0,2.278,1.652,3.902,3.925,3.912,3.927,3.911,3.93,3.921,29.7,29.0,28.2,28.4,True
2026-08-26 14:25:48.611,29.08,0.0,29.8,0.0,2.278,1.652,3.903,3.925,3.912,3.926,3.911,3.93,3.92,29.8,28.9,28.2,28.4,True
2026-08-26 14:25:49.953,29.08,0.0,29.8,0.0,2.278,1.652,3.903,3.925,3.912,3.926,3.911,3.93,3.92,29.8,28.9,28.3,28.3,True
2026-08-26 14:25:51.261,29.08,0.0,29.7,0.0,2.278,1.652,3.902,3.925,3.912,3.926,3.911,3.93,3.921,29.7,28.9,28.2,28.4,True
2026-08-26 14:25:52.493,29.08,0.0,29.7,0.0,2.278,1.652,3.902,3.925,3.912,3.926,3.911,3.93,3.92,29.7,28.9,28.2,28.5,True
2026-08-26 14:25:53.813,29.08,0.0,29.8,0.0,2.279,1.651,3.902,3.925,3.912,3.926,3.911,3.93,3.921,29.8,28.9,28.3,28.4,True
2026-08-26 14:25:55.068,29.08,0.0,29.8,0.0,2.278,1.652,3.902,3.925,3.912,3.926,3.911,3.93,3.92,29.8,28.9,28.3,28.4,True
2026-08-26 14:25:56.322,29.08,0.0,29.7,0.0,2.279,1.651,3.903,3.925,3.912,3.926,3.911,3.93,3.92,29.7,28.9,28.3,28.3,True
2026-08-26 14:25:57.609,29.08,0.0,29.8,0.0,2.279,1.651,3.902,3.925,3.912,3.926,3.911,3.93,3.92,29.8,28.9,28.2,28.4,True
2026-08-26 14:25:58.756,29.08,0.0,29.8,0.0,2.279,1.651,3.902,3.925,3.912,3.926,3.911,3.93,3.921,29.8,28.9,28.3,28.4,True
2026-08-26 14:25:59.912,29.08,0.0,29.7,0.0,2.279,1.651,3.902,3.925,3.912,3.926,3.911,3.93,3.921,29.7,29.0,28.2,28.4,True
2026-08-26 14:26:19.062,29.08,0.0,29.8,0.0,2.279,1.651,3.902,3.925,3.912,3.926,3.911,3.93,3.92,29.8,28.9,28.3,28.3,True
2026-08-26 14:26:21.413,29.08,0.0,29.8,0.0,2.28,1.65,3.902,3.925,3.912,3.926,3.911,3.93,3.92,29.8,28.9,28.3,28.4,True
2026-08-26 14:26:22.645,29.08,0.0,29.8,0.0,2.28,1.65,3.902,3.925,3.912,3.926,3.911,3.93,3.92,29.8,28.9,28.3,28.4,True
2026-08-26 14:26:23.877,29.08,0.0,29.7,0.0,2.28,1.65,3.902,3.925,3.912,3.926,3.911,3.93,3.92,29.7,29.0,28.2,28.5,True
2026-08-26 14:26:25.131,29.08,0.0,29.8,0.0,2.28,1.65,3.902,3.925,3.912,3.926,3.911,3.93,3.92,29.8,28.9,28.3,28.4,True
2026-08-26 14:26:26.349,29.08,0.0,29.8,0.0,2.28,1.65,3.902,3.925,3.912,3.926,3.911,3.93,3.921,29.8,28.9,28.3,28.4,True
2026-08-26 14:26:27.567,29.08,0.0,29.6,0.0,2.28,1.65,3.902,3.925,3.912,3.926,3.911,3.93,3.921,29.6,29.0,28.2,28.5,True
2026-08-26 14:26:28.782,29.08,0.0,29.8,0.0,2.28,1.65,3.902,3.925,3.912,3.926,3.911,3.93,3.92,29.8,28.9,28.2,28.4,True
2026-08-26 14:26:30.055,29.08,0.0,29.8,0.0,2.28,1.65,3.903,3.925,3.912,3.926,3.911,3.93,3.92,29.8,28.9,28.3,28.4,True
2026-08-26 14:26:31.304,29.08,0.0,29.6,0.0,2.28,1.65,3.902,3.925,3.912,3.926,3.911,3.93,3.92,29.6,29.0,28.3,28.4,True
2026-08-26 14:26:32.653,29.08,0.0,29.8,0.0,2.28,1.65,3.903,3.925,3.912,3.926,3.911,3.93,3.92,29.8,28.9,28.3,28.4,True
2026-08-26 14:26:33.909,29.08,0.0,29.8,0.0,2.28,1.65,3.903,3.925,3.912,3.926,3.911,3.93,3.92,29.8,29.0,28.3,28.4,True
2026-08-26 14:26:35.175,29.08,0.0,29.6,0.0,2.28,1.65,3.903,3.925,3.912,3.926,3.911,3.93,3.92,29.6,29.1,28.2,28.5,True
2026-08-26 14:26:36.422,29.08,0.0,29.8,0.0,2.28,1.65,3.902,3.925,3.912,3.927,3.911,3.93,3.92,29.8,28.9,28.3,28.4,True
2026-08-26 14:26:37.682,29.08,0.0,29.8,0.0,2.28,1.65,3.902,3.925,3.912,3.926,3.911,3.93,3.921,29.8,28.9,28.3,28.4,True
2026-08-26 14:26:38.909,29.08,0.0,29.8,0.0,2.28,1.65,3.902,3.925,3.912,3.926,3.911,3.93,3.921,29.8,29.0,28.3,28.4,True
2026-08-26 14:26:40.181,29.07,0.0,29.8,0.0,2.281,1.649,3.902,3.925,3.912,3.926,3.911,3.93,3.92,29.8,28.9,28.4,28.3,True
2026-08-26 14:26:41.472,29.07,0.0,29.8,0.0,2.281,1.649,3.902,3.925,3.912,3.926,3.911,3.93,3.92,29.8,28.9,28.4,28.3,True
2026-08-26 14:26:42.904,29.07,0.0,29.8,0.0,2.281,1.649,3.902,3.925,3.912,3.926,3.911,3.93,3.92,29.8,28.9,28.4,28.4,True
2026-08-26 14:26:44.158,29.07,0.0,29.8,0.0,2.281,1.649,3.902,3.925,3.912,3.926,3.911,3.93,3.92,29.8,28.8,28.4,28.4,True
2026-08-26 14:26:45.390,29.08,0.0,29.8,0.0,2.281,1.649,3.902,3.925,3.912,3.926,3.911,3.93,3.921,29.8,29.0,28.3,28.4,True
2026-08-26 14:26:46.693,29.08,0.0,29.8,0.0,2.281,1.649,3.902,3.925,3.912,3.926,3.911,3.93,3.921,29.8,29.0,28.3,28.4,True
2026-08-26 14:26:47.987,29.08,0.0,29.8,0.0,2.281,1.649,3.902,3.925,3.912,3.926,3.911,3.93,3.921,29.8,28.9,28.4,28.4,True
2026-08-26 14:26:49.111,29.07,0.0,29.8,0.0,2.281,1.649,3.902,3.925,3.912,3.926,3.911,3.93,3.92,29.8,28.9,28.3,28.4,True
2026-08-26 14:26:50.575,29.07,0.0,29.8,0.0,2.281,1.649,3.902,3.925,3.912,3.926,3.911,3.93,3.92,29.8,28.9,28.4,28.3,True
2026-08-26 14:26:51.849,29.07,0.0,29.8,0.0,2.281,1.649,3.902,3.925,3.912,3.926,3.911,3.93,3.92,29.8,28.9,28.4,28.4,True
2026-08-26 14:26:53.121,29.07,0.0,29.9,0.0,2.281,1.649,3.902,3.925,3.912,3.926,3.911,3.93,3.92,29.9,28.8,28.4,28.4,True
2026-08-26 14:26:54.414,29.07,0.0,29.7,0.0,2.282,1.648,3.902,3.925,3.912,3.926,3.911,3.93,3.92,29.7,29.0,28.3,28.5,True
2026-08-26 14:26:55.704,29.07,0.0,29.7,0.0,2.282,1.648,3.903,3.925,3.912,3.926,3.911,3.93,3.92,29.7,29.0,28.4,28.4,True
2026-08-26 14:26:56.965,29.07,0.0,29.8,0.0,2.282,1.648,3.902,3.925,3.912,3.926,3.911,3.93,3.92,29.8,28.9,28.4,28.3,True
2026-08-26 14:26:58.213,29.07,0.0,29.8,0.0,2.282,1.648,3.902,3.925,3.912,3.926,3.911,3.93,3.92,29.8,28.9,28.4,28.4,True
2026-08-26 14:26:59.579,29.07,0.0,29.8,0.0,2.282,1.648,3.903,3.925,3.912,3.926,3.911,3.93,3.92,29.8,29.0,28.3,28.5,True
2026-08-26 14:27:00.848,29.07,0.0,29.9,0.0,2.282,1.648,3.902,3.925,3.912,3.926,3.911,3.93,3.92,29.9,28.9,28.4,28.4,True
2026-08-26 14:27:02.082,29.07,0.0,29.9,0.0,2.282,1.648,3.902,3.925,3.912,3.926,3.911,3.93,3.92,29.9,28.8,28.5,28.4,True
2026-08-26 14:27:03.302,29.07,0.0,29.7,0.0,2.282,1.648,3.902,3.925,3.912,3.926,3.911,3.93,3.92,29.7,29.0,28.3,28.4,True
2026-08-26 14:27:04.541,29.07,0.0,29.8,0.0,2.282,1.648,3.902,3.925,3.912,3.926,3.911,3.93,3.92,29.8,28.9,28.4,28.4,True
2026-08-26 14:27:05.811,29.07,0.0,29.8,0.0,2.282,1.648,3.902,3.925,3.912,3.926,3.911,3.93,3.92,29.8,28.9,28.4,28.4,True
2026-08-26 14:27:07.077,29.07,0.0,29.8,0.0,2.282,1.648,3.902,3.925,3.912,3.926,3.911,3.93,3.92,29.8,28.9,28.5,28.3,True
2026-08-26 14:27:08.504,29.07,0.0,29.8,0.0,2.282,1.648,3.902,3.925,3.912,3.926,3.911,3.93,3.92,29.8,29.0,28.5,28.4,True
2026-08-26 14:27:09.749,29.07,0.0,29.8,0.0,2.282,1.648,3.902,3.925,3.912,3.926,3.911,3.93,3.92,29.8,28.9,28.5,28.3,True
2026-08-26 14:27:11.150,29.08,0.0,29.9,0.0,2.282,1.648,3.903,3.926,3.912,3.926,3.911,3.93,3.92,29.9,28.8,28.5,28.4,True
2026-08-26 14:27:12.415,29.08,0.0,29.8,0.0,2.282,1.648,3.903,3.926,3.912,3.926,3.911,3.93,3.92,29.8,29.1,28.4,28.5,True
2026-08-26 14:27:13.671,29.07,0.0,29.8,0.0,2.283,1.647,3.903,3.925,3.912,3.926,3.911,3.93,3.921,29.8,29.0,28.4,28.4,True
2026-08-26 14:27:15.113,29.07,0.0,29.9,0.0,2.283,1.647,3.902,3.925,3.912,3.926,3.911,3.93,3.92,29.9,28.9,28.5,28.4,True
2026-08-26 14:27:16.482,29.07,0.0,29.9,0.0,2.283,1.647,3.902,3.925,3.912,3.926,3.911,3.93,3.92,29.9,28.9,28.6,28.4,True
2026-08-26 14:27:17.739,29.07,0.0,29.6,0.0,2.282,1.648,3.902,3.925,3.912,3.926,3.911,3.93,3.92,29.6,29.1,28.4,28.5,True
2026-08-26 14:27:19.052,29.07,0.0,29.9,0.0,2.282,1.648,3.902,3.925,3.912,3.926,3.911,3.93,3.92,29.9,28.9,28.5,28.3,True
2026-08-26 14:27:20.374,29.07,0.0,29.8,0.0,2.282,1.648,3.902,3.925,3.912,3.926,3.911,3.93,3.92,29.8,29.0,28.5,28.4,True
2026-08-26 14:27:21.645,29.07,0.0,29.8,0.0,2.282,1.648,3.902,3.925,3.912,3.926,3.911,3.93,3.92,29.8,29.0,28.5,28.5,True
2026-08-26 14:27:22.950,29.07,0.0,29.9,0.0,2.283,1.647,3.902,3.925,3.912,3.926,3.911,3.93,3.92,29.9,28.9,28.6,28.4,True
2026-08-26 14:27:24.260,29.07,0.0,29.8,0.0,2.283,1.647,3.903,3.925,3.912,3.926,3.911,3.93,3.92,29.8,29.0,28.5,28.4,True
2026-08-26 14:27:25.639,29.07,0.0,29.8,0.0,2.283,1.647,3.902,3.925,3.912,3.926,3.911,3.93,3.92,29.8,28.9,28.5,28.4,True
2026-08-26 14:27:26.907,29.07,0.0,29.9,0.0,2.283,1.647,3.902,3.925,3.912,3.926,3.911,3.93,3.92,29.9,29.0,28.6,28.4,True
2026-08-26 14:27:28.219,29.07,0.0,30.0,0.0,2.283,1.647,3.902,3.925,3.912,3.926,3.911,3.93,3.92,30.0,28.9,28.6,28.4,True
2026-08-26 14:27:29.523,29.07,0.0,29.9,0.0,2.283,1.647,3.903,3.925,3.912,3.926,3.911,3.93,3.92,29.9,29.0,28.6,28.4,True
2026-08-26 14:27:30.817,29.07,0.0,29.9,0.0,2.283,1.647,3.903,3.925,3.912,3.926,3.911,3.93,3.92,29.9,29.0,28.6,28.4,True
2026-08-26 14:27:32.120,29.07,0.0,29.8,0.0,2.283,1.647,3.902,3.925,3.912,3.926,3.911,3.93,3.92,29.8,29.0,28.6,28.4,True
2026-08-26 14:27:33.472,29.07,0.0,29.8,0.0,2.283,1.647,3.902,3.925,3.912,3.926,3.911,3.93,3.92,29.8,29.0,28.6,28.4,True
2026-08-26 14:27:34.780,29.07,0.0,29.9,0.0,2.283,1.647,3.902,3.925,3.913,3.926,3.911,3.93,3.92,29.9,28.8,28.7,28.4,True
2026-08-26 14:27:36.041,29.07,0.0,29.9,0.0,2.284,1.646,3.902,3.925,3.912,3.926,3.911,3.93,3.92,29.9,29.0,28.6,28.5,True
2026-08-26 14:27:37.389,29.07,0.0,29.8,0.0,2.283,1.647,3.902,3.925,3.912,3.926,3.911,3.93,3.92,29.8,29.0,28.6,28.5,True
2026-08-26 14:27:38.673,29.07,0.0,29.9,0.0,2.283,1.647,3.902,3.925,3.912,3.926,3.911,3.93,3.921,29.9,28.9,28.7,28.4,True
2026-08-26 14:27:39.988,29.07,0.0,29.9,0.0,2.284,1.646,3.902,3.925,3.912,3.926,3.911,3.93,3.92,29.9,29.0,28.7,28.4,True
2026-08-26 14:27:41.382,29.07,0.0,29.8,0.0,2.284,1.646,3.902,3.925,3.912,3.926,3.911,3.93,3.92,29.8,28.9,28.5,28.5,True
2026-08-26 14:27:42.657,29.07,0.0,29.8,0.0,2.284,1.646,3.902,3.925,3.912,3.926,3.911,3.93,3.92,29.8,29.0,28.6,28.5,True
2026-08-26 14:27:43.963,29.07,0.0,29.9,0.0,2.284,1.646,3.902,3.925,3.912,3.926,3.911,3.93,3.92,29.9,28.9,28.6,28.4,True
2026-08-26 14:27:45.329,29.07,0.0,29.9,0.0,2.283,1.646,3.902,3.925,3.912,3.926,3.911,3.929,3.92,29.9,29.0,28.6,28.5,True
2026-08-26 14:27:46.666,29.07,0.0,30.0,0.0,2.284,1.646,3.902,3.925,3.912,3.926,3.911,3.93,3.92,30.0,28.9,28.7,28.4,True
2026-08-26 14:27:47.893,29.07,0.0,29.9,0.0,2.284,1.646,3.902,3.925,3.912,3.926,3.911,3.93,3.92,29.9,28.9,28.7,28.4,True
2026-08-26 14:27:49.339,29.07,0.0,29.8,0.0,2.284,1.646,3.902,3.925,3.912,3.926,3.911,3.93,3.92,29.8,29.0,28.6,28.5,True
2026-08-26 14:27:50.671,29.07,0.0,29.8,0.0,2.284,1.646,3.902,3.925,3.912,3.926,3.911,3.93,3.92,29.8,28.9,28.6,28.5,True
2026-08-26 14:27:51.963,29.07,0.0,29.8,0.0,2.283,1.646,3.902,3.925,3.912,3.926,3.911,3.929,3.921,29.8,29.0,28.6,28.4,True
2026-08-26 14:27:53.288,29.07,0.0,29.8,0.0,2.284,1.646,3.902,3.925,3.912,3.926,3.911,3.93,3.92,29.8,29.0,28.6,28.5,True
2026-08-26 14:27:54.577,29.07,0.0,29.9,0.0,2.284,1.646,3.902,3.925,3.912,3.926,3.911,3.93,3.92,29.9,29.0,28.6,28.5,True
2026-08-26 14:27:55.884,29.07,0.0,29.8,0.0,2.284,1.646,3.902,3.925,3.912,3.927,3.911,3.93,3.921,29.8,29.0,28.6,28.5,True
2026-08-26 14:27:57.257,29.07,0.0,29.8,0.0,2.284,1.646,3.902,3.925,3.912,3.926,3.911,3.93,3.92,29.8,29.0,28.6,28.5,True
2026-08-26 14:27:58.582,29.07,0.0,29.8,0.0,2.284,1.646,3.902,3.924,3.912,3.926,3.911,3.93,3.92,29.8,28.9,28.7,28.4,True
2026-08-26 14:27:59.863,29.07,0.0,29.9,0.0,2.284,1.646,3.902,3.924,3.912,3.926,3.911,3.93,3.92,29.9,29.0,28.6,28.5,True
2026-08-26 14:28:01.160,29.07,0.0,29.9,0.0,2.285,1.645,3.902,3.925,3.912,3.926,3.911,3.93,3.921,29.9,28.9,28.6,28.5,True
2026-08-26 14:28:02.432,29.07,0.0,29.9,0.0,2.285,1.645,3.902,3.925,3.912,3.926,3.911,3.93,3.921,29.9,29.0,28.6,28.5,True
2026-08-26 14:28:03.814,29.07,0.0,29.8,0.0,2.285,1.645,3.902,3.925,3.912,3.926,3.911,3.93,3.92,29.8,29.1,28.6,28.6,True
2026-08-26 14:28:05.186,29.07,0.0,29.9,0.0,2.285,1.645,3.902,3.925,3.912,3.926,3.911,3.93,3.92,29.9,29.0,28.6,28.5,True
2026-08-26 14:28:06.523,29.07,0.0,29.9,0.0,2.285,1.645,3.902,3.925,3.912,3.926,3.911,3.93,3.92,29.9,28.9,28.6,28.4,True
2026-08-26 14:28:07.841,29.07,0.0,29.8,0.0,2.285,1.645,3.903,3.925,3.912,3.926,3.911,3.93,3.92,29.8,29.0,28.6,28.5,True
2026-08-26 14:28:09.195,29.07,0.0,29.8,0.0,2.285,1.645,3.902,3.925,3.912,3.926,3.911,3.93,3.92,29.8,29.0,28.5,28.5,True
2026-08-26 14:28:10.441,29.07,0.0,29.8,0.0,2.285,1.645,3.902,3.925,3.912,3.926,3.911,3.93,3.92,29.8,29.1,28.5,28.6,True
2026-08-26 14:28:11.906,29.07,0.0,29.8,0.0,2.285,1.645,3.902,3.925,3.912,3.926,3.911,3.93,3.92,29.8,29.1,28.4,28.6,True
2026-08-26 14:28:13.253,29.07,0.0,29.9,0.0,2.285,1.645,3.902,3.925,3.912,3.926,3.911,3.93,3.921,29.9,29.0,28.5,28.5,True
2026-08-26 14:28:14.558,29.07,0.0,30.0,0.0,2.285,1.645,3.902,3.925,3.912,3.926,3.911,3.93,3.921,30.0,29.0,28.5,28.5,True
2026-08-26 14:28:15.868,29.07,0.0,29.9,0.0,2.285,1.645,3.902,3.925,3.912,3.926,3.911,3.93,3.92,29.9,29.1,28.5,28.5,True
2026-08-26 14:28:17.152,29.07,0.0,29.8,0.0,2.285,1.645,3.902,3.925,3.912,3.926,3.911,3.93,3.92,29.8,29.1,28.6,28.5,True
2026-08-26 14:28:18.582,29.07,0.0,30.0,0.0,2.285,1.645,3.902,3.925,3.912,3.926,3.911,3.93,3.92,30.0,29.0,28.5,28.5,True
2026-08-26 14:28:19.887,29.07,0.0,29.7,0.0,2.285,1.645,3.902,3.925,3.912,3.926,3.911,3.93,3.92,29.7,29.1,28.4,28.6,True
2026-08-26 14:28:21.217,29.07,0.0,29.9,0.0,2.286,1.644,3.902,3.925,3.912,3.926,3.911,3.93,3.921,29.9,29.0,28.6,28.5,True
2026-08-26 14:28:22.520,29.07,0.0,29.9,0.0,2.286,1.644,3.902,3.925,3.912,3.926,3.911,3.93,3.92,29.9,29.0,28.6,28.5,True
2026-08-26 14:28:23.833,29.07,0.0,29.8,0.0,2.286,1.644,3.902,3.925,3.912,3.926,3.911,3.93,3.92,29.8,29.1,28.5,28.6,True
2026-08-26 14:28:25.137,29.07,0.0,29.9,0.0,2.286,1.644,3.902,3.925,3.912,3.926,3.911,3.93,3.92,29.9,29.0,28.6,28.5,True
2026-08-26 14:28:26.572,29.07,0.0,29.8,0.0,2.286,1.644,3.902,3.925,3.912,3.926,3.911,3.93,3.92,29.8,29.0,28.5,28.5,True
2026-08-26 14:28:27.897,29.07,0.0,29.8,0.0,2.286,1.644,3.902,3.925,3.912,3.926,3.911,3.93,3.92,29.8,29.0,28.5,28.5,True
2026-08-26 14:28:29.233,29.07,0.0,29.9,0.0,2.286,1.644,3.902,3.925,3.912,3.926,3.911,3.93,3.92,29.9,29.0,28.6,28.4,True
2026-08-26 14:28:30.592,29.07,0.0,29.9,0.0,2.286,1.644,3.902,3.925,3.912,3.926,3.911,3.93,3.92,29.9,28.9,28.7,28.4,True
2026-08-26 14:28:32.003,29.07,0.0,29.9,0.0,2.286,1.644,3.902,3.924,3.912,3.926,3.911,3.93,3.92,29.9,29.0,28.6,28.4,True
2026-08-26 14:28:33.548,29.07,0.0,29.8,0.0,2.286,1.644,3.903,3.925,3.912,3.926,3.911,3.93,3.921,29.8,29.0,28.5,28.5,True
2026-08-26 14:28:34.875,29.07,0.0,29.8,0.0,2.286,1.644,3.903,3.925,3.912,3.926,3.911,3.93,3.921,29.8,29.1,28.4,28.6,True
2026-08-26 14:28:36.175,29.07,0.0,29.8,0.0,2.286,1.644,3.903,3.925,3.912,3.926,3.911,3.93,3.92,29.8,29.0,28.6,28.5,True
2026-08-26 14:28:37.484,29.07,0.0,30.0,0.0,2.286,1.644,3.902,3.925,3.912,3.926,3.911,3.93,3.92,30.0,29.0,28.6,28.4,True
2026-08-26 14:28:38.825,29.07,0.0,30.0,0.0,2.286,1.644,3.902,3.925,3.912,3.926,3.911,3.93,3.92,30.0,28.9,28.6,28.5,True
2026-08-26 14:28:40.276,29.07,0.0,29.9,0.0,2.287,1.643,3.902,3.925,3.912,3.926,3.911,3.93,3.92,29.9,29.0,28.5,28.5,True
2026-08-26 14:28:41.609,29.07,0.0,29.8,0.0,2.286,1.644,3.902,3.925,3.912,3.926,3.911,3.93,3.92,29.8,29.0,28.5,28.5,True
2026-08-26 14:28:42.921,29.07,0.0,29.8,0.0,2.287,1.643,3.902,3.925,3.912,3.926,3.911,3.93,3.92,29.8,29.0,28.4,28.5,True
2026-08-26 14:28:44.235,29.07,0.0,30.0,0.0,2.287,1.643,3.902,3.925,3.912,3.926,3.911,3.93,3.92,30.0,28.9,28.6,28.4,True
2026-08-26 14:28:45.538,29.07,0.0,29.9,0.0,2.286,1.644,3.902,3.925,3.912,3.926,3.911,3.93,3.92,29.9,29.0,28.5,28.5,True
2026-08-26 14:28:47.006,29.07,0.0,29.9,0.0,2.287,1.643,3.902,3.925,3.912,3.926,3.911,3.93,3.92,29.9,29.0,28.5,28.5,True
2026-08-26 14:28:48.285,29.07,0.0,30.0,0.0,2.287,1.643,3.902,3.925,3.912,3.926,3.911,3.93,3.92,30.0,29.0,28.4,28.5,True
2026-08-26 14:28:49.615,29.07,0.0,29.9,0.0,2.287,1.643,3.902,3.925,3.912,3.926,3.911,3.93,3.92,29.9,29.0,28.5,28.4,True
2026-08-26 14:28:50.939,29.07,0.0,29.9,0.0,2.287,1.643,3.902,3.925,3.912,3.926,3.911,3.93,3.92,29.9,29.0,28.4,28.5,True
2026-08-26 14:28:52.289,29.07,0.0,30.0,0.0,2.286,1.643,3.902,3.924,3.912,3.926,3.911,3.929,3.92,30.0,28.9,28.5,28.5,True
2026-08-26 14:28:53.754,29.07,0.0,29.9,0.0,2.286,1.643,3.902,3.924,3.912,3.926,3.911,3.929,3.92,29.9,28.9,28.5,28.4,True
2026-08-26 14:28:55.097,29.07,0.0,29.9,0.0,2.287,1.643,3.902,3.925,3.912,3.926,3.911,3.93,3.92,29.9,29.0,28.5,28.4,True
2026-08-26 14:28:56.451,29.07,0.0,29.9,0.0,2.287,1.643,3.902,3.925,3.912,3.926,3.911,3.93,3.92,29.9,29.0,28.4,28.5,True
2026-08-26 14:28:57.807,29.07,0.0,30.0,0.0,2.287,1.643,3.902,3.925,3.912,3.926,3.911,3.93,3.92,30.0,29.0,28.5,28.4,True
2026-08-26 14:28:59.161,29.07,0.0,29.9,0.0,2.287,1.643,3.902,3.925,3.912,3.926,3.911,3.93,3.92,29.9,29.0,28.4,28.5,True
2026-08-26 14:29:00.608,29.07,0.0,29.9,0.0,2.286,1.643,3.902,3.925,3.912,3.926,3.911,3.929,3.921,29.9,29.0,28.5,28.4,True
2026-08-26 14:29:01.977,29.07,0.0,29.9,0.0,2.286,1.643,3.902,3.925,3.912,3.926,3.911,3.929,3.921,29.9,29.0,28.5,28.4,True
2026-08-26 14:29:03.357,29.07,0.0,30.0,0.0,2.287,1.643,3.902,3.925,3.912,3.926,3.911,3.93,3.92,30.0,28.9,28.5,28.4,True
2026-08-26 14:29:04.697,29.07,0.0,29.9,0.0,2.288,1.642,3.902,3.925,3.912,3.926,3.911,3.93,3.92,29.9,29.0,28.4,28.5,True
2026-08-26 14:29:06.016,29.07,0.0,29.9,0.0,2.287,1.643,3.902,3.925,3.912,3.926,3.911,3.93,3.92,29.9,29.0,28.3,28.6,True
2026-08-26 14:29:07.409,29.07,0.0,29.9,0.0,2.288,1.642,3.902,3.925,3.912,3.926,3.911,3.93,3.921,29.9,29.1,28.3,28.5,True
2026-08-26 14:29:08.713,29.07,0.0,29.8,0.0,2.287,1.643,3.902,3.925,3.912,3.926,3.911,3.93,3.921,29.8,29.1,28.3,28.6,True
2026-08-26 14:29:10.053,29.07,0.0,29.9,0.0,2.287,1.643,3.902,3.925,3.912,3.926,3.911,3.93,3.921,29.9,28.9,28.4,28.5,True
2026-08-26 14:29:11.401,29.07,0.0,30.0,0.0,2.288,1.642,3.903,3.925,3.912,3.926,3.911,3.93,3.921,30.0,28.9,28.5,28.4,True
2026-08-26 14:29:12.715,29.07,0.0,29.8,0.0,2.288,1.642,3.903,3.925,3.912,3.926,3.911,3.93,3.921,29.8,29.0,28.4,28.5,True
2026-08-26 14:29:14.122,29.07,0.0,29.8,0.0,2.288,1.642,3.903,3.925,3.912,3.926,3.911,3.93,3.921,29.8,29.1,28.3,28.5,True
2026-08-26 14:29:15.475,29.07,0.0,29.9,0.0,2.288,1.642,3.902,3.925,3.912,3.926,3.911,3.93,3.92,29.9,29.0,28.3,28.5,True
2026-08-26 14:29:16.806,29.07,0.0,29.8,0.0,2.288,1.642,3.902,3.925,3.912,3.926,3.911,3.93,3.92,29.8,29.1,28.4,28.5,True
2026-08-26 14:29:18.150,29.07,0.0,30.0,0.0,2.288,1.642,3.902,3.925,3.912,3.926,3.911,3.93,3.92,30.0,28.9,28.5,28.3,True
2026-08-26 14:29:19.578,29.07,0.0,29.9,0.0,2.288,1.642,3.902,3.925,3.912,3.926,3.911,3.93,3.92,29.9,29.1,28.4,28.5,True
2026-08-26 14:29:20.903,29.07,0.0,29.8,0.0,2.288,1.642,3.902,3.925,3.912,3.926,3.911,3.93,3.92,29.8,29.1,28.3,28.6,True
2026-08-26 14:29:22.337,29.07,0.0,30.0,0.0,2.287,1.642,3.902,3.925,3.912,3.926,3.911,3.929,3.92,30.0,29.0,28.4,28.5,True
2026-08-26 14:29:23.743,29.07,0.0,30.0,0.0,2.288,1.642,3.902,3.925,3.912,3.926,3.911,3.93,3.92,30.0,28.9,28.4,28.4,True
2026-08-26 14:29:25.073,29.07,0.0,29.9,0.0,2.288,1.642,3.902,3.925,3.912,3.926,3.911,3.93,3.92,29.9,29.0,28.4,28.4,True
2026-08-26 14:29:26.512,29.07,0.0,29.8,0.0,2.288,1.642,3.902,3.925,3.912,3.926,3.911,3.93,3.92,29.8,29.1,28.3,28.6,True
2026-08-26 14:29:27.925,29.07,0.0,29.8,0.0,2.289,1.641,3.903,3.925,3.912,3.926,3.911,3.93,3.92,29.8,29.1,28.3,28.6,True
2026-08-26 14:29:29.262,29.07,0.0,29.9,0.0,2.289,1.641,3.902,3.925,3.912,3.926,3.911,3.93,3.92,29.9,29.0,28.4,28.4,True
2026-08-26 14:29:30.711,29.07,0.0,30.0,0.0,2.288,1.641,3.902,3.925,3.912,3.926,3.911,3.929,3.92,30.0,29.0,28.4,28.5,True
2026-08-26 14:29:32.037,29.07,0.0,29.9,0.0,2.288,1.641,3.902,3.925,3.912,3.926,3.911,3.929,3.92,29.9,28.9,28.4,28.5,True
2026-08-26 14:29:33.498,29.07,0.0,29.8,0.0,2.289,1.641,3.902,3.925,3.912,3.926,3.911,3.93,3.921,29.8,29.0,28.4,28.4,True
2026-08-26 14:29:34.822,29.07,0.0,29.9,0.0,2.289,1.641,3.903,3.925,3.912,3.926,3.911,3.93,3.92,29.9,28.9,28.5,28.4,True
2026-08-26 14:29:36.158,29.07,0.0,30.0,0.0,2.289,1.641,3.903,3.925,3.912,3.926,3.911,3.93,3.92,30.0,28.9,28.5,28.3,True
2026-08-26 14:29:37.501,29.07,0.0,29.9,0.0,2.289,1.641,3.902,3.925,3.912,3.926,3.911,3.93,3.92,29.9,28.9,28.4,28.4,True
2026-08-26 14:29:38.958,29.07,0.0,29.9,0.0,2.289,1.641,3.903,3.925,3.912,3.926,3.911,3.93,3.92,29.9,29.0,28.3,28.5,True
2026-08-26 14:29:40.335,29.07,0.0,30.0,0.0,2.289,1.641,3.902,3.925,3.912,3.926,3.911,3.93,3.921,30.0,28.9,28.4,28.4,True
2026-08-26 14:29:41.721,29.07,0.0,30.0,0.0,2.289,1.641,3.902,3.925,3.912,3.926,3.911,3.93,3.92,30.0,29.0,28.4,28.4,True
2026-08-26 14:29:43.047,29.07,0.0,30.0,0.0,2.289,1.641,3.902,3.925,3.912,3.926,3.911,3.93,3.92,30.0,28.9,28.5,28.4,True
2026-08-26 14:29:44.377,29.07,0.0,29.8,0.0,2.289,1.641,3.902,3.925,3.912,3.926,3.911,3.93,3.92,29.8,29.0,28.3,28.5,True
2026-08-26 14:29:45.838,29.07,0.0,29.9,0.0,2.289,1.641,3.902,3.925,3.912,3.926,3.911,3.93,3.92,29.9,29.0,28.4,28.4,True
2026-08-26 14:29:47.181,29.07,0.0,29.9,0.0,2.29,1.64,3.902,3.925,3.912,3.926,3.911,3.93,3.92,29.9,29.0,28.4,28.4,True
2026-08-26 14:29:48.533,29.07,0.0,29.9,0.0,2.289,1.641,3.902,3.925,3.912,3.926,3.911,3.93,3.921,29.9,29.0,28.3,28.5,True
2026-08-26 14:29:49.913,29.07,0.0,29.8,0.0,2.29,1.64,3.902,3.925,3.912,3.926,3.911,3.93,3.92,29.8,29.0,28.3,28.5,True
2026-08-26 14:29:51.329,29.07,0.0,29.9,0.0,2.29,1.64,3.902,3.924,3.912,3.926,3.911,3.93,3.92,29.9,29.0,28.4,28.4,True
2026-08-26 14:29:52.684,29.07,0.0,29.9,0.0,2.29,1.64,3.902,3.924,3.912,3.926,3.911,3.93,3.92,29.9,29.0,28.4,28.5,True
2026-08-26 14:29:54.063,29.07,0.0,30.0,0.0,2.29,1.64,3.902,3.925,3.912,3.926,3.911,3.93,3.92,30.0,28.9,28.4,28.4,True
2026-08-26 14:29:55.423,29.07,0.0,29.9,0.0,2.29,1.64,3.902,3.925,3.912,3.926,3.911,3.93,3.92,29.9,29.0,28.3,28.5,True
2026-08-26 14:29:56.894,29.07,0.0,29.9,0.0,2.29,1.64,3.902,3.925,3.912,3.926,3.911,3.93,3.92,29.9,28.9,28.4,28.5,True
2026-08-26 14:29:58.375,29.07,0.0,29.9,0.0,2.29,1.64,3.902,3.925,3.912,3.926,3.911,3.93,3.92,29.9,29.0,28.3,28.5,True
2026-08-26 14:29:59.704,29.07,0.0,29.9,0.0,2.29,1.64,3.902,3.925,3.912,3.926,3.911,3.93,3.92,29.9,28.9,28.4,28.3,True
2026-08-26 14:30:01.080,29.07,0.0,29.9,0.0,2.289,1.64,3.902,3.925,3.912,3.926,3.911,3.929,3.92,29.9,29.0,28.4,28.4,True
2026-08-26 14:30:02.403,29.07,0.0,29.9,0.0,2.29,1.64,3.902,3.925,3.912,3.926,3.911,3.93,3.92,29.9,29.0,28.4,28.4,True
2026-08-26 14:30:04.008,29.07,0.0,29.9,0.0,2.29,1.64,3.902,3.925,3.912,3.926,3.911,3.93,3.92,29.9,29.1,28.3,28.4,True
2026-08-26 14:30:05.462,29.07,0.0,30.0,0.0,2.29,1.64,3.902,3.925,3.912,3.926,3.911,3.93,3.921,30.0,28.8,28.4,28.4,True
2026-08-26 14:30:06.997,29.07,0.0,29.9,0.0,2.291,1.639,3.902,3.925,3.912,3.926,3.911,3.93,3.92,29.9,29.0,28.3,28.4,True
2026-08-26 14:30:08.434,29.07,0.0,29.9,0.0,2.291,1.639,3.902,3.925,3.912,3.926,3.911,3.93,3.92,29.9,29.0,28.4,28.4,True
2026-08-26 14:30:10.033,29.07,0.0,29.8,0.0,2.29,1.64,3.902,3.925,3.912,3.926,3.911,3.93,3.92,29.8,29.0,28.3,28.5,True
2026-08-26 14:30:11.434,29.07,0.0,30.0,0.0,2.29,1.64,3.902,3.925,3.912,3.926,3.911,3.93,3.92,30.0,28.9,28.3,28.4,True
2026-08-26 14:30:12.956,29.07,0.0,30.0,0.0,2.291,1.639,3.902,3.925,3.912,3.926,3.911,3.93,3.92,30.0,28.9,28.4,28.4,True
2026-08-26 14:30:14.331,29.07,0.0,29.9,0.0,2.291,1.639,3.902,3.925,3.912,3.926,3.911,3.93,3.92,29.9,29.0,28.3,28.5,True
2026-08-26 14:30:15.764,29.07,0.0,29.8,0.0,2.291,1.639,3.902,3.925,3.912,3.926,3.911,3.93,3.92,29.8,29.0,28.3,28.4,True
2026-08-26 14:30:17.191,29.07,0.0,29.9,0.0,2.291,1.639,3.902,3.925,3.912,3.926,3.911,3.93,3.921,29.9,28.9,28.3,28.4,True
2026-08-26 14:30:18.572,29.07,0.0,29.9,0.0,2.291,1.639,3.902,3.925,3.912,3.926,3.911,3.93,3.92,29.9,29.0,28.2,28.4,True
2026-08-26 14:30:19.977,29.07,0.0,30.0,0.0,2.291,1.639,3.902,3.925,3.912,3.926,3.911,3.93,3.92,30.0,28.9,28.5,28.3,True
2026-08-26 14:30:21.507,29.07,0.0,30.0,0.0,2.291,1.639,3.902,3.925,3.912,3.926,3.911,3.93,3.92,30.0,28.9,28.4,28.4,True
2026-08-26 14:30:22.908,29.07,0.0,29.8,0.0,2.291,1.639,3.902,3.925,3.912,3.926,3.911,3.93,3.92,29.8,29.1,28.3,28.5,True
2026-08-26 14:30:24.323,29.07,0.0,29.9,0.0,2.291,1.639,3.902,3.925,3.912,3.926,3.911,3.93,3.92,29.9,28.9,28.3,28.4,True
2026-08-26 14:30:25.695,29.07,0.0,30.0,0.0,2.291,1.639,3.902,3.925,3.912,3.926,3.911,3.93,3.92,30.0,28.9,28.4,28.4,True
2026-08-26 14:30:27.045,29.06,0.0,30.0,0.0,2.292,1.638,3.902,3.925,3.912,3.926,3.911,3.93,3.92,30.0,29.0,28.3,28.4,True
2026-08-26 14:30:28.526,29.07,0.0,29.9,0.0,2.291,1.639,3.902,3.925,3.912,3.926,3.911,3.93,3.92,29.9,29.0,28.3,28.4,True
2026-08-26 14:30:29.943,29.07,0.0,30.0,0.0,2.291,1.639,3.902,3.925,3.912,3.926,3.911,3.93,3.92,30.0,28.9,28.3,28.4,True
2026-08-26 14:30:31.333,29.06,0.0,30.0,0.0,2.292,1.638,3.902,3.925,3.912,3.926,3.911,3.93,3.92,30.0,29.0,28.3,28.4,True
2026-08-26 14:30:32.719,29.06,0.0,29.9,0.0,2.292,1.638,3.902,3.925,3.912,3.926,3.911,3.93,3.92,29.9,29.0,28.3,28.4,True
2026-08-26 14:30:34.185,29.06,0.0,30.0,0.0,2.292,1.638,3.902,3.925,3.912,3.926,3.911,3.93,3.92,30.0,28.8,28.4,28.3,True
2026-08-26 14:30:35.592,29.06,0.0,30.0,0.0,2.291,1.638,3.902,3.925,3.912,3.926,3.911,3.929,3.92,30.0,29.0,28.3,28.4,True
2026-08-26 14:30:36.991,29.06,0.0,30.0,0.0,2.292,1.638,3.902,3.925,3.912,3.926,3.911,3.93,3.92,30.0,29.0,28.2,28.4,True
2026-08-26 14:30:38.374,29.06,0.0,29.9,0.0,2.292,1.638,3.902,3.925,3.912,3.926,3.911,3.93,3.92,29.9,29.0,28.4,28.3,True
2026-08-26 14:30:39.834,29.07,0.0,30.0,0.0,2.292,1.638,3.902,3.925,3.912,3.926,3.911,3.93,3.921,30.0,28.9,28.3,28.4,True
2026-08-26 14:30:41.190,29.07,0.0,30.0,0.0,2.292,1.638,3.902,3.925,3.912,3.926,3.911,3.93,3.921,30.0,28.9,28.4,28.3,True
2026-08-26 14:30:42.580,29.06,0.0,30.0,0.0,2.292,1.638,3.902,3.925,3.912,3.926,3.911,3.93,3.92,30.0,29.0,28.3,28.5,True
2026-08-26 14:30:43.983,29.06,0.0,29.8,0.0,2.292,1.638,3.902,3.925,3.912,3.926,3.911,3.93,3.92,29.8,29.1,28.2,28.5,True
2026-08-26 14:30:45.443,29.06,0.0,29.9,0.0,2.292,1.638,3.902,3.925,3.912,3.926,3.911,3.93,3.92,29.9,29.1,28.2,28.5,True
2026-08-26 14:30:46.896,29.06,0.0,30.0,0.0,2.292,1.638,3.902,3.925,3.912,3.926,3.911,3.93,3.92,30.0,28.9,28.3,28.4,True
2026-08-26 14:30:48.276,29.06,0.0,30.0,0.0,2.292,1.638,3.902,3.924,3.912,3.926,3.911,3.93,3.92,30.0,28.9,28.4,28.3,True
2026-08-26 14:30:49.683,29.06,0.0,30.0,0.0,2.292,1.638,3.902,3.925,3.912,3.926,3.911,3.93,3.92,30.0,29.0,28.3,28.4,True
2026-08-26 14:30:51.160,29.06,0.0,29.8,0.0,2.291,1.638,3.903,3.925,3.912,3.926,3.911,3.929,3.921,29.8,29.0,28.2,28.5,True
2026-08-26 14:30:52.573,29.06,0.0,29.8,0.0,2.291,1.638,3.903,3.925,3.912,3.926,3.911,3.929,3.921,29.8,29.0,28.2,28.4,True
2026-08-26 14:30:53.969,29.06,0.0,30.0,0.0,2.293,1.637,3.902,3.925,3.912,3.926,3.911,3.93,3.92,30.0,28.9,28.4,28.3,True
2026-08-26 14:30:55.404,29.06,0.0,29.8,0.0,2.292,1.638,3.902,3.925,3.912,3.926,3.911,3.93,3.92,29.8,29.0,28.2,28.6,True
2026-08-26 14:30:56.883,29.06,0.0,29.8,0.0,2.292,1.638,3.902,3.925,3.912,3.926,3.911,3.93,3.92,29.8,28.9,28.4,28.3,True
2026-08-26 14:30:58.283,29.06,0.0,30.0,0.0,2.293,1.637,3.903,3.925,3.912,3.926,3.911,3.93,3.919,30.0,28.9,28.3,28.4,True
2026-08-26 14:30:59.709,29.06,0.0,29.8,0.0,2.293,1.637,3.902,3.925,3.912,3.926,3.911,3.93,3.92,29.8,29.0,28.2,28.4,True
2026-08-26 14:31:01.113,29.06,0.0,30.1,0.0,2.293,1.637,3.902,3.925,3.912,3.926,3.911,3.93,3.92,30.1,28.9,28.3,28.4,True
2026-08-26 14:31:02.563,29.06,0.0,30.0,0.0,2.293,1.637,3.902,3.925,3.912,3.926,3.911,3.93,3.92,30.0,28.9,28.4,28.4,True
2026-08-26 14:31:03.939,29.06,0.0,29.9,0.0,2.293,1.637,3.902,3.925,3.912,3.926,3.911,3.93,3.92,29.9,29.0,28.2,28.4,True
2026-08-26 14:31:05.268,29.06,0.0,30.1,0.0,2.293,1.637,3.902,3.925,3.912,3.926,3.911,3.93,3.92,30.1,28.9,28.3,28.3,True
2026-08-26 14:31:06.748,29.06,0.0,30.0,0.0,2.293,1.637,3.903,3.925,3.912,3.926,3.911,3.93,3.92,30.0,28.9,28.3,28.3,True
2026-08-26 14:31:08.144,29.06,0.0,29.9,0.0,2.293,1.637,3.903,3.925,3.912,3.926,3.911,3.93,3.92,29.9,29.0,28.2,28.4,True
2026-08-26 14:31:09.504,29.06,0.0,30.0,0.0,2.293,1.637,3.902,3.925,3.912,3.926,3.911,3.93,3.92,30.0,28.9,28.3,28.4,True
2026-08-26 14:31:10.962,29.06,0.0,29.9,0.0,2.293,1.637,3.902,3.925,3.912,3.926,3.911,3.93,3.92,29.9,28.9,28.3,28.4,True
2026-08-26 14:31:12.418,29.06,0.0,30.0,0.0,2.293,1.637,3.902,3.925,3.912,3.926,3.911,3.93,3.92,30.0,28.9,28.4,28.3,True
2026-08-26 14:31:13.820,29.06,0.0,30.0,0.0,2.293,1.637,3.902,3.925,3.912,3.926,3.911,3.93,3.92,30.0,28.9,28.3,28.3,True
2026-08-26 14:31:15.391,29.06,0.0,30.0,0.0,2.294,1.636,3.902,3.925,3.912,3.926,3.911,3.93,3.92,30.0,29.0,28.2,28.4,True
2026-08-26 14:31:16.821,29.06,0.0,30.0,0.0,2.294,1.636,3.902,3.925,3.912,3.926,3.911,3.93,3.92,30.0,28.9,28.3,28.3,True
2026-08-26 14:31:18.312,29.06,0.0,29.9,0.0,2.294,1.636,3.902,3.925,3.912,3.926,3.911,3.93,3.92,29.9,29.0,28.3,28.4,True
2026-08-26 14:31:19.709,29.06,0.0,30.0,0.0,2.294,1.636,3.902,3.925,3.912,3.926,3.911,3.93,3.92,30.0,28.9,28.3,28.4,True
2026-08-26 14:31:21.092,29.06,0.0,29.9,0.0,2.294,1.636,3.903,3.925,3.912,3.926,3.911,3.93,3.92,29.9,28.9,28.2,28.5,True
2026-08-26 14:31:22.505,29.06,0.0,30.0,0.0,2.293,1.636,3.902,3.925,3.912,3.926,3.911,3.929,3.92,30.0,29.0,28.2,28.5,True
2026-08-26 14:31:23.984,29.06,0.0,30.0,0.0,2.294,1.636,3.902,3.925,3.912,3.926,3.911,3.93,3.92,30.0,28.9,28.3,28.4,True
2026-08-26 14:31:25.543,29.06,0.0,30.0,0.0,2.294,1.636,3.902,3.925,3.912,3.926,3.911,3.93,3.92,30.0,28.8,28.4,28.3,True
2026-08-26 14:31:27.027,29.06,0.0,30.0,0.0,2.294,1.636,3.902,3.925,3.912,3.926,3.911,3.93,3.92,30.0,28.8,28.5,28.4,True
2026-08-26 14:31:28.488,29.06,0.0,29.9,0.0,2.294,1.636,3.902,3.925,3.912,3.926,3.911,3.93,3.92,29.9,29.0,28.3,28.4,True
2026-08-26 14:31:29.866,29.06,0.0,30.0,0.0,2.294,1.636,3.902,3.925,3.912,3.926,3.911,3.93,3.92,30.0,28.9,28.4,28.4,True
2026-08-26 14:31:31.280,29.06,0.0,29.9,0.0,2.294,1.636,3.902,3.925,3.912,3.926,3.911,3.93,3.92,29.9,28.9,28.3,28.4,True
2026-08-26 14:31:32.713,29.06,0.0,29.9,0.0,2.294,1.636,3.902,3.925,3.912,3.926,3.911,3.93,3.92,29.9,29.0,28.2,28.5,True
2026-08-26 14:31:34.193,29.06,0.0,29.9,0.0,2.294,1.636,3.902,3.925,3.912,3.926,3.911,3.93,3.92,29.9,29.0,28.3,28.5,True
2026-08-26 14:31:35.637,29.06,0.0,29.9,0.0,2.294,1.636,3.902,3.924,3.912,3.926,3.911,3.93,3.92,29.9,29.0,28.3,28.4,True
2026-08-26 14:31:37.163,29.06,0.0,29.9,0.0,2.294,1.636,3.902,3.925,3.912,3.926,3.911,3.93,3.92,29.9,28.9,28.2,28.4,True
2026-08-26 14:31:38.615,29.06,0.0,30.0,0.0,2.294,1.636,3.902,3.925,3.912,3.926,3.911,3.93,3.92,30.0,28.9,28.4,28.4,True
2026-08-26 14:31:40.137,29.06,0.0,29.9,0.0,2.295,1.635,3.902,3.925,3.912,3.926,3.911,3.93,3.92,29.9,28.9,28.3,28.4,True
2026-08-26 14:31:41.578,29.06,0.0,29.9,0.0,2.295,1.635,3.902,3.925,3.912,3.926,3.911,3.93,3.92,29.9,29.0,28.2,28.4,True
2026-08-26 14:31:42.999,29.06,0.0,29.9,0.0,2.295,1.635,3.902,3.925,3.912,3.926,3.911,3.93,3.92,29.9,29.0,28.3,28.4,True
2026-08-26 14:31:44.596,29.06,0.0,30.0,0.0,2.295,1.635,3.902,3.925,3.912,3.926,3.911,3.93,3.92,30.0,28.8,28.5,28.2,True
2026-08-26 14:31:46.074,29.06,0.0,29.9,0.0,2.295,1.635,3.902,3.925,3.912,3.926,3.911,3.93,3.92,29.9,29.0,28.3,28.4,True
2026-08-26 14:31:47.582,29.06,0.0,29.9,0.0,2.295,1.635,3.902,3.925,3.912,3.926,3.911,3.93,3.92,29.9,29.0,28.4,28.4,True
2026-08-26 14:31:48.981,29.06,0.0,30.0,0.0,2.295,1.635,3.902,3.925,3.912,3.926,3.911,3.93,3.92,30.0,29.0,28.3,28.4,True
2026-08-26 14:31:50.537,29.06,0.0,29.8,0.0,2.295,1.635,3.902,3.925,3.912,3.926,3.911,3.93,3.92,29.8,29.0,28.4,28.4,True
2026-08-26 14:31:51.967,29.06,0.0,30.0,0.0,2.295,1.635,3.902,3.925,3.912,3.926,3.911,3.93,3.92,30.0,28.9,28.4,28.3,True
2026-08-26 14:31:53.399,29.06,0.0,30.0,0.0,2.295,1.635,3.902,3.925,3.912,3.926,3.911,3.93,3.92,30.0,28.9,28.3,28.4,True
2026-08-26 14:31:54.771,29.06,0.0,29.9,0.0,2.295,1.635,3.902,3.925,3.912,3.926,3.911,3.93,3.92,29.9,29.0,28.3,28.5,True
2026-08-26 14:31:56.301,29.06,0.0,29.9,0.0,2.295,1.635,3.902,3.925,3.912,3.926,3.911,3.93,3.92,29.9,29.0,28.3,28.5,True
2026-08-26 14:31:57.774,29.06,0.0,30.0,0.0,2.296,1.634,3.902,3.925,3.912,3.926,3.911,3.93,3.92,30.0,28.9,28.4,28.4,True
2026-08-26 14:31:59.224,29.06,0.0,29.9,0.0,2.296,1.634,3.902,3.925,3.912,3.926,3.911,3.93,3.92,29.9,29.0,28.4,28.4,True
2026-08-26 14:32:00.819,29.06,0.0,29.9,0.0,2.296,1.634,3.902,3.925,3.912,3.926,3.911,3.93,3.92,29.9,29.0,28.3,28.5,True
2026-08-26 14:32:02.281,29.06,0.0,29.9,0.0,2.296,1.634,3.902,3.925,3.912,3.926,3.911,3.93,3.92,29.9,29.0,28.3,28.4,True
2026-08-26 14:32:03.686,29.06,0.0,29.9,0.0,2.296,1.634,3.902,3.925,3.912,3.926,3.911,3.93,3.92,29.9,29.0,28.4,28.4,True
2026-08-26 14:32:05.159,29.06,0.0,29.8,0.0,2.296,1.634,3.902,3.925,3.912,3.926,3.911,3.93,3.92,29.8,29.0,28.3,28.4,True
2026-08-26 14:32:06.714,29.06,0.0,30.0,0.0,2.296,1.634,3.902,3.925,3.912,3.926,3.911,3.93,3.92,30.0,28.8,28.5,28.4,True
2026-08-26 14:32:08.219,29.06,0.0,29.9,0.0,2.295,1.634,3.902,3.925,3.912,3.926,3.911,3.929,3.92,29.9,29.0,28.4,28.4,True
2026-08-26 14:32:09.733,29.06,0.0,29.9,0.0,2.295,1.634,3.902,3.925,3.912,3.926,3.911,3.929,3.92,29.9,29.0,28.3,28.4,True
2026-08-26 14:32:11.283,29.06,0.0,29.9,0.0,2.296,1.634,3.902,3.924,3.912,3.926,3.911,3.93,3.92,29.9,29.1,28.3,28.5,True
2026-08-26 14:32:12.773,29.06,0.0,29.9,0.0,2.296,1.634,3.902,3.925,3.912,3.926,3.911,3.93,3.92,29.9,28.9,28.4,28.3,True
2026-08-26 14:32:14.302,29.06,0.0,30.0,0.0,2.296,1.634,3.902,3.925,3.912,3.926,3.911,3.93,3.92,30.0,28.9,28.3,28.5,True
2026-08-26 14:32:15.764,29.06,0.0,30.0,0.0,2.296,1.634,3.902,3.925,3.912,3.926,3.911,3.93,3.92,30.0,28.8,28.4,28.4,True
2026-08-26 14:32:17.318,29.06,0.0,30.0,0.0,2.297,1.633,3.902,3.925,3.912,3.926,3.911,3.93,3.921,30.0,28.9,28.4,28.3,True
2026-08-26 14:32:18.878,29.06,0.0,29.9,0.0,2.297,1.633,3.902,3.925,3.912,3.926,3.911,3.93,3.92,29.9,28.9,28.4,28.4,True
2026-08-26 14:32:20.307,29.06,0.0,29.8,0.0,2.297,1.633,3.902,3.925,3.912,3.926,3.911,3.93,3.92,29.8,29.0,28.3,28.5,True
2026-08-26 14:32:21.841,29.06,0.0,29.9,0.0,2.297,1.633,3.902,3.925,3.912,3.926,3.911,3.93,3.92,29.9,29.0,28.3,28.6,True
2026-08-26 14:32:23.340,29.06,0.0,29.9,0.0,2.297,1.633,3.902,3.925,3.912,3.926,3.911,3.93,3.92,29.9,29.0,28.4,28.4,True
2026-08-26 14:32:24.885,29.06,0.0,29.9,0.0,2.296,1.633,3.902,3.925,3.912,3.926,3.911,3.929,3.92,29.9,28.9,28.4,28.4,True
2026-08-26 14:32:26.382,29.06,0.0,30.0,0.0,2.296,1.633,3.902,3.925,3.912,3.926,3.911,3.929,3.92,30.0,29.0,28.4,28.4,True
2026-08-26 14:32:27.825,29.06,0.0,29.9,0.0,2.297,1.633,3.902,3.925,3.912,3.926,3.911,3.93,3.92,29.9,29.0,28.4,28.4,True
2026-08-26 14:32:29.400,29.06,0.0,29.9,0.0,2.296,1.633,3.902,3.924,3.912,3.926,3.911,3.929,3.919,29.9,28.9,28.3,28.5,True
2026-08-26 14:32:30.887,29.06,0.0,29.9,0.0,2.297,1.633,3.902,3.925,3.912,3.926,3.911,3.93,3.92,29.9,29.0,28.4,28.4,True
2026-08-26 14:32:32.446,29.06,0.0,29.9,0.0,2.297,1.633,3.902,3.925,3.912,3.926,3.911,3.93,3.92,29.9,29.0,28.3,28.5,True
2026-08-26 14:32:34.031,29.06,0.0,29.9,0.0,2.297,1.633,3.902,3.925,3.912,3.926,3.911,3.93,3.92,29.9,29.0,28.3,28.6,True
2026-08-26 14:32:35.479,29.06,0.0,29.9,0.0,2.297,1.633,3.902,3.925,3.912,3.926,3.911,3.93,3.92,29.9,29.0,28.3,28.5,True
2026-08-26 14:32:36.959,29.06,0.0,30.0,0.0,2.297,1.633,3.903,3.925,3.912,3.926,3.911,3.93,3.92,30.0,28.9,28.4,28.4,True
2026-08-26 14:32:38.402,29.06,0.0,29.9,0.0,2.297,1.633,3.902,3.925,3.912,3.926,3.911,3.93,3.92,29.9,29.0,28.3,28.4,True
2026-08-26 14:32:39.857,29.06,0.0,30.0,0.0,2.296,1.633,3.902,3.925,3.912,3.926,3.911,3.929,3.92,30.0,28.9,28.5,28.4,True
2026-08-26 14:32:41.371,29.06,0.0,30.0,0.0,2.296,1.633,3.902,3.925,3.912,3.926,3.911,3.929,3.92,30.0,28.9,28.4,28.4,True
2026-08-26 14:32:43.000,29.06,0.0,29.9,0.0,2.298,1.632,3.902,3.925,3.912,3.926,3.911,3.93,3.92,29.9,29.0,28.4,28.4,True
2026-08-26 14:32:44.463,29.06,0.0,29.9,0.0,2.298,1.632,3.902,3.925,3.912,3.926,3.911,3.93,3.92,29.9,28.9,28.4,28.4,True
2026-08-26 14:32:45.971,29.06,0.0,30.0,0.0,2.298,1.632,3.902,3.925,3.912,3.926,3.911,3.93,3.92,30.0,28.9,28.4,28.4,True
2026-08-26 14:32:47.534,29.06,0.0,29.8,0.0,2.297,1.632,3.902,3.925,3.912,3.926,3.911,3.929,3.92,29.8,29.1,28.4,28.4,True
2026-08-26 14:32:49.040,29.06,0.0,30.0,0.0,2.298,1.632,3.902,3.925,3.912,3.926,3.911,3.93,3.92,30.0,28.9,28.4,28.4,True
2026-08-26 14:32:50.474,29.06,0.0,29.9,0.0,2.298,1.632,3.902,3.925,3.912,3.926,3.911,3.93,3.92,29.9,29.0,28.4,28.4,True
2026-08-26 14:32:52.048,29.06,0.0,30.0,0.0,2.298,1.632,3.902,3.924,3.912,3.926,3.911,3.93,3.92,30.0,28.9,28.5,28.3,True
2026-08-26 14:32:53.488,29.06,0.0,29.9,0.0,2.298,1.632,3.902,3.925,3.912,3.926,3.911,3.93,3.92,29.9,29.0,28.4,28.5,True
2026-08-26 14:32:54.928,29.06,0.0,30.0,0.0,2.298,1.632,3.902,3.925,3.912,3.926,3.911,3.93,3.92,30.0,28.9,28.4,28.4,True
2026-08-26 14:32:56.479,29.06,0.0,29.9,0.0,2.298,1.632,3.902,3.925,3.912,3.926,3.911,3.93,3.92,29.9,29.0,28.3,28.5,True
2026-08-26 14:32:57.900,29.06,0.0,30.0,0.0,2.298,1.632,3.902,3.925,3.912,3.926,3.911,3.93,3.92,30.0,28.9,28.4,28.4,True
2026-08-26 14:32:59.384,29.06,0.0,29.9,0.0,2.299,1.631,3.902,3.925,3.912,3.926,3.911,3.93,3.919,29.9,29.0,28.4,28.4,True
2026-08-26 14:33:00.853,29.06,0.0,29.9,0.0,2.297,1.632,3.902,3.925,3.912,3.926,3.911,3.929,3.92,29.9,29.0,28.3,28.5,True
2026-08-26 14:33:02.421,29.06,0.0,29.9,0.0,2.298,1.632,3.902,3.925,3.912,3.926,3.911,3.93,3.92,29.9,29.0,28.3,28.5,True
2026-08-26 14:33:03.877,29.06,0.0,29.9,0.0,2.298,1.631,3.902,3.925,3.912,3.926,3.911,3.929,3.92,29.9,29.1,28.3,28.4,True
2026-08-26 14:33:05.281,29.06,0.0,30.0,0.0,2.299,1.631,3.902,3.925,3.912,3.926,3.911,3.93,3.92,30.0,29.0,28.4,28.4,True
2026-08-26 14:33:06.902,29.06,0.0,30.0,0.0,2.299,1.631,3.902,3.925,3.912,3.926,3.911,3.93,3.92,30.0,29.0,28.4,28.4,True
2026-08-26 14:33:08.372,29.06,0.0,29.9,0.0,2.299,1.631,3.902,3.925,3.912,3.926,3.911,3.93,3.92,29.9,29.0,28.3,28.5,True
2026-08-26 14:33:09.843,29.06,0.0,29.8,0.0,2.299,1.631,3.902,3.925,3.912,3.926,3.911,3.93,3.92,29.8,29.1,28.3,28.5,True
2026-08-26 14:33:11.347,29.06,0.0,30.0,0.0,2.299,1.631,3.902,3.925,3.912,3.926,3.911,3.93,3.92,30.0,28.9,28.4,28.4,True
2026-08-26 14:33:12.751,29.06,0.0,30.0,0.0,2.299,1.631,3.902,3.925,3.912,3.926,3.911,3.93,3.92,30.0,28.9,28.4,28.4,True
2026-08-26 14:33:14.214,29.06,0.0,30.0,0.0,2.299,1.631,3.902,3.924,3.912,3.926,3.911,3.93,3.92,30.0,28.9,28.4,28.5,True
2026-08-26 14:33:15.755,29.06,0.0,30.0,0.0,2.299,1.631,3.902,3.925,3.912,3.926,3.911,3.93,3.92,30.0,28.9,28.5,28.4,True
2026-08-26 14:33:17.187,29.06,0.0,30.0,0.0,2.299,1.631,3.902,3.925,3.912,3.926,3.911,3.93,3.92,30.0,28.9,28.5,28.3,True
2026-08-26 14:33:18.634,29.06,0.0,30.0,0.0,2.298,1.631,3.902,3.925,3.912,3.926,3.911,3.929,3.92,30.0,29.0,28.5,28.3,True
2026-08-26 14:33:20.130,29.06,0.0,30.0,0.0,2.299,1.631,3.902,3.925,3.912,3.926,3.911,3.93,3.92,30.0,29.0,28.4,28.4,True
2026-08-26 14:33:21.516,29.06,0.0,30.0,0.0,2.299,1.631,3.902,3.925,3.912,3.926,3.911,3.93,3.92,30.0,29.0,28.4,28.4,True
2026-08-26 14:33:22.995,29.06,0.0,29.8,0.0,2.299,1.631,3.902,3.925,3.912,3.926,3.911,3.93,3.92,29.8,29.1,28.4,28.4,True
2026-08-26 14:33:24.440,29.06,0.0,29.9,0.0,2.299,1.631,3.902,3.925,3.912,3.926,3.911,3.93,3.92,29.9,29.0,28.3,28.5,True
2026-08-26 14:33:25.982,29.06,0.0,30.0,0.0,2.3,1.63,3.902,3.925,3.912,3.926,3.911,3.93,3.92,30.0,28.9,28.4,28.4,True
2026-08-26 14:33:27.448,29.06,0.0,30.0,0.0,2.3,1.63,3.902,3.925,3.912,3.926,3.911,3.93,3.92,30.0,29.0,28.4,28.4,True
2026-08-26 14:33:28.942,29.06,0.0,30.0,0.0,2.3,1.63,3.902,3.925,3.912,3.926,3.911,3.93,3.92,30.0,28.9,28.4,28.4,True
2026-08-26 14:33:30.557,29.06,0.0,30.0,0.0,2.3,1.63,3.902,3.925,3.912,3.926,3.911,3.93,3.92,30.0,28.9,28.5,28.3,True
2026-08-26 14:33:32.039,29.06,0.0,30.0,0.0,2.3,1.63,3.902,3.925,3.912,3.926,3.911,3.93,3.92,30.0,28.9,28.4,28.4,True
2026-08-26 14:33:33.514,29.06,0.0,30.0,0.0,2.3,1.63,3.902,3.925,3.912,3.926,3.911,3.93,3.92,30.0,28.9,28.5,28.4,True
2026-08-26 14:33:35.070,29.05,0.0,30.1,0.0,2.299,1.63,3.902,3.925,3.912,3.926,3.911,3.929,3.92,30.1,28.9,28.5,28.4,True
2026-08-26 14:33:36.644,29.05,0.0,30.0,0.0,2.3,1.63,3.902,3.925,3.912,3.926,3.911,3.93,3.919,30.0,29.0,28.4,28.5,True
2026-08-26 14:34:02.306,29.05,0.0,30.1,0.0,2.301,1.629,3.902,3.925,3.912,3.926,3.911,3.93,3.92,30.1,28.9,28.4,28.5,True
2026-08-26 14:34:06.781,29.05,0.0,30.0,0.0,2.301,1.629,3.902,3.925,3.912,3.926,3.911,3.93,3.92,30.0,28.9,28.4,28.5,True
2026-08-26 14:34:10.331,29.05,0.0,30.1,0.0,2.301,1.628,3.902,3.925,3.912,3.926,3.911,3.929,3.92,30.1,28.9,28.5,28.4,True
2026-08-26 14:34:13.892,29.05,0.0,30.0,0.0,2.302,1.628,3.902,3.925,3.912,3.926,3.911,3.93,3.92,30.0,29.0,28.5,28.4,True
2026-08-26 14:34:17.500,29.05,0.0,29.9,0.0,2.302,1.628,3.902,3.925,3.912,3.926,3.911,3.93,3.92,29.9,29.1,28.2,28.6,True
2026-08-26 14:34:21.008,29.05,0.0,30.0,0.0,2.302,1.628,3.902,3.925,3.912,3.926,3.911,3.93,3.92,30.0,29.0,28.4,28.4,True
2026-08-26 14:34:24.467,29.05,0.0,30.0,0.0,2.302,1.628,3.902,3.925,3.912,3.926,3.911,3.93,3.92,30.0,28.9,28.5,28.4,True
2026-08-26 14:34:28.082,29.05,0.0,30.0,0.0,2.302,1.628,3.902,3.925,3.912,3.926,3.911,3.93,3.92,30.0,29.0,28.5,28.4,True
2026-08-26 14:34:31.619,29.05,0.0,29.9,0.0,2.303,1.627,3.902,3.925,3.912,3.926,3.911,3.93,3.92,29.9,29.1,28.3,28.6,True
2026-08-26 14:34:35.087,29.05,0.0,30.0,0.0,2.303,1.627,3.902,3.925,3.912,3.926,3.911,3.93,3.92,30.0,29.0,28.4,28.4,True
2026-08-26 14:34:36.714,29.05,0.0,30.0,0.0,2.303,1.627,3.902,3.925,3.912,3.926,3.911,3.93,3.92,30.0,29.0,28.4,28.4,True
2026-08-26 14:34:38.188,29.05,0.0,30.1,0.0,2.303,1.627,3.902,3.925,3.912,3.926,3.911,3.93,3.92,30.1,28.9,28.5,28.4,True
2026-08-26 14:34:39.769,29.05,0.0,30.0,0.0,2.303,1.627,3.902,3.925,3.912,3.926,3.911,3.93,3.92,30.0,29.0,28.4,28.5,True
2026-08-26 14:34:41.542,29.05,0.0,30.0,0.0,2.303,1.627,3.902,3.925,3.912,3.926,3.911,3.93,3.92,30.0,29.1,28.4,28.5,True
2026-08-26 14:34:43.085,29.05,0.0,29.9,0.0,2.303,1.627,3.902,3.925,3.912,3.926,3.911,3.93,3.92,29.9,29.0,28.4,28.4,True
2026-08-26 14:34:44.536,29.05,0.0,30.0,0.0,2.303,1.627,3.902,3.925,3.912,3.926,3.911,3.93,3.92,30.0,29.0,28.4,28.5,True
2026-08-26 14:34:46.159,29.05,0.0,29.9,0.0,2.302,1.627,3.902,3.925,3.912,3.926,3.911,3.929,3.92,29.9,29.1,28.4,28.5,True
2026-08-26 14:34:47.675,29.05,0.0,30.0,0.0,2.303,1.626,3.902,3.925,3.912,3.926,3.911,3.929,3.92,30.0,29.0,28.4,28.4,True
2026-08-26 14:34:49.251,29.05,0.0,30.0,0.0,2.304,1.626,3.902,3.925,3.912,3.926,3.911,3.93,3.92,30.0,28.9,28.5,28.4,True
2026-08-26 14:34:50.872,29.05,0.0,30.0,0.0,2.304,1.626,3.902,3.925,3.912,3.926,3.911,3.93,3.92,30.0,29.0,28.3,28.5,True
2026-08-26 14:34:52.410,29.05,0.0,30.0,0.0,2.303,1.626,3.902,3.925,3.912,3.926,3.911,3.929,3.92,30.0,29.0,28.4,28.4,True
2026-08-26 14:34:53.933,29.05,0.0,30.0,0.0,2.304,1.626,3.902,3.925,3.912,3.926,3.911,3.93,3.92,30.0,29.0,28.4,28.4,True
2026-08-26 14:34:55.633,29.05,0.0,29.9,0.0,2.304,1.626,3.902,3.925,3.912,3.926,3.911,3.93,3.92,29.9,29.0,28.3,28.6,True
2026-08-26 14:34:57.216,29.05,0.0,30.0,0.0,2.303,1.626,3.902,3.925,3.912,3.926,3.911,3.929,3.92,30.0,29.0,28.4,28.3,True
2026-08-26 14:34:58.773,29.05,0.0,30.0,0.0,2.303,1.626,3.902,3.925,3.912,3.926,3.911,3.929,3.92,30.0,29.0,28.4,28.5,True
2026-08-26 14:35:00.399,29.05,0.0,30.1,0.0,2.304,1.626,3.902,3.925,3.912,3.926,3.911,3.93,3.92,30.1,28.9,28.4,28.4,True
2026-08-26 14:35:01.954,29.05,0.0,30.0,0.0,2.304,1.626,3.902,3.925,3.912,3.926,3.911,3.93,3.919,30.0,29.0,28.4,28.4,True
2026-08-26 14:35:03.557,29.05,0.0,30.0,0.0,2.304,1.626,3.902,3.924,3.912,3.926,3.911,3.93,3.92,30.0,29.0,28.4,28.5,True
2026-08-26 14:35:05.178,29.05,0.0,30.0,0.0,2.304,1.626,3.902,3.925,3.912,3.926,3.911,3.93,3.92,30.0,29.0,28.4,28.5,True
2026-08-26 14:35:06.713,29.05,0.0,30.0,0.0,2.304,1.626,3.902,3.925,3.912,3.926,3.911,3.93,3.92,30.0,29.0,28.4,28.5,True
2026-08-26 14:35:08.152,29.05,0.0,29.9,0.0,2.304,1.626,3.902,3.925,3.912,3.926,3.911,3.93,3.92,29.9,29.1,28.4,28.4,True
2026-08-26 14:35:09.748,29.05,0.0,30.0,0.0,2.304,1.626,3.902,3.925,3.912,3.926,3.911,3.93,3.92,30.0,29.0,28.4,28.5,True
2026-08-26 14:35:11.301,29.05,0.0,30.0,0.0,2.305,1.625,3.902,3.925,3.912,3.926,3.911,3.93,3.92,30.0,28.9,28.5,28.4,True
2026-08-26 14:35:12.834,29.05,0.0,30.0,0.0,2.305,1.625,3.902,3.925,3.912,3.926,3.911,3.93,3.92,30.0,29.0,28.3,28.5,True
2026-08-26 14:35:14.407,29.05,0.0,30.0,0.0,2.305,1.625,3.902,3.925,3.912,3.926,3.911,3.93,3.92,30.0,29.0,28.4,28.5,True
2026-08-26 14:35:15.948,29.05,0.0,30.0,0.0,2.305,1.625,3.902,3.925,3.912,3.926,3.911,3.93,3.92,30.0,29.0,28.4,28.4,True
2026-08-26 14:35:17.459,29.05,0.0,30.0,0.0,2.305,1.625,3.902,3.925,3.912,3.926,3.911,3.93,3.92,30.0,28.9,28.5,28.4,True
2026-08-26 14:35:19.033,29.05,0.0,29.9,0.0,2.305,1.625,3.902,3.925,3.912,3.926,3.911,3.93,3.92,29.9,29.0,28.4,28.5,True
2026-08-26 14:35:20.578,29.05,0.0,30.0,0.0,2.305,1.625,3.902,3.925,3.912,3.926,3.911,3.93,3.92,30.0,28.9,28.5,28.3,True
2026-08-26 14:35:22.173,29.05,0.0,30.0,0.0,2.305,1.625,3.902,3.924,3.912,3.926,3.911,3.93,3.92,30.0,28.9,28.5,28.4,True
2026-08-26 14:35:23.791,29.05,0.0,30.0,0.0,2.305,1.625,3.902,3.925,3.912,3.926,3.911,3.93,3.92,30.0,28.8,28.5,28.4,True
2026-08-26 14:35:25.281,29.05,0.0,30.0,0.0,2.305,1.625,3.902,3.925,3.912,3.926,3.911,3.93,3.92,30.0,29.0,28.4,28.4,True
2026-08-26 14:35:26.884,29.05,0.0,30.0,0.0,2.305,1.625,3.902,3.924,3.912,3.926,3.911,3.93,3.92,30.0,29.0,28.5,28.4,True
2026-08-26 14:35:28.492,29.05,0.0,29.9,0.0,2.305,1.625,3.902,3.925,3.912,3.926,3.911,3.93,3.92,29.9,29.1,28.4,28.4,True
2026-08-26 14:35:30.067,29.05,0.0,30.0,0.0,2.306,1.624,3.902,3.925,3.912,3.926,3.911,3.93,3.92,30.0,29.0,28.4,28.4,True
2026-08-26 14:35:31.767,29.05,0.0,30.0,0.0,2.306,1.624,3.902,3.925,3.912,3.926,3.911,3.93,3.92,30.0,29.0,28.3,28.5,True
2026-08-26 14:35:33.293,29.05,0.0,30.0,0.0,2.306,1.624,3.902,3.925,3.912,3.926,3.911,3.93,3.92,30.0,28.8,28.5,28.4,True
2026-08-26 14:35:34.804,29.05,0.0,30.0,0.0,2.306,1.624,3.902,3.925,3.912,3.926,3.911,3.93,3.92,30.0,28.9,28.5,28.4,True
2026-08-26 14:35:36.453,29.05,0.0,30.1,0.0,2.306,1.624,3.902,3.925,3.912,3.926,3.911,3.93,3.92,30.1,28.9,28.5,28.4,True
2026-08-26 14:35:37.953,29.05,0.0,30.0,0.0,2.306,1.624,3.902,3.925,3.912,3.926,3.911,3.93,3.92,30.0,29.0,28.5,28.3,True
2026-08-26 14:35:39.552,29.05,0.0,30.0,0.0,2.306,1.624,3.902,3.925,3.912,3.926,3.911,3.93,3.92,30.0,28.9,28.5,28.3,True
2026-08-26 14:35:41.235,29.05,0.0,30.0,0.0,2.306,1.624,3.902,3.925,3.912,3.926,3.911,3.93,3.92,30.0,28.8,28.6,28.4,True
2026-08-26 14:35:42.817,29.05,0.0,30.0,0.0,2.306,1.624,3.902,3.925,3.912,3.926,3.911,3.93,3.92,30.0,29.0,28.4,28.5,True
2026-08-26 14:35:44.373,29.05,0.0,30.0,0.0,2.306,1.624,3.902,3.925,3.912,3.926,3.911,3.93,3.92,30.0,29.0,28.4,28.5,True
2026-08-26 14:35:45.790,29.05,0.0,30.0,0.0,2.306,1.624,3.902,3.925,3.912,3.926,3.911,3.93,3.92,30.0,28.9,28.4,28.4,True
2026-08-26 14:35:47.124,29.05,0.0,30.0,0.0,2.306,1.624,3.902,3.925,3.912,3.926,3.911,3.93,3.92,30.0,29.1,28.4,28.4,True
2026-08-26 14:35:48.475,29.05,0.0,30.0,0.0,2.306,1.624,3.902,3.925,3.912,3.926,3.911,3.93,3.92,30.0,29.0,28.5,28.5,True
2026-08-26 14:35:49.763,29.05,0.0,30.0,0.0,2.306,1.624,3.902,3.925,3.912,3.926,3.911,3.93,3.92,30.0,29.1,28.3,28.6,True
2026-08-26 14:35:50.964,29.05,0.0,30.0,0.0,2.307,1.623,3.902,3.925,3.912,3.926,3.911,3.93,3.92,30.0,29.0,28.4,28.5,True
2026-08-26 14:35:52.208,29.05,0.0,30.0,0.0,2.307,1.623,3.902,3.925,3.912,3.926,3.911,3.93,3.92,30.0,29.0,28.4,28.4,True
2026-08-26 14:35:54.046,29.05,0.0,30.0,0.0,2.306,1.624,3.902,3.925,3.912,3.926,3.911,3.93,3.92,30.0,28.9,28.5,28.3,True
2026-08-26 14:35:55.848,29.05,0.0,29.9,0.0,2.306,1.624,3.902,3.925,3.912,3.926,3.911,3.93,3.92,29.9,29.1,28.4,28.4,True
2026-08-26 14:35:57.717,29.05,0.0,30.0,0.0,2.307,1.623,3.902,3.925,3.912,3.926,3.911,3.93,3.92,30.0,29.0,28.3,28.5,True
2026-08-26 14:35:59.651,29.05,0.0,29.9,0.0,2.307,1.623,3.902,3.925,3.912,3.926,3.911,3.93,3.92,29.9,29.0,28.4,28.4,True
2026-08-26 14:36:01.377,29.05,0.0,29.9,0.0,2.307,1.623,3.902,3.925,3.912,3.926,3.911,3.93,3.92,29.9,29.1,28.4,28.5,True
2026-08-26 14:36:03.195,29.05,0.0,29.9,0.0,2.307,1.623,3.902,3.925,3.912,3.926,3.911,3.93,3.92,29.9,29.0,28.3,28.5,True
2026-08-26 14:36:05.005,29.05,0.0,30.0,0.0,2.307,1.623,3.902,3.925,3.912,3.926,3.911,3.93,3.92,30.0,29.0,28.4,28.5,True
2026-08-26 14:36:06.752,29.05,0.0,30.0,0.0,2.307,1.623,3.902,3.925,3.912,3.926,3.911,3.93,3.92,30.0,29.0,28.4,28.5,True
2026-08-26 14:36:08.731,29.05,0.0,30.0,0.0,2.307,1.623,3.902,3.924,3.912,3.926,3.911,3.93,3.92,30.0,28.9,28.5,28.4,True
2026-08-26 14:36:10.671,29.05,0.0,29.9,0.0,2.307,1.623,3.902,3.925,3.912,3.926,3.911,3.93,3.92,29.9,29.1,28.3,28.5,True
2026-08-26 14:36:12.734,29.05,0.0,30.0,0.0,2.307,1.623,3.902,3.925,3.912,3.926,3.911,3.93,3.92,30.0,28.9,28.5,28.4,True
2026-08-26 14:36:14.608,29.05,0.0,30.1,0.0,2.307,1.623,3.902,3.925,3.912,3.926,3.911,3.93,3.92,30.1,29.1,28.4,28.5,True
2026-08-26 14:36:16.573,29.05,0.0,30.0,0.0,2.308,1.622,3.903,3.925,3.912,3.926,3.911,3.93,3.92,30.0,29.0,28.4,28.5,True
2026-08-26 14:36:18.797,29.05,0.0,30.0,0.0,2.308,1.622,3.902,3.925,3.912,3.926,3.911,3.93,3.92,30.0,29.1,28.3,28.5,True
2026-08-26 14:36:20.711,29.05,0.0,30.0,0.0,2.308,1.622,3.902,3.925,3.912,3.926,3.911,3.93,3.92,30.0,29.0,28.4,28.5,True
2026-08-26 14:36:22.680,29.05,0.0,29.9,0.0,2.308,1.622,3.902,3.925,3.912,3.926,3.911,3.93,3.92,29.9,29.1,28.3,28.5,True
2026-08-26 14:36:24.657,29.05,0.0,30.0,0.0,2.308,1.622,3.902,3.925,3.912,3.926,3.911,3.93,3.92,30.0,29.0,28.4,28.4,True
2026-08-26 14:36:26.399,29.05,0.0,30.0,0.0,2.308,1.622,3.902,3.925,3.912,3.926,3.911,3.93,3.919,30.0,29.0,28.4,28.5,True
2026-08-26 14:36:28.154,29.05,0.0,29.9,0.0,2.308,1.622,3.902,3.925,3.912,3.926,3.911,3.93,3.919,29.9,29.1,28.4,28.5,True
2026-08-26 14:36:30.014,29.05,0.0,30.0,0.0,2.308,1.622,3.902,3.925,3.912,3.926,3.911,3.93,3.92,30.0,29.1,28.4,28.5,True
2026-08-26 14:36:31.724,29.05,0.0,30.0,0.0,2.309,1.621,3.902,3.925,3.912,3.926,3.911,3.93,3.92,30.0,28.9,28.4,28.4,True
2026-08-26 14:36:33.685,29.05,0.0,30.0,0.0,2.309,1.621,3.902,3.925,3.912,3.926,3.911,3.93,3.92,30.0,29.0,28.5,28.4,True
2026-08-26 14:36:35.639,29.05,0.0,30.0,0.0,2.307,1.622,3.902,3.925,3.912,3.926,3.911,3.929,3.92,30.0,29.0,28.4,28.4,True
2026-08-26 14:36:37.441,29.05,0.0,30.0,0.0,2.309,1.621,3.902,3.925,3.912,3.926,3.911,3.93,3.92,30.0,28.9,28.4,28.4,True
2026-08-26 14:36:39.379,29.05,0.0,30.0,0.0,2.309,1.621,3.902,3.925,3.912,3.926,3.91,3.93,3.919,30.0,28.9,28.4,28.4,True
2026-08-26 14:36:41.169,29.05,0.0,30.0,0.0,2.309,1.621,3.902,3.925,3.912,3.926,3.91,3.93,3.919,30.0,29.0,28.5,28.4,True
2026-08-26 14:36:42.957,29.05,0.0,30.0,0.0,2.309,1.621,3.902,3.924,3.912,3.926,3.911,3.93,3.92,30.0,29.0,28.5,28.4,True
2026-08-26 14:36:44.811,29.05,0.0,30.0,0.0,2.309,1.621,3.902,3.925,3.912,3.926,3.911,3.93,3.92,30.0,29.0,28.3,28.6,True
2026-08-26 14:36:46.551,29.05,0.0,30.1,0.0,2.309,1.621,3.902,3.925,3.912,3.926,3.911,3.93,3.921,30.1,28.9,28.5,28.4,True
2026-08-26 14:36:48.454,29.05,0.0,30.0,0.0,2.309,1.621,3.902,3.925,3.912,3.926,3.911,3.93,3.92,30.0,29.0,28.4,28.5,True
2026-08-26 14:36:50.328,29.05,0.0,29.9,0.0,2.309,1.621,3.902,3.925,3.912,3.926,3.911,3.93,3.92,29.9,29.0,28.4,28.4,True
2026-08-26 14:36:52.182,29.05,0.0,30.0,0.0,2.309,1.621,3.902,3.924,3.912,3.926,3.911,3.93,3.92,30.0,29.0,28.4,28.4,True
2026-08-26 14:36:54.022,29.05,0.0,30.0,0.0,2.309,1.621,3.902,3.924,3.912,3.926,3.911,3.93,3.92,30.0,29.0,28.4,28.5,True
2026-08-26 14:36:55.836,29.05,0.0,30.1,0.0,2.309,1.621,3.902,3.925,3.912,3.926,3.911,3.93,3.92,30.1,28.9,28.5,28.4,True
2026-08-26 14:36:57.708,29.05,0.0,30.0,0.0,2.309,1.621,3.902,3.925,3.912,3.926,3.911,3.93,3.92,30.0,29.0,28.3,28.5,True
2026-08-26 14:36:59.562,29.05,0.0,30.2,0.0,2.308,1.621,3.902,3.925,3.912,3.926,3.911,3.929,3.92,30.2,28.9,28.4,28.5,True
2026-08-26 14:37:01.432,29.05,0.0,29.9,0.0,2.31,1.62,3.902,3.925,3.912,3.926,3.911,3.93,3.92,29.9,29.0,28.4,28.6,True
2026-08-26 14:37:03.402,29.05,0.0,30.0,0.0,2.31,1.62,3.902,3.925,3.912,3.926,3.911,3.93,3.92,30.0,29.0,28.4,28.5,True
2026-08-26 14:37:05.217,29.05,0.0,30.0,0.0,2.31,1.62,3.902,3.925,3.912,3.926,3.911,3.93,3.92,30.0,29.0,28.4,28.5,True
2026-08-26 14:37:06.949,29.05,0.0,30.0,0.0,2.31,1.62,3.902,3.925,3.912,3.926,3.911,3.93,3.92,30.0,29.0,28.3,28.5,True
2026-08-26 14:37:08.741,29.05,0.0,30.0,0.0,2.31,1.62,3.902,3.925,3.912,3.926,3.911,3.93,3.92,30.0,29.0,28.4,28.5,True
2026-08-26 14:37:10.517,29.05,0.0,30.2,0.0,2.309,1.62,3.902,3.925,3.912,3.926,3.911,3.929,3.92,30.2,28.9,28.5,28.4,True
2026-08-26 14:37:12.365,29.05,0.0,30.0,0.0,2.309,1.62,3.902,3.925,3.912,3.926,3.911,3.929,3.92,30.0,29.0,28.5,28.4,True
2026-08-26 14:37:14.115,29.05,0.0,30.1,0.0,2.31,1.62,3.902,3.925,3.912,3.926,3.911,3.93,3.92,30.1,28.9,28.5,28.4,True
2026-08-26 14:37:15.912,29.05,0.0,30.0,0.0,2.311,1.619,3.902,3.925,3.912,3.926,3.911,3.93,3.92,30.0,28.9,28.5,28.4,True
2026-08-26 14:37:17.752,29.04,0.0,30.0,0.0,2.31,1.619,3.902,3.924,3.912,3.926,3.91,3.929,3.92,30.0,29.0,28.4,28.4,True
2026-08-26 14:37:19.595,29.05,0.0,30.0,0.0,2.311,1.619,3.902,3.925,3.912,3.926,3.911,3.93,3.92,30.0,29.0,28.5,28.4,True
2026-08-26 14:37:21.454,29.05,0.0,30.0,0.0,2.31,1.62,3.902,3.925,3.912,3.926,3.911,3.93,3.92,30.0,29.0,28.4,28.5,True
2026-08-26 14:37:23.196,29.04,0.0,30.0,0.0,2.31,1.619,3.902,3.925,3.912,3.926,3.911,3.929,3.92,30.0,28.9,28.5,28.5,True
2026-08-26 14:37:24.939,29.04,0.0,30.0,0.0,2.311,1.619,3.902,3.924,3.912,3.926,3.911,3.93,3.92,30.0,29.0,28.4,28.5,True
2026-08-26 14:37:26.857,29.04,0.0,30.0,0.0,2.31,1.619,3.902,3.925,3.912,3.926,3.911,3.929,3.92,30.0,29.1,28.4,28.5,True
2026-08-26 14:37:28.678,29.05,0.0,30.0,0.0,2.311,1.619,3.902,3.925,3.912,3.926,3.911,3.93,3.92,30.0,29.1,28.4,28.5,True
2026-08-26 14:37:30.436,29.05,0.0,30.2,0.0,2.311,1.619,3.902,3.925,3.912,3.926,3.911,3.93,3.92,30.2,28.8,28.6,28.4,True
2026-08-26 14:37:32.450,29.04,0.0,30.0,0.0,2.31,1.619,3.902,3.925,3.912,3.926,3.911,3.929,3.92,30.0,29.0,28.4,28.5,True
2026-08-26 14:37:34.257,29.05,0.0,30.0,0.0,2.311,1.619,3.902,3.925,3.912,3.926,3.911,3.93,3.92,30.0,29.0,28.5,28.5,True
2026-08-26 14:37:36.125,29.04,0.0,30.1,0.0,2.31,1.619,3.902,3.925,3.912,3.926,3.911,3.929,3.92,30.1,29.0,28.4,28.4,True
2026-08-26 14:37:37.864,29.04,0.0,29.9,0.0,2.31,1.619,3.902,3.925,3.912,3.926,3.911,3.929,3.92,29.9,29.0,28.4,28.5,True
2026-08-26 14:37:39.747,29.04,0.0,30.0,0.0,2.312,1.618,3.902,3.924,3.912,3.926,3.911,3.93,3.92,30.0,29.0,28.4,28.5,True
2026-08-26 14:37:41.475,29.04,0.0,30.0,0.0,2.312,1.618,3.902,3.925,3.912,3.926,3.911,3.93,3.92,30.0,28.9,28.4,28.4,True
2026-08-26 14:37:43.379,29.04,0.0,30.0,0.0,2.312,1.618,3.902,3.925,3.912,3.926,3.911,3.93,3.92,30.0,29.0,28.5,28.4,True
2026-08-26 14:37:45.212,29.04,0.0,30.0,0.0,2.312,1.618,3.902,3.925,3.912,3.926,3.91,3.93,3.92,30.0,29.0,28.4,28.5,True
2026-08-26 14:37:46.998,29.04,0.0,30.0,0.0,2.312,1.618,3.902,3.925,3.912,3.926,3.91,3.93,3.92,30.0,29.1,28.4,28.6,True
2026-08-26 14:37:48.768,29.04,0.0,30.1,0.0,2.311,1.618,3.902,3.925,3.912,3.926,3.911,3.929,3.92,30.1,29.0,28.4,28.5,True
2026-08-26 14:37:50.672,29.04,0.0,30.0,0.0,2.311,1.618,3.902,3.925,3.912,3.926,3.91,3.929,3.92,30.0,28.9,28.5,28.4,True
2026-08-26 14:37:52.423,29.04,0.0,30.0,0.0,2.311,1.618,3.902,3.925,3.912,3.926,3.91,3.929,3.92,30.0,29.0,28.4,28.5,True
2026-08-26 14:37:54.237,29.04,0.0,30.1,0.0,2.311,1.618,3.902,3.925,3.912,3.926,3.911,3.929,3.92,30.1,29.0,28.4,28.5,True
2026-08-26 14:37:55.955,29.04,0.0,29.9,0.0,2.312,1.618,3.902,3.925,3.912,3.926,3.911,3.93,3.92,29.9,29.1,28.3,28.6,True
2026-08-26 14:37:57.766,29.04,0.0,30.1,0.0,2.311,1.618,3.902,3.925,3.912,3.926,3.911,3.929,3.92,30.1,28.9,28.5,28.4,True
2026-08-26 14:37:59.514,29.04,0.0,29.8,0.0,2.312,1.617,3.902,3.925,3.912,3.926,3.911,3.929,3.92,29.8,29.2,28.4,28.5,True
2026-08-26 14:38:01.367,29.04,0.0,30.2,0.0,2.313,1.617,3.902,3.925,3.912,3.926,3.911,3.93,3.92,30.2,28.9,28.5,28.4,True
2026-08-26 14:38:03.233,29.04,0.0,30.1,0.0,2.313,1.617,3.902,3.925,3.912,3.926,3.911,3.93,3.92,30.1,29.0,28.5,28.5,True
2026-08-26 14:38:05.065,29.04,0.0,30.1,0.0,2.313,1.617,3.902,3.925,3.912,3.926,3.911,3.93,3.92,30.1,29.0,28.4,28.5,True
2026-08-26 14:38:07.130,29.04,0.0,30.0,0.0,2.313,1.617,3.902,3.925,3.912,3.926,3.911,3.93,3.92,30.0,28.9,28.5,28.4,True
2026-08-26 14:38:08.930,29.04,0.0,30.0,0.0,2.312,1.617,3.902,3.925,3.912,3.926,3.911,3.929,3.92,30.0,29.0,28.5,28.4,True
2026-08-26 14:38:10.758,29.04,0.0,30.1,0.0,2.313,1.617,3.902,3.925,3.912,3.926,3.911,3.93,3.92,30.1,28.9,28.4,28.5,True
2026-08-26 14:38:12.665,29.04,0.0,30.1,0.0,2.313,1.617,3.902,3.925,3.912,3.926,3.911,3.93,3.92,30.1,29.0,28.5,28.5,True
2026-08-26 14:38:14.482,29.04,0.0,29.9,0.0,2.314,1.616,3.902,3.925,3.912,3.926,3.911,3.93,3.92,29.9,29.1,28.4,28.5,True
2026-08-26 14:38:16.378,29.04,0.0,30.1,0.0,2.314,1.616,3.902,3.924,3.912,3.926,3.911,3.93,3.92,30.1,29.0,28.4,28.4,True
2026-08-26 14:38:18.233,29.04,0.0,30.0,0.0,2.313,1.617,3.902,3.925,3.912,3.926,3.91,3.93,3.92,30.0,29.0,28.4,28.5,True
2026-08-26 14:38:19.908,29.04,0.0,30.0,0.0,2.313,1.617,3.902,3.925,3.912,3.926,3.91,3.93,3.92,30.0,29.0,28.5,28.4,True
2026-08-26 14:38:21.882,29.04,0.0,30.2,0.0,2.313,1.616,3.902,3.925,3.912,3.926,3.91,3.929,3.92,30.2,28.9,28.5,28.4,True
2026-08-26 14:38:23.805,29.04,0.0,30.0,0.0,2.313,1.616,3.902,3.924,3.912,3.926,3.911,3.929,3.92,30.0,29.1,28.4,28.5,True
2026-08-26 14:38:25.683,29.04,0.0,30.1,0.0,2.314,1.616,3.902,3.925,3.912,3.926,3.911,3.93,3.92,30.1,29.0,28.5,28.4,True
2026-08-26 14:38:27.466,29.04,0.0,30.0,0.0,2.314,1.616,3.902,3.925,3.912,3.926,3.911,3.93,3.92,30.0,29.1,28.3,28.5,True
2026-08-26 14:38:29.218,29.04,0.0,30.0,0.0,2.314,1.616,3.902,3.925,3.912,3.926,3.91,3.93,3.92,30.0,28.9,28.4,28.5,True
2026-08-26 14:38:31.110,29.04,0.0,30.1,0.0,2.313,1.616,3.902,3.925,3.912,3.926,3.911,3.929,3.92,30.1,29.0,28.4,28.4,True
2026-08-26 14:38:32.922,29.04,0.0,30.0,0.0,2.314,1.616,3.902,3.924,3.912,3.926,3.911,3.93,3.919,30.0,29.0,28.4,28.4,True
2026-08-26 14:38:34.827,29.04,0.0,30.1,0.0,2.314,1.616,3.902,3.924,3.912,3.926,3.911,3.93,3.919,30.1,29.0,28.5,28.4,True
2026-08-26 14:38:36.653,29.04,0.0,30.0,0.0,2.313,1.616,3.902,3.925,3.912,3.926,3.911,3.929,3.92,30.0,29.0,28.3,28.6,True
2026-08-26 14:38:38.523,29.04,0.0,30.0,0.0,2.315,1.615,3.902,3.925,3.912,3.926,3.911,3.93,3.92,30.0,28.9,28.5,28.4,True
2026-08-26 14:38:40.315,29.04,0.0,30.0,0.0,2.314,1.615,3.902,3.925,3.912,3.926,3.911,3.929,3.92,30.0,29.0,28.4,28.5,True
2026-08-26 14:38:42.205,29.04,0.0,30.1,0.0,2.315,1.615,3.902,3.925,3.912,3.926,3.911,3.93,3.92,30.1,28.9,28.5,28.4,True
2026-08-26 14:38:44.149,29.04,0.0,29.9,0.0,2.315,1.615,3.902,3.925,3.912,3.926,3.911,3.93,3.92,29.9,29.1,28.4,28.4,True
2026-08-26 14:38:46.007,29.04,0.0,30.0,0.0,2.315,1.615,3.902,3.925,3.912,3.926,3.911,3.93,3.919,30.0,29.0,28.4,28.4,True
2026-08-26 14:38:47.850,29.04,0.0,30.2,0.0,2.315,1.615,3.902,3.925,3.912,3.926,3.911,3.93,3.92,30.2,28.8,28.5,28.4,True
2026-08-26 14:38:49.654,29.04,0.0,30.1,0.0,2.314,1.615,3.902,3.925,3.912,3.926,3.911,3.929,3.92,30.1,28.9,28.4,28.4,True
2026-08-26 14:38:51.444,29.04,0.0,30.0,0.0,2.315,1.615,3.902,3.924,3.912,3.926,3.911,3.93,3.92,30.0,29.0,28.4,28.4,True
2026-08-26 14:38:53.341,29.04,0.0,30.0,0.0,2.314,1.615,3.902,3.925,3.912,3.926,3.911,3.929,3.92,30.0,29.0,28.4,28.6,True
2026-08-26 14:38:55.205,29.04,0.0,29.9,0.0,2.314,1.615,3.902,3.925,3.912,3.926,3.911,3.929,3.92,29.9,29.1,28.3,28.6,True
2026-08-26 14:38:57.124,29.04,0.0,30.0,0.0,2.315,1.615,3.902,3.924,3.912,3.926,3.911,3.93,3.92,30.0,29.0,28.4,28.5,True
2026-08-26 14:38:58.964,29.04,0.0,30.1,0.0,2.315,1.615,3.902,3.924,3.912,3.926,3.911,3.93,3.92,30.1,29.0,28.5,28.4,True
2026-08-26 14:39:00.624,29.04,0.0,30.1,0.0,2.316,1.614,3.902,3.925,3.912,3.926,3.911,3.93,3.92,30.1,28.9,28.5,28.4,True
2026-08-26 14:39:01.971,29.04,0.0,30.0,0.0,2.315,1.614,3.902,3.925,3.912,3.926,3.911,3.929,3.92,30.0,29.1,28.4,28.5,True
2026-08-26 14:39:03.309,29.04,0.0,30.0,0.0,2.316,1.614,3.902,3.925,3.912,3.926,3.911,3.93,3.92,30.0,29.0,28.4,28.5,True
2026-08-26 14:39:04.706,29.04,0.0,30.2,0.0,2.316,1.614,3.902,3.925,3.912,3.926,3.911,3.93,3.92,30.2,29.0,28.4,28.5,True
2026-08-26 14:39:06.032,29.04,0.0,30.0,0.0,2.316,1.614,3.902,3.925,3.912,3.926,3.91,3.93,3.92,30.0,29.0,28.4,28.5,True
2026-08-26 14:39:07.918,29.04,0.0,30.0,0.0,2.316,1.614,3.902,3.925,3.912,3.926,3.911,3.93,3.92,30.0,29.0,28.5,28.5,True
2026-08-26 14:39:09.720,29.04,0.0,30.0,0.0,2.316,1.614,3.902,3.925,3.912,3.926,3.911,3.93,3.92,30.0,29.0,28.4,28.5,True
2026-08-26 14:39:11.683,29.04,0.0,29.9,0.0,2.315,1.614,3.902,3.925,3.912,3.926,3.911,3.929,3.92,29.9,29.1,28.4,28.4,True
2026-08-26 14:39:13.588,29.04,0.0,29.9,0.0,2.316,1.614,3.902,3.924,3.912,3.926,3.91,3.93,3.92,29.9,29.1,28.3,28.5,True
2026-08-26 14:39:15.433,29.04,0.0,30.0,0.0,2.316,1.614,3.902,3.925,3.912,3.926,3.911,3.93,3.92,30.0,29.0,28.5,28.5,True
2026-08-26 14:39:17.408,29.04,0.0,30.1,0.0,2.316,1.614,3.902,3.925,3.912,3.926,3.911,3.93,3.92,30.1,29.0,28.5,28.4,True
2026-08-26 14:39:19.329,29.04,0.0,30.0,0.0,2.316,1.614,3.902,3.925,3.912,3.926,3.911,3.93,3.92,30.0,29.0,28.4,28.6,True
2026-08-26 14:39:21.253,29.04,0.0,30.1,0.0,2.316,1.613,3.902,3.925,3.912,3.926,3.91,3.929,3.92,30.1,29.0,28.4,28.5,True
2026-08-26 14:39:23.123,29.04,0.0,30.0,0.0,2.316,1.613,3.902,3.925,3.912,3.926,3.91,3.929,3.92,30.0,29.0,28.4,28.5,True
2026-08-26 14:39:25.099,29.04,0.0,30.1,0.0,2.317,1.613,3.902,3.925,3.912,3.926,3.911,3.93,3.92,30.1,29.0,28.4,28.4,True
2026-08-26 14:39:27.099,29.04,0.0,30.0,0.0,2.316,1.613,3.902,3.925,3.912,3.926,3.911,3.929,3.92,30.0,29.1,28.4,28.4,True
2026-08-26 14:39:28.830,29.04,0.0,30.0,0.0,2.316,1.613,3.902,3.925,3.912,3.926,3.911,3.929,3.92,30.0,29.0,28.3,28.6,True
2026-08-26 14:39:30.739,29.04,0.0,30.0,0.0,2.317,1.613,3.902,3.924,3.912,3.926,3.911,3.93,3.92,30.0,29.0,28.4,28.5,True
2026-08-26 14:39:32.569,29.04,0.0,30.1,0.0,2.317,1.613,3.902,3.924,3.912,3.926,3.911,3.93,3.92,30.1,29.0,28.4,28.5,True
2026-08-26 14:39:34.529,29.04,0.0,30.0,0.0,2.317,1.613,3.902,3.924,3.912,3.926,3.911,3.93,3.919,30.0,29.0,28.4,28.4,True
2026-08-26 14:39:36.353,29.04,0.0,30.0,0.0,2.317,1.613,3.902,3.924,3.912,3.926,3.911,3.93,3.919,30.0,28.9,28.4,28.4,True
2026-08-26 14:39:38.275,29.04,0.0,30.0,0.0,2.316,1.613,3.902,3.925,3.912,3.926,3.911,3.929,3.92,30.0,29.0,28.4,28.5,True
2026-08-26 14:39:40.096,29.04,0.0,30.0,0.0,2.316,1.613,3.902,3.925,3.912,3.926,3.911,3.929,3.92,30.0,29.1,28.4,28.6,True
2026-08-26 14:39:41.940,29.04,0.0,30.0,0.0,2.317,1.613,3.902,3.925,3.912,3.926,3.911,3.93,3.92,30.0,29.0,28.4,28.5,True
2026-08-26 14:39:43.870,29.04,0.0,30.0,0.0,2.317,1.613,3.902,3.924,3.912,3.926,3.911,3.93,3.92,30.0,29.1,28.5,28.4,True
2026-08-26 14:39:45.773,29.04,0.0,30.0,0.0,2.318,1.612,3.902,3.925,3.912,3.926,3.911,3.93,3.92,30.0,29.0,28.4,28.5,True
2026-08-26 14:39:47.924,29.04,0.0,30.1,0.0,2.318,1.612,3.902,3.925,3.912,3.926,3.911,3.93,3.92,30.1,28.9,28.6,28.3,True
2026-08-26 14:39:49.710,29.04,0.0,30.1,0.0,2.318,1.612,3.902,3.924,3.912,3.926,3.911,3.93,3.92,30.1,28.9,28.4,28.5,True
2026-08-26 14:39:51.652,29.04,0.0,30.0,0.0,2.317,1.612,3.902,3.925,3.912,3.926,3.911,3.929,3.92,30.0,29.1,28.4,28.5,True
2026-08-26 14:39:53.438,29.04,0.0,30.0,0.0,2.318,1.612,3.902,3.925,3.912,3.926,3.911,3.93,3.92,30.0,29.1,28.4,28.5,True
2026-08-26 14:39:55.439,29.04,0.0,30.0,0.0,2.318,1.612,3.902,3.925,3.912,3.926,3.911,3.93,3.92,30.0,29.0,28.4,28.6,True
2026-08-26 14:39:57.284,29.04,0.0,30.0,0.0,2.317,1.612,3.902,3.924,3.912,3.926,3.911,3.929,3.92,30.0,29.0,28.5,28.4,True
2026-08-26 14:39:59.128,29.04,0.0,30.0,0.0,2.317,1.612,3.902,3.924,3.912,3.926,3.911,3.929,3.92,30.0,29.1,28.4,28.5,True
2026-08-26 14:40:00.944,29.04,0.0,30.1,0.0,2.317,1.612,3.902,3.925,3.912,3.926,3.911,3.929,3.92,30.1,29.1,28.4,28.5,True
2026-08-26 14:40:02.818,29.04,0.0,30.0,0.0,2.317,1.612,3.902,3.925,3.912,3.926,3.911,3.929,3.92,30.0,29.0,28.4,28.5,True
2026-08-26 14:40:04.895,29.04,0.0,29.9,0.0,2.318,1.612,3.902,3.924,3.912,3.926,3.911,3.93,3.92,29.9,29.1,28.3,28.6,True
2026-08-26 14:40:06.887,29.04,0.0,30.1,0.0,2.318,1.611,3.902,3.925,3.912,3.926,3.911,3.929,3.92,30.1,29.1,28.4,28.5,True
2026-08-26 14:40:08.810,29.04,0.0,30.1,0.0,2.318,1.611,3.902,3.925,3.912,3.926,3.911,3.929,3.92,30.1,28.9,28.5,28.4,True
2026-08-26 14:40:10.740,29.04,0.0,30.1,0.0,2.319,1.611,3.902,3.925,3.912,3.926,3.911,3.93,3.92,30.1,28.9,28.4,28.5,True
2026-08-26 14:40:12.621,29.04,0.0,30.1,0.0,2.318,1.611,3.902,3.925,3.912,3.926,3.911,3.929,3.919,30.1,28.9,28.5,28.4,True
2026-08-26 14:40:14.338,29.04,0.0,30.1,0.0,2.318,1.611,3.902,3.925,3.912,3.926,3.911,3.929,3.919,30.1,29.0,28.4,28.4,True
2026-08-26 14:40:16.233,29.04,0.0,30.0,0.0,2.319,1.611,3.902,3.924,3.912,3.926,3.911,3.93,3.92,30.0,29.0,28.4,28.5,True
2026-08-26 14:40:18.162,29.04,0.0,30.0,0.0,2.318,1.611,3.902,3.925,3.912,3.926,3.911,3.929,3.92,30.0,29.1,28.4,28.5,True
2026-08-26 14:40:20.084,29.04,0.0,30.0,0.0,2.318,1.611,3.902,3.925,3.912,3.926,3.911,3.929,3.92,30.0,29.0,28.5,28.4,True
2026-08-26 14:40:21.945,29.04,0.0,30.2,0.0,2.319,1.611,3.902,3.925,3.912,3.926,3.911,3.93,3.92,30.2,28.9,28.5,28.4,True
2026-08-26 14:40:23.722,29.04,0.0,30.0,0.0,2.319,1.611,3.902,3.925,3.912,3.926,3.911,3.93,3.92,30.0,29.0,28.4,28.5,True
2026-08-26 14:40:25.753,29.04,0.0,30.0,0.0,2.318,1.611,3.902,3.925,3.912,3.926,3.911,3.929,3.919,30.0,29.0,28.4,28.5,True
2026-08-26 14:40:27.663,29.04,0.0,30.0,0.0,2.319,1.611,3.902,3.924,3.912,3.926,3.91,3.93,3.92,30.0,29.0,28.4,28.5,True
2026-08-26 14:40:29.694,29.03,0.0,30.0,0.0,2.319,1.61,3.902,3.924,3.912,3.926,3.91,3.929,3.92,30.0,29.0,28.4,28.4,True
2026-08-26 14:40:31.441,29.04,0.0,30.1,0.0,2.32,1.61,3.902,3.925,3.912,3.926,3.911,3.93,3.92,30.1,29.0,28.4,28.5,True
2026-08-26 14:40:33.382,29.04,0.0,30.1,0.0,2.32,1.61,3.902,3.925,3.912,3.926,3.911,3.93,3.92,30.1,29.0,28.4,28.5,True
2026-08-26 14:40:35.186,29.04,0.0,30.2,0.0,2.32,1.61,3.902,3.924,3.912,3.926,3.911,3.93,3.92,30.2,28.9,28.5,28.4,True
2026-08-26 14:40:37.335,29.04,0.0,30.1,0.0,2.32,1.61,3.902,3.924,3.912,3.926,3.911,3.93,3.92,30.1,29.0,28.4,28.5,True
2026-08-26 14:40:39.252,29.03,0.0,30.0,0.0,2.32,1.61,3.902,3.924,3.912,3.926,3.91,3.93,3.92,30.0,29.1,28.5,28.5,True
2026-08-26 14:40:41.251,29.03,0.0,30.1,0.0,2.32,1.61,3.902,3.924,3.912,3.926,3.91,3.93,3.92,30.1,29.0,28.4,28.5,True
2026-08-26 14:40:43.197,29.04,0.0,30.0,0.0,2.32,1.61,3.902,3.925,3.912,3.926,3.911,3.93,3.919,30.0,29.0,28.4,28.6,True
2026-08-26 14:40:45.213,29.03,0.0,30.2,0.0,2.319,1.61,3.902,3.925,3.912,3.926,3.911,3.929,3.919,30.2,29.0,28.4,28.5,True
2026-08-26 14:40:47.177,29.04,0.0,30.1,0.0,2.32,1.61,3.902,3.925,3.912,3.926,3.911,3.93,3.919,30.1,29.0,28.4,28.5,True
2026-08-26 14:40:49.107,29.04,0.0,30.2,0.0,2.32,1.61,3.902,3.925,3.912,3.926,3.911,3.93,3.92,30.2,28.9,28.5,28.4,True
2026-08-26 14:40:51.064,29.04,0.0,30.0,0.0,2.32,1.61,3.902,3.925,3.912,3.926,3.911,3.93,3.92,30.0,29.1,28.3,28.6,True
2026-08-26 14:40:52.984,29.04,0.0,30.0,0.0,2.321,1.609,3.902,3.925,3.912,3.926,3.911,3.93,3.92,30.0,29.0,28.5,28.4,True
2026-08-26 14:40:54.912,29.03,0.0,30.0,0.0,2.32,1.609,3.902,3.925,3.912,3.926,3.911,3.929,3.92,30.0,29.0,28.4,28.5,True
2026-08-26 14:40:56.866,29.03,0.0,30.1,0.0,2.32,1.609,3.902,3.925,3.912,3.926,3.911,3.929,3.92,30.1,28.9,28.5,28.4,True
2026-08-26 14:40:58.853,29.03,0.0,30.1,0.0,2.321,1.609,3.902,3.924,3.912,3.926,3.911,3.93,3.92,30.1,28.9,28.5,28.4,True
2026-08-26 14:41:00.652,29.03,0.0,30.1,0.0,2.321,1.609,3.901,3.925,3.912,3.926,3.911,3.93,3.92,30.1,29.0,28.4,28.5,True
2026-08-26 14:41:02.579,29.03,0.0,30.0,0.0,2.32,1.609,3.902,3.925,3.912,3.926,3.911,3.929,3.92,30.0,29.0,28.5,28.3,True
2026-08-26 14:41:04.496,29.04,0.0,30.0,0.0,2.321,1.609,3.902,3.925,3.912,3.926,3.911,3.93,3.92,30.0,29.0,28.4,28.5,True
2026-08-26 14:41:06.402,29.04,0.0,29.9,0.0,2.321,1.609,3.902,3.925,3.912,3.926,3.911,3.93,3.92,29.9,29.2,28.3,28.5,True
2026-08-26 14:41:08.293,29.04,0.0,30.0,0.0,2.321,1.609,3.902,3.925,3.912,3.926,3.911,3.93,3.92,30.0,29.1,28.4,28.5,True
2026-08-26 14:41:10.264,29.03,0.0,30.0,0.0,2.321,1.608,3.902,3.924,3.912,3.926,3.911,3.929,3.919,30.0,29.0,28.4,28.5,True
2026-08-26 14:41:12.182,29.03,0.0,30.1,0.0,2.322,1.608,3.902,3.925,3.912,3.926,3.911,3.93,3.92,30.1,28.9,28.4,28.5,True
2026-08-26 14:41:14.169,29.03,0.0,30.1,0.0,2.322,1.608,3.902,3.925,3.912,3.926,3.911,3.93,3.92,30.1,29.0,28.4,28.4,True
2026-08-26 14:41:16.040,29.03,0.0,30.0,0.0,2.321,1.608,3.902,3.925,3.911,3.926,3.911,3.929,3.919,30.0,29.0,28.5,28.5,True
2026-08-26 14:41:18.016,29.03,0.0,30.1,0.0,2.321,1.608,3.902,3.925,3.912,3.926,3.911,3.929,3.92,30.1,29.0,28.4,28.5,True
2026-08-26 14:41:19.818,29.03,0.0,30.1,0.0,2.321,1.608,3.902,3.925,3.912,3.926,3.911,3.929,3.92,30.1,28.9,28.5,28.4,True
2026-08-26 14:41:21.776,29.03,0.0,30.0,0.0,2.322,1.608,3.901,3.925,3.912,3.926,3.911,3.93,3.919,30.0,29.0,28.4,28.5,True
2026-08-26 14:41:23.663,29.03,0.0,30.0,0.0,2.322,1.608,3.901,3.925,3.912,3.926,3.911,3.93,3.919,30.0,29.0,28.3,28.5,True
2026-08-26 14:41:25.648,29.03,0.0,30.0,0.0,2.322,1.608,3.902,3.925,3.912,3.926,3.911,3.93,3.92,30.0,29.1,28.4,28.5,True
2026-08-26 14:41:27.520,29.03,0.0,30.0,0.0,2.321,1.608,3.902,3.925,3.912,3.926,3.911,3.929,3.919,30.0,29.0,28.3,28.6,True
2026-08-26 14:41:29.414,29.03,0.0,30.0,0.0,2.322,1.608,3.902,3.925,3.912,3.926,3.911,3.93,3.92,30.0,29.0,28.4,28.5,True
2026-08-26 14:41:31.535,29.03,0.0,30.0,0.0,2.323,1.607,3.902,3.925,3.912,3.926,3.91,3.93,3.92,30.0,29.0,28.5,28.4,True
2026-08-26 14:41:33.431,29.03,0.0,30.0,0.0,2.323,1.607,3.902,3.925,3.912,3.926,3.911,3.93,3.92,30.0,29.0,28.4,28.5,True
2026-08-26 14:41:35.419,29.03,0.0,30.1,0.0,2.323,1.607,3.902,3.925,3.912,3.926,3.911,3.93,3.92,30.1,29.0,28.4,28.5,True
2026-08-26 14:41:37.313,29.03,0.0,30.1,0.0,2.323,1.607,3.902,3.924,3.912,3.926,3.911,3.93,3.92,30.1,29.0,28.4,28.5,True
2026-08-26 14:41:39.239,29.03,0.0,30.0,0.0,2.323,1.607,3.902,3.924,3.912,3.926,3.911,3.93,3.919,30.0,29.0,28.4,28.4,True
2026-08-26 14:41:41.147,29.03,0.0,30.1,0.0,2.323,1.607,3.902,3.924,3.912,3.926,3.91,3.93,3.92,30.1,29.1,28.3,28.6,True
2026-08-26 14:41:43.294,29.03,0.0,30.0,0.0,2.323,1.607,3.902,3.924,3.912,3.926,3.911,3.93,3.92,30.0,28.8,28.6,28.4,True
2026-08-26 14:41:45.236,29.03,0.0,30.0,0.0,2.323,1.607,3.902,3.924,3.912,3.926,3.911,3.93,3.92,30.0,29.1,28.4,28.4,True
2026-08-26 14:41:47.233,29.03,0.0,30.0,0.0,2.323,1.607,3.902,3.925,3.912,3.926,3.911,3.93,3.92,30.0,29.1,28.4,28.5,True
2026-08-26 14:41:49.156,29.03,0.0,30.1,0.0,2.323,1.607,3.902,3.925,3.912,3.926,3.911,3.93,3.919,30.1,29.0,28.4,28.5,True
2026-08-26 14:41:51.226,29.03,0.0,30.0,0.0,2.323,1.607,3.902,3.925,3.912,3.926,3.911,3.93,3.919,30.0,29.0,28.4,28.5,True
2026-08-26 14:41:52.999,29.03,0.0,29.9,0.0,2.324,1.606,3.902,3.925,3.912,3.926,3.911,3.93,3.92,29.9,29.2,28.3,28.6,True
2026-08-26 14:41:55.003,29.03,0.0,30.0,0.0,2.324,1.606,3.902,3.925,3.912,3.926,3.91,3.93,3.92,30.0,29.1,28.3,28.6,True
2026-08-26 14:41:56.850,29.03,0.0,30.0,0.0,2.324,1.606,3.902,3.925,3.912,3.926,3.91,3.93,3.92,30.0,29.1,28.4,28.4,True
2026-08-26 14:41:58.740,29.03,0.0,30.1,0.0,2.323,1.606,3.902,3.924,3.912,3.926,3.911,3.929,3.92,30.1,28.9,28.5,28.5,True
2026-08-26 14:42:00.653,29.03,0.0,30.1,0.0,2.323,1.606,3.902,3.925,3.912,3.926,3.91,3.929,3.92,30.1,29.0,28.3,28.5,True
2026-08-26 14:42:02.473,29.03,0.0,30.1,0.0,2.323,1.606,3.902,3.925,3.912,3.926,3.91,3.929,3.92,30.1,29.0,28.5,28.4,True
2026-08-26 14:42:04.350,29.03,0.0,30.1,0.0,2.324,1.606,3.902,3.924,3.912,3.926,3.911,3.93,3.92,30.1,29.0,28.4,28.5,True
2026-08-26 14:42:06.299,29.03,0.0,30.1,0.0,2.324,1.606,3.902,3.924,3.912,3.926,3.911,3.93,3.92,30.1,29.0,28.4,28.4,True
2026-08-26 14:42:08.239,29.03,0.0,30.1,0.0,2.323,1.606,3.902,3.925,3.912,3.926,3.911,3.929,3.92,30.1,28.9,28.4,28.4,True
2026-08-26 14:42:10.253,29.03,0.0,30.2,0.0,2.323,1.606,3.902,3.924,3.912,3.926,3.911,3.929,3.92,30.2,28.9,28.5,28.4,True
2026-08-26 14:42:12.214,29.03,0.0,30.1,0.0,2.323,1.606,3.902,3.924,3.912,3.926,3.911,3.929,3.919,30.1,29.0,28.4,28.5,True
2026-08-26 14:42:14.182,29.03,0.0,30.0,0.0,2.323,1.606,3.902,3.924,3.912,3.926,3.911,3.929,3.919,30.0,29.0,28.4,28.4,True
2026-08-26 14:42:16.199,29.03,0.0,30.1,0.0,2.324,1.605,3.902,3.925,3.912,3.926,3.911,3.929,3.92,30.1,28.9,28.5,28.4,True
2026-08-26 14:42:18.207,29.03,0.0,30.2,0.0,2.324,1.605,3.902,3.925,3.912,3.926,3.911,3.929,3.92,30.2,28.9,28.5,28.4,True
2026-08-26 14:42:20.231,29.03,0.0,30.0,0.0,2.324,1.605,3.902,3.925,3.912,3.926,3.911,3.929,3.92,30.0,29.0,28.4,28.5,True
2026-08-26 14:42:22.258,29.03,0.0,30.1,0.0,2.324,1.605,3.902,3.925,3.912,3.926,3.911,3.929,3.92,30.1,29.0,28.5,28.4,True
2026-08-26 14:42:24.212,29.03,0.0,29.9,0.0,2.324,1.605,3.902,3.925,3.912,3.926,3.911,3.929,3.92,29.9,29.1,28.3,28.6,True
2026-08-26 14:42:26.229,29.03,0.0,30.1,0.0,2.324,1.605,3.902,3.925,3.912,3.926,3.911,3.929,3.919,30.1,29.0,28.5,28.5,True
2026-08-26 14:42:28.065,29.03,0.0,30.1,0.0,2.325,1.605,3.902,3.924,3.912,3.926,3.911,3.93,3.92,30.1,28.9,28.5,28.4,True
2026-08-26 14:42:30.020,29.03,0.0,30.1,0.0,2.324,1.605,3.902,3.925,3.912,3.926,3.911,3.929,3.92,30.1,29.0,28.5,28.4,True
2026-08-26 14:42:31.904,29.03,0.0,30.1,0.0,2.325,1.605,3.902,3.924,3.912,3.926,3.911,3.93,3.919,30.1,29.0,28.5,28.4,True
2026-08-26 14:42:34.016,29.03,0.0,30.0,0.0,2.325,1.605,3.902,3.924,3.912,3.926,3.911,3.93,3.92,30.0,29.0,28.4,28.5,True
2026-08-26 14:42:35.954,29.03,0.0,30.0,0.0,2.325,1.605,3.902,3.924,3.912,3.926,3.911,3.93,3.92,30.0,29.1,28.4,28.5,True
2026-08-26 14:42:37.953,29.03,0.0,30.2,0.0,2.324,1.605,3.902,3.924,3.912,3.926,3.911,3.929,3.92,30.2,29.0,28.5,28.4,True
2026-08-26 14:42:39.901,29.03,0.0,30.0,0.0,2.325,1.604,3.902,3.924,3.912,3.926,3.911,3.929,3.92,30.0,29.1,28.3,28.5,True
2026-08-26 14:42:41.926,29.03,0.0,30.0,0.0,2.325,1.604,3.902,3.924,3.912,3.926,3.911,3.929,3.92,30.0,29.0,28.5,28.4,True
2026-08-26 14:42:43.921,29.03,0.0,30.1,0.0,2.326,1.604,3.902,3.924,3.912,3.925,3.911,3.93,3.92,30.1,28.9,28.5,28.3,True
2026-08-26 14:42:45.964,29.03,0.0,30.1,0.0,2.326,1.604,3.902,3.924,3.912,3.925,3.911,3.93,3.92,30.1,29.0,28.5,28.4,True
2026-08-26 14:42:47.854,29.03,0.0,30.2,0.0,2.325,1.604,3.902,3.925,3.912,3.926,3.911,3.929,3.92,30.2,28.8,28.5,28.4,True
2026-08-26 14:42:49.816,29.03,0.0,30.1,0.0,2.325,1.604,3.901,3.925,3.912,3.926,3.91,3.929,3.92,30.1,29.0,28.4,28.5,True
2026-08-26 14:42:51.729,29.03,0.0,30.1,0.0,2.326,1.604,3.902,3.925,3.912,3.926,3.911,3.93,3.92,30.1,29.0,28.4,28.4,True
2026-08-26 14:42:53.684,29.03,0.0,30.1,0.0,2.325,1.604,3.902,3.925,3.912,3.926,3.91,3.929,3.92,30.1,28.9,28.4,28.5,True
2026-08-26 14:42:55.688,29.03,0.0,30.1,0.0,2.326,1.604,3.902,3.925,3.912,3.926,3.911,3.93,3.92,30.1,29.1,28.4,28.5,True
2026-08-26 14:42:57.716,29.03,0.0,30.0,0.0,2.326,1.603,3.902,3.925,3.912,3.926,3.911,3.929,3.919,30.0,29.0,28.4,28.5,True
2026-08-26 14:42:59.670,29.03,0.0,30.0,0.0,2.326,1.603,3.902,3.925,3.912,3.926,3.911,3.929,3.919,30.0,29.0,28.4,28.4,True
2026-08-26 14:43:01.774,29.03,0.0,30.1,0.0,2.327,1.603,3.902,3.925,3.912,3.926,3.911,3.93,3.92,30.1,29.0,28.5,28.4,True
2026-08-26 14:43:03.942,29.03,0.0,30.1,0.0,2.326,1.603,3.902,3.925,3.912,3.926,3.911,3.929,3.92,30.1,29.0,28.4,28.5,True
2026-08-26 14:43:05.981,29.03,0.0,30.1,0.0,2.326,1.603,3.902,3.925,3.912,3.926,3.911,3.929,3.92,30.1,29.0,28.5,28.4,True
2026-08-26 14:43:07.861,29.03,0.0,30.2,0.0,2.326,1.603,3.902,3.925,3.912,3.926,3.911,3.929,3.92,30.2,28.8,28.5,28.4,True
2026-08-26 14:43:09.881,29.03,0.0,30.0,0.0,2.326,1.603,3.902,3.925,3.912,3.926,3.91,3.929,3.92,30.0,29.0,28.5,28.4,True
2026-08-26 14:43:11.798,29.03,0.0,30.1,0.0,2.326,1.603,3.902,3.925,3.912,3.926,3.91,3.929,3.92,30.1,29.0,28.5,28.5,True
2026-08-26 14:43:13.875,29.03,0.0,30.2,0.0,2.326,1.603,3.902,3.925,3.912,3.926,3.911,3.929,3.92,30.2,28.9,28.5,28.4,True
2026-08-26 14:43:15.802,29.03,0.0,30.2,0.0,2.327,1.603,3.902,3.925,3.912,3.926,3.911,3.93,3.919,30.2,28.9,28.5,28.4,True
2026-08-26 14:43:17.821,29.03,0.0,30.1,0.0,2.327,1.603,3.902,3.924,3.912,3.926,3.911,3.93,3.92,30.1,28.9,28.5,28.3,True
2026-08-26 14:43:19.663,29.02,0.0,30.2,0.0,2.327,1.602,3.902,3.924,3.912,3.926,3.91,3.929,3.92,30.2,28.9,28.5,28.3,True
2026-08-26 14:43:21.772,29.03,0.0,30.0,0.0,2.328,1.602,3.902,3.925,3.912,3.926,3.91,3.93,3.92,30.0,29.0,28.4,28.5,True
2026-08-26 14:43:23.734,29.03,0.0,30.0,0.0,2.328,1.602,3.902,3.925,3.912,3.926,3.91,3.93,3.92,30.0,29.1,28.4,28.5,True
2026-08-26 14:43:25.808,29.03,0.0,30.0,0.0,2.327,1.602,3.902,3.924,3.912,3.926,3.911,3.929,3.92,30.0,29.0,28.3,28.5,True
2026-08-26 14:43:27.718,29.03,0.0,30.1,0.0,2.327,1.602,3.902,3.925,3.912,3.926,3.91,3.929,3.92,30.1,28.9,28.5,28.4,True
2026-08-26 14:43:29.864,29.03,0.0,30.0,0.0,2.327,1.602,3.902,3.925,3.912,3.926,3.91,3.929,3.92,30.0,29.0,28.5,28.4,True
2026-08-26 14:43:31.829,29.03,0.0,30.0,0.0,2.328,1.602,3.902,3.925,3.912,3.926,3.911,3.93,3.92,30.0,29.0,28.4,28.5,True
2026-08-26 14:43:33.979,29.03,0.0,30.0,0.0,2.327,1.602,3.902,3.924,3.912,3.926,3.911,3.929,3.92,30.0,29.0,28.4,28.6,True
2026-08-26 14:43:36.029,29.03,0.0,30.0,0.0,2.327,1.602,3.902,3.924,3.912,3.926,3.911,3.929,3.92,30.0,29.0,28.5,28.4,True
2026-08-26 14:43:38.029,29.03,0.0,30.2,0.0,2.328,1.602,3.902,3.924,3.912,3.926,3.911,3.93,3.92,30.2,28.9,28.5,28.4,True
2026-08-26 14:43:40.143,29.03,0.0,30.0,0.0,2.328,1.602,3.902,3.925,3.912,3.926,3.91,3.93,3.92,30.0,29.1,28.4,28.4,True
2026-08-26 14:43:42.103,29.03,0.0,30.2,0.0,2.329,1.601,3.902,3.925,3.912,3.926,3.91,3.93,3.92,30.2,29.0,28.5,28.4,True
2026-08-26 14:43:44.108,29.03,0.0,30.0,0.0,2.329,1.601,3.902,3.925,3.912,3.926,3.91,3.93,3.92,30.0,29.1,28.4,28.5,True
2026-08-26 14:43:46.161,29.03,0.0,30.0,0.0,2.328,1.601,3.902,3.925,3.912,3.926,3.911,3.929,3.92,30.0,29.0,28.4,28.5,True
2026-08-26 14:43:48.543,29.02,0.0,30.2,0.0,2.328,1.601,3.902,3.924,3.912,3.926,3.91,3.929,3.919,30.2,28.9,28.5,28.4,True
2026-08-26 14:43:50.468,29.02,0.0,30.2,0.0,2.328,1.601,3.902,3.924,3.912,3.926,3.911,3.929,3.92,30.2,28.9,28.5,28.4,True
2026-08-26 14:43:52.500,29.02,0.0,30.1,0.0,2.328,1.601,3.902,3.924,3.912,3.926,3.911,3.929,3.92,30.1,29.0,28.4,28.4,True
2026-08-26 14:43:54.509,29.02,0.0,30.0,0.0,2.328,1.601,3.902,3.924,3.912,3.926,3.911,3.929,3.92,30.0,29.1,28.4,28.6,True
2026-08-26 14:43:55.912,29.03,0.0,30.0,0.0,2.329,1.601,3.901,3.925,3.912,3.926,3.911,3.93,3.92,30.0,29.0,28.5,28.4,True
2026-08-26 14:43:57.303,29.03,0.0,30.0,0.0,2.329,1.601,3.902,3.925,3.912,3.926,3.911,3.93,3.92,30.0,29.0,28.4,28.5,True
2026-08-26 14:43:59.331,29.03,0.0,30.0,0.0,2.329,1.601,3.902,3.925,3.912,3.926,3.911,3.93,3.92,30.0,29.1,28.4,28.5,True
2026-08-26 14:44:01.295,29.03,0.0,30.1,0.0,2.329,1.601,3.902,3.925,3.912,3.926,3.911,3.93,3.92,30.1,28.9,28.5,28.4,True
2026-08-26 14:44:03.373,29.02,0.0,30.1,0.0,2.329,1.601,3.902,3.924,3.912,3.926,3.91,3.93,3.92,30.1,29.0,28.4,28.5,True
2026-08-26 14:44:05.371,29.02,0.0,30.0,0.0,2.329,1.601,3.902,3.924,3.912,3.926,3.91,3.93,3.92,30.0,29.1,28.4,28.6,True
2026-08-26 14:44:07.534,29.02,0.0,30.2,0.0,2.329,1.6,3.902,3.925,3.912,3.926,3.911,3.929,3.92,30.2,29.0,28.4,28.4,True
2026-08-26 14:44:09.459,29.02,0.0,30.1,0.0,2.33,1.6,3.902,3.925,3.912,3.926,3.911,3.93,3.919,30.1,29.0,28.4,28.5,True
2026-08-26 14:44:11.491,29.02,0.0,30.1,0.0,2.33,1.6,3.902,3.925,3.912,3.926,3.911,3.93,3.919,30.1,29.0,28.5,28.5,True
2026-08-26 14:49:22.331,29.03,0.0,29.6,0.0,2.328,1.602,3.902,3.925,3.912,3.926,3.911,3.93,3.92,29.6,28.9,28.3,28.4,True
2026-08-26 14:49:25.245,29.03,0.0,29.7,0.0,2.33,1.6,3.902,3.925,3.912,3.926,3.911,3.93,3.92,29.7,28.9,28.4,28.4,True
2026-08-26 14:49:27.030,29.02,0.0,29.7,0.0,2.331,1.599,3.902,3.925,3.912,3.926,3.911,3.93,3.919,29.7,29.0,28.4,28.5,True
2026-08-26 14:49:28.932,29.02,0.0,29.7,0.0,2.332,1.597,3.901,3.925,3.912,3.926,3.911,3.929,3.92,29.7,28.9,28.5,28.3,True
2026-08-26 14:49:30.683,29.02,0.0,29.8,0.0,2.332,1.597,3.901,3.925,3.912,3.926,3.911,3.929,3.92,29.8,28.8,28.4,28.4,True
2026-08-26 14:49:32.503,29.02,0.0,29.6,0.0,2.334,1.596,3.902,3.924,3.912,3.926,3.911,3.93,3.92,29.6,29.0,28.4,28.3,True
2026-08-26 14:49:34.291,29.02,0.0,29.6,0.0,2.334,1.595,3.902,3.925,3.912,3.926,3.91,3.929,3.92,29.6,29.0,28.4,28.5,True
2026-08-26 14:49:36.033,29.02,0.0,29.7,0.0,2.334,1.595,3.902,3.925,3.912,3.926,3.91,3.929,3.92,29.7,29.0,28.4,28.4,True
2026-08-26 14:49:37.874,29.02,0.0,29.7,0.0,2.336,1.594,3.902,3.925,3.912,3.926,3.91,3.93,3.92,29.7,28.9,28.5,28.4,True
2026-08-26 14:49:39.666,29.02,0.0,29.6,0.0,2.337,1.593,3.902,3.925,3.912,3.926,3.911,3.93,3.92,29.6,29.0,28.4,28.5,True
2026-08-26 14:49:41.542,29.02,0.0,29.7,0.0,2.337,1.593,3.902,3.925,3.912,3.926,3.911,3.93,3.92,29.7,28.9,28.5,28.4,True
2026-08-26 14:49:43.279,29.02,0.0,29.7,0.0,2.337,1.593,3.902,3.925,3.912,3.926,3.911,3.93,3.92,29.7,29.0,28.4,28.4,True
2026-08-26 14:49:45.083,29.02,0.0,29.6,0.0,2.338,1.592,3.902,3.925,3.912,3.926,3.911,3.93,3.919,29.6,29.0,28.3,28.6,True
2026-08-26 14:49:46.853,29.02,0.0,29.6,0.0,2.337,1.592,3.902,3.924,3.912,3.926,3.911,3.929,3.92,29.6,29.0,28.4,28.4,True
2026-08-26 14:49:48.758,29.02,0.0,29.7,0.0,2.338,1.592,3.902,3.924,3.912,3.926,3.911,3.93,3.92,29.7,29.0,28.4,28.5,True
2026-08-26 14:49:50.505,29.02,0.0,29.6,0.0,2.339,1.591,3.902,3.924,3.912,3.926,3.911,3.93,3.919,29.6,29.0,28.4,28.4,True
2026-08-26 14:49:52.288,29.02,0.0,29.7,0.0,2.339,1.591,3.902,3.924,3.912,3.926,3.911,3.93,3.919,29.7,29.0,28.4,28.5,True
2026-08-26 14:49:53.964,29.02,0.0,29.8,0.0,2.338,1.591,3.902,3.925,3.912,3.926,3.911,3.929,3.92,29.8,28.9,28.5,28.4,True
2026-08-26 14:49:55.773,29.02,0.0,29.7,0.0,2.339,1.591,3.902,3.925,3.912,3.926,3.911,3.93,3.919,29.7,29.0,28.4,28.4,True
2026-08-26 14:49:57.607,29.02,0.0,29.7,0.0,2.339,1.59,3.902,3.925,3.912,3.926,3.911,3.929,3.92,29.7,29.0,28.3,28.6,True
2026-08-26 14:49:59.335,29.02,0.0,29.7,0.0,2.34,1.59,3.902,3.925,3.912,3.926,3.911,3.93,3.92,29.7,28.9,28.5,28.4,True
2026-08-26 14:50:01.200,29.01,0.0,29.6,0.0,2.339,1.59,3.902,3.924,3.912,3.926,3.911,3.929,3.92,29.6,29.0,28.5,28.4,True
2026-08-26 14:50:02.894,29.01,0.0,29.7,0.0,2.34,1.589,3.902,3.925,3.912,3.926,3.911,3.929,3.92,29.7,28.9,28.5,28.5,True
2026-08-26 14:50:04.720,29.01,0.0,29.6,0.0,2.34,1.589,3.902,3.925,3.912,3.926,3.911,3.929,3.92,29.6,29.1,28.3,28.5,True
2026-08-26 14:50:06.511,29.02,0.0,29.7,0.0,2.341,1.589,3.902,3.925,3.912,3.926,3.911,3.93,3.92,29.7,29.1,28.4,28.4,True
2026-08-26 14:50:58.688,29.01,0.0,29.8,0.0,2.344,1.585,3.902,3.924,3.912,3.926,3.911,3.929,3.919,29.8,28.9,28.5,28.5,True
2026-08-26 14:51:01.646,29.01,0.0,29.8,0.0,2.345,1.584,3.902,3.924,3.912,3.926,3.911,3.929,3.92,29.8,29.0,28.5,28.4,True
2026-08-26 14:51:03.408,29.01,0.0,29.8,0.0,2.346,1.584,3.902,3.925,3.912,3.926,3.911,3.93,3.919,29.8,29.0,28.4,28.5,True
2026-08-26 14:51:05.300,29.01,0.0,29.7,0.0,2.346,1.584,3.902,3.925,3.912,3.926,3.911,3.93,3.919,29.7,29.0,28.4,28.6,True
2026-08-26 14:51:07.045,29.01,0.0,29.7,0.0,2.345,1.584,3.902,3.924,3.912,3.926,3.911,3.929,3.92,29.7,29.0,28.4,28.6,True
2026-08-26 14:51:08.861,29.01,0.0,29.8,0.0,2.346,1.584,3.901,3.924,3.911,3.926,3.91,3.93,3.92,29.8,29.0,28.4,28.5,True
2026-08-26 14:51:10.695,29.01,0.0,29.8,0.0,2.346,1.583,3.902,3.925,3.912,3.926,3.911,3.929,3.92,29.8,29.1,28.4,28.6,True
2026-08-26 14:51:12.421,29.01,0.0,29.9,0.0,2.346,1.583,3.902,3.925,3.912,3.926,3.911,3.929,3.92,29.9,28.9,28.6,28.3,True
2026-08-26 14:51:14.377,29.01,0.0,29.8,0.0,2.346,1.583,3.902,3.925,3.912,3.926,3.911,3.929,3.92,29.8,29.0,28.4,28.5,True
2026-08-26 14:51:16.176,29.0,0.0,29.8,0.0,2.346,1.583,3.901,3.924,3.912,3.926,3.91,3.929,3.919,29.8,29.1,28.4,28.5,True
2026-08-26 14:51:17.991,29.01,0.0,29.8,0.0,2.346,1.583,3.902,3.924,3.912,3.926,3.911,3.929,3.92,29.8,29.0,28.4,28.4,True
2026-08-26 14:51:19.705,29.01,0.0,29.8,0.0,2.346,1.583,3.902,3.924,3.912,3.926,3.911,3.929,3.92,29.8,29.0,28.4,28.5,True
2026-08-26 14:51:21.577,29.01,0.0,29.9,0.0,2.346,1.583,3.902,3.925,3.912,3.926,3.91,3.929,3.919,29.9,29.0,28.6,28.4,True
2026-08-26 14:51:23.445,29.01,0.0,29.8,0.0,2.346,1.583,3.902,3.924,3.912,3.926,3.911,3.929,3.92,29.8,29.1,28.5,28.5,True
2026-08-26 14:51:25.265,29.01,0.0,29.6,0.0,2.346,1.583,3.902,3.924,3.912,3.926,3.91,3.929,3.92,29.6,29.1,28.4,28.5,True
2026-08-26 14:51:27.160,29.01,0.0,29.8,0.0,2.348,1.582,3.902,3.925,3.912,3.926,3.911,3.93,3.92,29.8,29.1,28.4,28.5,True
2026-08-26 14:51:28.957,29.0,0.0,29.8,0.0,2.347,1.582,3.902,3.924,3.912,3.926,3.911,3.929,3.919,29.8,29.0,28.5,28.4,True
2026-08-26 14:51:30.855,29.0,0.0,29.8,0.0,2.347,1.582,3.901,3.925,3.912,3.926,3.91,3.929,3.92,29.8,29.1,28.4,28.5,True
2026-08-26 14:51:32.672,29.0,0.0,29.8,0.0,2.347,1.582,3.902,3.924,3.912,3.926,3.91,3.929,3.919,29.8,29.0,28.4,28.5,True
2026-08-26 14:51:34.540,29.0,0.0,29.8,0.0,2.347,1.582,3.902,3.925,3.912,3.926,3.91,3.929,3.919,29.8,29.0,28.5,28.4,True
2026-08-26 14:51:36.342,29.0,0.0,29.8,0.0,2.347,1.582,3.902,3.925,3.912,3.926,3.91,3.929,3.919,29.8,29.1,28.4,28.5,True
2026-08-26 14:51:38.274,29.01,0.0,29.8,0.0,2.347,1.582,3.902,3.925,3.912,3.926,3.911,3.929,3.919,29.8,29.1,28.4,28.6,True
2026-08-26 14:51:40.171,29.0,0.0,29.8,0.0,2.347,1.582,3.901,3.924,3.912,3.926,3.91,3.929,3.92,29.8,29.0,28.5,28.4,True
2026-08-26 14:51:41.979,29.0,0.0,29.8,0.0,2.347,1.582,3.901,3.924,3.912,3.926,3.91,3.929,3.92,29.8,29.0,28.4,28.5,True
2026-08-26 14:51:43.902,29.01,0.0,29.8,0.0,2.348,1.581,3.902,3.925,3.912,3.926,3.911,3.929,3.92,29.8,29.1,28.4,28.6,True
2026-08-26 14:51:45.707,29.0,0.0,29.8,0.0,2.348,1.581,3.902,3.924,3.912,3.926,3.911,3.929,3.92,29.8,29.0,28.5,28.4,True
2026-08-26 14:51:47.628,29.0,0.0,29.8,0.0,2.348,1.581,3.902,3.924,3.912,3.926,3.911,3.929,3.92,29.8,29.1,28.4,28.6,True
2026-08-26 14:51:49.479,29.0,0.0,29.8,0.0,2.348,1.581,3.901,3.924,3.912,3.926,3.911,3.929,3.92,29.8,29.1,28.4,28.6,True
2026-08-26 14:51:51.363,29.0,0.0,29.9,0.0,2.348,1.581,3.902,3.924,3.912,3.926,3.911,3.929,3.92,29.9,28.9,28.5,28.4,True
2026-08-26 14:51:53.127,29.0,0.0,29.9,0.0,2.348,1.581,3.902,3.924,3.912,3.926,3.911,3.929,3.92,29.9,29.0,28.4,28.6,True
2026-08-26 14:51:55.077,29.01,0.0,29.8,0.0,2.348,1.581,3.902,3.925,3.912,3.926,3.911,3.929,3.92,29.8,29.1,28.4,28.5,True
2026-08-26 14:51:56.995,29.0,0.0,29.9,0.0,2.348,1.581,3.902,3.924,3.912,3.926,3.911,3.929,3.92,29.9,28.9,28.5,28.5,True
2026-08-26 14:51:58.851,29.01,0.0,29.9,0.0,2.349,1.581,3.902,3.924,3.912,3.926,3.911,3.93,3.92,29.9,29.0,28.4,28.5,True
2026-08-26 14:52:00.674,29.01,0.0,29.8,0.0,2.349,1.581,3.902,3.924,3.912,3.926,3.911,3.93,3.92,29.8,29.1,28.4,28.5,True
2026-08-26 14:52:02.016,29.0,0.0,29.7,0.0,2.349,1.58,3.901,3.924,3.912,3.926,3.911,3.929,3.92,29.7,29.0,28.5,28.4,True
2026-08-26 14:52:03.895,29.0,0.0,29.9,0.0,2.349,1.58,3.902,3.924,3.912,3.926,3.91,3.929,3.92,29.9,29.0,28.4,28.4,True
2026-08-26 14:52:05.170,29.0,0.0,29.8,0.0,2.349,1.58,3.902,3.924,3.912,3.926,3.91,3.929,3.92,29.8,29.0,28.5,28.5,True
2026-08-26 14:52:06.526,29.0,0.0,29.8,0.0,2.35,1.58,3.902,3.924,3.912,3.926,3.911,3.93,3.92,29.8,29.1,28.4,28.6,True
2026-08-26 14:52:08.427,29.0,0.0,29.8,0.0,2.35,1.58,3.902,3.924,3.912,3.926,3.911,3.93,3.92,29.8,29.1,28.4,28.6,True
2026-08-26 14:52:10.230,29.0,0.0,29.8,0.0,2.349,1.58,3.902,3.924,3.912,3.926,3.911,3.929,3.92,29.8,29.1,28.4,28.6,True
2026-08-26 14:52:12.084,29.0,0.0,29.8,0.0,2.349,1.58,3.902,3.924,3.912,3.926,3.911,3.929,3.92,29.8,29.0,28.5,28.4,True
2026-08-26 14:52:13.826,29.0,0.0,29.9,0.0,2.349,1.58,3.902,3.925,3.912,3.926,3.911,3.929,3.919,29.9,29.0,28.5,28.4,True
2026-08-26 14:52:15.755,29.0,0.0,29.9,0.0,2.35,1.58,3.902,3.924,3.912,3.926,3.91,3.93,3.919,29.9,29.0,28.4,28.5,True
2026-08-26 14:52:17.592,29.0,0.0,29.9,0.0,2.35,1.579,3.902,3.924,3.912,3.926,3.911,3.929,3.92,29.9,29.0,28.4,28.5,True
2026-08-26 14:52:19.608,29.0,0.0,29.9,0.0,2.35,1.579,3.902,3.924,3.912,3.926,3.911,3.929,3.919,29.9,29.1,28.4,28.6,True
2026-08-26 14:52:21.559,29.0,0.0,29.9,0.0,2.35,1.579,3.902,3.924,3.912,3.926,3.911,3.929,3.92,29.9,29.0,28.5,28.5,True
2026-08-26 14:52:23.318,29.0,0.0,29.8,0.0,2.35,1.579,3.902,3.924,3.912,3.926,3.911,3.929,3.92,29.8,29.1,28.4,28.6,True
2026-08-26 14:52:25.218,29.0,0.0,29.9,0.0,2.35,1.579,3.902,3.924,3.912,3.926,3.91,3.929,3.919,29.9,29.0,28.5,28.5,True
2026-08-26 14:52:27.064,29.0,0.0,29.8,0.0,2.35,1.579,3.902,3.924,3.912,3.925,3.911,3.929,3.92,29.8,29.1,28.4,28.5,True
2026-08-26 14:52:29.098,29.0,0.0,29.8,0.0,2.35,1.579,3.902,3.924,3.912,3.925,3.911,3.929,3.92,29.8,29.0,28.5,28.5,True
2026-08-26 14:52:31.085,29.0,0.0,29.9,0.0,2.35,1.579,3.902,3.924,3.911,3.926,3.91,3.929,3.919,29.9,29.0,28.5,28.5,True
2026-08-26 14:52:32.924,29.0,0.0,30.0,0.0,2.35,1.579,3.902,3.924,3.911,3.926,3.91,3.929,3.919,30.0,29.1,28.4,28.6,True
2026-08-26 14:52:34.771,29.0,0.0,30.0,0.0,2.351,1.578,3.902,3.924,3.912,3.926,3.91,3.929,3.92,30.0,28.9,28.5,28.4,True
2026-08-26 14:52:36.611,29.0,0.0,29.8,0.0,2.351,1.578,3.902,3.924,3.912,3.926,3.91,3.929,3.92,29.8,29.0,28.4,28.5,True
2026-08-26 14:52:38.625,29.0,0.0,30.0,0.0,2.351,1.578,3.902,3.924,3.912,3.926,3.911,3.929,3.919,30.0,29.0,28.6,28.5,True
2026-08-26 14:52:40.552,29.0,0.0,29.8,0.0,2.351,1.578,3.901,3.924,3.912,3.926,3.91,3.929,3.919,29.8,29.0,28.5,28.5,True
2026-08-26 14:52:42.505,29.0,0.0,29.9,0.0,2.351,1.578,3.902,3.924,3.912,3.926,3.91,3.929,3.92,29.9,28.9,28.6,28.4,True
2026-08-26 14:52:44.512,29.0,0.0,29.8,0.0,2.351,1.578,3.902,3.924,3.912,3.926,3.91,3.929,3.92,29.8,29.1,28.4,28.5,True
2026-08-26 14:52:46.377,29.0,0.0,29.9,0.0,2.351,1.578,3.901,3.924,3.912,3.926,3.91,3.929,3.92,29.9,29.0,28.5,28.5,True
2026-08-26 14:52:48.366,29.0,0.0,29.9,0.0,2.351,1.578,3.902,3.925,3.912,3.926,3.911,3.929,3.92,29.9,29.0,28.4,28.4,True
2026-08-26 14:52:50.659,29.0,0.0,30.0,0.0,2.352,1.578,3.902,3.924,3.912,3.926,3.911,3.93,3.919,30.0,29.0,28.5,28.4,True
2026-08-26 14:52:52.814,29.0,0.0,29.9,0.0,2.352,1.578,3.902,3.924,3.912,3.926,3.911,3.93,3.919,29.9,29.1,28.4,28.5,True
2026-08-26 14:52:54.873,29.0,0.0,29.9,0.0,2.352,1.577,3.901,3.924,3.912,3.926,3.911,3.929,3.92,29.9,29.1,28.4,28.6,True
2026-08-26 14:52:56.800,29.0,0.0,29.8,0.0,2.353,1.577,3.901,3.924,3.912,3.926,3.91,3.93,3.919,29.8,29.1,28.4,28.5,True
2026-08-26 14:52:58.963,29.0,0.0,29.8,0.0,2.352,1.577,3.901,3.925,3.912,3.926,3.91,3.929,3.92,29.8,29.2,28.3,28.6,True
2026-08-26 14:53:01.001,29.0,0.0,30.0,0.0,2.352,1.577,3.901,3.925,3.912,3.926,3.91,3.929,3.92,30.0,29.0,28.5,28.5,True
2026-08-26 14:53:03.205,29.0,0.0,29.9,0.0,2.352,1.577,3.901,3.924,3.912,3.926,3.91,3.929,3.92,29.9,29.0,28.5,28.4,True
2026-08-26 14:53:05.142,29.0,0.0,29.9,0.0,2.353,1.577,3.901,3.925,3.912,3.926,3.911,3.93,3.919,29.9,29.0,28.4,28.5,True
2026-08-26 14:53:07.295,29.0,0.0,30.0,0.0,2.353,1.577,3.901,3.925,3.912,3.926,3.911,3.93,3.919,30.0,29.0,28.5,28.4,True
2026-08-26 14:53:09.324,29.0,0.0,29.9,0.0,2.353,1.577,3.901,3.925,3.912,3.926,3.911,3.93,3.92,29.9,29.0,28.5,28.6,True
2026-08-26 14:53:11.299,29.0,0.0,30.0,0.0,2.353,1.576,3.902,3.924,3.911,3.926,3.911,3.929,3.92,30.0,29.0,28.4,28.5,True
2026-08-26 14:53:13.600,29.0,0.0,29.8,0.0,2.353,1.576,3.902,3.924,3.911,3.926,3.911,3.929,3.92,29.8,29.1,28.4,28.5,True
2026-08-26 14:53:15.661,29.0,0.0,29.9,0.0,2.354,1.576,3.902,3.925,3.912,3.926,3.91,3.93,3.92,29.9,29.0,28.5,28.5,True
2026-08-26 14:53:17.704,29.0,0.0,29.9,0.0,2.354,1.576,3.901,3.924,3.911,3.926,3.91,3.93,3.919,29.9,29.0,28.5,28.5,True
2026-08-26 14:53:19.856,29.0,0.0,29.8,0.0,2.353,1.576,3.902,3.924,3.912,3.925,3.91,3.929,3.92,29.8,29.1,28.4,28.5,True
2026-08-26 14:53:21.833,29.0,0.0,29.9,0.0,2.353,1.576,3.902,3.925,3.912,3.926,3.911,3.929,3.92,29.9,29.0,28.4,28.5,True
2026-08-26 14:53:23.942,29.0,0.0,30.0,0.0,2.353,1.576,3.901,3.925,3.912,3.926,3.911,3.929,3.919,30.0,29.0,28.4,28.5,True
2026-08-26 14:53:25.935,29.0,0.0,29.9,0.0,2.353,1.576,3.901,3.925,3.912,3.926,3.911,3.929,3.919,29.9,29.1,28.5,28.5,True
2026-08-26 14:53:28.017,29.0,0.0,30.0,0.0,2.353,1.576,3.902,3.924,3.912,3.926,3.91,3.929,3.919,30.0,29.0,28.5,28.4,True
2026-08-26 14:53:30.166,29.0,0.0,29.9,0.0,2.353,1.576,3.902,3.924,3.912,3.926,3.91,3.929,3.919,29.9,29.1,28.3,28.5,True
2026-08-26 14:53:32.231,29.0,0.0,29.8,0.0,2.354,1.576,3.902,3.925,3.912,3.926,3.91,3.93,3.92,29.8,29.1,28.4,28.5,True
2026-08-26 14:53:34.438,29.0,0.0,29.8,0.0,2.353,1.576,3.901,3.925,3.912,3.926,3.911,3.929,3.92,29.8,29.1,28.4,28.5,True
2026-08-26 14:53:36.427,29.0,0.0,29.9,0.0,2.354,1.575,3.902,3.925,3.912,3.926,3.911,3.929,3.92,29.9,29.0,28.4,28.6,True
2026-08-26 14:53:38.616,29.0,0.0,29.9,0.0,2.354,1.575,3.902,3.925,3.912,3.926,3.911,3.929,3.919,29.9,29.0,28.5,28.5,True
2026-08-26 14:53:40.696,29.0,0.0,29.9,0.0,2.354,1.575,3.902,3.925,3.912,3.926,3.911,3.929,3.919,29.9,29.1,28.4,28.6,True
2026-08-26 14:53:42.767,29.0,0.0,29.9,0.0,2.355,1.575,3.902,3.924,3.912,3.926,3.911,3.93,3.919,29.9,29.1,28.4,28.5,True
2026-08-26 14:53:44.917,29.0,0.0,29.9,0.0,2.354,1.575,3.901,3.925,3.912,3.926,3.911,3.929,3.92,29.9,29.1,28.5,28.4,True
2026-08-26 14:53:46.706,29.0,0.0,30.0,0.0,2.354,1.575,3.901,3.925,3.912,3.926,3.911,3.929,3.92,30.0,29.0,28.6,28.5,True
2026-08-26 14:53:48.642,29.0,0.0,29.9,0.0,2.354,1.575,3.902,3.924,3.912,3.926,3.91,3.929,3.919,29.9,29.1,28.3,28.6,True
2026-08-26 14:53:50.590,29.0,0.0,30.0,0.0,2.354,1.575,3.902,3.924,3.912,3.926,3.91,3.929,3.919,30.0,29.0,28.4,28.5,True
2026-08-26 14:53:52.309,29.0,0.0,30.1,0.0,2.355,1.574,3.902,3.925,3.912,3.926,3.911,3.929,3.92,30.1,29.0,28.6,28.4,True
2026-08-26 14:53:54.224,29.0,0.0,30.0,0.0,2.355,1.574,3.902,3.924,3.912,3.926,3.91,3.929,3.92,30.0,28.9,28.6,28.4,True
2026-08-26 14:53:56.086,29.0,0.0,29.9,0.0,2.355,1.574,3.902,3.924,3.912,3.926,3.911,3.929,3.92,29.9,29.0,28.5,28.4,True
2026-08-26 14:53:58.329,29.0,0.0,30.0,0.0,2.355,1.574,3.902,3.924,3.912,3.926,3.911,3.929,3.92,30.0,29.0,28.5,28.5,True
2026-08-26 14:54:00.480,29.0,0.0,30.0,0.0,2.355,1.574,3.902,3.924,3.912,3.926,3.911,3.929,3.919,30.0,29.0,28.5,28.5,True
2026-08-26 14:54:02.553,29.0,0.0,30.0,0.0,2.355,1.574,3.902,3.924,3.912,3.926,3.911,3.929,3.919,30.0,29.0,28.5,28.6,True
2026-08-26 14:54:04.796,29.0,0.0,29.9,0.0,2.355,1.574,3.902,3.925,3.912,3.926,3.911,3.929,3.92,29.9,28.9,28.5,28.4,True
2026-08-26 14:54:06.815,29.0,0.0,30.0,0.0,2.355,1.574,3.901,3.925,3.911,3.926,3.91,3.929,3.919,30.0,29.1,28.4,28.6,True
2026-08-26 14:54:08.975,29.0,0.0,30.0,0.0,2.355,1.574,3.901,3.925,3.911,3.926,3.91,3.929,3.919,30.0,29.1,28.4,28.5,True
2026-08-26 14:54:11.022,29.0,0.0,30.0,0.0,2.355,1.574,3.901,3.924,3.912,3.926,3.911,3.929,3.92,30.0,29.0,28.5,28.5,True
2026-08-26 14:54:13.096,29.0,0.0,30.0,0.0,2.355,1.574,3.902,3.924,3.912,3.926,3.91,3.929,3.92,30.0,29.1,28.4,28.6,True
2026-08-26 14:54:15.266,29.0,0.0,30.0,0.0,2.356,1.573,3.902,3.925,3.912,3.926,3.91,3.929,3.92,30.0,29.0,28.5,28.5,True
2026-08-26 14:54:17.301,29.0,0.0,29.9,0.0,2.356,1.573,3.902,3.925,3.912,3.926,3.91,3.929,3.92,29.9,29.1,28.5,28.5,True
2026-08-26 14:54:19.510,29.0,0.0,29.9,0.0,2.356,1.573,3.902,3.924,3.911,3.926,3.91,3.929,3.92,29.9,29.1,28.4,28.5,True
2026-08-26 14:54:21.642,29.0,0.0,30.0,0.0,2.357,1.573,3.902,3.924,3.912,3.926,3.91,3.93,3.92,30.0,29.0,28.4,28.5,True
2026-08-26 14:54:23.735,29.0,0.0,29.8,0.0,2.357,1.573,3.902,3.925,3.912,3.926,3.911,3.93,3.92,29.8,29.1,28.4,28.6,True
2026-08-26 14:54:25.955,29.0,0.0,29.9,0.0,2.357,1.573,3.902,3.925,3.912,3.926,3.911,3.93,3.92,29.9,29.2,28.3,28.6,True
2026-08-26 14:54:28.074,29.0,0.0,30.0,0.0,2.356,1.573,3.902,3.924,3.912,3.926,3.91,3.929,3.92,30.0,29.0,28.5,28.4,True
2026-08-26 14:54:30.197,29.0,0.0,30.0,0.0,2.356,1.573,3.902,3.924,3.912,3.926,3.911,3.929,3.92,30.0,29.1,28.5,28.5,True
2026-08-26 14:54:32.383,29.0,0.0,29.9,0.0,2.356,1.573,3.901,3.925,3.912,3.926,3.911,3.929,3.92,29.9,29.1,28.3,28.6,True
2026-08-26 14:54:34.502,28.99,0.0,30.0,0.0,2.357,1.572,3.901,3.924,3.912,3.926,3.91,3.929,3.918,30.0,29.0,28.5,28.4,True
2026-08-26 14:54:36.663,28.99,0.0,30.0,0.0,2.357,1.572,3.901,3.924,3.912,3.926,3.91,3.929,3.918,30.0,29.0,28.5,28.5,True
2026-08-26 14:54:38.782,29.0,0.0,29.9,0.0,2.356,1.573,3.902,3.925,3.912,3.925,3.911,3.929,3.92,29.9,29.0,28.5,28.5,True
2026-08-26 14:54:40.721,29.0,0.0,30.0,0.0,2.356,1.573,3.902,3.925,3.912,3.925,3.911,3.929,3.92,30.0,29.0,28.5,28.5,True
2026-08-26 14:54:42.884,29.0,0.0,30.1,0.0,2.357,1.572,3.902,3.924,3.912,3.926,3.91,3.929,3.92,30.1,29.0,28.5,28.5,True
2026-08-26 14:54:45.125,29.0,0.0,30.0,0.0,2.357,1.572,3.901,3.924,3.912,3.926,3.911,3.929,3.92,30.0,29.0,28.5,28.4,True
2026-08-26 14:54:47.255,28.99,0.0,30.0,0.0,2.357,1.572,3.901,3.924,3.911,3.926,3.911,3.929,3.919,30.0,29.1,28.4,28.6,True
2026-08-26 14:54:49.372,28.99,0.0,29.9,0.0,2.357,1.572,3.901,3.924,3.912,3.926,3.911,3.929,3.919,29.9,29.1,28.4,28.6,True
2026-08-26 14:54:51.385,28.99,0.0,30.0,0.0,2.357,1.572,3.902,3.924,3.912,3.926,3.91,3.929,3.919,30.0,29.0,28.4,28.6,True
2026-08-26 14:54:53.681,28.99,0.0,30.0,0.0,2.357,1.572,3.902,3.924,3.912,3.926,3.91,3.929,3.919,30.0,29.0,28.5,28.4,True
2026-08-26 14:54:55.845,29.0,0.0,30.0,0.0,2.357,1.572,3.901,3.925,3.912,3.926,3.911,3.929,3.919,30.0,29.0,28.5,28.4,True
2026-08-26 14:54:57.898,29.0,0.0,30.0,0.0,2.357,1.572,3.901,3.925,3.912,3.926,3.911,3.929,3.919,30.0,29.0,28.5,28.5,True
2026-08-26 14:55:00.050,28.99,0.0,30.0,0.0,2.358,1.571,3.902,3.924,3.912,3.926,3.911,3.929,3.919,30.0,29.0,28.4,28.5,True
2026-08-26 14:55:02.164,29.0,0.0,29.9,0.0,2.357,1.572,3.902,3.925,3.912,3.926,3.911,3.929,3.92,29.9,29.1,28.4,28.6,True
2026-08-26 14:55:04.385,29.0,0.0,30.0,0.0,2.359,1.571,3.902,3.924,3.912,3.926,3.91,3.93,3.92,30.0,28.9,28.5,28.5,True
2026-08-26 14:55:06.573,29.0,0.0,30.0,0.0,2.358,1.571,3.902,3.925,3.912,3.926,3.911,3.929,3.919,30.0,29.0,28.4,28.4,True
2026-08-26 14:55:08.572,28.99,0.0,30.0,0.0,2.358,1.571,3.901,3.924,3.912,3.926,3.91,3.929,3.92,30.0,29.0,28.4,28.5,True
2026-08-26 14:55:10.730,28.99,0.0,30.0,0.0,2.358,1.571,3.901,3.924,3.912,3.926,3.91,3.929,3.92,30.0,29.1,28.5,28.5,True
2026-08-26 14:55:12.846,28.99,0.0,29.9,0.0,2.358,1.571,3.902,3.924,3.912,3.926,3.911,3.929,3.919,29.9,29.1,28.4,28.5,True
2026-08-26 14:55:14.881,28.99,0.0,30.0,0.0,2.358,1.571,3.902,3.924,3.912,3.926,3.911,3.929,3.919,30.0,29.0,28.5,28.5,True
2026-08-26 14:55:17.070,28.99,0.0,30.0,0.0,2.358,1.571,3.901,3.924,3.912,3.926,3.91,3.929,3.92,30.0,29.0,28.5,28.5,True
2026-08-26 14:55:19.212,28.99,0.0,30.0,0.0,2.358,1.571,3.901,3.924,3.912,3.926,3.91,3.929,3.92,30.0,29.0,28.6,28.4,True
2026-08-26 14:55:21.266,28.99,0.0,30.0,0.0,2.359,1.57,3.902,3.924,3.912,3.926,3.91,3.929,3.92,30.0,29.0,28.5,28.5,True
2026-08-26 14:55:23.462,29.0,0.0,30.0,0.0,2.359,1.571,3.902,3.924,3.912,3.926,3.911,3.93,3.919,30.0,29.0,28.4,28.6,True
2026-08-26 14:55:25.546,28.99,0.0,30.0,0.0,2.36,1.57,3.902,3.924,3.912,3.926,3.911,3.93,3.919,30.0,29.1,28.4,28.6,True
2026-08-26 14:55:27.782,28.99,0.0,30.0,0.0,2.359,1.57,3.902,3.925,3.912,3.926,3.91,3.929,3.92,30.0,29.0,28.5,28.4,True
2026-08-26 14:55:29.896,28.99,0.0,30.0,0.0,2.359,1.57,3.902,3.925,3.912,3.926,3.91,3.929,3.92,30.0,29.1,28.5,28.6,True
2026-08-26 14:55:32.013,28.99,0.0,30.0,0.0,2.359,1.57,3.901,3.925,3.912,3.926,3.91,3.929,3.919,30.0,29.0,28.5,28.5,True
2026-08-26 14:55:34.316,28.99,0.0,30.0,0.0,2.359,1.57,3.902,3.924,3.912,3.926,3.91,3.929,3.92,30.0,29.1,28.4,28.5,True
2026-08-26 14:55:36.507,28.99,0.0,30.0,0.0,2.359,1.57,3.901,3.924,3.911,3.925,3.91,3.929,3.919,30.0,29.0,28.4,28.5,True
2026-08-26 14:55:38.668,29.0,0.0,30.0,0.0,2.36,1.57,3.902,3.925,3.912,3.926,3.91,3.93,3.92,30.0,29.2,28.4,28.6,True
2026-08-26 14:55:40.705,28.99,0.0,30.1,0.0,2.359,1.57,3.901,3.924,3.912,3.926,3.911,3.929,3.92,30.1,28.9,28.6,28.5,True
2026-08-26 14:55:42.692,28.99,0.0,30.0,0.0,2.359,1.57,3.901,3.924,3.912,3.926,3.911,3.929,3.92,30.0,29.1,28.4,28.6,True
2026-08-26 14:55:44.675,28.99,0.0,30.0,0.0,2.36,1.569,3.901,3.924,3.912,3.926,3.91,3.929,3.92,30.0,29.1,28.4,28.5,True
2026-08-26 14:55:46.611,28.99,0.0,30.0,0.0,2.36,1.569,3.901,3.924,3.912,3.926,3.91,3.929,3.92,30.0,29.0,28.4,28.5,True
2026-08-26 14:55:48.668,28.99,0.0,30.1,0.0,2.36,1.569,3.901,3.924,3.912,3.926,3.91,3.929,3.92,30.1,29.0,28.5,28.4,True
2026-08-26 14:55:50.878,28.99,0.0,30.0,0.0,2.36,1.569,3.902,3.924,3.912,3.926,3.911,3.929,3.919,30.0,29.1,28.4,28.5,True
2026-08-26 14:55:53.064,28.99,0.0,30.0,0.0,2.36,1.569,3.902,3.924,3.911,3.926,3.911,3.929,3.92,30.0,29.0,28.5,28.5,True
2026-08-26 14:55:55.142,28.99,0.0,30.1,0.0,2.36,1.569,3.901,3.924,3.912,3.926,3.911,3.929,3.92,30.1,29.0,28.5,28.5,True
2026-08-26 14:55:57.444,28.99,0.0,30.1,0.0,2.36,1.569,3.901,3.924,3.912,3.926,3.91,3.929,3.92,30.1,29.0,28.5,28.4,True
2026-08-26 14:55:59.631,28.99,0.0,30.0,0.0,2.36,1.569,3.901,3.924,3.912,3.926,3.911,3.929,3.919,30.0,29.1,28.5,28.5,True
2026-08-26 14:56:01.677,28.99,0.0,30.0,0.0,2.361,1.568,3.902,3.925,3.912,3.926,3.911,3.929,3.92,30.0,29.0,28.4,28.5,True
2026-08-26 14:56:03.740,28.99,0.0,30.1,0.0,2.36,1.569,3.902,3.925,3.911,3.926,3.911,3.929,3.92,30.1,29.0,28.4,28.5,True
2026-08-26 14:56:05.779,28.99,0.0,30.1,0.0,2.361,1.568,3.902,3.924,3.912,3.926,3.911,3.929,3.919,30.1,29.0,28.5,28.5,True
2026-08-26 14:56:07.638,28.99,0.0,30.0,0.0,2.361,1.568,3.902,3.924,3.912,3.926,3.911,3.929,3.919,30.0,29.1,28.4,28.5,True
2026-08-26 14:56:09.643,28.99,0.0,30.1,0.0,2.361,1.568,3.901,3.924,3.912,3.926,3.911,3.929,3.919,30.1,29.0,28.5,28.5,True
2026-08-26 14:56:11.610,28.99,0.0,30.0,0.0,2.362,1.568,3.901,3.925,3.912,3.926,3.91,3.93,3.92,30.0,29.0,28.4,28.5,True
2026-08-26 14:56:13.626,28.99,0.0,30.0,0.0,2.362,1.568,3.901,3.925,3.912,3.926,3.91,3.93,3.92,30.0,29.0,28.6,28.4,True
2026-08-26 14:56:15.698,28.99,0.0,30.2,0.0,2.361,1.568,3.902,3.924,3.912,3.926,3.911,3.929,3.92,30.2,29.0,28.6,28.4,True
2026-08-26 14:56:17.695,28.99,0.0,30.0,0.0,2.361,1.568,3.902,3.924,3.912,3.926,3.911,3.929,3.92,30.0,29.0,28.5,28.5,True
2026-08-26 14:56:19.809,28.99,0.0,29.9,0.0,2.361,1.568,3.901,3.925,3.912,3.926,3.911,3.929,3.919,29.9,29.1,28.3,28.6,True
2026-08-26 14:56:21.803,28.99,0.0,30.0,0.0,2.361,1.568,3.901,3.924,3.912,3.926,3.91,3.929,3.919,30.0,29.1,28.5,28.6,True
2026-08-26 14:56:23.853,28.99,0.0,30.0,0.0,2.361,1.568,3.901,3.924,3.912,3.926,3.91,3.929,3.919,30.0,29.0,28.5,28.4,True
2026-08-26 14:56:26.011,28.99,0.0,30.0,0.0,2.361,1.568,3.901,3.924,3.912,3.926,3.91,3.929,3.919,30.0,29.0,28.4,28.5,True
2026-08-26 14:56:28.113,28.99,0.0,30.0,0.0,2.362,1.567,3.902,3.924,3.912,3.926,3.911,3.929,3.92,30.0,29.0,28.5,28.5,True
2026-08-26 14:56:30.136,28.99,0.0,30.0,0.0,2.362,1.567,3.902,3.924,3.912,3.926,3.91,3.929,3.92,30.0,29.1,28.4,28.6,True
2026-08-26 14:56:32.384,28.99,0.0,30.0,0.0,2.362,1.567,3.902,3.924,3.911,3.926,3.91,3.929,3.92,30.0,29.1,28.4,28.5,True
2026-08-26 14:56:34.640,28.99,0.0,30.0,0.0,2.362,1.567,3.901,3.924,3.912,3.926,3.91,3.929,3.92,30.0,29.0,28.5,28.5,True
2026-08-26 14:56:36.632,28.99,0.0,30.0,0.0,2.362,1.567,3.901,3.924,3.912,3.926,3.91,3.929,3.92,30.0,29.1,28.4,28.5,True
2026-08-26 14:56:38.802,28.99,0.0,30.0,0.0,2.362,1.567,3.901,3.924,3.911,3.926,3.91,3.929,3.919,30.0,29.0,28.4,28.5,True
2026-08-26 14:56:41.090,28.99,0.0,30.1,0.0,2.362,1.567,3.901,3.924,3.912,3.926,3.911,3.929,3.92,30.1,29.0,28.6,28.4,True
2026-08-26 14:56:43.087,28.99,0.0,30.0,0.0,2.362,1.567,3.901,3.924,3.912,3.926,3.91,3.929,3.919,30.0,29.1,28.4,28.5,True
2026-08-26 14:56:45.234,28.99,0.0,30.0,0.0,2.362,1.567,3.901,3.924,3.912,3.926,3.91,3.929,3.919,30.0,29.1,28.4,28.6,True
2026-08-26 14:56:47.328,28.99,0.0,30.0,0.0,2.363,1.566,3.902,3.924,3.912,3.926,3.91,3.929,3.919,30.0,29.1,28.4,28.6,True
2026-08-26 14:56:49.324,28.99,0.0,30.1,0.0,2.363,1.566,3.901,3.924,3.912,3.926,3.911,3.929,3.919,30.1,29.0,28.5,28.4,True
2026-08-26 14:56:51.533,28.99,0.0,30.2,0.0,2.363,1.566,3.901,3.924,3.912,3.926,3.911,3.929,3.919,30.2,28.9,28.6,28.4,True
2026-08-26 14:56:53.589,28.99,0.0,30.1,0.0,2.363,1.566,3.901,3.924,3.912,3.926,3.911,3.929,3.92,30.1,29.1,28.4,28.6,True
2026-08-26 14:56:55.756,28.99,0.0,30.0,0.0,2.363,1.566,3.902,3.924,3.911,3.925,3.91,3.929,3.919,30.0,29.0,28.4,28.5,True
2026-08-26 14:56:57.918,28.99,0.0,30.1,0.0,2.363,1.566,3.901,3.925,3.912,3.926,3.91,3.929,3.92,30.1,29.0,28.5,28.5,True
2026-08-26 14:57:00.034,28.99,0.0,29.8,0.0,2.363,1.566,3.902,3.924,3.912,3.926,3.91,3.929,3.918,29.8,29.2,28.4,28.6,True
2026-08-26 14:57:02.344,28.99,0.0,30.0,0.0,2.363,1.566,3.902,3.925,3.912,3.926,3.91,3.929,3.919,30.0,29.1,28.4,28.5,True
2026-08-26 14:57:04.537,28.99,0.0,30.1,0.0,2.363,1.566,3.901,3.924,3.912,3.925,3.91,3.929,3.919,30.1,29.0,28.6,28.5,True
2026-08-26 14:57:06.846,28.99,0.0,30.0,0.0,2.363,1.566,3.901,3.924,3.912,3.925,3.91,3.929,3.919,30.0,29.1,28.4,28.6,True
2026-08-26 14:57:09.339,28.99,0.0,30.0,0.0,2.363,1.566,3.902,3.924,3.912,3.926,3.911,3.929,3.919,30.0,29.1,28.4,28.6,True
2026-08-26 14:57:11.497,28.99,0.0,30.0,0.0,2.363,1.566,3.901,3.924,3.912,3.926,3.91,3.929,3.919,30.0,29.1,28.6,28.5,True
2026-08-26 14:57:13.608,28.99,0.0,30.1,0.0,2.364,1.565,3.901,3.924,3.911,3.926,3.91,3.929,3.92,30.1,29.0,28.5,28.5,True
2026-08-26 14:57:15.878,28.99,0.0,30.0,0.0,2.364,1.565,3.901,3.924,3.912,3.926,3.91,3.929,3.919,30.0,29.1,28.5,28.6,True
2026-08-26 14:57:18.316,28.99,0.0,30.0,0.0,2.364,1.565,3.901,3.924,3.912,3.926,3.91,3.929,3.919,30.0,29.0,28.5,28.5,True
2026-08-26 14:57:20.531,28.99,0.0,30.1,0.0,2.364,1.565,3.901,3.924,3.912,3.926,3.91,3.929,3.92,30.1,29.0,28.5,28.5,True
2026-08-26 14:57:22.666,28.99,0.0,30.0,0.0,2.364,1.565,3.901,3.924,3.912,3.926,3.911,3.929,3.919,30.0,29.0,28.4,28.6,True
2026-08-26 14:57:24.904,28.99,0.0,30.2,0.0,2.364,1.565,3.901,3.924,3.912,3.926,3.911,3.929,3.919,30.2,28.9,28.6,28.4,True
2026-08-26 14:57:27.357,28.99,0.0,30.2,0.0,2.364,1.565,3.902,3.924,3.912,3.925,3.911,3.929,3.919,30.2,29.0,28.4,28.5,True
2026-08-26 14:57:29.488,28.99,0.0,30.0,0.0,2.364,1.565,3.902,3.924,3.912,3.925,3.911,3.929,3.919,30.0,29.0,28.4,28.6,True
2026-08-26 14:57:31.675,28.99,0.0,29.9,0.0,2.366,1.564,3.901,3.924,3.912,3.925,3.91,3.93,3.92,29.9,29.1,28.4,28.6,True
2026-08-26 14:57:33.882,28.99,0.0,30.0,0.0,2.364,1.565,3.901,3.924,3.911,3.926,3.911,3.929,3.92,30.0,29.1,28.4,28.6,True
2026-08-26 14:57:35.955,28.99,0.0,30.0,0.0,2.364,1.565,3.901,3.924,3.911,3.926,3.911,3.929,3.92,30.0,29.0,28.5,28.4,True
2026-08-26 14:57:38.408,28.99,0.0,30.2,0.0,2.365,1.564,3.902,3.925,3.912,3.926,3.91,3.929,3.918,30.2,28.9,28.6,28.4,True
2026-08-26 14:57:40.763,28.99,0.0,30.1,0.0,2.365,1.564,3.902,3.924,3.912,3.926,3.911,3.929,3.92,30.1,28.9,28.6,28.4,True
2026-08-26 14:57:42.857,28.99,0.0,30.0,0.0,2.365,1.564,3.901,3.924,3.912,3.926,3.911,3.929,3.919,30.0,29.1,28.4,28.6,True
2026-08-26 14:57:45.155,28.99,0.0,30.1,0.0,2.365,1.564,3.901,3.924,3.911,3.926,3.911,3.929,3.92,30.1,29.1,28.5,28.4,True
2026-08-26 14:57:47.271,28.98,0.0,30.1,0.0,2.365,1.564,3.902,3.924,3.911,3.925,3.91,3.929,3.919,30.1,29.0,28.4,28.6,True
2026-08-26 14:57:49.344,28.98,0.0,30.0,0.0,2.365,1.564,3.901,3.924,3.911,3.926,3.91,3.929,3.92,30.0,28.9,28.5,28.6,True
2026-08-26 14:57:51.657,28.98,0.0,30.1,0.0,2.365,1.564,3.901,3.924,3.912,3.926,3.91,3.929,3.919,30.1,29.0,28.5,28.4,True
2026-08-26 14:57:53.814,28.98,0.0,30.1,0.0,2.365,1.564,3.901,3.924,3.912,3.926,3.91,3.929,3.919,30.1,29.0,28.4,28.6,True
2026-08-26 14:57:55.905,28.99,0.0,30.1,0.0,2.366,1.563,3.901,3.925,3.912,3.926,3.911,3.929,3.919,30.1,29.0,28.5,28.6,True
2026-08-26 14:57:58.187,28.99,0.0,30.1,0.0,2.365,1.564,3.902,3.925,3.912,3.926,3.91,3.929,3.919,30.1,29.1,28.4,28.6,True
2026-08-26 14:58:00.375,28.98,0.0,30.0,0.0,2.366,1.563,3.901,3.924,3.912,3.926,3.91,3.929,3.919,30.0,29.0,28.5,28.5,True
2026-08-26 14:58:02.585,28.98,0.0,30.1,0.0,2.366,1.563,3.902,3.924,3.911,3.926,3.91,3.929,3.919,30.1,28.9,28.5,28.4,True
2026-08-26 14:58:04.746,28.98,0.0,30.2,0.0,2.366,1.563,3.902,3.924,3.911,3.926,3.91,3.929,3.919,30.2,28.9,28.6,28.4,True
2026-08-26 14:58:06.970,28.99,0.0,30.1,0.0,2.366,1.563,3.902,3.924,3.912,3.926,3.911,3.929,3.92,30.1,29.0,28.5,28.6,True
2026-08-26 14:58:09.252,28.99,0.0,30.1,0.0,2.366,1.563,3.902,3.924,3.912,3.926,3.911,3.929,3.92,30.1,29.0,28.5,28.5,True
2026-08-26 14:58:11.500,28.99,0.0,30.0,0.0,2.366,1.563,3.901,3.925,3.912,3.926,3.91,3.929,3.92,30.0,29.0,28.5,28.5,True
2026-08-26 14:58:13.900,28.98,0.0,30.0,0.0,2.367,1.563,3.901,3.924,3.912,3.926,3.91,3.93,3.918,30.0,29.1,28.4,28.5,True
2026-08-26 14:58:15.998,28.98,0.0,30.1,0.0,2.366,1.563,3.901,3.924,3.912,3.926,3.91,3.929,3.92,30.1,29.0,28.5,28.5,True
2026-08-26 14:58:18.393,28.98,0.0,30.1,0.0,2.366,1.563,3.902,3.924,3.912,3.925,3.91,3.929,3.919,30.1,29.0,28.5,28.5,True
2026-08-26 14:58:20.682,28.98,0.0,30.1,0.0,2.367,1.562,3.902,3.924,3.912,3.926,3.91,3.929,3.92,30.1,29.0,28.5,28.5,True
2026-08-26 14:58:22.799,28.99,0.0,30.1,0.0,2.367,1.562,3.902,3.925,3.912,3.926,3.91,3.929,3.92,30.1,29.0,28.5,28.5,True
2026-08-26 14:58:25.002,28.99,0.0,30.0,0.0,2.367,1.562,3.902,3.925,3.912,3.926,3.91,3.929,3.92,30.0,29.1,28.4,28.5,True
2026-08-26 14:58:27.246,28.98,0.0,30.2,0.0,2.367,1.562,3.902,3.924,3.912,3.926,3.911,3.929,3.918,30.2,29.1,28.4,28.5,True
2026-08-26 14:58:29.488,28.98,0.0,30.0,0.0,2.367,1.562,3.902,3.924,3.912,3.926,3.91,3.929,3.919,30.0,29.1,28.4,28.6,True
2026-08-26 14:58:31.842,28.98,0.0,30.0,0.0,2.367,1.562,3.902,3.924,3.912,3.926,3.91,3.929,3.919,30.0,29.0,28.6,28.5,True
2026-08-26 14:58:34.203,28.98,0.0,30.0,0.0,2.367,1.562,3.901,3.924,3.912,3.926,3.91,3.929,3.919,30.0,29.2,28.3,28.7,True
2026-08-26 14:58:36.493,28.98,0.0,30.1,0.0,2.367,1.562,3.902,3.924,3.912,3.926,3.91,3.929,3.919,30.1,29.0,28.4,28.6,True
2026-08-26 14:58:38.607,28.98,0.0,30.1,0.0,2.367,1.562,3.901,3.924,3.912,3.925,3.91,3.929,3.92,30.1,29.1,28.5,28.5,True
2026-08-26 14:58:41.022,28.98,0.0,30.1,0.0,2.367,1.562,3.901,3.924,3.912,3.925,3.91,3.929,3.92,30.1,29.0,28.5,28.5,True
2026-08-26 14:58:43.310,28.98,0.0,30.0,0.0,2.368,1.561,3.901,3.924,3.912,3.926,3.91,3.929,3.919,30.0,29.1,28.4,28.5,True
2026-08-26 14:58:45.460,28.98,0.0,30.0,0.0,2.368,1.561,3.901,3.924,3.912,3.926,3.91,3.929,3.919,30.0,29.1,28.4,28.6,True
2026-08-26 14:58:47.778,28.98,0.0,30.1,0.0,2.369,1.561,3.901,3.924,3.911,3.926,3.911,3.93,3.92,30.1,29.0,28.5,28.5,True
2026-08-26 14:58:50.198,28.98,0.0,30.0,0.0,2.369,1.561,3.901,3.924,3.911,3.926,3.911,3.93,3.92,30.0,29.1,28.4,28.6,True
2026-08-26 14:58:52.455,28.98,0.0,30.1,0.0,2.368,1.561,3.902,3.925,3.912,3.926,3.91,3.929,3.919,30.1,29.0,28.4,28.5,True
2026-08-26 14:58:54.787,28.98,0.0,30.2,0.0,2.368,1.561,3.901,3.924,3.912,3.926,3.91,3.929,3.919,30.2,29.0,28.5,28.4,True
2026-08-26 14:58:57.044,28.98,0.0,30.2,0.0,2.368,1.561,3.902,3.924,3.911,3.926,3.91,3.929,3.919,30.2,28.9,28.6,28.4,True
2026-08-26 14:58:59.210,28.98,0.0,30.1,0.0,2.368,1.561,3.902,3.924,3.911,3.926,3.911,3.929,3.919,30.1,29.0,28.5,28.5,True
2026-08-26 14:59:01.656,28.98,0.0,30.0,0.0,2.368,1.561,3.901,3.924,3.911,3.926,3.91,3.929,3.92,30.0,29.1,28.4,28.5,True
2026-08-26 14:59:03.996,28.98,0.0,30.2,0.0,2.368,1.561,3.901,3.924,3.911,3.926,3.91,3.929,3.92,30.2,29.1,28.4,28.6,True
2026-08-26 14:59:06.067,28.98,0.0,30.0,0.0,2.368,1.561,3.901,3.924,3.911,3.925,3.91,3.929,3.92,30.0,29.1,28.5,28.5,True
2026-08-26 14:59:08.408,28.98,0.0,30.2,0.0,2.368,1.561,3.901,3.924,3.911,3.925,3.91,3.929,3.92,30.2,29.0,28.6,28.4,True
2026-08-26 14:59:10.755,28.98,0.0,30.2,0.0,2.368,1.561,3.902,3.924,3.912,3.925,3.91,3.929,3.92,30.2,28.9,28.5,28.4,True
2026-08-26 14:59:13.084,28.98,0.0,30.0,0.0,2.369,1.56,3.902,3.924,3.912,3.925,3.911,3.929,3.921,30.0,29.1,28.5,28.4,True
2026-08-26 14:59:15.221,28.98,0.0,30.2,0.0,2.369,1.56,3.902,3.924,3.912,3.925,3.911,3.929,3.921,30.2,29.0,28.5,28.4,True
2026-08-26 14:59:17.620,28.98,0.0,30.2,0.0,2.369,1.56,3.901,3.924,3.912,3.926,3.91,3.929,3.92,30.2,28.9,28.7,28.4,True
2026-08-26 14:59:19.862,28.98,0.0,30.0,0.0,2.369,1.56,3.901,3.924,3.912,3.926,3.91,3.929,3.92,30.0,29.2,28.4,28.6,True
2026-08-26 14:59:22.095,28.98,0.0,30.0,0.0,2.369,1.56,3.901,3.924,3.912,3.926,3.91,3.929,3.918,30.0,29.1,28.4,28.6,True
2026-08-26 14:59:24.582,28.98,0.0,30.1,0.0,2.369,1.56,3.901,3.924,3.912,3.926,3.91,3.929,3.918,30.1,29.1,28.4,28.6,True
2026-08-26 14:59:26.840,28.98,0.0,30.1,0.0,2.369,1.56,3.902,3.924,3.912,3.926,3.91,3.929,3.92,30.1,29.0,28.5,28.5,True
2026-08-26 14:59:29.034,28.98,0.0,30.3,0.0,2.369,1.56,3.901,3.925,3.912,3.926,3.91,3.929,3.92,30.3,29.0,28.5,28.5,True
2026-08-26 14:59:31.370,28.98,0.0,30.2,0.0,2.369,1.56,3.901,3.925,3.912,3.926,3.91,3.929,3.92,30.2,29.0,28.5,28.5,True
2026-08-26 14:59:33.626,28.98,0.0,30.0,0.0,2.37,1.559,3.901,3.924,3.912,3.926,3.911,3.929,3.919,30.0,29.2,28.4,28.6,True
2026-08-26 14:59:35.861,28.98,0.0,30.0,0.0,2.37,1.559,3.901,3.924,3.911,3.926,3.91,3.929,3.919,30.0,29.0,28.4,28.5,True
2026-08-26 14:59:37.972,28.98,0.0,30.0,0.0,2.37,1.559,3.901,3.924,3.911,3.926,3.91,3.929,3.919,30.0,29.0,28.5,28.5,True
2026-08-26 14:59:40.120,28.98,0.0,30.2,0.0,2.37,1.559,3.902,3.924,3.912,3.926,3.91,3.929,3.92,30.2,29.0,28.5,28.4,True
2026-08-26 14:59:42.569,28.98,0.0,30.1,0.0,2.37,1.559,3.902,3.924,3.912,3.926,3.91,3.929,3.919,30.1,29.0,28.5,28.5,True
2026-08-26 14:59:44.987,28.98,0.0,30.1,0.0,2.37,1.559,3.902,3.924,3.912,3.926,3.91,3.929,3.919,30.1,29.0,28.5,28.5,True
2026-08-26 14:59:47.241,28.98,0.0,30.2,0.0,2.37,1.559,3.901,3.924,3.911,3.925,3.91,3.929,3.919,30.2,29.0,28.5,28.5,True
2026-08-26 14:59:49.577,28.98,0.0,30.0,0.0,2.37,1.559,3.902,3.924,3.912,3.926,3.911,3.929,3.919,30.0,29.1,28.4,28.6,True
2026-08-26 14:59:51.799,28.98,0.0,30.1,0.0,2.37,1.559,3.902,3.924,3.912,3.926,3.911,3.929,3.919,30.1,29.0,28.5,28.4,True
2026-08-26 14:59:54.087,28.98,0.0,30.1,0.0,2.371,1.558,3.902,3.924,3.912,3.926,3.91,3.929,3.919,30.1,29.1,28.4,28.6,True
2026-08-26 14:59:56.531,28.98,0.0,30.0,0.0,2.371,1.558,3.902,3.924,3.912,3.926,3.91,3.929,3.919,30.0,29.1,28.4,28.6,True
2026-08-26 14:59:58.820,28.98,0.0,30.0,0.0,2.371,1.558,3.901,3.924,3.911,3.926,3.911,3.929,3.92,30.0,29.1,28.4,28.6,True
2026-08-26 15:00:00.935,28.98,0.0,30.0,0.0,2.371,1.558,3.901,3.924,3.911,3.926,3.91,3.929,3.919,30.0,29.1,28.4,28.6,True
2026-08-26 15:00:03.317,28.98,0.0,30.0,0.0,2.371,1.558,3.901,3.924,3.911,3.926,3.91,3.929,3.919,30.0,29.1,28.4,28.6,True
2026-08-26 15:00:05.575,28.98,0.0,30.1,0.0,2.371,1.558,3.901,3.924,3.912,3.925,3.91,3.929,3.919,30.1,29.0,28.5,28.5,True
2026-08-26 15:00:07.790,28.98,0.0,30.0,0.0,2.371,1.558,3.901,3.924,3.911,3.925,3.911,3.929,3.919,30.0,29.0,28.4,28.5,True
2026-08-26 15:00:09.881,28.98,0.0,30.1,0.0,2.371,1.558,3.901,3.924,3.912,3.926,3.91,3.929,3.919,30.1,29.0,28.5,28.5,True
2026-08-26 15:00:12.131,28.98,0.0,30.2,0.0,2.371,1.558,3.901,3.924,3.912,3.926,3.91,3.929,3.919,30.2,29.0,28.6,28.4,True
2026-08-26 15:00:14.351,28.98,0.0,30.1,0.0,2.372,1.557,3.902,3.925,3.912,3.926,3.91,3.929,3.919,30.1,29.0,28.4,28.5,True
2026-08-26 15:00:16.534,28.98,0.0,30.1,0.0,2.371,1.558,3.901,3.924,3.911,3.926,3.911,3.929,3.919,30.1,29.0,28.5,28.6,True
2026-08-26 15:00:18.741,28.98,0.0,30.2,0.0,2.371,1.558,3.901,3.924,3.911,3.926,3.911,3.929,3.919,30.2,29.0,28.5,28.6,True
2026-08-26 15:00:20.966,28.98,0.0,30.1,0.0,2.372,1.557,3.902,3.924,3.912,3.926,3.91,3.929,3.919,30.1,29.1,28.5,28.5,True
2026-08-26 15:00:23.252,28.98,0.0,30.2,0.0,2.372,1.557,3.902,3.924,3.912,3.926,3.911,3.929,3.919,30.2,29.0,28.5,28.5,True
2026-08-26 15:00:25.512,28.98,0.0,30.0,0.0,2.372,1.557,3.902,3.924,3.912,3.926,3.911,3.929,3.919,30.0,29.1,28.4,28.6,True
2026-08-26 15:00:27.851,28.98,0.0,30.1,0.0,2.373,1.557,3.901,3.924,3.912,3.926,3.911,3.93,3.92,30.1,29.0,28.5,28.5,True
2026-08-26 15:00:30.112,28.98,0.0,30.1,0.0,2.372,1.557,3.901,3.924,3.911,3.926,3.91,3.929,3.92,30.1,29.2,28.4,28.6,True
2026-08-26 15:00:32.341,28.98,0.0,30.0,0.0,2.372,1.557,3.901,3.924,3.911,3.926,3.91,3.929,3.92,30.0,29.1,28.3,28.6,True
2026-08-26 15:00:34.769,28.98,0.0,30.2,0.0,2.372,1.557,3.901,3.924,3.912,3.925,3.91,3.929,3.92,30.2,29.0,28.5,28.4,True
2026-08-26 15:00:37.014,28.98,0.0,30.2,0.0,2.373,1.556,3.901,3.924,3.911,3.926,3.91,3.929,3.919,30.2,29.0,28.5,28.5,True
2026-08-26 15:00:39.292,28.98,0.0,30.2,0.0,2.373,1.556,3.901,3.924,3.911,3.926,3.911,3.929,3.92,30.2,29.0,28.6,28.5,True
2026-08-26 15:00:41.440,28.98,0.0,30.2,0.0,2.373,1.556,3.901,3.924,3.911,3.926,3.911,3.929,3.92,30.2,29.0,28.5,28.5,True
2026-08-26 15:00:43.780,28.98,0.0,30.0,0.0,2.373,1.556,3.901,3.924,3.911,3.926,3.91,3.929,3.919,30.0,29.1,28.4,28.6,True
2026-08-26 15:00:46.123,28.98,0.0,30.0,0.0,2.373,1.556,3.902,3.924,3.912,3.925,3.91,3.929,3.919,30.0,29.1,28.4,28.5,True
2026-08-26 15:00:48.292,28.98,0.0,30.2,0.0,2.373,1.556,3.902,3.924,3.912,3.925,3.91,3.929,3.92,30.2,29.1,28.4,28.5,True
2026-08-26 15:00:50.618,28.98,0.0,30.1,0.0,2.373,1.556,3.902,3.924,3.912,3.926,3.91,3.929,3.919,30.1,29.1,28.5,28.4,True
2026-08-26 15:00:52.963,28.98,0.0,30.2,0.0,2.373,1.556,3.902,3.924,3.912,3.926,3.91,3.929,3.919,30.2,29.0,28.5,28.5,True
2026-08-26 15:00:55.238,28.98,0.0,30.2,0.0,2.373,1.556,3.902,3.925,3.912,3.926,3.91,3.929,3.919,30.2,29.0,28.5,28.4,True
2026-08-26 15:00:57.422,28.98,0.0,30.2,0.0,2.373,1.556,3.901,3.924,3.911,3.926,3.91,3.929,3.92,30.2,29.0,28.5,28.5,True
2026-08-26 15:00:59.651,28.98,0.0,30.2,0.0,2.373,1.556,3.901,3.924,3.911,3.926,3.91,3.929,3.919,30.2,29.0,28.5,28.5,True
2026-08-26 15:01:01.887,28.98,0.0,30.1,0.0,2.373,1.556,3.902,3.924,3.912,3.926,3.91,3.929,3.92,30.1,29.0,28.5,28.5,True
2026-08-26 15:01:04.178,28.98,0.0,30.0,0.0,2.374,1.555,3.901,3.924,3.912,3.926,3.911,3.929,3.919,30.0,29.0,28.5,28.5,True
2026-08-26 15:01:06.305,28.98,0.0,30.0,0.0,2.374,1.555,3.901,3.924,3.912,3.926,3.91,3.929,3.919,30.0,29.0,28.5,28.5,True
2026-08-26 15:01:08.595,28.98,0.0,30.1,0.0,2.374,1.555,3.901,3.924,3.912,3.926,3.91,3.929,3.919,30.1,29.0,28.4,28.5,True
2026-08-26 15:01:10.871,28.98,0.0,30.0,0.0,2.374,1.555,3.902,3.924,3.911,3.926,3.91,3.929,3.919,30.0,29.1,28.4,28.5,True
2026-08-26 15:01:12.942,28.98,0.0,30.1,0.0,2.374,1.555,3.901,3.924,3.912,3.926,3.91,3.929,3.919,30.1,29.0,28.5,28.4,True
2026-08-26 15:01:15.282,28.98,0.0,30.1,0.0,2.374,1.555,3.901,3.924,3.912,3.926,3.91,3.929,3.919,30.1,29.0,28.5,28.4,True
2026-08-26 15:01:17.560,28.98,0.0,30.1,0.0,2.374,1.555,3.901,3.924,3.912,3.926,3.91,3.929,3.919,30.1,29.1,28.5,28.5,True
2026-08-26 15:01:19.691,28.98,0.0,30.0,0.0,2.374,1.555,3.902,3.924,3.912,3.926,3.911,3.929,3.92,30.0,29.2,28.4,28.6,True
2026-08-26 15:01:21.868,28.98,0.0,30.0,0.0,2.374,1.555,3.902,3.924,3.912,3.926,3.911,3.929,3.919,30.0,29.1,28.4,28.6,True
2026-08-26 15:01:24.177,28.98,0.0,30.2,0.0,2.375,1.554,3.901,3.924,3.912,3.926,3.911,3.929,3.918,30.2,28.9,28.6,28.4,True
2026-08-26 15:01:26.431,28.98,0.0,30.2,0.0,2.375,1.554,3.902,3.924,3.912,3.926,3.91,3.929,3.919,30.2,29.0,28.5,28.5,True
2026-08-26 15:01:28.643,28.98,0.0,30.1,0.0,2.375,1.554,3.902,3.924,3.911,3.926,3.91,3.929,3.919,30.1,29.0,28.5,28.4,True
2026-08-26 15:01:30.779,28.98,0.0,30.0,0.0,2.375,1.554,3.902,3.924,3.911,3.926,3.91,3.929,3.919,30.0,29.1,28.4,28.5,True
2026-08-26 15:01:33.174,28.97,0.0,30.2,0.0,2.375,1.554,3.901,3.924,3.911,3.925,3.91,3.929,3.919,30.2,29.0,28.5,28.4,True
2026-08-26 15:01:35.487,28.97,0.0,30.3,0.0,2.375,1.554,3.901,3.924,3.911,3.925,3.91,3.929,3.919,30.3,28.9,28.6,28.4,True
2026-08-26 15:01:37.724,28.98,0.0,30.1,0.0,2.375,1.554,3.902,3.924,3.912,3.926,3.91,3.929,3.919,30.1,29.0,28.5,28.5,True
2026-08-26 15:01:39.964,28.98,0.0,30.2,0.0,2.375,1.554,3.902,3.924,3.911,3.926,3.91,3.929,3.919,30.2,29.1,28.4,28.6,True
2026-08-26 15:01:42.237,28.98,0.0,30.1,0.0,2.375,1.554,3.902,3.924,3.911,3.926,3.91,3.929,3.919,30.1,29.1,28.5,28.5,True
2026-08-26 15:01:44.576,28.98,0.0,30.0,0.0,2.375,1.554,3.902,3.924,3.912,3.926,3.91,3.929,3.919,30.0,29.1,28.4,28.7,True
2026-08-26 15:01:46.806,28.98,0.0,30.1,0.0,2.376,1.553,3.902,3.924,3.912,3.925,3.91,3.929,3.92,30.1,29.1,28.4,28.6,True
2026-08-26 15:01:48.942,28.98,0.0,30.1,0.0,2.376,1.553,3.902,3.924,3.912,3.925,3.91,3.929,3.92,30.1,29.0,28.5,28.5,True
2026-08-26 15:01:51.193,28.97,0.0,30.2,0.0,2.376,1.553,3.901,3.924,3.911,3.926,3.91,3.929,3.92,30.2,28.9,28.6,28.5,True
2026-08-26 15:01:53.536,28.97,0.0,30.2,0.0,2.376,1.553,3.901,3.924,3.912,3.926,3.91,3.929,3.919,30.2,29.0,28.5,28.5,True
2026-08-26 15:01:55.811,28.98,0.0,30.1,0.0,2.376,1.553,3.902,3.924,3.911,3.926,3.91,3.929,3.92,30.1,29.1,28.5,28.5,True
2026-08-26 15:01:58.145,28.98,0.0,30.3,0.0,2.376,1.553,3.902,3.924,3.912,3.926,3.91,3.929,3.919,30.3,28.9,28.5,28.5,True
2026-08-26 15:02:00.507,28.98,0.0,30.1,0.0,2.376,1.553,3.902,3.924,3.912,3.926,3.91,3.929,3.919,30.1,29.1,28.5,28.5,True
2026-08-26 15:02:02.870,28.98,0.0,30.1,0.0,2.376,1.553,3.902,3.924,3.912,3.926,3.911,3.929,3.92,30.1,29.1,28.5,28.5,True
2026-08-26 15:02:05.043,28.97,0.0,30.1,0.0,2.376,1.553,3.901,3.924,3.911,3.926,3.91,3.929,3.92,30.1,29.1,28.4,28.5,True
2026-08-26 15:02:07.239,28.97,0.0,30.1,0.0,2.376,1.553,3.901,3.924,3.912,3.925,3.91,3.929,3.918,30.1,29.1,28.3,28.7,True
2026-08-26 15:02:09.464,28.97,0.0,30.2,0.0,2.376,1.553,3.901,3.924,3.912,3.926,3.91,3.929,3.918,30.2,29.0,28.5,28.5,True
2026-08-26 15:02:11.623,28.98,0.0,30.2,0.0,2.376,1.553,3.901,3.924,3.912,3.926,3.91,3.929,3.92,30.2,29.0,28.4,28.6,True
2026-08-26 15:02:13.746,28.97,0.0,30.2,0.0,2.377,1.552,3.901,3.924,3.912,3.926,3.91,3.929,3.919,30.2,29.0,28.5,28.6,True
2026-08-26 15:02:15.967,28.97,0.0,30.2,0.0,2.377,1.552,3.901,3.924,3.912,3.926,3.91,3.929,3.919,30.2,29.0,28.5,28.6,True
2026-08-26 15:02:18.220,28.97,0.0,30.0,0.0,2.377,1.552,3.901,3.924,3.911,3.926,3.911,3.929,3.919,30.0,29.1,28.4,28.5,True
2026-08-26 15:02:20.474,28.97,0.0,30.1,0.0,2.377,1.552,3.902,3.924,3.911,3.926,3.911,3.929,3.919,30.1,29.1,28.5,28.5,True
2026-08-26 15:02:22.676,28.97,0.0,30.1,0.0,2.377,1.552,3.901,3.924,3.912,3.926,3.91,3.929,3.919,30.1,29.1,28.4,28.6,True
2026-08-26 15:02:24.774,28.97,0.0,30.2,0.0,2.377,1.552,3.902,3.924,3.912,3.925,3.91,3.929,3.919,30.2,29.1,28.4,28.6,True
2026-08-26 15:02:27.135,28.97,0.0,30.0,0.0,2.377,1.552,3.902,3.924,3.911,3.926,3.91,3.929,3.919,30.0,29.1,28.4,28.5,True
2026-08-26 15:02:29.453,28.97,0.0,30.1,0.0,2.377,1.552,3.901,3.924,3.912,3.925,3.91,3.929,3.918,30.1,29.1,28.4,28.6,True
2026-08-26 15:02:31.669,28.97,0.0,30.0,0.0,2.377,1.552,3.902,3.924,3.912,3.925,3.91,3.929,3.92,30.0,29.0,28.5,28.6,True
2026-08-26 15:02:33.940,28.97,0.0,30.1,0.0,2.377,1.552,3.902,3.924,3.912,3.925,3.91,3.929,3.92,30.1,29.0,28.6,28.4,True
2026-08-26 15:02:36.266,28.97,0.0,30.1,0.0,2.377,1.552,3.902,3.924,3.912,3.926,3.91,3.929,3.918,30.1,29.0,28.6,28.4,True
2026-08-26 15:02:38.488,28.97,0.0,30.2,0.0,2.378,1.551,3.901,3.924,3.911,3.925,3.91,3.929,3.919,30.2,29.0,28.5,28.4,True
2026-08-26 15:02:40.824,28.97,0.0,30.2,0.0,2.378,1.551,3.901,3.924,3.911,3.925,3.91,3.929,3.919,30.2,28.9,28.6,28.4,True
2026-08-26 15:02:43.031,28.97,0.0,30.0,0.0,2.378,1.551,3.901,3.924,3.912,3.926,3.911,3.929,3.919,30.0,29.1,28.3,28.6,True
2026-08-26 15:02:45.526,28.97,0.0,30.2,0.0,2.378,1.551,3.901,3.924,3.912,3.926,3.91,3.929,3.92,30.2,29.2,28.4,28.6,True
2026-08-26 15:02:47.794,28.97,0.0,30.2,0.0,2.378,1.551,3.901,3.924,3.912,3.926,3.91,3.929,3.919,30.2,29.0,28.5,28.5,True
2026-08-26 15:02:50.126,28.97,0.0,30.1,0.0,2.378,1.551,3.902,3.924,3.912,3.926,3.91,3.929,3.918,30.1,29.0,28.5,28.5,True
2026-08-26 15:02:52.391,28.97,0.0,30.1,0.0,2.378,1.551,3.901,3.924,3.912,3.926,3.91,3.929,3.919,30.1,29.1,28.4,28.5,True
2026-08-26 15:02:54.691,28.97,0.0,30.2,0.0,2.378,1.551,3.901,3.924,3.912,3.926,3.91,3.929,3.92,30.2,28.9,28.6,28.4,True
2026-08-26 15:02:57.023,28.97,0.0,30.2,0.0,2.378,1.551,3.902,3.924,3.911,3.925,3.91,3.929,3.919,30.2,29.0,28.5,28.4,True
2026-08-26 15:02:59.310,28.97,0.0,30.2,0.0,2.379,1.55,3.901,3.924,3.912,3.925,3.91,3.929,3.918,30.2,29.0,28.5,28.4,True
2026-08-26 15:03:01.507,28.97,0.0,30.2,0.0,2.379,1.55,3.901,3.924,3.912,3.925,3.91,3.929,3.918,30.2,29.1,28.4,28.6,True
2026-08-26 15:03:03.905,28.97,0.0,30.2,0.0,2.379,1.55,3.902,3.924,3.911,3.926,3.91,3.929,3.919,30.2,29.1,28.3,28.6,True
2026-08-26 15:03:06.224,28.97,0.0,30.1,0.0,2.379,1.55,3.902,3.924,3.911,3.926,3.91,3.929,3.919,30.1,29.1,28.5,28.5,True
2026-08-26 15:03:08.547,28.97,0.0,30.1,0.0,2.379,1.55,3.901,3.925,3.912,3.926,3.91,3.929,3.918,30.1,29.0,28.5,28.5,True
2026-08-26 15:03:10.744,28.97,0.0,30.1,0.0,2.379,1.55,3.901,3.924,3.912,3.926,3.91,3.929,3.919,30.1,29.1,28.4,28.6,True
2026-08-26 15:03:13.002,28.97,0.0,30.0,0.0,2.379,1.55,3.901,3.924,3.911,3.926,3.91,3.929,3.919,30.0,29.1,28.4,28.6,True
2026-08-26 15:03:15.296,28.97,0.0,30.2,0.0,2.379,1.55,3.901,3.925,3.912,3.926,3.911,3.929,3.919,30.2,29.0,28.5,28.5,True
2026-08-26 15:03:17.500,28.97,0.0,30.1,0.0,2.379,1.55,3.901,3.924,3.912,3.926,3.91,3.929,3.918,30.1,29.1,28.4,28.5,True
2026-08-26 15:03:19.656,28.97,0.0,30.1,0.0,2.379,1.55,3.902,3.924,3.912,3.925,3.91,3.929,3.919,30.1,29.0,28.5,28.4,True
2026-08-26 15:03:21.953,28.97,0.0,30.0,0.0,2.379,1.55,3.902,3.924,3.912,3.926,3.91,3.929,3.919,30.0,29.1,28.4,28.6,True
2026-08-26 15:03:24.289,28.97,0.0,30.0,0.0,2.379,1.55,3.902,3.924,3.912,3.926,3.91,3.929,3.919,30.0,29.1,28.4,28.6,True
2026-08-26 15:03:26.616,28.97,0.0,30.2,0.0,2.38,1.549,3.901,3.924,3.912,3.926,3.91,3.929,3.92,30.2,29.1,28.4,28.5,True
2026-08-26 15:03:28.894,28.97,0.0,30.2,0.0,2.381,1.549,3.901,3.924,3.912,3.926,3.91,3.93,3.92,30.2,29.0,28.6,28.5,True
2026-08-26 15:03:31.034,28.97,0.0,30.2,0.0,2.381,1.549,3.901,3.924,3.912,3.926,3.91,3.93,3.92,30.2,29.1,28.5,28.5,True
2026-08-26 15:03:33.432,28.97,0.0,30.1,0.0,2.38,1.549,3.901,3.924,3.911,3.925,3.91,3.929,3.919,30.1,29.0,28.5,28.5,True
2026-08-26 15:03:35.762,28.97,0.0,30.1,0.0,2.38,1.549,3.902,3.924,3.912,3.926,3.91,3.929,3.919,30.1,29.0,28.5,28.5,True
2026-08-26 15:03:38.072,28.97,0.0,30.1,0.0,2.382,1.548,3.901,3.924,3.911,3.925,3.91,3.93,3.919,30.1,29.0,28.5,28.6,True
2026-08-26 15:03:40.267,28.97,0.0,30.2,0.0,2.381,1.548,3.901,3.924,3.911,3.925,3.91,3.929,3.919,30.2,29.0,28.5,28.5,True
2026-08-26 15:03:42.639,28.97,0.0,30.2,0.0,2.381,1.548,3.901,3.924,3.911,3.925,3.91,3.929,3.919,30.2,29.0,28.6,28.4,True
2026-08-26 15:03:44.952,28.97,0.0,30.2,0.0,2.381,1.548,3.901,3.924,3.912,3.925,3.911,3.929,3.92,30.2,29.0,28.5,28.4,True
2026-08-26 15:03:47.233,28.97,0.0,30.2,0.0,2.381,1.548,3.901,3.924,3.912,3.926,3.91,3.929,3.92,30.2,29.1,28.4,28.6,True
2026-08-26 15:03:49.548,28.97,0.0,30.1,0.0,2.381,1.548,3.901,3.924,3.912,3.926,3.91,3.929,3.919,30.1,29.1,28.4,28.6,True
2026-08-26 15:03:51.738,28.97,0.0,30.2,0.0,2.381,1.548,3.901,3.924,3.912,3.925,3.91,3.929,3.919,30.2,29.1,28.4,28.6,True
2026-08-26 15:03:54.133,28.97,0.0,30.3,0.0,2.381,1.548,3.901,3.924,3.912,3.925,3.91,3.929,3.919,30.3,29.0,28.6,28.5,True
2026-08-26 15:03:56.412,28.97,0.0,30.1,0.0,2.381,1.548,3.901,3.924,3.912,3.926,3.91,3.929,3.919,30.1,29.0,28.5,28.5,True
2026-08-26 15:03:58.753,28.97,0.0,30.2,0.0,2.381,1.548,3.902,3.924,3.911,3.926,3.91,3.929,3.919,30.2,29.1,28.4,28.6,True
2026-08-26 15:04:00.956,28.97,0.0,30.2,0.0,2.381,1.548,3.901,3.924,3.912,3.926,3.91,3.929,3.918,30.2,29.0,28.5,28.5,True
2026-08-26 15:04:03.421,28.97,0.0,30.2,0.0,2.382,1.547,3.901,3.924,3.911,3.925,3.911,3.929,3.919,30.2,29.1,28.4,28.6,True
2026-08-26 15:04:05.734,28.97,0.0,30.0,0.0,2.382,1.547,3.901,3.924,3.911,3.925,3.911,3.929,3.919,30.0,29.1,28.4,28.6,True
2026-08-26 15:04:07.991,28.97,0.0,30.1,0.0,2.382,1.547,3.901,3.924,3.912,3.926,3.91,3.929,3.919,30.1,29.1,28.4,28.5,True
2026-08-26 15:04:10.287,28.97,0.0,30.1,0.0,2.382,1.547,3.901,3.924,3.912,3.926,3.91,3.929,3.918,30.1,29.1,28.5,28.5,True
2026-08-26 15:04:12.630,28.97,0.0,30.2,0.0,2.382,1.547,3.901,3.924,3.911,3.926,3.91,3.929,3.919,30.2,29.0,28.5,28.6,True
2026-08-26 15:04:14.967,28.97,0.0,30.1,0.0,2.382,1.547,3.901,3.924,3.911,3.926,3.91,3.929,3.919,30.1,29.0,28.6,28.4,True
2026-08-26 15:04:17.242,28.97,0.0,30.2,0.0,2.382,1.547,3.901,3.924,3.911,3.925,3.911,3.929,3.919,30.2,29.0,28.5,28.5,True
2026-08-26 15:04:19.533,28.97,0.0,30.2,0.0,2.382,1.547,3.901,3.924,3.911,3.925,3.91,3.929,3.919,30.2,29.1,28.4,28.5,True
2026-08-26 15:04:21.750,28.96,0.0,30.1,0.0,2.382,1.547,3.901,3.924,3.911,3.925,3.91,3.929,3.918,30.1,29.1,28.6,28.5,True
2026-08-26 15:04:24.166,28.97,0.0,30.1,0.0,2.382,1.547,3.901,3.924,3.911,3.926,3.91,3.929,3.92,30.1,29.1,28.6,28.5,True
2026-08-26 15:04:26.454,28.97,0.0,30.1,0.0,2.383,1.546,3.901,3.924,3.912,3.925,3.91,3.929,3.919,30.1,29.1,28.6,28.5,True
2026-08-26 15:04:28.723,28.97,0.0,30.1,0.0,2.383,1.546,3.901,3.924,3.912,3.926,3.91,3.929,3.919,30.1,29.1,28.6,28.5,True
2026-08-26 15:04:31.033,28.97,0.0,30.2,0.0,2.383,1.546,3.901,3.924,3.912,3.925,3.91,3.929,3.92,30.2,29.0,28.4,28.5,True
2026-08-26 15:04:33.491,28.97,0.0,30.0,0.0,2.383,1.546,3.902,3.924,3.912,3.925,3.91,3.929,3.919,30.0,29.0,28.4,28.6,True
2026-08-26 15:04:35.840,28.97,0.0,30.2,0.0,2.383,1.546,3.901,3.924,3.912,3.925,3.91,3.929,3.919,30.2,29.0,28.5,28.5,True
2026-08-26 15:04:38.140,28.97,0.0,30.1,0.0,2.383,1.546,3.901,3.924,3.912,3.925,3.91,3.929,3.919,30.1,29.0,28.5,28.5,True
2026-08-26 15:04:40.437,28.97,0.0,30.1,0.0,2.384,1.546,3.901,3.924,3.912,3.926,3.91,3.93,3.92,30.1,29.1,28.5,28.5,True
2026-08-26 15:04:43.002,28.96,0.0,30.1,0.0,2.383,1.546,3.901,3.924,3.912,3.925,3.91,3.929,3.918,30.1,29.1,28.4,28.5,True
2026-08-26 15:04:45.297,28.96,0.0,30.3,0.0,2.383,1.546,3.901,3.924,3.912,3.925,3.91,3.929,3.918,30.3,28.9,28.6,28.4,True
2026-08-26 15:04:47.549,28.97,0.0,30.2,0.0,2.383,1.546,3.901,3.924,3.911,3.926,3.91,3.929,3.919,30.2,29.0,28.5,28.6,True
2026-08-26 15:04:49.828,28.97,0.0,30.2,0.0,2.383,1.546,3.901,3.924,3.911,3.926,3.91,3.929,3.919,30.2,29.0,28.6,28.5,True
2026-08-26 15:04:52.271,28.97,0.0,30.2,0.0,2.384,1.545,3.901,3.924,3.912,3.926,3.91,3.929,3.919,30.2,29.0,28.6,28.5,True
2026-08-26 15:04:54.567,28.97,0.0,30.2,0.0,2.384,1.545,3.901,3.924,3.912,3.926,3.91,3.929,3.919,30.2,29.1,28.4,28.6,True
2026-08-26 15:04:56.936,28.96,0.0,30.1,0.0,2.384,1.545,3.901,3.924,3.911,3.926,3.91,3.929,3.918,30.1,29.0,28.5,28.5,True
2026-08-26 15:04:59.250,28.96,0.0,30.2,0.0,2.384,1.545,3.901,3.924,3.912,3.925,3.91,3.929,3.919,30.2,29.1,28.5,28.5,True
2026-08-26 15:05:01.580,28.97,0.0,30.2,0.0,2.384,1.545,3.901,3.924,3.912,3.926,3.91,3.929,3.919,30.2,29.0,28.5,28.5,True
2026-08-26 15:05:03.935,28.97,0.0,30.2,0.0,2.384,1.545,3.902,3.925,3.912,3.925,3.91,3.929,3.918,30.2,29.0,28.6,28.5,True
2026-08-26 15:05:06.177,28.97,0.0,30.1,0.0,2.384,1.545,3.902,3.925,3.912,3.925,3.91,3.929,3.918,30.1,29.0,28.5,28.6,True
2026-08-26 15:05:08.500,28.97,0.0,30.0,0.0,2.384,1.545,3.902,3.925,3.912,3.926,3.91,3.929,3.918,30.0,29.2,28.5,28.6,True
2026-08-26 15:05:10.749,28.96,0.0,30.2,0.0,2.384,1.545,3.901,3.924,3.911,3.926,3.91,3.929,3.918,30.2,28.9,28.6,28.5,True
2026-08-26 15:05:13.041,28.96,0.0,30.2,0.0,2.385,1.544,3.901,3.924,3.911,3.925,3.91,3.929,3.918,30.2,29.1,28.5,28.6,True
2026-08-26 15:05:15.356,28.96,0.0,30.2,0.0,2.385,1.544,3.901,3.924,3.911,3.925,3.91,3.929,3.918,30.2,29.0,28.5,28.5,True
2026-08-26 15:05:17.540,28.96,0.0,30.2,0.0,2.385,1.544,3.901,3.924,3.912,3.925,3.91,3.929,3.919,30.2,29.0,28.6,28.5,True
2026-08-26 15:05:19.895,28.96,0.0,30.2,0.0,2.385,1.544,3.901,3.924,3.912,3.925,3.91,3.929,3.919,30.2,29.0,28.6,28.5,True
2026-08-26 15:05:22.185,28.96,0.0,30.1,0.0,2.385,1.544,3.901,3.924,3.912,3.925,3.91,3.929,3.918,30.1,29.1,28.5,28.5,True
2026-08-26 15:05:24.518,28.96,0.0,30.2,0.0,2.385,1.544,3.901,3.924,3.911,3.926,3.91,3.929,3.919,30.2,29.0,28.6,28.5,True
2026-08-26 15:05:26.978,28.96,0.0,30.1,0.0,2.385,1.544,3.901,3.924,3.911,3.926,3.91,3.929,3.919,30.1,29.0,28.4,28.5,True
2026-08-26 15:05:29.252,28.96,0.0,30.2,0.0,2.385,1.544,3.902,3.924,3.912,3.926,3.91,3.929,3.918,30.2,28.9,28.6,28.5,True
2026-08-26 15:05:31.484,28.96,0.0,30.2,0.0,2.385,1.544,3.902,3.924,3.912,3.926,3.91,3.929,3.918,30.2,29.0,28.5,28.5,True
2026-08-26 15:05:33.838,28.96,0.0,30.2,0.0,2.385,1.544,3.901,3.924,3.912,3.925,3.91,3.929,3.918,30.2,29.1,28.5,28.5,True
2026-08-26 15:05:36.191,28.96,0.0,30.2,0.0,2.385,1.544,3.901,3.924,3.912,3.925,3.91,3.929,3.918,30.2,29.0,28.5,28.5,True
2026-08-26 15:05:38.633,28.96,0.0,30.2,0.0,2.386,1.543,3.901,3.924,3.912,3.925,3.91,3.929,3.919,30.2,29.0,28.5,28.5,True
2026-08-26 15:05:41.405,28.96,0.0,30.0,0.0,2.386,1.543,3.902,3.924,3.911,3.926,3.91,3.929,3.918,30.0,29.1,28.4,28.6,True
2026-08-26 15:05:43.518,28.96,0.0,30.1,0.0,2.386,1.543,3.901,3.924,3.911,3.926,3.91,3.929,3.918,30.1,29.1,28.5,28.5,True
2026-08-26 15:05:45.858,28.96,0.0,30.2,0.0,2.386,1.543,3.901,3.924,3.912,3.925,3.91,3.929,3.92,30.2,29.0,28.5,28.5,True
2026-08-26 15:05:48.184,28.96,0.0,30.1,0.0,2.386,1.543,3.901,3.924,3.911,3.925,3.91,3.929,3.919,30.1,29.1,28.4,28.6,True
2026-08-26 15:05:50.446,28.96,0.0,30.2,0.0,2.386,1.543,3.901,3.924,3.911,3.926,3.91,3.929,3.919,30.2,29.0,28.6,28.5,True
2026-08-26 15:05:52.870,28.96,0.0,30.2,0.0,2.386,1.543,3.901,3.924,3.911,3.925,3.91,3.929,3.918,30.2,29.0,28.6,28.5,True
2026-08-26 15:05:55.046,28.96,0.0,30.0,0.0,2.386,1.543,3.901,3.924,3.912,3.925,3.911,3.929,3.918,30.0,29.1,28.4,28.6,True
2026-08-26 15:05:57.352,28.96,0.0,30.2,0.0,2.386,1.543,3.901,3.924,3.912,3.926,3.91,3.929,3.92,30.2,29.1,28.6,28.5,True
2026-08-26 15:05:59.769,28.96,0.0,30.2,0.0,2.386,1.543,3.901,3.924,3.911,3.925,3.91,3.929,3.918,30.2,29.1,28.5,28.5,True
2026-08-26 15:06:02.192,28.96,0.0,30.2,0.0,2.386,1.543,3.901,3.924,3.911,3.925,3.91,3.929,3.918,30.2,29.0,28.6,28.5,True
2026-08-26 15:06:04.717,28.96,0.0,30.1,0.0,2.386,1.543,3.901,3.924,3.912,3.926,3.91,3.929,3.92,30.1,29.1,28.5,28.5,True
2026-08-26 15:06:07.286,28.96,0.0,30.1,0.0,2.386,1.543,3.901,3.924,3.912,3.926,3.91,3.929,3.92,30.1,29.1,28.5,28.5,True
2026-08-26 15:06:09.988,28.96,0.0,30.1,0.0,2.387,1.542,3.901,3.924,3.912,3.926,3.911,3.929,3.919,30.1,29.1,28.5,28.5,True
2026-08-26 15:06:12.789,28.96,0.0,30.1,0.0,2.387,1.542,3.901,3.924,3.912,3.925,3.91,3.929,3.918,30.1,29.2,28.5,28.5,True
2026-08-26 15:06:15.338,28.96,0.0,30.1,0.0,2.387,1.542,3.901,3.924,3.911,3.925,3.91,3.929,3.919,30.1,29.2,28.5,28.5,True
2026-08-26 15:06:17.723,28.96,0.0,30.2,0.0,2.387,1.542,3.901,3.924,3.911,3.925,3.91,3.929,3.919,30.2,29.0,28.5,28.4,True
2026-08-26 15:06:20.188,28.96,0.0,30.2,0.0,2.387,1.542,3.901,3.924,3.912,3.926,3.91,3.929,3.919,30.2,29.0,28.5,28.6,True
2026-08-26 15:06:22.482,28.96,0.0,30.2,0.0,2.387,1.542,3.901,3.924,3.911,3.925,3.91,3.929,3.919,30.2,29.1,28.4,28.6,True
2026-08-26 15:06:24.822,28.96,0.0,30.0,0.0,2.388,1.541,3.901,3.924,3.911,3.925,3.91,3.929,3.919,30.0,29.1,28.5,28.5,True
2026-08-26 15:06:27.188,28.96,0.0,30.2,0.0,2.388,1.541,3.901,3.924,3.911,3.925,3.91,3.929,3.919,30.2,29.0,28.6,28.5,True
2026-08-26 15:06:29.619,28.96,0.0,30.1,0.0,2.388,1.541,3.901,3.924,3.911,3.925,3.91,3.929,3.919,30.1,29.0,28.5,28.5,True
2026-08-26 15:06:32.082,28.96,0.0,30.2,0.0,2.388,1.541,3.901,3.924,3.911,3.926,3.91,3.929,3.919,30.2,29.0,28.5,28.5,True
2026-08-26 15:06:34.364,28.96,0.0,30.2,0.0,2.388,1.541,3.901,3.924,3.911,3.926,3.91,3.929,3.919,30.2,29.0,28.6,28.5,True
2026-08-26 15:06:36.782,28.96,0.0,30.2,0.0,2.388,1.541,3.901,3.924,3.912,3.926,3.91,3.929,3.919,30.2,28.9,28.6,28.5,True
2026-08-26 15:06:39.219,28.96,0.0,30.2,0.0,2.388,1.541,3.901,3.924,3.912,3.926,3.91,3.929,3.919,30.2,29.1,28.5,28.6,True
2026-08-26 15:06:41.585,28.96,0.0,30.1,0.0,2.388,1.541,3.901,3.924,3.911,3.926,3.91,3.929,3.918,30.1,29.1,28.5,28.5,True
2026-08-26 15:06:43.965,28.96,0.0,30.1,0.0,2.388,1.541,3.901,3.924,3.911,3.926,3.91,3.929,3.918,30.1,29.1,28.5,28.5,True
2026-08-26 15:06:46.482,28.96,0.0,30.2,0.0,2.388,1.541,3.901,3.924,3.912,3.925,3.91,3.929,3.919,30.2,29.0,28.6,28.5,True
2026-08-26 15:06:48.735,28.96,0.0,30.2,0.0,2.388,1.541,3.901,3.924,3.912,3.925,3.911,3.929,3.919,30.2,29.1,28.5,28.5,True
2026-08-26 15:06:51.238,28.96,0.0,30.2,0.0,2.388,1.541,3.901,3.924,3.912,3.925,3.911,3.929,3.919,30.2,29.0,28.5,28.4,True
2026-08-26 15:06:53.600,28.96,0.0,30.0,0.0,2.389,1.54,3.901,3.924,3.912,3.926,3.91,3.929,3.918,30.0,29.1,28.4,28.6,True
2026-08-26 15:06:56.060,28.96,0.0,30.1,0.0,2.389,1.54,3.901,3.924,3.911,3.926,3.91,3.929,3.918,30.1,29.1,28.4,28.5,True
2026-08-26 15:06:58.479,28.96,0.0,30.1,0.0,2.389,1.54,3.901,3.924,3.912,3.926,3.91,3.929,3.919,30.1,29.1,28.5,28.5,True
2026-08-26 15:07:00.957,28.96,0.0,30.2,0.0,2.389,1.54,3.901,3.924,3.912,3.926,3.91,3.929,3.919,30.2,29.1,28.5,28.5,True
2026-08-26 15:07:03.314,28.96,0.0,30.1,0.0,2.389,1.54,3.901,3.924,3.911,3.925,3.91,3.929,3.919,30.1,29.1,28.5,28.5,True
2026-08-26 15:07:05.950,28.96,0.0,30.2,0.0,2.389,1.54,3.901,3.924,3.912,3.926,3.91,3.929,3.919,30.2,29.1,28.5,28.5,True
2026-08-26 15:07:08.428,28.96,0.0,30.1,0.0,2.389,1.54,3.901,3.924,3.912,3.926,3.91,3.929,3.919,30.1,29.1,28.5,28.6,True
2026-08-26 15:07:10.957,28.96,0.0,30.2,0.0,2.389,1.54,3.901,3.924,3.912,3.926,3.91,3.929,3.919,30.2,29.0,28.5,28.6,True
2026-08-26 15:07:13.601,28.96,0.0,30.2,0.0,2.39,1.539,3.901,3.924,3.911,3.925,3.911,3.929,3.919,30.2,29.0,28.5,28.6,True
2026-08-26 15:07:16.052,28.96,0.0,30.0,0.0,2.39,1.539,3.901,3.924,3.911,3.926,3.91,3.929,3.919,30.0,29.1,28.4,28.6,True
2026-08-26 15:07:18.625,28.96,0.0,30.1,0.0,2.39,1.539,3.901,3.924,3.911,3.926,3.91,3.929,3.919,30.1,29.1,28.5,28.5,True
2026-08-26 15:07:21.163,28.96,0.0,30.2,0.0,2.39,1.539,3.901,3.924,3.912,3.926,3.91,3.929,3.919,30.2,29.0,28.6,28.4,True
2026-08-26 15:07:23.878,28.96,0.0,30.2,0.0,2.39,1.539,3.901,3.924,3.912,3.926,3.91,3.929,3.919,30.2,29.0,28.5,28.6,True
2026-08-26 15:07:26.415,28.96,0.0,30.1,0.0,2.39,1.539,3.901,3.924,3.911,3.925,3.91,3.929,3.918,30.1,29.1,28.4,28.6,True
2026-08-26 15:07:28.772,28.96,0.0,30.1,0.0,2.391,1.538,3.901,3.924,3.911,3.926,3.91,3.929,3.919,30.1,29.1,28.4,28.6,True
2026-08-26 15:07:31.217,28.96,0.0,30.2,0.0,2.391,1.538,3.901,3.924,3.911,3.926,3.91,3.929,3.919,30.2,29.1,28.5,28.5,True
2026-08-26 15:07:33.815,28.96,0.0,30.2,0.0,2.391,1.538,3.901,3.924,3.911,3.926,3.91,3.929,3.918,30.2,29.1,28.4,28.6,True
2026-08-26 15:07:36.433,28.96,0.0,30.1,0.0,2.391,1.538,3.901,3.924,3.912,3.926,3.91,3.929,3.919,30.1,29.1,28.4,28.6,True
2026-08-26 15:07:39.150,28.96,0.0,30.1,0.0,2.391,1.538,3.901,3.924,3.912,3.925,3.91,3.929,3.918,30.1,29.1,28.4,28.6,True
2026-08-26 15:07:41.608,28.96,0.0,30.3,0.0,2.391,1.538,3.901,3.924,3.911,3.926,3.91,3.929,3.918,30.3,29.0,28.6,28.4,True
2026-08-26 15:07:44.059,28.96,0.0,30.1,0.0,2.391,1.538,3.901,3.924,3.911,3.926,3.91,3.929,3.918,30.1,29.1,28.4,28.5,True
2026-08-26 15:07:46.593,28.96,0.0,30.0,0.0,2.391,1.538,3.901,3.924,3.912,3.926,3.91,3.929,3.919,30.0,29.2,28.4,28.6,True
2026-08-26 15:07:48.921,28.96,0.0,30.3,0.0,2.391,1.538,3.901,3.924,3.911,3.925,3.91,3.929,3.919,30.3,28.9,28.6,28.5,True
2026-08-26 15:07:51.436,28.96,0.0,30.2,0.0,2.392,1.537,3.901,3.924,3.912,3.925,3.91,3.929,3.918,30.2,29.1,28.5,28.6,True
2026-08-26 15:07:53.987,28.96,0.0,30.2,0.0,2.392,1.537,3.901,3.924,3.912,3.925,3.91,3.929,3.918,30.2,29.1,28.5,28.6,True
2026-08-26 15:07:56.504,28.96,0.0,30.2,0.0,2.392,1.537,3.901,3.924,3.911,3.925,3.91,3.929,3.919,30.2,28.9,28.6,28.5,True
2026-08-26 15:07:59.075,28.96,0.0,30.2,0.0,2.392,1.537,3.901,3.924,3.912,3.925,3.91,3.929,3.918,30.2,29.1,28.5,28.6,True
2026-08-26 15:08:01.528,28.95,0.0,30.2,0.0,2.392,1.537,3.901,3.924,3.911,3.925,3.91,3.929,3.918,30.2,29.1,28.5,28.6,True
2026-08-26 15:08:04.001,28.96,0.0,30.2,0.0,2.392,1.537,3.901,3.924,3.911,3.925,3.91,3.929,3.919,30.2,29.0,28.5,28.6,True
2026-08-26 15:08:06.713,28.95,0.0,30.1,0.0,2.393,1.536,3.901,3.924,3.911,3.925,3.91,3.929,3.919,30.1,29.1,28.5,28.4,True
2026-08-26 15:08:09.192,28.95,0.0,30.1,0.0,2.392,1.537,3.901,3.924,3.911,3.925,3.91,3.929,3.918,30.1,29.2,28.5,28.6,True
2026-08-26 15:08:11.804,28.95,0.0,30.2,0.0,2.392,1.537,3.901,3.924,3.911,3.925,3.91,3.929,3.918,30.2,29.1,28.5,28.5,True
2026-08-26 15:08:14.355,28.96,0.0,30.2,0.0,2.392,1.537,3.901,3.924,3.911,3.926,3.91,3.929,3.919,30.2,29.1,28.5,28.5,True
2026-08-26 15:08:17.068,28.96,0.0,30.2,0.0,2.392,1.537,3.901,3.924,3.911,3.926,3.91,3.929,3.919,30.2,29.0,28.5,28.5,True
2026-08-26 15:08:19.515,28.95,0.0,30.2,0.0,2.393,1.536,3.901,3.924,3.911,3.926,3.91,3.929,3.918,30.2,29.0,28.6,28.5,True
2026-08-26 15:08:22.090,28.95,0.0,30.2,0.0,2.393,1.536,3.901,3.924,3.911,3.925,3.91,3.929,3.918,30.2,29.1,28.5,28.4,True
2026-08-26 15:08:24.583,28.95,0.0,30.2,0.0,2.393,1.536,3.901,3.924,3.911,3.925,3.91,3.929,3.918,30.2,29.0,28.6,28.6,True
2026-08-26 15:08:27.174,28.95,0.0,30.2,0.0,2.393,1.536,3.901,3.924,3.911,3.925,3.91,3.929,3.919,30.2,29.0,28.5,28.5,True
2026-08-26 15:08:29.615,28.96,0.0,30.2,0.0,2.393,1.536,3.901,3.924,3.911,3.926,3.91,3.929,3.919,30.2,29.0,28.6,28.5,True
2026-08-26 15:08:32.062,28.96,0.0,30.2,0.0,2.393,1.536,3.901,3.924,3.911,3.926,3.91,3.929,3.919,30.2,29.0,28.6,28.5,True
2026-08-26 15:08:34.780,28.96,0.0,30.2,0.0,2.393,1.536,3.901,3.924,3.911,3.926,3.91,3.929,3.919,30.2,29.1,28.6,28.5,True
2026-08-26 15:08:37.084,28.96,0.0,30.1,0.0,2.393,1.536,3.901,3.924,3.912,3.926,3.91,3.929,3.918,30.1,29.1,28.5,28.5,True
2026-08-26 15:08:39.743,28.95,0.0,30.1,0.0,2.393,1.536,3.901,3.924,3.911,3.925,3.91,3.929,3.918,30.1,29.1,28.5,28.5,True
2026-08-26 15:08:42.294,28.95,0.0,30.0,0.0,2.393,1.536,3.901,3.924,3.911,3.925,3.91,3.929,3.918,30.0,29.1,28.3,28.7,True
2026-08-26 15:08:44.794,28.95,0.0,30.1,0.0,2.394,1.535,3.901,3.924,3.911,3.925,3.91,3.929,3.92,30.1,29.1,28.4,28.6,True
2026-08-26 15:08:47.344,28.95,0.0,30.3,0.0,2.394,1.535,3.901,3.924,3.911,3.925,3.91,3.929,3.92,30.3,29.0,28.5,28.5,True
2026-08-26 15:08:49.900,28.95,0.0,30.2,0.0,2.394,1.535,3.901,3.924,3.911,3.926,3.91,3.929,3.918,30.2,29.0,28.5,28.5,True
2026-08-26 15:08:52.437,28.95,0.0,30.2,0.0,2.394,1.535,3.901,3.924,3.911,3.926,3.91,3.929,3.918,30.2,29.0,28.5,28.5,True
2026-08-26 15:08:54.911,28.95,0.0,30.2,0.0,2.394,1.535,3.901,3.924,3.912,3.925,3.91,3.929,3.918,30.2,29.0,28.5,28.5,True
2026-08-26 15:08:57.507,28.95,0.0,30.1,0.0,2.394,1.535,3.901,3.924,3.911,3.926,3.91,3.929,3.918,30.1,29.0,28.5,28.5,True
2026-08-26 15:09:00.179,28.95,0.0,30.2,0.0,2.394,1.535,3.901,3.924,3.911,3.926,3.91,3.929,3.918,30.2,29.0,28.5,28.5,True
2026-08-26 15:09:02.710,28.95,0.0,30.1,0.0,2.395,1.534,3.901,3.924,3.912,3.925,3.91,3.929,3.919,30.1,29.1,28.4,28.6,True
2026-08-26 15:09:05.300,28.95,0.0,30.2,0.0,2.395,1.534,3.901,3.924,3.912,3.925,3.91,3.929,3.919,30.2,29.0,28.5,28.5,True
2026-08-26 15:09:07.875,28.95,0.0,30.2,0.0,2.395,1.534,3.901,3.924,3.911,3.925,3.91,3.929,3.919,30.2,29.0,28.5,28.6,True
2026-08-26 15:09:10.626,28.95,0.0,30.2,0.0,2.395,1.534,3.901,3.924,3.911,3.925,3.91,3.929,3.919,30.2,29.0,28.5,28.6,True
2026-08-26 15:09:13.241,28.95,0.0,30.2,0.0,2.395,1.534,3.901,3.924,3.911,3.925,3.91,3.929,3.919,30.2,29.0,28.6,28.4,True
2026-08-26 15:09:15.774,28.95,0.0,30.2,0.0,2.395,1.534,3.901,3.924,3.911,3.925,3.91,3.929,3.919,30.2,29.0,28.5,28.5,True
2026-08-26 15:09:18.171,28.95,0.0,30.1,0.0,2.395,1.534,3.901,3.924,3.911,3.925,3.91,3.929,3.919,30.1,29.1,28.5,28.5,True
2026-08-26 15:09:20.744,28.95,0.0,30.2,0.0,2.395,1.534,3.901,3.924,3.912,3.925,3.91,3.929,3.918,30.2,29.1,28.6,28.5,True
2026-08-26 15:09:23.311,28.95,0.0,30.2,0.0,2.395,1.534,3.901,3.924,3.912,3.926,3.91,3.929,3.918,30.2,29.1,28.4,28.6,True
2026-08-26 15:09:25.922,28.95,0.0,30.2,0.0,2.396,1.533,3.901,3.924,3.911,3.926,3.91,3.929,3.918,30.2,29.0,28.6,28.5,True
2026-08-26 15:09:28.398,28.95,0.0,30.2,0.0,2.396,1.533,3.901,3.924,3.911,3.926,3.91,3.929,3.918,30.2,29.1,28.5,28.6,True
2026-08-26 15:09:30.643,28.95,0.0,30.2,0.0,2.396,1.533,3.901,3.924,3.911,3.926,3.91,3.929,3.918,30.2,29.0,28.5,28.4,True
2026-08-26 15:09:33.231,28.95,0.0,30.2,0.0,2.396,1.533,3.901,3.924,3.911,3.925,3.91,3.929,3.919,30.2,29.1,28.4,28.5,True
2026-08-26 15:09:35.755,28.95,0.0,30.1,0.0,2.396,1.533,3.901,3.924,3.912,3.925,3.91,3.929,3.918,30.1,29.1,28.5,28.6,True
2026-08-26 15:09:38.295,28.95,0.0,30.2,0.0,2.396,1.533,3.901,3.924,3.912,3.926,3.91,3.929,3.919,30.2,29.0,28.5,28.5,True
2026-08-26 15:09:40.907,28.95,0.0,30.2,0.0,2.396,1.533,3.901,3.924,3.911,3.925,3.91,3.929,3.919,30.2,29.0,28.5,28.5,True
2026-08-26 15:09:43.514,28.95,0.0,30.3,0.0,2.396,1.533,3.901,3.924,3.911,3.925,3.91,3.929,3.919,30.3,29.0,28.6,28.6,True
2026-08-26 15:09:46.192,28.95,0.0,30.1,0.0,2.396,1.533,3.901,3.924,3.912,3.926,3.91,3.929,3.919,30.1,29.1,28.5,28.5,True
2026-08-26 15:09:48.767,28.95,0.0,30.2,0.0,2.396,1.533,3.901,3.924,3.912,3.926,3.91,3.929,3.919,30.2,29.0,28.5,28.6,True
2026-08-26 15:09:51.099,28.95,0.0,30.2,0.0,2.397,1.532,3.901,3.924,3.911,3.925,3.91,3.929,3.919,30.2,29.0,28.5,28.6,True
2026-08-26 15:09:53.804,28.95,0.0,30.2,0.0,2.397,1.532,3.901,3.924,3.911,3.925,3.91,3.929,3.919,30.2,29.0,28.5,28.5,True
2026-08-26 15:09:56.385,28.95,0.0,30.2,0.0,2.397,1.532,3.901,3.924,3.911,3.926,3.91,3.929,3.919,30.2,29.1,28.5,28.5,True
2026-08-26 15:09:58.975,28.95,0.0,30.2,0.0,2.397,1.532,3.901,3.924,3.911,3.925,3.91,3.929,3.919,30.2,29.0,28.5,28.5,True
2026-08-26 15:10:01.522,28.95,0.0,30.2,0.0,2.397,1.532,3.901,3.924,3.911,3.925,3.91,3.929,3.919,30.2,29.0,28.5,28.5,True
2026-08-26 15:10:04.062,28.95,0.0,30.2,0.0,2.397,1.532,3.901,3.924,3.911,3.925,3.91,3.929,3.918,30.2,29.0,28.5,28.5,True
2026-08-26 15:10:06.696,28.95,0.0,30.3,0.0,2.397,1.532,3.901,3.924,3.911,3.925,3.91,3.929,3.918,30.3,29.0,28.6,28.5,True
2026-08-26 15:10:09.254,28.95,0.0,30.2,0.0,2.397,1.532,3.901,3.924,3.912,3.926,3.91,3.929,3.918,30.2,29.0,28.5,28.5,True
2026-08-26 15:10:11.689,28.95,0.0,30.2,0.0,2.398,1.531,3.901,3.924,3.911,3.925,3.91,3.929,3.918,30.2,29.1,28.5,28.5,True
2026-08-26 15:10:14.344,28.95,0.0,30.2,0.0,2.398,1.531,3.901,3.924,3.911,3.926,3.91,3.929,3.918,30.2,29.1,28.5,28.5,True
2026-08-26 15:10:16.858,28.95,0.0,30.2,0.0,2.398,1.531,3.901,3.924,3.912,3.925,3.91,3.929,3.918,30.2,29.0,28.4,28.6,True
2026-08-26 15:10:19.488,28.95,0.0,30.2,0.0,2.398,1.531,3.901,3.924,3.911,3.925,3.91,3.929,3.92,30.2,29.1,28.5,28.5,True
2026-08-26 15:10:21.943,28.95,0.0,30.2,0.0,2.398,1.531,3.901,3.924,3.911,3.925,3.91,3.929,3.92,30.2,29.1,28.4,28.7,True
2026-08-26 15:10:24.557,28.95,0.0,30.1,0.0,2.398,1.531,3.901,3.924,3.911,3.926,3.91,3.929,3.919,30.1,29.0,28.5,28.5,True
2026-08-26 15:10:26.985,28.95,0.0,30.1,0.0,2.398,1.531,3.902,3.924,3.911,3.925,3.91,3.929,3.919,30.1,29.1,28.5,28.5,True
2026-08-26 15:10:29.624,28.95,0.0,30.2,0.0,2.398,1.531,3.901,3.924,3.911,3.925,3.91,3.929,3.918,30.2,29.0,28.5,28.5,True
2026-08-26 15:10:32.024,28.95,0.0,30.0,0.0,2.398,1.531,3.901,3.924,3.911,3.925,3.91,3.929,3.918,30.0,29.2,28.4,28.6,True
2026-08-26 15:10:34.621,28.95,0.0,30.3,0.0,2.398,1.531,3.901,3.924,3.911,3.925,3.91,3.929,3.918,30.3,29.0,28.5,28.5,True
2026-08-26 15:10:37.333,28.95,0.0,30.2,0.0,2.398,1.531,3.901,3.924,3.911,3.925,3.91,3.929,3.918,30.2,29.1,28.4,28.6,True
2026-08-26 15:10:40.142,28.95,0.0,30.2,0.0,2.399,1.53,3.901,3.924,3.911,3.926,3.91,3.929,3.919,30.2,29.1,28.5,28.5,True
2026-08-26 15:10:42.654,28.95,0.0,30.2,0.0,2.399,1.53,3.901,3.924,3.911,3.925,3.91,3.929,3.919,30.2,29.1,28.5,28.5,True
2026-08-26 15:10:45.116,28.95,0.0,30.2,0.0,2.399,1.53,3.901,3.924,3.911,3.925,3.91,3.929,3.918,30.2,29.1,28.5,28.5,True
2026-08-26 15:10:47.650,28.95,0.0,30.2,0.0,2.399,1.53,3.901,3.924,3.911,3.925,3.91,3.929,3.92,30.2,29.1,28.5,28.5,True
2026-08-26 15:10:50.381,28.95,0.0,30.2,0.0,2.399,1.53,3.901,3.924,3.911,3.925,3.91,3.929,3.919,30.2,29.1,28.6,28.5,True
2026-08-26 15:10:52.959,28.95,0.0,30.1,0.0,2.4,1.529,3.901,3.924,3.911,3.925,3.91,3.929,3.919,30.1,29.1,28.4,28.6,True
2026-08-26 15:10:55.331,28.95,0.0,30.2,0.0,2.4,1.529,3.901,3.924,3.911,3.925,3.91,3.929,3.919,30.2,29.1,28.5,28.6,True
2026-08-26 15:10:57.903,28.95,0.0,30.3,0.0,2.4,1.529,3.901,3.924,3.912,3.925,3.91,3.929,3.918,30.3,29.0,28.6,28.5,True
2026-08-26 15:11:00.579,28.95,0.0,30.2,0.0,2.4,1.529,3.901,3.924,3.911,3.925,3.91,3.929,3.919,30.2,29.2,28.4,28.6,True
2026-08-26 15:11:03.107,28.95,0.0,30.1,0.0,2.4,1.529,3.901,3.924,3.911,3.925,3.911,3.929,3.918,30.1,29.0,28.6,28.5,True
2026-08-26 15:11:05.594,28.95,0.0,30.2,0.0,2.4,1.529,3.901,3.924,3.911,3.925,3.91,3.929,3.918,30.2,29.1,28.5,28.5,True
2026-08-26 15:11:08.136,28.95,0.0,30.2,0.0,2.4,1.529,3.901,3.924,3.911,3.925,3.91,3.929,3.919,30.2,29.1,28.4,28.6,True
2026-08-26 15:11:10.686,28.95,0.0,30.2,0.0,2.4,1.529,3.901,3.924,3.911,3.925,3.91,3.929,3.919,30.2,29.1,28.4,28.6,True
2026-08-26 15:11:13.232,28.95,0.0,30.2,0.0,2.4,1.529,3.901,3.924,3.911,3.925,3.91,3.929,3.919,30.2,29.0,28.6,28.5,True
2026-08-26 15:11:15.724,28.95,0.0,30.1,0.0,2.401,1.528,3.901,3.924,3.911,3.925,3.91,3.929,3.918,30.1,29.1,28.4,28.7,True
2026-08-26 15:11:18.110,28.95,0.0,30.2,0.0,2.401,1.528,3.901,3.924,3.911,3.925,3.91,3.929,3.918,30.2,29.2,28.5,28.6,True
2026-08-26 15:11:20.609,28.95,0.0,30.1,0.0,2.401,1.528,3.901,3.924,3.911,3.925,3.91,3.929,3.918,30.1,29.1,28.4,28.6,True
2026-08-26 15:11:23.099,28.95,0.0,30.1,0.0,2.401,1.528,3.901,3.924,3.912,3.925,3.91,3.929,3.918,30.1,29.1,28.4,28.6,True
2026-08-26 15:11:25.588,28.95,0.0,30.2,0.0,2.401,1.528,3.901,3.924,3.911,3.926,3.91,3.929,3.919,30.2,29.0,28.6,28.5,True
2026-08-26 15:11:28.047,28.95,0.0,30.2,0.0,2.401,1.528,3.901,3.924,3.911,3.926,3.91,3.929,3.919,30.2,29.0,28.4,28.6,True
2026-08-26 15:11:30.548,28.95,0.0,30.2,0.0,2.401,1.528,3.901,3.924,3.911,3.925,3.91,3.929,3.919,30.2,29.1,28.5,28.5,True
2026-08-26 15:11:33.070,28.95,0.0,30.2,0.0,2.401,1.528,3.901,3.924,3.911,3.925,3.91,3.929,3.918,30.2,29.0,28.6,28.5,True
2026-08-26 15:11:35.518,28.95,0.0,30.2,0.0,2.401,1.528,3.901,3.924,3.911,3.926,3.91,3.929,3.918,30.2,29.1,28.4,28.6,True
2026-08-26 15:11:37.979,28.95,0.0,30.2,0.0,2.402,1.527,3.901,3.924,3.911,3.925,3.91,3.929,3.918,30.2,29.1,28.4,28.6,True
2026-08-26 15:11:40.472,28.95,0.0,30.2,0.0,2.402,1.527,3.901,3.924,3.911,3.925,3.91,3.929,3.918,30.2,29.0,28.5,28.6,True
2026-08-26 15:11:42.891,28.95,0.0,30.3,0.0,2.402,1.527,3.901,3.924,3.912,3.925,3.91,3.929,3.918,30.3,29.0,28.6,28.5,True
2026-08-26 15:11:45.384,28.95,0.0,30.0,0.0,2.402,1.527,3.901,3.924,3.911,3.926,3.91,3.929,3.919,30.0,29.1,28.5,28.6,True
2026-08-26 15:11:49.680,28.95,0.0,30.3,0.0,2.402,1.527,3.901,3.924,3.911,3.926,3.91,3.929,3.919,30.3,29.1,28.6,28.5,True
2026-08-26 15:11:54.019,28.95,0.0,30.3,0.0,2.402,1.527,3.901,3.924,3.911,3.926,3.91,3.929,3.918,30.3,29.1,28.6,28.5,True
2026-08-26 15:11:56.520,28.95,0.0,30.1,0.0,2.402,1.527,3.901,3.925,3.911,3.926,3.91,3.929,3.918,30.1,29.1,28.5,28.5,True
2026-08-26 15:11:58.980,28.95,0.0,30.2,0.0,2.402,1.527,3.901,3.925,3.911,3.926,3.91,3.929,3.918,30.2,29.1,28.4,28.7,True
2026-08-26 15:12:01.484,28.95,0.0,30.2,0.0,2.402,1.527,3.901,3.924,3.911,3.925,3.91,3.929,3.919,30.2,29.1,28.5,28.6,True
2026-08-26 15:12:04.002,28.95,0.0,30.2,0.0,2.402,1.527,3.901,3.924,3.911,3.925,3.91,3.929,3.919,30.2,29.0,28.5,28.5,True
2026-08-26 15:12:06.491,28.94,0.0,30.1,0.0,2.403,1.526,3.901,3.924,3.911,3.925,3.91,3.929,3.918,30.1,29.1,28.5,28.5,True
2026-08-26 15:12:08.955,28.95,0.0,30.2,0.0,2.403,1.526,3.901,3.924,3.911,3.926,3.91,3.929,3.918,30.2,29.1,28.4,28.6,True
2026-08-26 15:12:11.555,28.95,0.0,30.3,0.0,2.403,1.526,3.901,3.924,3.911,3.926,3.91,3.929,3.918,30.3,28.9,28.5,28.6,True
2026-08-26 15:12:14.176,28.95,0.0,30.2,0.0,2.403,1.526,3.901,3.924,3.911,3.926,3.91,3.929,3.919,30.2,29.1,28.4,28.6,True
2026-08-26 15:12:16.566,28.95,0.0,30.2,0.0,2.403,1.526,3.901,3.924,3.911,3.926,3.91,3.929,3.918,30.2,29.0,28.5,28.6,True
2026-08-26 15:12:19.114,28.95,0.0,30.2,0.0,2.403,1.526,3.901,3.924,3.911,3.926,3.91,3.929,3.918,30.2,29.1,28.4,28.6,True
2026-08-26 15:12:21.620,28.94,0.0,30.3,0.0,2.403,1.526,3.901,3.924,3.911,3.925,3.91,3.929,3.918,30.3,29.0,28.6,28.4,True
2026-08-26 15:12:24.207,28.94,0.0,30.2,0.0,2.403,1.526,3.901,3.924,3.911,3.925,3.91,3.929,3.918,30.2,29.0,28.5,28.5,True
2026-08-26 15:12:26.719,28.95,0.0,30.2,0.0,2.404,1.525,3.901,3.924,3.911,3.926,3.91,3.929,3.919,30.2,29.0,28.5,28.6,True
2026-08-26 15:12:29.197,28.95,0.0,30.3,0.0,2.403,1.526,3.901,3.924,3.911,3.926,3.91,3.929,3.918,30.3,29.0,28.6,28.4,True
2026-08-26 15:12:31.734,28.95,0.0,30.2,0.0,2.403,1.526,3.901,3.924,3.912,3.925,3.91,3.929,3.919,30.2,29.1,28.5,28.6,True
2026-08-26 15:12:34.429,28.95,0.0,30.3,0.0,2.404,1.525,3.901,3.924,3.911,3.926,3.91,3.929,3.919,30.3,29.1,28.5,28.6,True
2026-08-26 15:12:36.981,28.95,0.0,30.2,0.0,2.404,1.525,3.901,3.924,3.911,3.926,3.91,3.929,3.919,30.2,29.1,28.5,28.5,True
2026-08-26 15:12:39.489,28.94,0.0,30.2,0.0,2.404,1.525,3.901,3.924,3.911,3.925,3.91,3.929,3.918,30.2,29.0,28.5,28.5,True
2026-08-26 15:12:42.040,28.94,0.0,30.2,0.0,2.404,1.525,3.901,3.924,3.911,3.925,3.91,3.929,3.919,30.2,29.0,28.5,28.6,True
2026-08-26 15:12:44.659,28.94,0.0,30.2,0.0,2.404,1.525,3.901,3.924,3.911,3.925,3.91,3.929,3.919,30.2,29.1,28.6,28.5,True
2026-08-26 15:12:47.021,28.94,0.0,30.2,0.0,2.404,1.525,3.901,3.924,3.911,3.925,3.91,3.929,3.919,30.2,29.1,28.4,28.6,True
2026-08-26 15:12:49.666,28.94,0.0,30.2,0.0,2.404,1.524,3.901,3.924,3.911,3.926,3.91,3.928,3.918,30.2,29.0,28.6,28.4,True
2026-08-26 15:12:52.205,28.94,0.0,30.1,0.0,2.405,1.524,3.9,3.924,3.911,3.926,3.91,3.929,3.918,30.1,29.1,28.5,28.5,True
2026-08-26 15:12:54.824,28.94,0.0,30.1,0.0,2.405,1.524,3.901,3.924,3.911,3.926,3.91,3.929,3.918,30.1,29.1,28.5,28.5,True
2026-08-26 15:12:57.329,28.94,0.0,30.2,0.0,2.405,1.524,3.901,3.924,3.911,3.925,3.91,3.929,3.918,30.2,29.1,28.5,28.6,True
2026-08-26 15:12:59.802,28.94,0.0,30.3,0.0,2.405,1.524,3.901,3.924,3.911,3.925,3.91,3.929,3.918,30.3,29.0,28.6,28.5,True
2026-08-26 15:13:02.338,28.94,0.0,30.2,0.0,2.405,1.524,3.901,3.924,3.911,3.925,3.91,3.929,3.918,30.2,29.1,28.5,28.6,True
2026-08-26 15:13:04.934,28.94,0.0,30.2,0.0,2.405,1.524,3.901,3.924,3.911,3.925,3.91,3.929,3.919,30.2,29.0,28.5,28.6,True
2026-08-26 15:13:07.498,28.94,0.0,30.2,0.0,2.405,1.524,3.901,3.924,3.911,3.925,3.91,3.929,3.919,30.2,29.0,28.6,28.4,True
2026-08-26 15:13:10.064,28.94,0.0,30.3,0.0,2.405,1.524,3.901,3.924,3.911,3.925,3.91,3.929,3.919,30.3,29.0,28.5,28.5,True
2026-08-26 15:13:12.629,28.94,0.0,30.2,0.0,2.405,1.524,3.901,3.924,3.911,3.925,3.91,3.929,3.918,30.2,29.1,28.4,28.6,True
2026-08-26 15:13:15.283,28.94,0.0,30.3,0.0,2.405,1.524,3.901,3.924,3.911,3.925,3.911,3.929,3.918,30.3,29.0,28.5,28.4,True
2026-08-26 15:13:17.847,28.94,0.0,30.2,0.0,2.406,1.523,3.901,3.924,3.911,3.925,3.91,3.929,3.919,30.2,29.0,28.5,28.5,True
2026-08-26 15:13:20.348,28.94,0.0,30.2,0.0,2.406,1.523,3.901,3.924,3.911,3.925,3.91,3.929,3.919,30.2,29.0,28.5,28.5,True
2026-08-26 15:13:22.929,28.94,0.0,30.1,0.0,2.406,1.523,3.901,3.924,3.911,3.925,3.91,3.929,3.919,30.1,29.1,28.4,28.5,True
2026-08-26 15:13:25.528,28.94,0.0,30.2,0.0,2.406,1.523,3.901,3.924,3.911,3.925,3.91,3.929,3.918,30.2,29.0,28.4,28.6,True
2026-08-26 15:13:28.063,28.94,0.0,30.2,0.0,2.406,1.523,3.901,3.924,3.911,3.925,3.91,3.929,3.918,30.2,29.1,28.4,28.6,True
2026-08-26 15:13:30.529,28.94,0.0,30.2,0.0,2.406,1.523,3.901,3.924,3.912,3.925,3.91,3.929,3.918,30.2,29.1,28.4,28.5,True
2026-08-26 15:13:33.088,28.94,0.0,30.2,0.0,2.406,1.523,3.901,3.924,3.911,3.926,3.91,3.929,3.918,30.2,29.0,28.6,28.4,True
2026-08-26 15:13:35.698,28.94,0.0,30.2,0.0,2.407,1.522,3.901,3.924,3.911,3.925,3.91,3.929,3.918,30.2,29.1,28.5,28.6,True
2026-08-26 15:13:38.315,28.94,0.0,30.2,0.0,2.407,1.522,3.901,3.924,3.911,3.926,3.91,3.929,3.918,30.2,29.0,28.4,28.6,True
2026-08-26 15:13:40.740,28.94,0.0,30.2,0.0,2.406,1.523,3.901,3.924,3.911,3.925,3.91,3.929,3.919,30.2,29.0,28.4,28.6,True
2026-08-26 15:13:43.278,28.94,0.0,30.2,0.0,2.407,1.522,3.901,3.924,3.911,3.925,3.91,3.929,3.918,30.2,29.0,28.5,28.5,True
2026-08-26 15:13:45.955,28.94,0.0,30.2,0.0,2.407,1.522,3.901,3.924,3.911,3.925,3.91,3.929,3.918,30.2,29.1,28.4,28.6,True
2026-08-26 15:13:48.588,28.94,0.0,30.2,0.0,2.407,1.522,3.901,3.924,3.911,3.926,3.91,3.929,3.918,30.2,29.1,28.4,28.6,True
2026-08-26 15:13:51.084,28.94,0.0,30.2,0.0,2.407,1.522,3.901,3.924,3.911,3.925,3.91,3.929,3.918,30.2,29.1,28.5,28.5,True
2026-08-26 15:13:53.696,28.94,0.0,30.2,0.0,2.407,1.522,3.901,3.924,3.911,3.926,3.91,3.929,3.918,30.2,29.0,28.4,28.6,True
2026-08-26 15:13:56.336,28.94,0.0,30.1,0.0,2.407,1.522,3.901,3.924,3.912,3.926,3.91,3.929,3.918,30.1,29.1,28.4,28.6,True
2026-08-26 15:13:59.108,28.94,0.0,30.3,0.0,2.407,1.522,3.901,3.924,3.911,3.925,3.91,3.929,3.918,30.3,29.0,28.5,28.4,True
2026-08-26 15:14:01.662,28.94,0.0,30.2,0.0,2.408,1.521,3.901,3.924,3.911,3.925,3.91,3.929,3.919,30.2,29.1,28.4,28.6,True
2026-08-26 15:14:04.310,28.94,0.0,30.1,0.0,2.408,1.521,3.901,3.924,3.911,3.925,3.91,3.929,3.919,30.1,29.2,28.4,28.7,True
2026-08-26 15:14:06.920,28.94,0.0,30.2,0.0,2.408,1.521,3.901,3.924,3.911,3.925,3.91,3.929,3.918,30.2,29.0,28.5,28.6,True
2026-08-26 15:14:09.542,28.94,0.0,30.1,0.0,2.408,1.521,3.901,3.924,3.911,3.926,3.91,3.929,3.919,30.1,29.1,28.4,28.6,True
2026-08-26 15:14:12.143,28.94,0.0,30.1,0.0,2.408,1.521,3.901,3.924,3.911,3.925,3.91,3.929,3.919,30.1,29.1,28.4,28.6,True
2026-08-26 15:14:14.767,28.94,0.0,30.2,0.0,2.408,1.521,3.901,3.924,3.911,3.925,3.91,3.929,3.919,30.2,29.0,28.5,28.6,True
2026-08-26 15:14:17.390,28.94,0.0,30.2,0.0,2.408,1.521,3.901,3.924,3.911,3.925,3.91,3.929,3.919,30.2,29.0,28.5,28.5,True
2026-08-26 15:14:20.048,28.94,0.0,30.2,0.0,2.408,1.521,3.901,3.924,3.911,3.925,3.91,3.929,3.918,30.2,29.1,28.4,28.5,True
2026-08-26 15:14:22.675,28.94,0.0,30.2,0.0,2.408,1.521,3.901,3.924,3.912,3.925,3.91,3.929,3.918,30.2,29.1,28.4,28.5,True
2026-08-26 15:14:26.913,28.94,0.0,30.1,0.0,2.409,1.52,3.901,3.924,3.912,3.925,3.91,3.929,3.917,30.1,29.1,28.4,28.6,True
2026-08-26 15:14:31.113,28.94,0.0,30.1,0.0,2.409,1.52,3.901,3.924,3.911,3.925,3.91,3.929,3.918,30.1,29.1,28.4,28.6,True
2026-08-26 15:14:35.699,28.94,0.0,30.2,0.0,2.409,1.52,3.901,3.924,3.911,3.926,3.91,3.929,3.918,30.2,29.0,28.6,28.5,True
2026-08-26 15:14:40.081,28.94,0.0,30.2,0.0,2.409,1.52,3.901,3.924,3.911,3.926,3.91,3.929,3.918,30.2,29.0,28.5,28.6,True
2026-08-26 15:14:44.456,28.94,0.0,30.2,0.0,2.409,1.52,3.901,3.924,3.911,3.925,3.91,3.929,3.918,30.2,29.1,28.4,28.6,True
2026-08-26 15:14:48.814,28.94,0.0,30.2,0.0,2.41,1.519,3.901,3.924,3.911,3.926,3.91,3.929,3.919,30.2,29.1,28.5,28.5,True
2026-08-26 15:14:53.244,28.94,0.0,30.1,0.0,2.411,1.518,3.901,3.924,3.911,3.925,3.91,3.929,3.918,30.1,29.1,28.4,28.6,True
2026-08-26 15:14:57.568,28.94,0.0,30.2,0.0,2.411,1.518,3.901,3.924,3.911,3.925,3.91,3.929,3.918,30.2,29.0,28.5,28.5,True
2026-08-26 15:15:01.992,28.94,0.0,30.2,0.0,2.411,1.518,3.901,3.924,3.911,3.925,3.91,3.929,3.918,30.2,29.0,28.5,28.5,True
2026-08-26 15:15:06.275,28.93,0.0,30.2,0.0,2.412,1.517,3.901,3.924,3.911,3.925,3.91,3.929,3.918,30.2,29.1,28.4,28.6,True
2026-08-26 15:15:10.526,28.94,0.0,30.2,0.0,2.412,1.517,3.901,3.924,3.911,3.925,3.91,3.929,3.919,30.2,29.1,28.4,28.6,True
2026-08-26 15:15:14.873,28.93,0.0,30.2,0.0,2.412,1.517,3.9,3.924,3.911,3.925,3.91,3.929,3.919,30.2,29.0,28.5,28.5,True
2026-08-26 15:15:19.189,28.93,0.0,30.0,0.0,2.412,1.517,3.901,3.924,3.911,3.925,3.91,3.929,3.918,30.0,29.0,28.5,28.5,True
2026-08-26 15:15:23.589,28.93,0.0,30.3,0.0,2.413,1.516,3.901,3.924,3.911,3.925,3.91,3.929,3.918,30.3,29.0,28.6,28.4,True
2026-08-26 15:15:27.944,28.93,0.0,30.2,0.0,2.413,1.516,3.901,3.924,3.911,3.925,3.91,3.929,3.918,30.2,29.0,28.5,28.5,True
2026-08-26 15:15:30.294,28.93,0.0,30.2,0.0,2.413,1.516,3.901,3.924,3.911,3.926,3.91,3.929,3.918,30.2,29.1,28.5,28.6,True
2026-08-26 15:15:32.699,28.93,0.0,30.1,0.0,2.413,1.516,3.901,3.924,3.911,3.925,3.91,3.929,3.919,30.1,29.1,28.4,28.6,True
2026-08-26 15:15:35.053,28.93,0.0,30.3,0.0,2.413,1.516,3.901,3.924,3.911,3.925,3.91,3.929,3.919,30.3,29.0,28.6,28.5,True
2026-08-26 15:15:37.489,28.93,0.0,30.2,0.0,2.414,1.515,3.901,3.924,3.911,3.925,3.91,3.929,3.918,30.2,29.0,28.6,28.5,True
2026-08-26 15:15:39.780,28.93,0.0,30.2,0.0,2.414,1.515,3.901,3.924,3.911,3.925,3.91,3.929,3.919,30.2,29.0,28.4,28.6,True
2026-08-26 15:15:42.137,28.93,0.0,30.3,0.0,2.414,1.515,3.901,3.924,3.911,3.925,3.91,3.929,3.918,30.3,29.0,28.6,28.6,True
2026-08-26 15:15:44.435,28.93,0.0,30.0,0.0,2.414,1.515,3.901,3.924,3.911,3.925,3.91,3.929,3.918,30.0,29.2,28.5,28.6,True
2026-08-26 15:15:46.855,28.93,0.0,30.2,0.0,2.414,1.515,3.901,3.924,3.911,3.926,3.91,3.929,3.918,30.2,29.0,28.6,28.5,True
2026-08-26 15:15:49.202,28.93,0.0,30.2,0.0,2.414,1.515,3.901,3.924,3.911,3.926,3.91,3.929,3.918,30.2,29.0,28.5,28.4,True
2026-08-26 15:15:51.550,28.93,0.0,30.0,0.0,2.414,1.515,3.901,3.924,3.911,3.925,3.91,3.929,3.919,30.0,29.1,28.5,28.6,True
2026-08-26 15:15:54.173,28.93,0.0,30.1,0.0,2.415,1.514,3.901,3.924,3.911,3.926,3.91,3.929,3.917,30.1,29.1,28.4,28.6,True
2026-08-26 15:15:56.830,28.93,0.0,30.2,0.0,2.414,1.515,3.901,3.924,3.911,3.925,3.91,3.929,3.918,30.2,29.1,28.4,28.6,True
2026-08-26 15:15:59.576,28.93,0.0,30.2,0.0,2.414,1.515,3.901,3.924,3.911,3.925,3.91,3.929,3.918,30.2,29.1,28.6,28.5,True
2026-08-26 15:16:01.984,28.93,0.0,30.3,0.0,2.415,1.514,3.901,3.924,3.912,3.925,3.91,3.929,3.918,30.3,29.0,28.6,28.5,True
2026-08-26 15:16:04.290,28.93,0.0,30.0,0.0,2.414,1.515,3.9,3.924,3.911,3.925,3.91,3.929,3.918,30.0,29.3,28.4,28.7,True
2026-08-26 15:16:06.527,28.93,0.0,30.2,0.0,2.415,1.514,3.901,3.924,3.911,3.925,3.91,3.929,3.919,30.2,29.0,28.5,28.5,True
2026-08-26 15:16:08.921,28.93,0.0,30.1,0.0,2.415,1.514,3.901,3.924,3.911,3.925,3.91,3.929,3.918,30.1,29.1,28.4,28.6,True
2026-08-26 15:16:11.412,28.93,0.0,30.1,0.0,2.415,1.514,3.9,3.924,3.911,3.925,3.91,3.929,3.919,30.1,29.1,28.4,28.6,True
2026-08-26 15:16:14.322,28.93,0.0,30.2,0.0,2.415,1.514,3.901,3.924,3.911,3.925,3.91,3.929,3.918,30.2,29.0,28.5,28.5,True
2026-08-26 15:16:16.984,28.93,0.0,30.0,0.0,2.416,1.513,3.901,3.924,3.911,3.925,3.91,3.929,3.917,30.0,29.1,28.5,28.5,True
2026-08-26 15:16:19.465,28.93,0.0,30.2,0.0,2.415,1.514,3.901,3.924,3.911,3.925,3.91,3.929,3.919,30.2,29.0,28.5,28.5,True
2026-08-26 15:16:21.629,28.93,0.0,30.2,0.0,2.415,1.514,3.901,3.924,3.911,3.925,3.91,3.929,3.919,30.2,29.1,28.5,28.5,True
2026-08-26 15:16:24.380,28.93,0.0,30.1,0.0,2.416,1.513,3.901,3.924,3.911,3.925,3.91,3.929,3.918,30.1,29.2,28.4,28.7,True
2026-08-26 15:16:26.668,28.93,0.0,30.2,0.0,2.416,1.513,3.901,3.924,3.911,3.925,3.91,3.929,3.918,30.2,29.1,28.5,28.5,True
2026-08-26 15:16:28.949,28.93,0.0,30.2,0.0,2.416,1.513,3.901,3.924,3.911,3.925,3.91,3.929,3.918,30.2,29.1,28.5,28.6,True
2026-08-26 15:16:31.220,28.93,0.0,30.1,0.0,2.416,1.513,3.901,3.924,3.911,3.925,3.91,3.929,3.918,30.1,29.1,28.5,28.6,True
2026-08-26 15:16:33.536,28.93,0.0,30.2,0.0,2.416,1.513,3.901,3.924,3.911,3.926,3.91,3.929,3.919,30.2,29.1,28.5,28.6,True
2026-08-26 15:16:36.046,28.93,0.0,30.2,0.0,2.416,1.513,3.901,3.924,3.911,3.925,3.91,3.929,3.918,30.2,29.1,28.5,28.6,True
2026-08-26 15:16:38.537,28.93,0.0,30.2,0.0,2.416,1.513,3.901,3.924,3.911,3.925,3.91,3.929,3.918,30.2,29.1,28.4,28.6,True
2026-08-26 15:16:40.940,28.93,0.0,30.1,0.0,2.416,1.513,3.901,3.924,3.911,3.926,3.91,3.929,3.919,30.1,29.1,28.4,28.6,True
2026-08-26 15:16:43.320,28.93,0.0,30.2,0.0,2.416,1.513,3.901,3.924,3.911,3.926,3.91,3.929,3.919,30.2,29.1,28.4,28.6,True
2026-08-26 15:16:45.751,28.93,0.0,30.1,0.0,2.415,1.513,3.901,3.924,3.911,3.925,3.91,3.928,3.918,30.1,29.1,28.4,28.6,True
2026-08-26 15:16:48.103,28.93,0.0,30.2,0.0,2.417,1.512,3.901,3.924,3.911,3.925,3.91,3.929,3.918,30.2,29.1,28.5,28.5,True
2026-08-26 15:16:50.504,28.93,0.0,30.2,0.0,2.417,1.512,3.901,3.924,3.911,3.925,3.91,3.929,3.919,30.2,29.1,28.4,28.6,True
2026-08-26 15:16:52.945,28.93,0.0,30.2,0.0,2.417,1.512,3.901,3.924,3.911,3.925,3.91,3.929,3.918,30.2,29.1,28.4,28.6,True
2026-08-26 15:16:55.733,28.93,0.0,30.2,0.0,2.417,1.512,3.901,3.924,3.911,3.925,3.91,3.929,3.919,30.2,29.1,28.5,28.6,True
2026-08-26 15:16:58.318,28.93,0.0,30.2,0.0,2.417,1.512,3.901,3.924,3.911,3.925,3.91,3.929,3.918,30.2,29.1,28.4,28.6,True
2026-08-26 15:17:00.613,28.93,0.0,30.2,0.0,2.417,1.512,3.9,3.924,3.911,3.925,3.91,3.929,3.919,30.2,29.1,28.5,28.6,True
2026-08-26 15:17:03.052,28.93,0.0,30.2,0.0,2.417,1.512,3.9,3.924,3.911,3.925,3.91,3.929,3.919,30.2,29.0,28.5,28.5,True
2026-08-26 15:17:05.335,28.93,0.0,30.2,0.0,2.417,1.512,3.901,3.924,3.911,3.925,3.91,3.929,3.918,30.2,29.0,28.5,28.5,True
2026-08-26 15:17:07.745,28.93,0.0,30.2,0.0,2.418,1.511,3.901,3.924,3.911,3.925,3.91,3.929,3.919,30.2,29.1,28.4,28.6,True
2026-08-26 15:17:10.245,28.93,0.0,30.2,0.0,2.418,1.511,3.9,3.924,3.911,3.925,3.91,3.929,3.918,30.2,29.1,28.4,28.6,True
2026-08-26 15:17:12.705,28.93,0.0,30.0,0.0,2.418,1.511,3.9,3.924,3.911,3.925,3.91,3.929,3.918,30.0,29.2,28.4,28.6,True
2026-08-26 15:17:15.359,28.93,0.0,30.0,0.0,2.418,1.511,3.901,3.924,3.911,3.926,3.91,3.929,3.918,30.0,29.2,28.4,28.6,True
2026-08-26 15:17:18.044,28.93,0.0,30.2,0.0,2.418,1.511,3.901,3.924,3.911,3.926,3.91,3.929,3.918,30.2,29.1,28.4,28.6,True
2026-08-26 15:17:20.538,28.93,0.0,30.2,0.0,2.418,1.511,3.901,3.924,3.911,3.926,3.91,3.929,3.918,30.2,29.1,28.4,28.6,True
2026-08-26 15:17:22.901,28.93,0.0,30.2,0.0,2.418,1.511,3.901,3.924,3.911,3.926,3.91,3.929,3.918,30.2,29.1,28.4,28.6,True
2026-08-26 15:17:25.256,28.93,0.0,30.1,0.0,2.418,1.511,3.901,3.924,3.911,3.925,3.91,3.929,3.919,30.1,29.1,28.4,28.6,True
2026-08-26 15:17:27.648,28.93,0.0,30.1,0.0,2.418,1.511,3.901,3.924,3.911,3.925,3.91,3.929,3.919,30.1,29.1,28.4,28.5,True
2026-08-26 15:17:30.140,28.93,0.0,30.1,0.0,2.418,1.511,3.901,3.924,3.911,3.925,3.91,3.929,3.918,30.1,29.1,28.4,28.6,True
2026-08-26 15:17:32.553,28.93,0.0,30.1,0.0,2.418,1.511,3.901,3.924,3.911,3.925,3.91,3.929,3.918,30.1,29.1,28.5,28.6,True
2026-08-26 15:17:35.005,28.93,0.0,30.2,0.0,2.418,1.511,3.901,3.924,3.911,3.925,3.91,3.929,3.919,30.2,29.0,28.5,28.5,True
2026-08-26 15:17:37.369,28.93,0.0,30.2,0.0,2.418,1.511,3.901,3.924,3.911,3.926,3.91,3.929,3.918,30.2,29.1,28.5,28.5,True
2026-08-26 15:17:39.748,28.93,0.0,30.1,0.0,2.419,1.51,3.901,3.924,3.911,3.925,3.91,3.929,3.919,30.1,29.1,28.5,28.5,True
2026-08-26 15:17:42.256,28.93,0.0,30.2,0.0,2.419,1.51,3.901,3.924,3.911,3.925,3.91,3.929,3.918,30.2,29.0,28.5,28.5,True
2026-08-26 15:17:44.576,28.93,0.0,30.2,0.0,2.419,1.51,3.901,3.924,3.911,3.925,3.91,3.929,3.918,30.2,29.0,28.4,28.6,True
2026-08-26 15:17:47.154,28.93,0.0,30.1,0.0,2.419,1.51,3.901,3.924,3.911,3.925,3.91,3.929,3.919,30.1,29.1,28.4,28.6,True
2026-08-26 15:17:49.423,28.93,0.0,30.3,0.0,2.419,1.51,3.901,3.924,3.911,3.925,3.91,3.929,3.919,30.3,29.1,28.4,28.6,True
2026-08-26 15:17:51.923,28.93,0.0,30.1,0.0,2.419,1.51,3.901,3.924,3.911,3.925,3.91,3.929,3.919,30.1,29.1,28.4,28.6,True
2026-08-26 15:17:54.689,28.93,0.0,30.3,0.0,2.419,1.51,3.901,3.924,3.911,3.925,3.91,3.929,3.919,30.3,29.0,28.6,28.4,True
2026-08-26 15:17:57.299,28.93,0.0,30.2,0.0,2.419,1.51,3.901,3.924,3.911,3.925,3.91,3.929,3.918,30.2,29.0,28.5,28.5,True
2026-08-26 15:17:59.907,28.93,0.0,30.2,0.0,2.42,1.509,3.901,3.924,3.911,3.925,3.91,3.929,3.918,30.2,29.1,28.4,28.6,True
2026-08-26 15:18:02.501,28.93,0.0,30.1,0.0,2.42,1.509,3.901,3.924,3.911,3.925,3.91,3.929,3.918,30.1,29.1,28.4,28.6,True
2026-08-26 15:18:05.130,28.93,0.0,30.2,0.0,2.42,1.509,3.9,3.924,3.911,3.925,3.91,3.929,3.918,30.2,29.0,28.5,28.5,True
2026-08-26 15:18:07.739,28.93,0.0,30.2,0.0,2.42,1.509,3.9,3.924,3.911,3.925,3.91,3.929,3.918,30.2,29.1,28.5,28.6,True
2026-08-26 15:18:10.197,28.93,0.0,30.2,0.0,2.42,1.509,3.901,3.924,3.911,3.926,3.91,3.929,3.918,30.2,29.0,28.5,28.4,True
2026-08-26 15:18:12.748,28.93,0.0,30.2,0.0,2.42,1.509,3.901,3.924,3.911,3.925,3.91,3.929,3.919,30.2,29.1,28.5,28.5,True
2026-08-26 15:18:15.336,28.93,0.0,30.2,0.0,2.421,1.508,3.9,3.924,3.911,3.925,3.91,3.929,3.918,30.2,29.1,28.4,28.6,True
2026-08-26 15:18:18.017,28.93,0.0,30.2,0.0,2.421,1.508,3.9,3.924,3.911,3.925,3.91,3.929,3.918,30.2,29.0,28.5,28.5,True
2026-08-26 15:18:20.520,28.93,0.0,30.2,0.0,2.42,1.509,3.901,3.924,3.911,3.925,3.91,3.929,3.918,30.2,29.0,28.5,28.5,True
2026-08-26 15:18:23.101,28.93,0.0,30.1,0.0,2.421,1.508,3.901,3.924,3.912,3.925,3.91,3.929,3.918,30.1,29.1,28.4,28.6,True
2026-08-26 15:18:25.680,28.93,0.0,30.1,0.0,2.421,1.508,3.901,3.924,3.911,3.925,3.91,3.929,3.918,30.1,29.2,28.3,28.7,True
2026-08-26 15:18:28.261,28.93,0.0,30.2,0.0,2.421,1.508,3.901,3.924,3.911,3.925,3.91,3.929,3.918,30.2,29.0,28.5,28.5,True
2026-08-26 15:18:30.734,28.93,0.0,30.2,0.0,2.421,1.508,3.9,3.924,3.911,3.925,3.91,3.929,3.919,30.2,29.1,28.4,28.6,True
2026-08-26 15:18:33.254,28.93,0.0,30.2,0.0,2.421,1.508,3.901,3.924,3.911,3.926,3.91,3.929,3.918,30.2,29.0,28.5,28.6,True
2026-08-26 15:18:35.894,28.93,0.0,30.2,0.0,2.421,1.508,3.901,3.924,3.911,3.925,3.91,3.929,3.918,30.2,29.0,28.5,28.5,True
2026-08-26 15:18:38.474,28.93,0.0,30.2,0.0,2.421,1.508,3.901,3.924,3.911,3.925,3.91,3.929,3.918,30.2,29.0,28.5,28.4,True
2026-08-26 15:18:41.039,28.93,0.0,30.2,0.0,2.422,1.507,3.901,3.924,3.911,3.925,3.91,3.929,3.918,30.2,29.0,28.5,28.5,True
2026-08-26 15:18:43.520,28.92,0.0,30.2,0.0,2.422,1.507,3.9,3.924,3.911,3.925,3.91,3.929,3.918,30.2,29.0,28.5,28.5,True
2026-08-26 15:18:46.124,28.92,0.0,30.2,0.0,2.422,1.507,3.9,3.924,3.911,3.925,3.91,3.929,3.918,30.2,29.0,28.5,28.5,True
2026-08-26 15:18:48.789,28.93,0.0,30.1,0.0,2.422,1.507,3.901,3.924,3.911,3.925,3.91,3.929,3.918,30.1,29.1,28.5,28.5,True
2026-08-26 15:18:51.347,28.93,0.0,30.2,0.0,2.422,1.507,3.901,3.924,3.911,3.925,3.91,3.929,3.918,30.2,29.0,28.5,28.5,True
2026-08-26 15:18:53.930,28.92,0.0,30.2,0.0,2.422,1.507,3.9,3.924,3.911,3.925,3.91,3.929,3.918,30.2,29.0,28.5,28.5,True
2026-08-26 15:18:56.609,28.92,0.0,30.2,0.0,2.422,1.507,3.9,3.924,3.911,3.925,3.91,3.929,3.918,30.2,29.1,28.4,28.5,True
2026-08-26 15:18:59.106,28.93,0.0,30.1,0.0,2.422,1.507,3.9,3.924,3.911,3.926,3.91,3.929,3.918,30.1,29.1,28.4,28.6,True
2026-08-26 15:19:01.703,28.93,0.0,30.1,0.0,2.422,1.507,3.901,3.924,3.911,3.925,3.91,3.929,3.918,30.1,29.1,28.5,28.6,True
2026-08-26 15:19:04.350,28.93,0.0,30.1,0.0,2.422,1.507,3.901,3.924,3.911,3.925,3.91,3.929,3.918,30.1,29.1,28.5,28.6,True
2026-08-26 15:19:06.998,28.92,0.0,30.1,0.0,2.423,1.506,3.901,3.924,3.911,3.925,3.91,3.929,3.918,30.1,29.1,28.4,28.7,True
2026-08-26 15:19:09.549,28.92,0.0,30.0,0.0,2.423,1.506,3.9,3.924,3.911,3.925,3.91,3.929,3.918,30.0,29.2,28.4,28.6,True
2026-08-26 15:19:12.115,28.92,0.0,30.0,0.0,2.423,1.506,3.9,3.924,3.911,3.925,3.91,3.929,3.918,30.0,29.1,28.4,28.6,True
2026-08-26 15:19:14.761,28.92,0.0,30.2,0.0,2.423,1.506,3.901,3.924,3.911,3.925,3.91,3.929,3.917,30.2,29.0,28.6,28.4,True
2026-08-26 15:19:17.354,28.92,0.0,30.1,0.0,2.423,1.506,3.9,3.924,3.911,3.925,3.91,3.929,3.918,30.1,29.0,28.4,28.6,True
2026-08-26 15:19:20.014,28.92,0.0,30.1,0.0,2.422,1.506,3.901,3.924,3.911,3.925,3.91,3.928,3.918,30.1,29.0,28.5,28.6,True
2026-08-26 15:19:22.623,28.92,0.0,30.1,0.0,2.423,1.506,3.9,3.924,3.911,3.925,3.91,3.929,3.918,30.1,29.2,28.4,28.5,True
2026-08-26 15:19:25.255,28.92,0.0,30.2,0.0,2.423,1.506,3.9,3.924,3.911,3.925,3.91,3.929,3.918,30.2,29.1,28.5,28.5,True
2026-08-26 15:19:27.709,28.92,0.0,30.2,0.0,2.423,1.506,3.9,3.924,3.911,3.925,3.91,3.929,3.918,30.2,29.1,28.4,28.6,True
2026-08-26 15:19:30.268,28.92,0.0,30.1,0.0,2.423,1.506,3.901,3.924,3.911,3.925,3.91,3.929,3.917,30.1,29.1,28.3,28.7,True
2026-08-26 15:19:32.915,28.92,0.0,30.2,0.0,2.423,1.505,3.901,3.924,3.911,3.925,3.91,3.928,3.918,30.2,29.1,28.4,28.6,True
2026-08-26 15:19:35.581,28.92,0.0,30.2,0.0,2.423,1.505,3.901,3.924,3.911,3.925,3.91,3.928,3.918,30.2,29.0,28.5,28.6,True
2026-08-26 15:19:38.489,28.92,0.0,30.2,0.0,2.424,1.505,3.901,3.924,3.911,3.925,3.91,3.929,3.918,30.2,29.0,28.5,28.5,True
2026-08-26 15:19:41.255,28.92,0.0,30.2,0.0,2.424,1.505,3.901,3.924,3.911,3.925,3.91,3.929,3.918,30.2,29.0,28.5,28.5,True
2026-08-26 15:19:43.906,28.92,0.0,30.2,0.0,2.424,1.505,3.901,3.924,3.911,3.925,3.91,3.929,3.918,30.2,29.0,28.5,28.5,True
2026-08-26 15:19:46.555,28.92,0.0,30.2,0.0,2.424,1.505,3.901,3.924,3.911,3.925,3.91,3.929,3.918,30.2,28.9,28.6,28.4,True
2026-08-26 15:19:49.329,28.92,0.0,30.1,0.0,2.424,1.505,3.9,3.924,3.911,3.925,3.91,3.929,3.918,30.1,29.1,28.5,28.6,True
2026-08-26 15:19:51.987,28.92,0.0,30.2,0.0,2.425,1.504,3.901,3.924,3.911,3.925,3.91,3.929,3.918,30.2,29.1,28.4,28.6,True
2026-08-26 15:19:54.697,28.92,0.0,30.2,0.0,2.425,1.504,3.901,3.924,3.911,3.925,3.91,3.929,3.918,30.2,29.0,28.5,28.4,True
2026-08-26 15:19:57.359,28.92,0.0,30.3,0.0,2.425,1.504,3.9,3.924,3.911,3.925,3.91,3.929,3.918,30.3,29.0,28.5,28.5,True
2026-08-26 15:19:59.896,28.92,0.0,30.2,0.0,2.425,1.504,3.901,3.924,3.911,3.925,3.91,3.929,3.919,30.2,29.0,28.4,28.5,True
2026-08-26 15:20:02.535,28.92,0.0,30.1,0.0,2.425,1.504,3.901,3.924,3.911,3.925,3.91,3.929,3.918,30.1,29.1,28.4,28.6,True
2026-08-26 15:20:05.218,28.92,0.0,30.2,0.0,2.425,1.504,3.901,3.924,3.911,3.925,3.91,3.929,3.918,30.2,29.1,28.4,28.6,True
2026-08-26 15:20:07.920,28.92,0.0,30.2,0.0,2.425,1.504,3.901,3.924,3.911,3.925,3.91,3.929,3.919,30.2,29.1,28.5,28.5,True
2026-08-26 15:20:10.502,28.92,0.0,30.2,0.0,2.425,1.504,3.901,3.924,3.911,3.925,3.91,3.929,3.919,30.2,29.0,28.4,28.6,True
2026-08-26 15:20:13.199,28.92,0.0,30.2,0.0,2.425,1.504,3.901,3.924,3.911,3.925,3.91,3.929,3.918,30.2,29.0,28.5,28.6,True
2026-08-26 15:20:15.895,28.92,0.0,30.2,0.0,2.425,1.504,3.901,3.924,3.911,3.925,3.91,3.929,3.918,30.2,29.0,28.5,28.5,True
2026-08-26 15:20:18.577,28.92,0.0,30.2,0.0,2.425,1.504,3.901,3.924,3.911,3.925,3.91,3.929,3.918,30.2,29.1,28.5,28.5,True
2026-08-26 15:20:21.299,28.92,0.0,30.2,0.0,2.426,1.503,3.901,3.924,3.911,3.925,3.91,3.929,3.918,30.2,29.0,28.6,28.4,True
2026-08-26 15:20:23.898,28.92,0.0,30.2,0.0,2.426,1.503,3.901,3.924,3.911,3.925,3.91,3.929,3.918,30.2,29.1,28.4,28.6,True
2026-08-26 15:20:26.737,28.92,0.0,30.2,0.0,2.426,1.503,3.901,3.924,3.911,3.925,3.91,3.929,3.918,30.2,29.0,28.5,28.5,True
2026-08-26 15:20:29.440,28.92,0.0,30.1,0.0,2.426,1.503,3.9,3.924,3.911,3.925,3.91,3.929,3.919,30.1,29.1,28.4,28.6,True
2026-08-26 15:20:32.021,28.92,0.0,30.1,0.0,2.426,1.503,3.9,3.924,3.911,3.925,3.91,3.929,3.918,30.1,29.1,28.4,28.6,True
2026-08-26 15:20:34.722,28.92,0.0,30.2,0.0,2.426,1.503,3.901,3.924,3.911,3.926,3.91,3.929,3.918,30.2,29.0,28.5,28.5,True
2026-08-26 15:20:37.301,28.92,0.0,30.2,0.0,2.425,1.503,3.901,3.924,3.911,3.925,3.91,3.928,3.918,30.2,29.1,28.5,28.6,True
2026-08-26 15:20:39.919,28.92,0.0,30.2,0.0,2.427,1.502,3.901,3.924,3.911,3.925,3.91,3.929,3.917,30.2,29.0,28.6,28.4,True
2026-08-26 15:20:42.541,28.92,0.0,30.2,0.0,2.427,1.502,3.901,3.924,3.911,3.925,3.91,3.929,3.917,30.2,29.0,28.5,28.6,True
2026-08-26 15:20:45.318,28.92,0.0,30.2,0.0,2.427,1.502,3.901,3.924,3.911,3.925,3.91,3.929,3.918,30.2,28.9,28.6,28.5,True
2026-08-26 15:20:48.170,28.92,0.0,30.2,0.0,2.426,1.502,3.901,3.924,3.911,3.925,3.91,3.928,3.918,30.2,28.9,28.6,28.5,True
2026-08-26 15:20:50.924,28.92,0.0,30.2,0.0,2.426,1.502,3.901,3.924,3.911,3.925,3.91,3.928,3.918,30.2,29.0,28.5,28.5,True
2026-08-26 15:20:53.746,28.92,0.0,30.2,0.0,2.427,1.502,3.901,3.924,3.911,3.925,3.91,3.929,3.918,30.2,29.0,28.6,28.4,True
2026-08-26 15:20:56.578,28.92,0.0,30.2,0.0,2.426,1.502,3.9,3.924,3.911,3.925,3.91,3.928,3.918,30.2,29.0,28.5,28.5,True
2026-08-26 15:20:59.619,28.92,0.0,30.0,0.0,2.427,1.502,3.9,3.924,3.911,3.925,3.91,3.929,3.918,30.0,28.9,28.6,28.3,True
2026-08-26 15:21:02.526,28.92,0.0,30.2,0.0,2.427,1.502,3.9,3.924,3.911,3.925,3.91,3.929,3.917,30.2,29.0,28.5,28.5,True
2026-08-26 15:21:05.176,28.92,0.0,30.0,0.0,2.427,1.502,3.901,3.924,3.911,3.925,3.91,3.929,3.918,30.0,29.2,28.4,28.6,True
2026-08-26 15:21:07.816,28.92,0.0,30.0,0.0,2.427,1.502,3.901,3.924,3.911,3.925,3.91,3.929,3.918,30.0,29.1,28.5,28.5,True
2026-08-26 15:21:10.581,28.92,0.0,30.1,0.0,2.428,1.501,3.901,3.924,3.911,3.925,3.91,3.929,3.918,30.1,29.1,28.4,28.6,True
2026-08-26 15:21:13.368,28.92,0.0,30.2,0.0,2.428,1.501,3.901,3.924,3.911,3.925,3.91,3.929,3.918,30.2,29.0,28.5,28.5,True
2026-08-26 15:21:16.109,28.92,0.0,30.2,0.0,2.428,1.501,3.901,3.924,3.911,3.925,3.91,3.929,3.917,30.2,29.1,28.5,28.5,True
2026-08-26 15:21:18.855,28.92,0.0,30.1,0.0,2.428,1.501,3.901,3.924,3.911,3.925,3.91,3.929,3.917,30.1,29.0,28.5,28.5,True
2026-08-26 15:21:21.509,28.92,0.0,30.2,0.0,2.428,1.501,3.901,3.924,3.911,3.925,3.91,3.929,3.918,30.2,29.0,28.6,28.4,True
2026-08-26 15:21:24.184,28.92,0.0,30.1,0.0,2.427,1.501,3.9,3.924,3.911,3.925,3.91,3.928,3.918,30.1,29.1,28.4,28.6,True
2026-08-26 15:21:27.011,28.92,0.0,30.2,0.0,2.428,1.501,3.901,3.924,3.911,3.925,3.91,3.929,3.918,30.2,29.1,28.5,28.6,True
2026-08-26 15:21:29.607,28.92,0.0,30.2,0.0,2.429,1.5,3.901,3.924,3.911,3.925,3.91,3.929,3.918,30.2,29.1,28.5,28.6,True
2026-08-26 15:21:32.404,28.92,0.0,30.2,0.0,2.428,1.501,3.901,3.924,3.911,3.925,3.91,3.929,3.918,30.2,29.1,28.4,28.6,True
2026-08-26 15:21:35.040,28.92,0.0,30.2,0.0,2.428,1.5,3.901,3.924,3.911,3.925,3.91,3.928,3.918,30.2,29.1,28.5,28.5,True
2026-08-26 15:21:37.709,28.92,0.0,30.2,0.0,2.428,1.5,3.901,3.924,3.911,3.925,3.91,3.928,3.918,30.2,29.0,28.6,28.5,True
2026-08-26 15:21:40.396,28.92,0.0,30.2,0.0,2.429,1.5,3.9,3.924,3.911,3.925,3.91,3.929,3.919,30.2,29.0,28.5,28.6,True
2026-08-26 15:21:43.101,28.92,0.0,30.2,0.0,2.429,1.5,3.9,3.924,3.911,3.925,3.91,3.929,3.919,30.2,29.0,28.5,28.6,True
2026-08-26 15:21:45.899,28.92,0.0,30.1,0.0,2.429,1.5,3.901,3.924,3.911,3.925,3.91,3.929,3.918,30.1,29.1,28.5,28.5,True
2026-08-26 15:21:48.558,28.92,0.0,30.1,0.0,2.429,1.5,3.9,3.924,3.911,3.925,3.91,3.929,3.918,30.1,29.0,28.5,28.5,True
2026-08-26 15:21:51.252,28.92,0.0,30.0,0.0,2.429,1.5,3.9,3.924,3.911,3.925,3.91,3.929,3.918,30.0,29.1,28.4,28.6,True
2026-08-26 15:21:53.956,28.91,0.0,30.2,0.0,2.429,1.499,3.9,3.924,3.911,3.925,3.91,3.928,3.918,30.2,29.0,28.4,28.5,True
2026-08-26 15:21:56.617,28.91,0.0,30.1,0.0,2.429,1.499,3.9,3.924,3.911,3.925,3.91,3.928,3.918,30.1,29.0,28.5,28.5,True
2026-08-26 15:21:59.292,28.92,0.0,30.2,0.0,2.43,1.499,3.9,3.924,3.911,3.925,3.91,3.929,3.918,30.2,29.1,28.5,28.5,True
2026-08-26 15:22:02.009,28.92,0.0,30.2,0.0,2.43,1.499,3.9,3.924,3.911,3.925,3.91,3.929,3.918,30.2,29.1,28.5,28.5,True
2026-08-26 15:22:04.761,28.92,0.0,30.1,0.0,2.43,1.499,3.901,3.924,3.911,3.925,3.91,3.929,3.918,30.1,29.1,28.4,28.6,True
2026-08-26 15:22:07.439,28.92,0.0,30.2,0.0,2.43,1.499,3.901,3.924,3.911,3.925,3.91,3.929,3.918,30.2,29.1,28.4,28.7,True
2026-08-26 15:22:10.065,28.92,0.0,30.2,0.0,2.431,1.498,3.901,3.924,3.911,3.925,3.91,3.929,3.918,30.2,29.0,28.5,28.6,True
2026-08-26 15:22:12.720,28.92,0.0,30.3,0.0,2.43,1.499,3.901,3.924,3.911,3.925,3.91,3.929,3.919,30.3,29.0,28.5,28.5,True
2026-08-26 15:22:15.413,28.91,0.0,30.3,0.0,2.431,1.498,3.901,3.924,3.911,3.925,3.909,3.929,3.917,30.3,29.1,28.5,28.5,True
2026-08-26 15:22:18.074,28.91,0.0,30.1,0.0,2.431,1.498,3.901,3.924,3.911,3.925,3.909,3.929,3.917,30.1,29.1,28.4,28.6,True
2026-08-26 15:22:20.741,28.91,0.0,30.2,0.0,2.431,1.498,3.9,3.923,3.911,3.925,3.91,3.929,3.918,30.2,29.0,28.5,28.6,True
2026-08-26 15:22:23.493,28.91,0.0,30.3,0.0,2.431,1.498,3.9,3.923,3.911,3.925,3.91,3.929,3.918,30.3,29.0,28.5,28.5,True
2026-08-26 15:22:26.186,28.92,0.0,30.1,0.0,2.431,1.498,3.901,3.924,3.911,3.925,3.91,3.929,3.918,30.1,29.1,28.4,28.6,True
2026-08-26 15:22:28.904,28.92,0.0,30.3,0.0,2.431,1.498,3.9,3.924,3.911,3.925,3.91,3.929,3.919,30.3,29.0,28.6,28.4,True
2026-08-26 15:22:31.611,28.91,0.0,30.2,0.0,2.43,1.498,3.901,3.924,3.911,3.925,3.91,3.928,3.918,30.2,29.0,28.5,28.5,True
2026-08-26 15:22:34.314,28.91,0.0,30.1,0.0,2.431,1.498,3.901,3.924,3.911,3.925,3.91,3.929,3.917,30.1,29.1,28.4,28.6,True
2026-08-26 15:22:36.958,28.92,0.0,30.1,0.0,2.432,1.497,3.901,3.924,3.911,3.925,3.91,3.929,3.919,30.1,29.1,28.4,28.6,True
2026-08-26 15:22:39.654,28.92,0.0,30.1,0.0,2.432,1.497,3.901,3.924,3.911,3.925,3.91,3.929,3.919,30.1,29.1,28.4,28.6,True
2026-08-26 15:22:42.369,28.91,0.0,30.1,0.0,2.432,1.497,3.901,3.924,3.911,3.925,3.91,3.929,3.918,30.1,29.0,28.6,28.5,True
2026-08-26 15:22:45.031,28.91,0.0,30.1,0.0,2.431,1.497,3.901,3.924,3.911,3.925,3.909,3.928,3.917,30.1,29.0,28.6,28.5,True
2026-08-26 15:22:47.739,28.91,0.0,30.2,0.0,2.432,1.497,3.9,3.924,3.911,3.925,3.91,3.929,3.918,30.2,29.0,28.5,28.6,True
2026-08-26 15:22:50.368,28.91,0.0,30.2,0.0,2.432,1.497,3.9,3.924,3.911,3.926,3.91,3.929,3.918,30.2,29.1,28.5,28.6,True
2026-08-26 15:22:52.990,28.91,0.0,30.2,0.0,2.432,1.497,3.9,3.924,3.911,3.926,3.91,3.929,3.918,30.2,29.1,28.5,28.5,True
2026-08-26 15:22:55.638,28.91,0.0,30.2,0.0,2.432,1.497,3.901,3.924,3.911,3.925,3.91,3.929,3.918,30.2,29.1,28.5,28.5,True
2026-08-26 15:22:58.274,28.91,0.0,30.2,0.0,2.433,1.496,3.9,3.924,3.911,3.925,3.91,3.929,3.917,30.2,29.1,28.5,28.5,True
2026-08-26 15:23:00.983,28.91,0.0,30.0,0.0,2.432,1.496,3.901,3.924,3.911,3.925,3.91,3.928,3.918,30.0,29.2,28.4,28.6,True
2026-08-26 15:23:03.708,28.91,0.0,30.0,0.0,2.433,1.496,3.901,3.924,3.911,3.925,3.91,3.929,3.918,30.0,29.1,28.4,28.6,True
2026-08-26 15:23:06.482,28.91,0.0,30.2,0.0,2.432,1.496,3.901,3.924,3.911,3.925,3.91,3.928,3.918,30.2,29.0,28.5,28.5,True
2026-08-26 15:23:09.228,28.91,0.0,30.2,0.0,2.432,1.496,3.9,3.924,3.911,3.925,3.91,3.928,3.917,30.2,29.0,28.6,28.4,True
2026-08-26 15:23:11.941,28.91,0.0,30.1,0.0,2.432,1.496,3.9,3.924,3.911,3.925,3.91,3.928,3.917,30.1,29.1,28.5,28.5,True
2026-08-26 15:23:14.701,28.91,0.0,30.2,0.0,2.433,1.496,3.9,3.924,3.911,3.925,3.91,3.929,3.917,30.2,28.9,28.6,28.4,True
2026-08-26 15:23:17.498,28.91,0.0,30.2,0.0,2.433,1.496,3.901,3.924,3.911,3.925,3.91,3.929,3.918,30.2,29.0,28.5,28.5,True
2026-08-26 15:23:20.219,28.91,0.0,30.2,0.0,2.433,1.496,3.901,3.924,3.911,3.925,3.91,3.929,3.918,30.2,29.0,28.5,28.5,True
2026-08-26 15:23:23.003,28.91,0.0,30.3,0.0,2.433,1.495,3.901,3.924,3.911,3.925,3.91,3.928,3.918,30.3,29.0,28.6,28.5,True
2026-08-26 15:23:25.852,28.91,0.0,30.1,0.0,2.434,1.495,3.901,3.924,3.911,3.925,3.91,3.929,3.918,30.1,29.1,28.4,28.6,True
2026-08-26 15:23:28.636,28.91,0.0,30.1,0.0,2.434,1.495,3.901,3.924,3.911,3.925,3.91,3.929,3.918,30.1,29.1,28.4,28.6,True
2026-08-26 15:23:31.506,28.91,0.0,30.1,0.0,2.433,1.495,3.901,3.924,3.911,3.925,3.91,3.928,3.918,30.1,29.1,28.5,28.5,True
2026-08-26 15:23:34.402,28.91,0.0,30.1,0.0,2.433,1.495,3.9,3.924,3.911,3.925,3.91,3.928,3.918,30.1,29.1,28.4,28.7,True
2026-08-26 15:23:37.224,28.91,0.0,30.1,0.0,2.434,1.495,3.901,3.924,3.911,3.925,3.91,3.929,3.918,30.1,29.2,28.4,28.6,True
2026-08-26 15:23:40.109,28.91,0.0,30.2,0.0,2.434,1.495,3.901,3.924,3.911,3.925,3.91,3.929,3.918,30.2,29.1,28.4,28.6,True
2026-08-26 15:23:42.954,28.91,0.0,30.2,0.0,2.434,1.495,3.901,3.924,3.911,3.925,3.91,3.929,3.917,30.2,29.0,28.5,28.6,True
2026-08-26 15:23:45.792,28.91,0.0,30.0,0.0,2.434,1.495,3.901,3.924,3.911,3.925,3.91,3.929,3.918,30.0,29.1,28.4,28.6,True
2026-08-26 15:23:48.529,28.91,0.0,30.1,0.0,2.435,1.494,3.9,3.924,3.911,3.925,3.91,3.929,3.918,30.1,29.1,28.4,28.6,True
2026-08-26 15:23:51.199,28.91,0.0,30.1,0.0,2.435,1.494,3.901,3.924,3.911,3.925,3.909,3.929,3.918,30.1,29.1,28.4,28.6,True
2026-08-26 15:23:53.973,28.91,0.0,30.2,0.0,2.435,1.494,3.9,3.924,3.911,3.925,3.91,3.929,3.918,30.2,29.0,28.5,28.6,True
2026-08-26 15:23:56.722,28.91,0.0,30.2,0.0,2.435,1.494,3.901,3.924,3.911,3.925,3.91,3.929,3.918,30.2,29.1,28.5,28.6,True
2026-08-26 15:23:59.508,28.91,0.0,30.2,0.0,2.435,1.494,3.9,3.924,3.911,3.925,3.91,3.929,3.918,30.2,29.0,28.5,28.6,True
2026-08-26 15:24:02.186,28.91,0.0,30.1,0.0,2.435,1.494,3.901,3.924,3.911,3.925,3.91,3.929,3.917,30.1,29.1,28.4,28.6,True
2026-08-26 15:24:04.950,28.91,0.0,30.2,0.0,2.435,1.494,3.901,3.924,3.911,3.925,3.91,3.929,3.917,30.2,29.1,28.5,28.6,True
2026-08-26 15:24:07.727,28.91,0.0,30.2,0.0,2.435,1.494,3.9,3.924,3.911,3.925,3.91,3.929,3.918,30.2,29.1,28.5,28.6,True
2026-08-26 15:24:10.442,28.91,0.0,30.2,0.0,2.436,1.493,3.9,3.924,3.911,3.925,3.91,3.929,3.918,30.2,28.9,28.6,28.5,True
2026-08-26 15:24:13.183,28.91,0.0,30.2,0.0,2.436,1.493,3.9,3.924,3.911,3.925,3.91,3.929,3.918,30.2,29.1,28.4,28.6,True
2026-08-26 15:24:15.976,28.91,0.0,30.2,0.0,2.436,1.493,3.9,3.924,3.911,3.925,3.91,3.929,3.918,30.2,29.1,28.4,28.6,True
2026-08-26 15:24:18.744,28.91,0.0,30.2,0.0,2.436,1.493,3.9,3.924,3.911,3.925,3.91,3.929,3.918,30.2,29.1,28.4,28.6,True
2026-08-26 15:24:21.419,28.91,0.0,30.1,0.0,2.435,1.493,3.9,3.924,3.911,3.925,3.91,3.928,3.918,30.1,29.1,28.5,28.5,True
2026-08-26 15:24:24.254,28.91,0.0,30.1,0.0,2.435,1.493,3.9,3.924,3.911,3.925,3.91,3.928,3.918,30.1,29.1,28.5,28.5,True
2026-08-26 15:24:27.090,28.91,0.0,30.2,0.0,2.435,1.493,3.9,3.924,3.911,3.925,3.91,3.928,3.918,30.2,29.1,28.4,28.6,True
2026-08-26 15:24:29.884,28.91,0.0,30.1,0.0,2.436,1.493,3.901,3.924,3.911,3.925,3.91,3.929,3.918,30.1,29.0,28.4,28.6,True
2026-08-26 15:24:32.832,28.91,0.0,30.2,0.0,2.436,1.493,3.901,3.924,3.911,3.925,3.91,3.929,3.918,30.2,29.0,28.5,28.5,True
2026-08-26 15:24:35.667,28.91,0.0,30.2,0.0,2.436,1.493,3.901,3.924,3.911,3.925,3.91,3.929,3.918,30.2,29.0,28.5,28.5,True
2026-08-26 15:24:38.529,28.91,0.0,30.0,0.0,2.436,1.492,3.901,3.924,3.911,3.925,3.91,3.928,3.917,30.0,29.1,28.5,28.5,True
2026-08-26 15:24:41.263,28.91,0.0,30.2,0.0,2.436,1.493,3.901,3.924,3.911,3.925,3.91,3.929,3.917,30.2,29.1,28.5,28.5,True
2026-08-26 15:24:43.875,28.91,0.0,30.2,0.0,2.437,1.492,3.901,3.924,3.911,3.925,3.91,3.929,3.918,30.2,29.1,28.5,28.5,True
2026-08-26 15:24:46.569,28.91,0.0,30.1,0.0,2.437,1.492,3.901,3.924,3.911,3.925,3.91,3.929,3.918,30.1,29.1,28.5,28.6,True
2026-08-26 15:24:49.486,28.91,0.0,30.2,0.0,2.437,1.492,3.901,3.924,3.911,3.925,3.91,3.929,3.917,30.2,29.0,28.6,28.5,True
2026-08-26 15:24:51.785,28.91,0.0,30.2,0.0,2.436,1.492,3.901,3.924,3.911,3.925,3.91,3.928,3.917,30.2,29.1,28.5,28.5,True
2026-08-26 15:24:53.701,28.91,0.0,30.2,0.0,2.436,1.492,3.9,3.924,3.911,3.925,3.909,3.928,3.918,30.2,29.0,28.5,28.6,True
2026-08-26 15:24:56.386,28.91,0.0,30.2,0.0,2.436,1.492,3.9,3.924,3.911,3.925,3.909,3.928,3.918,30.2,29.1,28.5,28.6,True
2026-08-26 15:24:58.944,28.91,0.0,30.2,0.0,2.437,1.491,3.901,3.924,3.911,3.925,3.91,3.928,3.918,30.2,29.0,28.5,28.5,True
2026-08-26 15:25:01.735,28.91,0.0,30.2,0.0,2.437,1.491,3.9,3.924,3.911,3.925,3.909,3.928,3.919,30.2,29.1,28.5,28.6,True
2026-08-26 15:25:04.547,28.91,0.0,30.0,0.0,2.437,1.491,3.9,3.924,3.911,3.925,3.909,3.928,3.919,30.0,29.2,28.5,28.5,True
2026-08-26 15:25:07.388,28.91,0.0,30.2,0.0,2.438,1.491,3.901,3.923,3.911,3.925,3.909,3.929,3.917,30.2,29.1,28.4,28.6,True
2026-08-26 15:25:10.065,28.91,0.0,30.2,0.0,2.438,1.491,3.901,3.924,3.911,3.925,3.91,3.929,3.918,30.2,29.0,28.5,28.5,True
2026-08-26 15:25:12.813,28.91,0.0,30.2,0.0,2.438,1.491,3.9,3.924,3.911,3.925,3.91,3.929,3.918,30.2,29.0,28.5,28.5,True
2026-08-26 15:25:15.599,28.91,0.0,30.1,0.0,2.438,1.491,3.9,3.924,3.911,3.925,3.91,3.929,3.918,30.1,29.1,28.5,28.6,True
2026-08-26 15:25:18.414,28.91,0.0,30.2,0.0,2.437,1.491,3.9,3.924,3.911,3.925,3.91,3.928,3.918,30.2,29.0,28.5,28.6,True
2026-08-26 15:25:21.123,28.91,0.0,30.2,0.0,2.438,1.491,3.901,3.924,3.911,3.925,3.91,3.929,3.918,30.2,29.1,28.4,28.6,True
2026-08-26 15:25:23.862,28.91,0.0,30.1,0.0,2.438,1.491,3.901,3.924,3.911,3.925,3.91,3.929,3.918,30.1,29.1,28.5,28.6,True
2026-08-26 15:25:26.626,28.91,0.0,30.4,0.0,2.437,1.491,3.901,3.924,3.911,3.925,3.91,3.928,3.918,30.4,29.0,28.6,28.5,True
2026-08-26 15:25:29.381,28.91,0.0,30.0,0.0,2.439,1.49,3.901,3.924,3.911,3.925,3.91,3.929,3.918,30.0,29.1,28.4,28.6,True
2026-08-26 15:25:32.121,28.91,0.0,30.2,0.0,2.439,1.49,3.901,3.924,3.911,3.925,3.91,3.929,3.918,30.2,29.1,28.4,28.6,True
2026-08-26 15:25:34.867,28.91,0.0,30.2,0.0,2.438,1.49,3.901,3.924,3.911,3.925,3.91,3.928,3.918,30.2,29.1,28.5,28.5,True
2026-08-26 15:25:37.631,28.91,0.0,30.2,0.0,2.439,1.49,3.901,3.924,3.911,3.925,3.91,3.929,3.918,30.2,29.1,28.5,28.5,True
2026-08-26 15:25:40.255,28.91,0.0,30.2,0.0,2.439,1.49,3.901,3.924,3.911,3.925,3.91,3.929,3.918,30.2,29.0,28.5,28.6,True
2026-08-26 15:25:43.176,28.91,0.0,30.3,0.0,2.439,1.49,3.901,3.924,3.911,3.925,3.91,3.929,3.918,30.3,29.0,28.5,28.5,True
2026-08-26 15:25:45.947,28.91,0.0,30.2,0.0,2.44,1.489,3.901,3.924,3.911,3.925,3.91,3.929,3.918,30.2,29.0,28.5,28.6,True
2026-08-26 15:25:48.709,28.91,0.0,30.2,0.0,2.44,1.489,3.901,3.924,3.911,3.925,3.91,3.929,3.918,30.2,29.1,28.5,28.6,True
2026-08-26 15:25:51.436,28.91,0.0,30.1,0.0,2.44,1.489,3.901,3.924,3.911,3.925,3.91,3.929,3.918,30.1,29.1,28.4,28.6,True
2026-08-26 15:25:54.235,28.91,0.0,30.2,0.0,2.44,1.489,3.9,3.924,3.911,3.925,3.91,3.929,3.918,30.2,29.1,28.5,28.6,True
2026-08-26 15:25:57.009,28.91,0.0,30.2,0.0,2.44,1.489,3.9,3.924,3.911,3.925,3.91,3.929,3.918,30.2,29.1,28.4,28.6,True
2026-08-26 15:25:59.768,28.91,0.0,30.2,0.0,2.439,1.489,3.901,3.924,3.911,3.925,3.91,3.928,3.918,30.2,29.0,28.5,28.4,True
2026-08-26 15:26:02.430,28.91,0.0,30.2,0.0,2.44,1.489,3.9,3.924,3.911,3.925,3.91,3.929,3.919,30.2,29.0,28.6,28.4,True
2026-08-26 15:26:05.000,28.91,0.0,30.2,0.0,2.44,1.489,3.901,3.924,3.911,3.925,3.91,3.929,3.919,30.2,29.0,28.5,28.5,True
2026-08-26 15:26:07.793,28.91,0.0,30.0,0.0,2.44,1.489,3.901,3.924,3.911,3.925,3.91,3.929,3.919,30.0,29.2,28.4,28.7,True
2026-08-26 15:26:10.433,28.91,0.0,30.0,0.0,2.44,1.489,3.901,3.924,3.911,3.925,3.909,3.929,3.918,30.0,29.2,28.4,28.7,True
2026-08-26 15:26:13.144,28.91,0.0,30.1,0.0,2.441,1.488,3.9,3.924,3.911,3.925,3.91,3.929,3.918,30.1,29.1,28.4,28.6,True
2026-08-26 15:26:15.835,28.9,0.0,30.2,0.0,2.441,1.488,3.9,3.924,3.911,3.925,3.91,3.929,3.917,30.2,29.0,28.5,28.5,True
2026-08-26 15:26:18.605,28.9,0.0,30.2,0.0,2.441,1.488,3.9,3.924,3.911,3.925,3.91,3.929,3.917,30.2,29.1,28.4,28.6,True
2026-08-26 15:26:21.235,28.91,0.0,30.2,0.0,2.441,1.488,3.901,3.924,3.911,3.925,3.91,3.929,3.918,30.2,29.1,28.5,28.6,True
2026-08-26 15:26:23.942,28.91,0.0,30.2,0.0,2.441,1.488,3.901,3.924,3.911,3.925,3.91,3.929,3.918,30.2,29.1,28.4,28.6,True
2026-08-26 15:26:26.614,28.91,0.0,30.2,0.0,2.441,1.488,3.901,3.924,3.911,3.925,3.91,3.929,3.917,30.2,29.1,28.4,28.6,True
2026-08-26 15:26:29.352,28.91,0.0,30.2,0.0,2.441,1.488,3.901,3.924,3.911,3.925,3.91,3.929,3.917,30.2,29.1,28.4,28.6,True
2026-08-26 15:26:32.057,28.91,0.0,30.3,0.0,2.441,1.488,3.901,3.924,3.91,3.925,3.91,3.929,3.918,30.3,28.9,28.6,28.5,True
2026-08-26 15:26:34.754,28.9,0.0,30.3,0.0,2.442,1.487,3.9,3.924,3.911,3.925,3.909,3.929,3.918,30.3,29.0,28.5,28.6,True
2026-08-26 15:26:37.608,28.91,0.0,30.1,0.0,2.442,1.487,3.901,3.924,3.911,3.925,3.91,3.929,3.918,30.1,29.1,28.4,28.6,True
2026-08-26 15:26:40.390,28.91,0.0,30.1,0.0,2.442,1.487,3.901,3.924,3.911,3.925,3.91,3.929,3.918,30.1,29.1,28.5,28.5,True
2026-08-26 15:26:43.210,28.9,0.0,30.2,0.0,2.442,1.487,3.9,3.924,3.911,3.925,3.91,3.929,3.917,30.2,29.1,28.4,28.6,True
2026-08-26 15:26:45.947,28.9,0.0,30.2,0.0,2.441,1.487,3.9,3.924,3.911,3.925,3.91,3.928,3.918,30.2,29.1,28.5,28.5,True
2026-08-26 15:26:48.793,28.9,0.0,30.2,0.0,2.442,1.487,3.9,3.924,3.911,3.925,3.91,3.929,3.918,30.2,29.0,28.5,28.5,True
2026-08-26 15:26:51.567,28.9,0.0,30.2,0.0,2.441,1.487,3.9,3.924,3.911,3.925,3.91,3.928,3.917,30.2,29.1,28.4,28.6,True
2026-08-26 15:27:13.500,28.9,0.0,30.1,0.0,2.443,1.486,3.901,3.924,3.911,3.925,3.909,3.929,3.918,30.1,29.1,28.5,28.6,True
2026-08-26 15:27:17.089,28.9,0.0,30.2,0.0,2.443,1.486,3.901,3.924,3.911,3.925,3.909,3.929,3.918,30.2,29.1,28.5,28.6,True
2026-08-26 15:27:19.810,28.9,0.0,30.2,0.0,2.442,1.486,3.901,3.924,3.911,3.925,3.91,3.928,3.918,30.2,29.0,28.6,28.5,True
2026-08-26 15:27:22.433,28.9,0.0,30.2,0.0,2.443,1.486,3.9,3.924,3.911,3.925,3.91,3.929,3.917,30.2,29.0,28.6,28.5,True
2026-08-26 15:27:25.065,28.9,0.0,30.3,0.0,2.443,1.486,3.9,3.924,3.911,3.925,3.91,3.929,3.917,30.3,29.0,28.5,28.5,True
2026-08-26 15:27:27.715,28.9,0.0,30.1,0.0,2.442,1.486,3.9,3.924,3.911,3.925,3.91,3.928,3.917,30.1,29.2,28.5,28.6,True
2026-08-26 15:27:30.301,28.9,0.0,30.2,0.0,2.442,1.486,3.9,3.924,3.911,3.925,3.91,3.928,3.917,30.2,29.0,28.5,28.5,True
2026-08-26 15:27:32.893,28.9,0.0,30.1,0.0,2.443,1.485,3.9,3.924,3.911,3.925,3.91,3.928,3.917,30.1,29.0,28.5,28.5,True
2026-08-26 15:27:35.454,28.9,0.0,30.1,0.0,2.444,1.485,3.9,3.924,3.911,3.925,3.91,3.929,3.917,30.1,29.0,28.5,28.5,True
2026-08-26 15:27:38.063,28.9,0.0,30.1,0.0,2.444,1.485,3.9,3.924,3.911,3.925,3.909,3.929,3.918,30.1,29.0,28.5,28.5,True
2026-08-26 15:27:40.746,28.9,0.0,30.2,0.0,2.443,1.485,3.9,3.924,3.911,3.925,3.91,3.928,3.919,30.2,29.1,28.4,28.7,True
2026-08-26 15:27:43.277,28.9,0.0,30.2,0.0,2.443,1.485,3.9,3.924,3.911,3.925,3.91,3.928,3.919,30.2,29.1,28.4,28.6,True
2026-08-26 15:27:45.742,28.9,0.0,30.2,0.0,2.445,1.484,3.901,3.924,3.911,3.925,3.91,3.929,3.918,30.2,29.0,28.6,28.5,True
2026-08-26 15:27:48.358,28.9,0.0,30.2,0.0,2.444,1.484,3.9,3.924,3.911,3.925,3.91,3.928,3.918,30.2,29.0,28.4,28.6,True
2026-08-26 15:27:51.039,28.9,0.0,30.0,0.0,2.444,1.484,3.9,3.924,3.911,3.925,3.91,3.928,3.918,30.0,29.2,28.4,28.6,True
2026-08-26 15:27:53.598,28.9,0.0,30.2,0.0,2.444,1.484,3.9,3.924,3.911,3.925,3.91,3.928,3.918,30.2,29.1,28.4,28.6,True
2026-08-26 15:27:56.160,28.9,0.0,30.1,0.0,2.444,1.484,3.901,3.924,3.911,3.925,3.91,3.928,3.917,30.1,29.2,28.4,28.6,True
2026-08-26 15:27:58.770,28.9,0.0,30.2,0.0,2.444,1.484,3.901,3.924,3.911,3.925,3.91,3.928,3.917,30.2,29.0,28.5,28.5,True
2026-08-26 15:28:01.420,28.9,0.0,30.1,0.0,2.445,1.484,3.9,3.924,3.911,3.925,3.91,3.929,3.917,30.1,29.1,28.5,28.6,True
2026-08-26 15:28:03.996,28.9,0.0,30.2,0.0,2.445,1.484,3.9,3.924,3.91,3.925,3.91,3.929,3.918,30.2,29.1,28.5,28.6,True
2026-08-26 15:28:06.533,28.9,0.0,30.2,0.0,2.446,1.483,3.9,3.924,3.911,3.925,3.91,3.929,3.918,30.2,29.1,28.5,28.6,True
2026-08-26 15:28:09.101,28.9,0.0,30.1,0.0,2.445,1.484,3.901,3.924,3.911,3.925,3.91,3.929,3.918,30.1,29.2,28.4,28.7,True
2026-08-26 15:28:11.715,28.9,0.0,30.2,0.0,2.445,1.484,3.901,3.924,3.911,3.925,3.91,3.929,3.918,30.2,29.0,28.6,28.5,True
2026-08-26 15:28:14.326,28.9,0.0,30.1,0.0,2.445,1.484,3.901,3.924,3.911,3.925,3.91,3.929,3.918,30.1,29.2,28.4,28.6,True
2026-08-26 15:28:16.886,28.9,0.0,30.2,0.0,2.445,1.483,3.9,3.923,3.911,3.925,3.91,3.928,3.918,30.2,29.0,28.6,28.4,True
2026-08-26 15:28:19.523,28.9,0.0,30.1,0.0,2.445,1.483,3.9,3.924,3.911,3.925,3.909,3.928,3.918,30.1,29.0,28.5,28.5,True
2026-08-26 15:28:22.126,28.9,0.0,30.2,0.0,2.446,1.483,3.9,3.924,3.911,3.925,3.91,3.929,3.917,30.2,29.0,28.5,28.4,True
2026-08-26 15:28:24.722,28.9,0.0,30.2,0.0,2.446,1.483,3.9,3.924,3.911,3.925,3.91,3.929,3.918,30.2,29.1,28.5,28.5,True
2026-08-26 15:28:27.347,28.9,0.0,30.2,0.0,2.446,1.483,3.9,3.924,3.911,3.925,3.91,3.929,3.918,30.2,29.1,28.5,28.5,True
2026-08-26 15:28:29.957,28.9,0.0,30.1,0.0,2.445,1.483,3.9,3.924,3.911,3.925,3.91,3.928,3.917,30.1,29.1,28.5,28.6,True
2026-08-26 15:28:32.592,28.9,0.0,30.2,0.0,2.445,1.483,3.9,3.924,3.911,3.925,3.91,3.928,3.917,30.2,29.0,28.5,28.5,True
2026-08-26 15:28:35.203,28.9,0.0,30.1,0.0,2.446,1.482,3.9,3.924,3.911,3.925,3.91,3.928,3.917,30.1,29.1,28.5,28.5,True
2026-08-26 15:28:37.768,28.9,0.0,30.2,0.0,2.445,1.483,3.901,3.924,3.911,3.925,3.91,3.928,3.917,30.2,29.1,28.5,28.5,True
2026-08-26 15:28:40.413,28.9,0.0,30.2,0.0,2.445,1.483,3.901,3.924,3.911,3.925,3.91,3.928,3.917,30.2,29.0,28.5,28.6,True
2026-08-26 15:28:43.070,28.9,0.0,30.2,0.0,2.445,1.483,3.9,3.924,3.911,3.925,3.91,3.928,3.918,30.2,29.0,28.5,28.5,True
2026-08-26 15:28:45.651,28.9,0.0,30.2,0.0,2.447,1.482,3.9,3.924,3.911,3.925,3.91,3.929,3.917,30.2,29.1,28.4,28.6,True
2026-08-26 15:28:48.134,28.9,0.0,30.2,0.0,2.447,1.482,3.9,3.924,3.911,3.925,3.91,3.929,3.917,30.2,29.1,28.5,28.6,True
2026-08-26 15:28:50.771,28.9,0.0,30.2,0.0,2.446,1.482,3.901,3.924,3.911,3.925,3.91,3.928,3.917,30.2,29.0,28.7,28.6,True
2026-08-26 15:28:53.321,28.9,0.0,30.2,0.0,2.446,1.482,3.9,3.923,3.911,3.925,3.91,3.928,3.917,30.2,29.1,28.5,28.5,True
2026-08-26 15:28:55.867,28.9,0.0,30.0,0.0,2.446,1.482,3.9,3.924,3.911,3.925,3.91,3.928,3.918,30.0,29.1,28.5,28.6,True
2026-08-26 15:28:58.396,28.9,0.0,30.1,0.0,2.446,1.482,3.9,3.924,3.911,3.925,3.91,3.928,3.918,30.1,29.1,28.4,28.5,True
2026-08-26 15:29:01.004,28.9,0.0,30.0,0.0,2.447,1.481,3.9,3.924,3.911,3.925,3.91,3.928,3.917,30.0,29.2,28.4,28.8,True
2026-08-26 15:29:03.620,28.9,0.0,30.2,0.0,2.448,1.481,3.9,3.924,3.911,3.925,3.91,3.929,3.918,30.2,29.0,28.5,28.6,True
2026-08-26 15:29:06.111,28.9,0.0,30.2,0.0,2.448,1.481,3.9,3.924,3.911,3.925,3.91,3.929,3.918,30.2,29.1,28.4,28.7,True
2026-08-26 15:29:08.619,28.9,0.0,30.2,0.0,2.447,1.481,3.9,3.924,3.911,3.925,3.909,3.928,3.918,30.2,29.1,28.4,28.7,True
2026-08-26 15:29:11.198,28.9,0.0,30.2,0.0,2.447,1.481,3.9,3.924,3.911,3.925,3.91,3.928,3.917,30.2,29.1,28.4,28.6,True
2026-08-26 15:29:13.775,28.9,0.0,30.2,0.0,2.447,1.481,3.9,3.924,3.911,3.925,3.91,3.928,3.917,30.2,29.1,28.4,28.6,True
2026-08-26 15:29:16.259,28.9,0.0,30.1,0.0,2.448,1.481,3.901,3.924,3.911,3.925,3.91,3.929,3.917,30.1,29.1,28.4,28.6,True
2026-08-26 15:29:18.736,28.9,0.0,30.2,0.0,2.448,1.481,3.901,3.924,3.911,3.925,3.91,3.929,3.917,30.2,29.1,28.5,28.5,True
2026-08-26 15:29:21.349,28.9,0.0,30.2,0.0,2.447,1.481,3.9,3.924,3.911,3.925,3.91,3.928,3.918,30.2,29.1,28.4,28.6,True
2026-08-26 15:29:23.866,28.9,0.0,30.2,0.0,2.448,1.48,3.901,3.924,3.911,3.925,3.91,3.928,3.917,30.2,29.1,28.5,28.6,True
2026-08-26 15:29:26.432,28.89,0.0,30.1,0.0,2.448,1.48,3.9,3.923,3.911,3.925,3.91,3.928,3.917,30.1,29.1,28.5,28.6,True
2026-08-26 15:29:29.011,28.9,0.0,30.2,0.0,2.449,1.48,3.901,3.924,3.911,3.925,3.91,3.929,3.917,30.2,29.0,28.6,28.5,True
2026-08-26 15:29:31.605,28.9,0.0,30.0,0.0,2.449,1.48,3.901,3.924,3.911,3.925,3.91,3.929,3.918,30.0,29.1,28.5,28.6,True
2026-08-26 15:29:34.200,28.9,0.0,30.2,0.0,2.449,1.48,3.901,3.924,3.911,3.925,3.91,3.929,3.918,30.2,29.1,28.5,28.6,True
2026-08-26 15:29:36.825,28.9,0.0,30.2,0.0,2.448,1.48,3.9,3.924,3.911,3.925,3.91,3.928,3.918,30.2,29.0,28.6,28.5,True
2026-08-26 15:29:39.351,28.9,0.0,30.2,0.0,2.449,1.48,3.9,3.924,3.911,3.925,3.91,3.929,3.918,30.2,29.0,28.5,28.5,True
2026-08-26 15:29:41.983,28.9,0.0,30.2,0.0,2.448,1.48,3.9,3.924,3.911,3.925,3.91,3.928,3.918,30.2,29.0,28.5,28.5,True
2026-08-26 15:29:44.283,28.9,0.0,30.1,0.0,2.449,1.48,3.9,3.924,3.911,3.925,3.91,3.929,3.918,30.1,29.0,28.5,28.5,True
2026-08-26 15:29:46.862,28.9,0.0,30.2,0.0,2.449,1.48,3.9,3.924,3.911,3.925,3.91,3.929,3.918,30.2,29.0,28.5,28.6,True
2026-08-26 15:29:49.014,28.89,0.0,30.1,0.0,2.449,1.479,3.9,3.924,3.911,3.925,3.91,3.928,3.918,30.1,29.1,28.4,28.6,True
2026-08-26 15:29:50.752,28.89,0.0,30.2,0.0,2.449,1.479,3.9,3.924,3.911,3.925,3.91,3.928,3.918,30.2,29.0,28.5,28.5,True
2026-08-26 15:29:52.930,28.89,0.0,30.1,0.0,2.45,1.479,3.9,3.924,3.911,3.925,3.909,3.929,3.917,30.1,29.1,28.4,28.6,True
2026-08-26 15:29:55.819,28.89,0.0,30.0,0.0,2.45,1.479,3.9,3.923,3.911,3.925,3.909,3.929,3.917,30.0,29.0,28.6,28.5,True
2026-08-26 15:29:58.628,28.89,0.0,30.0,0.0,2.449,1.479,3.9,3.924,3.911,3.925,3.91,3.928,3.917,30.0,29.0,28.6,28.5,True
2026-08-26 15:30:01.385,28.89,0.0,30.2,0.0,2.45,1.479,3.9,3.924,3.911,3.925,3.91,3.929,3.917,30.2,29.1,28.5,28.6,True
2026-08-26 15:30:04.186,28.89,0.0,30.2,0.0,2.449,1.479,3.9,3.923,3.911,3.925,3.91,3.928,3.918,30.2,29.0,28.5,28.5,True
2026-08-26 15:30:07.013,28.89,0.0,30.2,0.0,2.449,1.479,3.9,3.924,3.911,3.925,3.91,3.928,3.917,30.2,29.0,28.5,28.6,True
2026-08-26 15:30:09.720,28.89,0.0,30.1,0.0,2.449,1.479,3.9,3.924,3.911,3.925,3.91,3.928,3.917,30.1,29.0,28.5,28.4,True
2026-08-26 15:30:12.269,28.89,0.0,30.2,0.0,2.45,1.478,3.9,3.924,3.911,3.925,3.91,3.928,3.918,30.2,29.0,28.5,28.6,True
2026-08-26 15:30:14.906,28.89,0.0,30.2,0.0,2.451,1.478,3.9,3.923,3.911,3.925,3.91,3.929,3.917,30.2,29.0,28.4,28.5,True
2026-08-26 15:30:17.748,28.89,0.0,30.2,0.0,2.451,1.478,3.9,3.924,3.911,3.925,3.91,3.929,3.917,30.2,29.0,28.4,28.5,True
2026-08-26 15:30:20.619,28.89,0.0,30.1,0.0,2.45,1.478,3.9,3.924,3.911,3.925,3.909,3.928,3.917,30.1,29.1,28.4,28.6,True
2026-08-26 15:30:23.579,28.89,0.0,30.1,0.0,2.45,1.478,3.9,3.924,3.911,3.925,3.91,3.928,3.918,30.1,29.1,28.4,28.6,True
2026-08-26 15:30:27.147,28.89,0.0,30.2,0.0,2.45,1.478,3.9,3.923,3.911,3.925,3.909,3.928,3.917,30.2,29.0,28.5,28.6,True
2026-08-26 15:30:30.621,28.89,0.0,30.2,0.0,2.45,1.478,3.901,3.924,3.911,3.925,3.91,3.928,3.917,30.2,29.0,28.5,28.6,True
2026-08-26 15:30:34.258,28.89,0.0,30.0,0.0,2.45,1.478,3.9,3.924,3.911,3.925,3.91,3.928,3.917,30.0,29.1,28.4,28.6,True
2026-08-26 15:30:38.152,28.89,0.0,30.1,0.0,2.451,1.477,3.9,3.924,3.911,3.925,3.91,3.928,3.918,30.1,29.1,28.4,28.6,True
2026-08-26 15:30:41.183,28.89,0.0,30.2,0.0,2.452,1.477,3.9,3.924,3.911,3.925,3.909,3.929,3.917,30.2,29.0,28.5,28.5,True
2026-08-26 15:30:43.810,28.89,0.0,30.1,0.0,2.452,1.477,3.9,3.923,3.91,3.925,3.91,3.929,3.918,30.1,29.0,28.6,28.5,True
2026-08-26 15:30:46.426,28.89,0.0,30.2,0.0,2.451,1.477,3.9,3.924,3.911,3.925,3.91,3.928,3.918,30.2,29.1,28.5,28.6,True
2026-08-26 15:30:49.590,28.89,0.0,30.2,0.0,2.451,1.477,3.9,3.924,3.911,3.925,3.91,3.928,3.918,30.2,29.0,28.5,28.5,True
2026-08-26 15:30:52.401,28.89,0.0,30.3,0.0,2.452,1.477,3.9,3.924,3.911,3.925,3.91,3.929,3.918,30.3,28.9,28.6,28.6,True
2026-08-26 15:30:55.237,28.89,0.0,30.3,0.0,2.451,1.477,3.901,3.924,3.911,3.925,3.909,3.928,3.917,30.3,28.9,28.6,28.6,True
2026-08-26 15:30:58.144,28.89,0.0,30.2,0.0,2.452,1.477,3.9,3.923,3.911,3.925,3.909,3.929,3.918,30.2,29.1,28.4,28.6,True
2026-08-26 15:31:00.932,28.89,0.0,30.1,0.0,2.451,1.477,3.9,3.923,3.911,3.925,3.91,3.928,3.917,30.1,29.1,28.5,28.6,True
2026-08-26 15:31:03.707,28.89,0.0,30.2,0.0,2.452,1.477,3.9,3.924,3.911,3.925,3.91,3.929,3.917,30.2,29.0,28.5,28.6,True
2026-08-26 15:31:06.604,28.89,0.0,30.2,0.0,2.452,1.476,3.9,3.924,3.911,3.925,3.91,3.928,3.918,30.2,29.0,28.5,28.6,True
2026-08-26 15:31:09.492,28.89,0.0,30.2,0.0,2.452,1.476,3.9,3.924,3.911,3.925,3.91,3.928,3.917,30.2,29.0,28.4,28.6,True
2026-08-26 15:31:12.354,28.89,0.0,30.2,0.0,2.453,1.476,3.9,3.924,3.911,3.925,3.91,3.929,3.917,30.2,29.1,28.5,28.5,True
2026-08-26 15:31:15.180,28.89,0.0,30.1,0.0,2.453,1.476,3.9,3.924,3.911,3.925,3.909,3.929,3.917,30.1,29.1,28.5,28.6,True
2026-08-26 15:31:18.150,28.89,0.0,30.2,0.0,2.453,1.476,3.9,3.924,3.911,3.925,3.909,3.929,3.917,30.2,29.0,28.5,28.5,True
2026-08-26 15:31:20.869,28.89,0.0,30.2,0.0,2.452,1.476,3.9,3.924,3.911,3.925,3.91,3.928,3.918,30.2,29.0,28.5,28.6,True
2026-08-26 15:31:23.838,28.89,0.0,30.2,0.0,2.452,1.476,3.9,3.924,3.911,3.925,3.91,3.928,3.917,30.2,29.0,28.5,28.5,True
2026-08-26 15:31:26.673,28.89,0.0,30.2,0.0,2.452,1.476,3.9,3.924,3.91,3.925,3.909,3.928,3.918,30.2,29.0,28.5,28.6,True
2026-08-26 15:31:29.641,28.89,0.0,30.2,0.0,2.452,1.476,3.9,3.923,3.911,3.925,3.91,3.928,3.917,30.2,29.0,28.5,28.5,True
2026-08-26 15:31:32.503,28.89,0.0,30.2,0.0,2.452,1.476,3.9,3.923,3.911,3.925,3.91,3.928,3.917,30.2,29.0,28.5,28.5,True
2026-08-26 15:31:35.364,28.89,0.0,30.1,0.0,2.453,1.475,3.9,3.924,3.911,3.924,3.91,3.928,3.918,30.1,29.0,28.5,28.5,True
2026-08-26 15:31:38.409,28.89,0.0,30.2,0.0,2.454,1.475,3.9,3.924,3.911,3.925,3.91,3.929,3.917,30.2,29.0,28.6,28.4,True
2026-08-26 15:31:41.427,28.89,0.0,30.2,0.0,2.454,1.475,3.9,3.924,3.911,3.925,3.91,3.929,3.917,30.2,29.0,28.6,28.4,True
2026-08-26 15:31:44.187,28.89,0.0,30.2,0.0,2.453,1.475,3.9,3.924,3.911,3.925,3.91,3.928,3.917,30.2,29.0,28.6,28.5,True
2026-08-26 15:31:47.171,28.89,0.0,30.2,0.0,2.453,1.475,3.9,3.924,3.911,3.925,3.91,3.928,3.917,30.2,29.1,28.5,28.6,True
2026-08-26 15:31:50.108,28.89,0.0,30.2,0.0,2.453,1.475,3.9,3.924,3.911,3.925,3.91,3.928,3.917,30.2,29.1,28.4,28.6,True
2026-08-26 15:31:52.935,28.89,0.0,30.2,0.0,2.453,1.475,3.9,3.924,3.911,3.924,3.91,3.928,3.917,30.2,29.1,28.4,28.6,True
2026-08-26 15:31:55.849,28.89,0.0,30.2,0.0,2.454,1.474,3.901,3.924,3.911,3.925,3.909,3.928,3.918,30.2,29.1,28.4,28.6,True
2026-08-26 15:31:58.676,28.89,0.0,30.1,0.0,2.454,1.474,3.9,3.924,3.911,3.925,3.909,3.928,3.917,30.1,29.0,28.5,28.5,True
2026-08-26 15:32:01.530,28.89,0.0,30.2,0.0,2.454,1.474,3.9,3.924,3.911,3.925,3.909,3.928,3.917,30.2,29.1,28.5,28.5,True
2026-08-26 15:32:04.375,28.89,0.0,30.2,0.0,2.454,1.474,3.9,3.924,3.911,3.925,3.91,3.928,3.917,30.2,29.1,28.4,28.6,True
2026-08-26 15:32:07.441,28.89,0.0,30.2,0.0,2.455,1.474,3.9,3.924,3.911,3.925,3.91,3.929,3.917,30.2,29.1,28.4,28.6,True
2026-08-26 15:32:10.434,28.89,0.0,30.2,0.0,2.454,1.474,3.9,3.924,3.911,3.925,3.909,3.928,3.917,30.2,29.0,28.5,28.6,True
2026-08-26 15:32:13.382,28.89,0.0,30.2,0.0,2.454,1.474,3.9,3.924,3.911,3.925,3.909,3.928,3.917,30.2,29.1,28.4,28.6,True
2026-08-26 15:32:16.308,28.89,0.0,30.2,0.0,2.455,1.474,3.9,3.924,3.911,3.925,3.91,3.929,3.917,30.2,29.0,28.5,28.5,True
2026-08-26 15:32:19.224,28.89,0.0,30.2,0.0,2.456,1.473,3.9,3.924,3.911,3.925,3.91,3.929,3.919,30.2,29.0,28.5,28.5,True
2026-08-26 15:32:22.100,28.89,0.0,30.2,0.0,2.456,1.473,3.9,3.924,3.911,3.925,3.91,3.929,3.919,30.2,29.0,28.6,28.5,True
2026-08-26 15:32:25.059,28.89,0.0,30.2,0.0,2.455,1.473,3.9,3.924,3.911,3.925,3.91,3.928,3.917,30.2,29.1,28.5,28.6,True
2026-08-26 15:32:27.921,28.89,0.0,30.2,0.0,2.455,1.473,3.9,3.924,3.911,3.925,3.91,3.928,3.917,30.2,29.1,28.5,28.6,True
2026-08-26 15:32:31.009,28.89,0.0,30.1,0.0,2.455,1.473,3.9,3.924,3.911,3.925,3.91,3.928,3.917,30.1,29.1,28.3,28.7,True
2026-08-26 15:32:33.804,28.89,0.0,30.2,0.0,2.455,1.473,3.9,3.923,3.911,3.925,3.91,3.928,3.917,30.2,29.1,28.5,28.5,True
2026-08-26 15:32:36.714,28.89,0.0,30.2,0.0,2.456,1.473,3.9,3.924,3.911,3.925,3.91,3.929,3.918,30.2,29.0,28.5,28.5,True
2026-08-26 15:32:39.619,28.89,0.0,30.2,0.0,2.456,1.473,3.9,3.924,3.911,3.925,3.91,3.929,3.918,30.2,29.1,28.5,28.6,True
2026-08-26 15:32:42.790,28.89,0.0,30.2,0.0,2.455,1.473,3.9,3.924,3.911,3.925,3.909,3.928,3.917,30.2,29.1,28.4,28.6,True
2026-08-26 15:32:45.645,28.89,0.0,30.0,0.0,2.457,1.472,3.9,3.924,3.911,3.925,3.91,3.929,3.918,30.0,29.2,28.4,28.6,True
2026-08-26 15:32:48.470,28.89,0.0,30.2,0.0,2.456,1.472,3.9,3.924,3.911,3.925,3.91,3.928,3.918,30.2,29.1,28.4,28.6,True
2026-08-26 15:32:51.337,28.89,0.0,30.2,0.0,2.457,1.472,3.9,3.923,3.911,3.925,3.91,3.929,3.917,30.2,29.1,28.4,28.6,True
2026-08-26 15:32:54.234,28.88,0.0,30.0,0.0,2.456,1.472,3.9,3.923,3.911,3.925,3.909,3.928,3.917,30.0,29.2,28.4,28.6,True
2026-08-26 15:32:57.232,28.89,0.0,30.0,0.0,2.456,1.472,3.9,3.923,3.911,3.925,3.91,3.928,3.918,30.0,29.2,28.4,28.6,True
2026-08-26 15:33:00.121,28.89,0.0,30.1,0.0,2.457,1.472,3.9,3.924,3.911,3.925,3.91,3.929,3.917,30.1,29.0,28.5,28.5,True
2026-08-26 15:33:03.105,28.89,0.0,30.1,0.0,2.456,1.472,3.9,3.924,3.911,3.925,3.91,3.928,3.918,30.1,29.0,28.5,28.5,True
2026-08-26 15:33:06.083,28.89,0.0,30.2,0.0,2.457,1.471,3.9,3.924,3.911,3.925,3.909,3.928,3.918,30.2,29.0,28.6,28.5,True
2026-08-26 15:33:09.043,28.89,0.0,30.2,0.0,2.457,1.471,3.901,3.923,3.911,3.925,3.91,3.928,3.918,30.2,29.1,28.5,28.6,True
2026-08-26 15:33:12.010,28.89,0.0,30.2,0.0,2.457,1.471,3.901,3.923,3.911,3.925,3.91,3.928,3.917,30.2,29.1,28.5,28.5,True
2026-08-26 15:33:14.967,28.88,0.0,30.1,0.0,2.457,1.471,3.9,3.923,3.911,3.924,3.909,3.928,3.918,30.1,29.1,28.4,28.7,True
2026-08-26 15:33:17.888,28.89,0.0,30.2,0.0,2.457,1.471,3.9,3.924,3.911,3.925,3.909,3.928,3.918,30.2,29.1,28.5,28.5,True
2026-08-26 15:33:20.830,28.89,0.0,30.2,0.0,2.457,1.471,3.9,3.924,3.911,3.925,3.909,3.928,3.918,30.2,29.0,28.6,28.5,True
2026-08-26 15:33:23.942,28.88,0.0,30.1,0.0,2.457,1.471,3.9,3.923,3.911,3.925,3.91,3.928,3.917,30.1,29.1,28.4,28.7,True
2026-08-26 15:33:26.864,28.88,0.0,30.2,0.0,2.457,1.471,3.9,3.923,3.911,3.925,3.91,3.928,3.917,30.2,29.0,28.5,28.6,True
2026-08-26 15:33:29.781,28.89,0.0,30.2,0.0,2.457,1.471,3.901,3.924,3.911,3.925,3.909,3.928,3.918,30.2,29.0,28.6,28.5,True
2026-08-26 15:33:32.852,28.88,0.0,30.2,0.0,2.457,1.471,3.9,3.923,3.911,3.924,3.91,3.928,3.917,30.2,29.0,28.6,28.5,True
2026-08-26 15:33:35.713,28.89,0.0,30.1,0.0,2.459,1.47,3.9,3.924,3.911,3.925,3.91,3.929,3.918,30.1,29.1,28.4,28.6,True
2026-08-26 15:33:38.762,28.88,0.0,30.1,0.0,2.458,1.47,3.9,3.924,3.911,3.925,3.91,3.928,3.917,30.1,29.1,28.4,28.6,True
2026-08-26 15:33:41.721,28.88,0.0,30.0,0.0,2.458,1.47,3.9,3.924,3.911,3.925,3.91,3.928,3.917,30.0,29.2,28.5,28.5,True
2026-08-26 15:33:44.807,28.88,0.0,30.2,0.0,2.458,1.47,3.9,3.924,3.911,3.925,3.91,3.928,3.917,30.2,29.1,28.5,28.6,True
2026-08-26 15:33:47.871,28.88,0.0,30.2,0.0,2.458,1.47,3.901,3.923,3.911,3.925,3.91,3.928,3.917,30.2,29.0,28.5,28.6,True
2026-08-26 15:33:50.897,28.88,0.0,30.2,0.0,2.458,1.47,3.901,3.923,3.911,3.925,3.91,3.928,3.917,30.2,29.0,28.6,28.5,True
2026-08-26 15:33:53.945,28.88,0.0,30.1,0.0,2.459,1.469,3.9,3.924,3.91,3.925,3.909,3.928,3.917,30.1,29.1,28.5,28.5,True
2026-08-26 15:33:57.008,28.88,0.0,30.2,0.0,2.459,1.469,3.9,3.924,3.91,3.925,3.909,3.928,3.917,30.2,29.0,28.5,28.5,True
2026-08-26 15:33:59.895,28.88,0.0,30.2,0.0,2.459,1.469,3.9,3.924,3.911,3.925,3.91,3.928,3.917,30.2,29.1,28.5,28.5,True
2026-08-26 15:34:02.885,28.88,0.0,30.2,0.0,2.459,1.469,3.9,3.924,3.911,3.925,3.91,3.928,3.917,30.2,29.1,28.5,28.6,True
2026-08-26 15:34:05.929,28.88,0.0,30.2,0.0,2.459,1.469,3.9,3.923,3.911,3.925,3.909,3.928,3.918,30.2,29.1,28.5,28.6,True
2026-08-26 15:34:08.873,28.88,0.0,30.2,0.0,2.459,1.469,3.9,3.923,3.911,3.925,3.909,3.928,3.918,30.2,29.1,28.5,28.6,True
2026-08-26 15:34:11.842,28.88,0.0,30.2,0.0,2.46,1.469,3.9,3.924,3.911,3.925,3.909,3.929,3.917,30.2,29.1,28.5,28.6,True
2026-08-26 15:34:15.009,28.88,0.0,30.1,0.0,2.46,1.469,3.9,3.924,3.911,3.925,3.909,3.929,3.917,30.1,29.1,28.5,28.6,True
2026-08-26 15:34:18.372,28.88,0.0,30.3,0.0,2.459,1.469,3.9,3.923,3.911,3.925,3.909,3.928,3.917,30.3,29.0,28.5,28.6,True
2026-08-26 15:34:21.272,28.88,0.0,30.2,0.0,2.46,1.468,3.9,3.924,3.911,3.925,3.91,3.928,3.917,30.2,29.0,28.6,28.5,True
2026-08-26 15:34:24.155,28.88,0.0,30.1,0.0,2.46,1.468,3.9,3.923,3.911,3.925,3.909,3.928,3.918,30.1,29.1,28.4,28.7,True
2026-08-26 15:34:27.076,28.88,0.0,30.1,0.0,2.461,1.468,3.9,3.924,3.911,3.924,3.91,3.929,3.918,30.1,29.1,28.5,28.6,True
2026-08-26 15:34:30.057,28.88,0.0,30.2,0.0,2.461,1.468,3.9,3.924,3.911,3.924,3.91,3.929,3.918,30.2,29.0,28.5,28.5,True
2026-08-26 15:34:33.293,28.88,0.0,30.3,0.0,2.46,1.468,3.9,3.924,3.911,3.925,3.909,3.928,3.918,30.3,29.0,28.6,28.5,True
2026-08-26 15:34:36.205,28.88,0.0,30.2,0.0,2.46,1.468,3.9,3.923,3.911,3.925,3.91,3.928,3.918,30.2,29.1,28.5,28.5,True
2026-08-26 15:34:39.170,28.88,0.0,30.1,0.0,2.46,1.468,3.9,3.923,3.911,3.925,3.91,3.928,3.918,30.1,29.1,28.5,28.6,True
2026-08-26 15:34:42.384,28.88,0.0,30.3,0.0,2.46,1.468,3.9,3.924,3.911,3.925,3.91,3.928,3.918,30.3,29.0,28.6,28.5,True
2026-08-26 15:34:45.220,28.88,0.0,30.2,0.0,2.46,1.468,3.9,3.924,3.911,3.925,3.91,3.928,3.918,30.2,29.1,28.4,28.6,True
2026-08-26 15:34:48.193,28.88,0.0,30.2,0.0,2.462,1.467,3.9,3.924,3.911,3.925,3.91,3.929,3.917,30.2,29.1,28.4,28.6,True
2026-08-26 15:34:51.143,28.88,0.0,30.2,0.0,2.461,1.467,3.9,3.923,3.911,3.925,3.91,3.928,3.918,30.2,29.1,28.4,28.6,True
2026-08-26 15:34:54.259,28.88,0.0,30.1,0.0,2.461,1.467,3.9,3.923,3.91,3.925,3.91,3.928,3.917,30.1,29.1,28.5,28.6,True
2026-08-26 15:34:57.242,28.88,0.0,30.3,0.0,2.461,1.467,3.9,3.923,3.91,3.925,3.91,3.928,3.917,30.3,29.0,28.6,28.5,True
2026-08-26 15:35:00.144,28.88,0.0,30.2,0.0,2.461,1.467,3.9,3.923,3.911,3.925,3.909,3.928,3.918,30.2,29.0,28.5,28.6,True
2026-08-26 15:35:03.153,28.88,0.0,30.2,0.0,2.461,1.467,3.9,3.923,3.911,3.925,3.91,3.928,3.918,30.2,29.1,28.4,28.6,True
2026-08-26 15:35:06.197,28.88,0.0,30.1,0.0,2.462,1.466,3.9,3.924,3.91,3.925,3.91,3.928,3.917,30.1,29.2,28.5,28.6,True
2026-08-26 15:35:09.094,28.88,0.0,30.2,0.0,2.462,1.466,3.9,3.924,3.911,3.925,3.91,3.928,3.917,30.2,29.1,28.5,28.5,True
2026-08-26 15:35:11.947,28.88,0.0,30.2,0.0,2.462,1.466,3.9,3.923,3.911,3.925,3.909,3.928,3.917,30.2,29.1,28.5,28.6,True
2026-08-26 15:35:14.900,28.88,0.0,30.2,0.0,2.462,1.466,3.9,3.923,3.911,3.925,3.909,3.928,3.917,30.2,29.0,28.6,28.5,True
2026-08-26 15:35:17.866,28.88,0.0,30.2,0.0,2.462,1.466,3.9,3.923,3.911,3.925,3.909,3.928,3.917,30.2,29.1,28.5,28.6,True
2026-08-26 15:35:20.976,28.88,0.0,30.0,0.0,2.462,1.466,3.901,3.924,3.911,3.925,3.91,3.928,3.917,30.0,29.1,28.4,28.6,True
2026-08-26 15:35:23.957,28.88,0.0,30.2,0.0,2.462,1.466,3.901,3.924,3.911,3.925,3.91,3.928,3.917,30.2,29.1,28.5,28.5,True
2026-08-26 15:35:26.961,28.88,0.0,30.2,0.0,2.462,1.466,3.9,3.923,3.911,3.925,3.91,3.928,3.917,30.2,29.1,28.5,28.6,True
2026-08-26 15:35:29.907,28.88,0.0,30.2,0.0,2.462,1.466,3.9,3.923,3.911,3.925,3.91,3.928,3.917,30.2,29.1,28.5,28.6,True
2026-08-26 15:35:32.785,28.88,0.0,30.1,0.0,2.462,1.466,3.9,3.924,3.912,3.925,3.91,3.928,3.917,30.1,29.1,28.4,28.6,True
2026-08-26 15:35:35.666,28.88,0.0,30.2,0.0,2.462,1.466,3.9,3.924,3.911,3.925,3.909,3.928,3.917,30.2,29.1,28.5,28.5,True
2026-08-26 15:35:38.517,28.88,0.0,30.2,0.0,2.463,1.465,3.9,3.923,3.911,3.925,3.91,3.928,3.917,30.2,29.0,28.5,28.5,True
2026-08-26 15:35:41.371,28.88,0.0,30.2,0.0,2.463,1.465,3.9,3.924,3.911,3.925,3.909,3.928,3.917,30.2,29.0,28.5,28.5,True
2026-08-26 15:35:44.400,28.88,0.0,30.2,0.0,2.463,1.465,3.9,3.924,3.911,3.925,3.909,3.928,3.917,30.2,29.1,28.5,28.6,True
2026-08-26 15:35:47.342,28.88,0.0,30.0,0.0,2.463,1.465,3.9,3.924,3.911,3.925,3.909,3.928,3.917,30.0,29.1,28.5,28.6,True
2026-08-26 15:35:50.194,28.88,0.0,30.1,0.0,2.463,1.465,3.9,3.924,3.911,3.925,3.91,3.928,3.917,30.1,29.1,28.5,28.6,True
2026-08-26 15:35:53.102,28.88,0.0,30.2,0.0,2.463,1.465,3.9,3.923,3.911,3.925,3.909,3.928,3.917,30.2,29.1,28.5,28.5,True
2026-08-26 15:35:55.822,28.88,0.0,30.2,0.0,2.464,1.465,3.9,3.924,3.911,3.925,3.909,3.929,3.917,30.2,29.1,28.5,28.5,True
2026-08-26 15:35:58.560,28.88,0.0,30.2,0.0,2.464,1.465,3.9,3.924,3.911,3.925,3.909,3.929,3.917,30.2,29.1,28.5,28.6,True
2026-08-26 15:36:01.588,28.88,0.0,30.2,0.0,2.463,1.465,3.9,3.924,3.911,3.925,3.909,3.928,3.917,30.2,29.1,28.5,28.6,True
2026-08-26 15:36:04.529,28.88,0.0,30.1,0.0,2.465,1.464,3.901,3.924,3.911,3.925,3.91,3.929,3.917,30.1,29.1,28.5,28.6,True
2026-08-26 15:36:07.536,28.88,0.0,30.2,0.0,2.464,1.464,3.9,3.923,3.911,3.925,3.91,3.928,3.917,30.2,29.0,28.6,28.5,True
2026-08-26 15:36:10.485,28.88,0.0,30.2,0.0,2.464,1.464,3.9,3.923,3.911,3.925,3.91,3.928,3.917,30.2,29.0,28.5,28.5,True
2026-08-26 15:36:13.420,28.88,0.0,30.3,0.0,2.464,1.464,3.9,3.924,3.911,3.925,3.909,3.928,3.917,30.3,29.0,28.6,28.6,True
2026-08-26 15:36:16.550,28.88,0.0,30.2,0.0,2.464,1.464,3.9,3.923,3.911,3.925,3.91,3.928,3.917,30.2,29.1,28.5,28.6,True
2026-08-26 15:36:19.265,28.88,0.0,30.2,0.0,2.464,1.464,3.9,3.923,3.911,3.925,3.91,3.928,3.917,30.2,29.1,28.5,28.6,True
2026-08-26 15:36:22.187,28.88,0.0,30.2,0.0,2.464,1.464,3.9,3.924,3.911,3.925,3.91,3.928,3.918,30.2,29.1,28.5,28.6,True
2026-08-26 15:36:25.169,28.88,0.0,30.2,0.0,2.465,1.463,3.9,3.924,3.911,3.925,3.91,3.928,3.917,30.2,29.1,28.5,28.6,True
2026-08-26 15:36:27.972,28.88,0.0,30.2,0.0,2.465,1.463,3.9,3.924,3.911,3.925,3.91,3.928,3.917,30.2,29.0,28.6,28.5,True
2026-08-26 15:36:30.846,28.88,0.0,30.2,0.0,2.465,1.463,3.9,3.923,3.911,3.925,3.909,3.928,3.918,30.2,29.1,28.6,28.6,True
2026-08-26 15:36:33.879,28.88,0.0,30.3,0.0,2.465,1.463,3.9,3.923,3.911,3.925,3.91,3.928,3.917,30.3,29.0,28.6,28.5,True
2026-08-26 15:36:36.811,28.88,0.0,30.1,0.0,2.465,1.463,3.9,3.923,3.911,3.925,3.91,3.928,3.917,30.1,29.0,28.4,28.6,True
2026-08-26 15:36:39.574,28.88,0.0,30.2,0.0,2.465,1.463,3.9,3.924,3.911,3.925,3.909,3.928,3.917,30.2,29.0,28.5,28.6,True
2026-08-26 15:36:42.475,28.88,0.0,30.2,0.0,2.465,1.463,3.9,3.924,3.911,3.925,3.909,3.928,3.917,30.2,29.0,28.5,28.6,True
2026-08-26 15:36:45.235,28.88,0.0,30.0,0.0,2.465,1.463,3.9,3.924,3.911,3.925,3.91,3.928,3.917,30.0,29.1,28.5,28.6,True
2026-08-26 15:36:48.094,28.88,0.0,30.2,0.0,2.465,1.463,3.9,3.924,3.911,3.925,3.91,3.928,3.917,30.2,29.1,28.5,28.6,True
2026-08-26 15:36:50.985,28.88,0.0,30.0,0.0,2.465,1.463,3.9,3.923,3.911,3.925,3.909,3.928,3.917,30.0,29.2,28.4,28.6,True
2026-08-26 15:36:53.929,28.88,0.0,30.1,0.0,2.465,1.463,3.9,3.924,3.911,3.925,3.91,3.928,3.918,30.1,29.1,28.4,28.6,True
2026-08-26 15:36:56.549,28.88,0.0,30.2,0.0,2.466,1.462,3.9,3.924,3.911,3.925,3.91,3.928,3.917,30.2,29.1,28.5,28.5,True
2026-08-26 15:36:59.437,28.88,0.0,30.2,0.0,2.466,1.462,3.9,3.924,3.911,3.925,3.909,3.928,3.918,30.2,29.1,28.5,28.6,True
2026-08-26 15:37:02.326,28.88,0.0,30.2,0.0,2.466,1.462,3.9,3.924,3.911,3.925,3.91,3.928,3.917,30.2,29.1,28.5,28.6,True
2026-08-26 15:37:05.063,28.88,0.0,30.2,0.0,2.466,1.462,3.9,3.924,3.911,3.925,3.91,3.928,3.918,30.2,29.1,28.5,28.6,True
2026-08-26 15:37:07.661,28.88,0.0,30.1,0.0,2.466,1.462,3.9,3.924,3.911,3.925,3.91,3.928,3.918,30.1,29.0,28.5,28.6,True
2026-08-26 15:37:10.553,28.88,0.0,30.2,0.0,2.466,1.462,3.9,3.924,3.911,3.925,3.91,3.928,3.917,30.2,29.0,28.5,28.5,True
2026-08-26 15:37:13.261,28.88,0.0,30.2,0.0,2.466,1.462,3.9,3.924,3.911,3.925,3.91,3.928,3.917,30.2,29.0,28.5,28.6,True
2026-08-26 15:37:15.919,28.88,0.0,30.2,0.0,2.467,1.461,3.9,3.923,3.911,3.925,3.91,3.928,3.918,30.2,29.0,28.5,28.6,True
2026-08-26 15:37:18.571,28.88,0.0,30.2,0.0,2.467,1.461,3.9,3.923,3.911,3.925,3.91,3.928,3.918,30.2,29.1,28.5,28.5,True
2026-08-26 15:37:21.402,28.88,0.0,30.1,0.0,2.467,1.461,3.9,3.924,3.911,3.925,3.909,3.928,3.918,30.1,29.1,28.5,28.6,True
2026-08-26 15:37:24.197,28.88,0.0,30.1,0.0,2.467,1.461,3.9,3.924,3.911,3.925,3.909,3.928,3.918,30.1,29.1,28.5,28.5,True
2026-08-26 15:37:27.125,28.87,0.0,30.2,0.0,2.467,1.461,3.9,3.923,3.91,3.925,3.909,3.928,3.917,30.2,29.1,28.5,28.6,True
2026-08-26 15:37:29.821,28.87,0.0,30.2,0.0,2.467,1.461,3.9,3.923,3.91,3.925,3.909,3.928,3.917,30.2,29.0,28.5,28.5,True
2026-08-26 15:37:32.792,28.88,0.0,30.1,0.0,2.467,1.461,3.9,3.924,3.911,3.925,3.91,3.928,3.917,30.1,29.1,28.5,28.5,True
2026-08-26 15:37:35.471,28.88,0.0,30.2,0.0,2.468,1.461,3.9,3.924,3.911,3.924,3.909,3.929,3.917,30.2,29.0,28.5,28.6,True
2026-08-26 15:37:38.081,28.88,0.0,30.2,0.0,2.467,1.461,3.9,3.924,3.911,3.925,3.91,3.928,3.917,30.2,29.0,28.5,28.5,True
2026-08-26 15:37:40.756,28.88,0.0,30.2,0.0,2.467,1.461,3.9,3.924,3.911,3.925,3.91,3.928,3.917,30.2,29.0,28.5,28.6,True
2026-08-26 15:37:43.467,28.87,0.0,30.1,0.0,2.468,1.46,3.9,3.923,3.911,3.925,3.909,3.928,3.917,30.1,29.2,28.5,28.6,True
2026-08-26 15:37:46.175,28.87,0.0,30.2,0.0,2.468,1.46,3.9,3.923,3.911,3.925,3.909,3.928,3.917,30.2,29.0,28.6,28.5,True
2026-08-26 15:37:48.791,28.87,0.0,30.2,0.0,2.468,1.46,3.9,3.923,3.911,3.925,3.91,3.928,3.917,30.2,29.1,28.5,28.5,True
2026-08-26 15:37:51.691,28.87,0.0,30.1,0.0,2.468,1.46,3.9,3.923,3.911,3.925,3.91,3.928,3.917,30.1,29.1,28.4,28.6,True
2026-08-26 15:37:54.289,28.87,0.0,30.2,0.0,2.468,1.46,3.9,3.923,3.911,3.924,3.909,3.928,3.917,30.2,29.1,28.6,28.5,True
2026-08-26 15:37:57.101,28.87,0.0,30.2,0.0,2.468,1.46,3.9,3.923,3.911,3.925,3.909,3.928,3.917,30.2,29.1,28.6,28.5,True
2026-08-26 15:37:59.832,28.87,0.0,30.1,0.0,2.468,1.46,3.9,3.923,3.911,3.925,3.909,3.928,3.917,30.1,29.1,28.4,28.6,True
2026-08-26 15:38:02.609,28.87,0.0,30.1,0.0,2.47,1.459,3.9,3.924,3.91,3.925,3.909,3.929,3.917,30.1,29.1,28.6,28.5,True
2026-08-26 15:38:05.506,28.87,0.0,30.1,0.0,2.47,1.459,3.9,3.924,3.91,3.925,3.909,3.929,3.917,30.1,29.1,28.5,28.6,True
2026-08-26 15:38:08.344,28.87,0.0,30.1,0.0,2.469,1.459,3.901,3.924,3.911,3.925,3.909,3.928,3.917,30.1,29.1,28.4,28.6,True
2026-08-26 15:38:11.221,28.87,0.0,30.1,0.0,2.47,1.459,3.9,3.924,3.911,3.925,3.909,3.929,3.917,30.1,29.2,28.4,28.7,True
2026-08-26 15:38:13.674,28.87,0.0,30.2,0.0,2.469,1.459,3.9,3.924,3.911,3.925,3.91,3.928,3.917,30.2,29.1,28.5,28.5,True
2026-08-26 15:38:15.562,28.87,0.0,30.2,0.0,2.469,1.459,3.9,3.923,3.911,3.925,3.909,3.928,3.917,30.2,29.2,28.5,28.6,True
2026-08-26 15:38:18.074,28.87,0.0,30.2,0.0,2.469,1.459,3.9,3.924,3.911,3.924,3.909,3.928,3.917,30.2,29.0,28.5,28.6,True
2026-08-26 15:38:20.986,28.87,0.0,30.2,0.0,2.469,1.459,3.9,3.924,3.911,3.924,3.909,3.928,3.917,30.2,29.0,28.5,28.6,True
2026-08-26 15:38:23.955,28.87,0.0,30.2,0.0,2.469,1.459,3.9,3.923,3.911,3.925,3.91,3.928,3.917,30.2,29.1,28.5,28.6,True
2026-08-26 15:38:27.047,28.87,0.0,30.2,0.0,2.471,1.458,3.9,3.923,3.91,3.925,3.909,3.929,3.917,30.2,29.1,28.4,28.6,True
2026-08-26 15:38:29.965,28.87,0.0,30.2,0.0,2.471,1.458,3.9,3.924,3.911,3.925,3.909,3.929,3.917,30.2,29.0,28.5,28.6,True
2026-08-26 15:38:32.895,28.87,0.0,30.1,0.0,2.47,1.458,3.9,3.923,3.91,3.925,3.909,3.928,3.917,30.1,29.2,28.4,28.7,True
2026-08-26 15:38:35.773,28.87,0.0,30.2,0.0,2.47,1.458,3.9,3.923,3.911,3.925,3.91,3.928,3.917,30.2,29.0,28.5,28.6,True
2026-08-26 15:38:38.758,28.87,0.0,30.2,0.0,2.47,1.458,3.9,3.923,3.911,3.924,3.91,3.928,3.917,30.2,29.1,28.5,28.6,True
2026-08-26 15:38:41.595,28.87,0.0,30.2,0.0,2.47,1.458,3.9,3.923,3.911,3.924,3.91,3.928,3.917,30.2,29.1,28.5,28.6,True
2026-08-26 15:38:44.383,28.87,0.0,30.1,0.0,2.471,1.457,3.9,3.924,3.911,3.925,3.91,3.928,3.917,30.1,29.1,28.4,28.6,True
2026-08-26 15:38:47.210,28.87,0.0,30.3,0.0,2.471,1.457,3.9,3.923,3.911,3.925,3.909,3.928,3.918,30.3,29.0,28.5,28.6,True
2026-08-26 15:38:50.221,28.87,0.0,30.2,0.0,2.471,1.457,3.9,3.924,3.911,3.925,3.91,3.928,3.917,30.2,29.1,28.5,28.6,True
2026-08-26 15:38:53.105,28.87,0.0,30.2,0.0,2.471,1.457,3.9,3.924,3.911,3.925,3.91,3.928,3.917,30.2,29.1,28.5,28.5,True
2026-08-26 15:38:55.983,28.87,0.0,30.2,0.0,2.471,1.457,3.9,3.924,3.911,3.925,3.91,3.928,3.918,30.2,29.1,28.5,28.6,True
2026-08-26 15:38:58.877,28.87,0.0,30.1,0.0,2.471,1.457,3.9,3.923,3.911,3.924,3.91,3.928,3.917,30.1,29.2,28.4,28.7,True
2026-08-26 15:39:00.755,28.87,0.0,30.2,0.0,2.471,1.457,3.9,3.923,3.911,3.924,3.91,3.928,3.917,30.2,29.0,28.6,28.5,True
2026-08-26 15:39:02.788,28.87,0.0,30.0,0.0,2.471,1.457,3.899,3.923,3.911,3.925,3.909,3.928,3.917,30.0,29.1,28.4,28.6,True
2026-08-26 15:39:05.713,28.87,0.0,30.1,0.0,2.471,1.457,3.9,3.923,3.911,3.925,3.909,3.928,3.917,30.1,29.1,28.5,28.5,True
2026-08-26 15:39:08.803,28.87,0.0,30.2,0.0,2.471,1.457,3.9,3.924,3.911,3.925,3.91,3.928,3.917,30.2,29.0,28.5,28.5,True
2026-08-26 15:39:11.668,28.87,0.0,30.3,0.0,2.472,1.456,3.9,3.924,3.911,3.924,3.91,3.928,3.917,30.3,29.0,28.6,28.5,True
2026-08-26 15:39:14.788,28.87,0.0,30.2,0.0,2.472,1.456,3.9,3.923,3.911,3.925,3.91,3.928,3.917,30.2,29.0,28.5,28.6,True
2026-08-26 15:39:17.805,28.87,0.0,30.2,0.0,2.472,1.456,3.9,3.923,3.91,3.925,3.909,3.928,3.917,30.2,29.1,28.5,28.6,True
2026-08-26 15:39:20.844,28.87,0.0,30.2,0.0,2.472,1.456,3.9,3.923,3.911,3.925,3.909,3.928,3.917,30.2,29.0,28.6,28.5,True
2026-08-26 15:39:23.834,28.87,0.0,30.2,0.0,2.472,1.456,3.9,3.924,3.91,3.925,3.909,3.928,3.917,30.2,29.0,28.6,28.5,True
2026-08-26 15:39:26.858,28.87,0.0,30.2,0.0,2.472,1.456,3.9,3.923,3.911,3.925,3.909,3.928,3.917,30.2,29.0,28.5,28.5,True
2026-08-26 15:39:29.345,28.87,0.0,30.2,0.0,2.472,1.456,3.9,3.923,3.911,3.925,3.91,3.928,3.917,30.2,29.0,28.5,28.5,True
2026-08-26 15:39:32.324,28.87,0.0,30.2,0.0,2.472,1.456,3.9,3.923,3.911,3.925,3.909,3.928,3.917,30.2,29.1,28.4,28.6,True
2026-08-26 15:39:35.403,28.87,0.0,30.1,0.0,2.472,1.456,3.9,3.924,3.911,3.925,3.909,3.928,3.917,30.1,29.1,28.4,28.7,True
2026-08-26 15:39:38.332,28.87,0.0,30.2,0.0,2.472,1.456,3.9,3.924,3.911,3.925,3.909,3.928,3.917,30.2,29.1,28.5,28.6,True
2026-08-26 15:39:41.408,28.87,0.0,30.0,0.0,2.473,1.455,3.9,3.923,3.911,3.925,3.909,3.928,3.917,30.0,29.2,28.4,28.7,True
2026-08-26 15:39:44.505,28.87,0.0,30.2,0.0,2.473,1.455,3.9,3.924,3.911,3.925,3.909,3.928,3.917,30.2,29.1,28.4,28.6,True
2026-08-26 15:39:47.573,28.87,0.0,30.1,0.0,2.473,1.455,3.9,3.923,3.91,3.925,3.909,3.928,3.917,30.1,29.1,28.5,28.6,True
2026-08-26 15:39:50.420,28.87,0.0,30.2,0.0,2.473,1.455,3.9,3.923,3.911,3.925,3.909,3.928,3.917,30.2,29.1,28.5,28.5,True
2026-08-26 15:39:53.508,28.87,0.0,30.2,0.0,2.473,1.455,3.9,3.923,3.911,3.925,3.909,3.928,3.917,30.2,29.1,28.5,28.6,True
2026-08-26 15:39:56.531,28.87,0.0,30.2,0.0,2.474,1.454,3.9,3.924,3.91,3.925,3.91,3.928,3.917,30.2,29.1,28.5,28.6,True
2026-08-26 15:39:59.659,28.87,0.0,30.2,0.0,2.474,1.454,3.9,3.924,3.91,3.925,3.91,3.928,3.917,30.2,29.1,28.5,28.5,True
2026-08-26 15:40:02.757,28.87,0.0,30.1,0.0,2.474,1.454,3.9,3.924,3.91,3.924,3.91,3.928,3.917,30.1,29.1,28.5,28.6,True
2026-08-26 15:40:05.702,28.87,0.0,30.1,0.0,2.473,1.455,3.9,3.923,3.911,3.925,3.909,3.928,3.917,30.1,29.1,28.5,28.6,True
2026-08-26 15:40:08.627,28.87,0.0,30.3,0.0,2.474,1.454,3.9,3.924,3.911,3.925,3.909,3.928,3.918,30.3,29.0,28.5,28.5,True
2026-08-26 15:40:11.507,28.87,0.0,30.2,0.0,2.474,1.454,3.9,3.924,3.911,3.925,3.909,3.928,3.917,30.2,29.0,28.6,28.5,True
2026-08-26 15:40:14.576,28.87,0.0,30.2,0.0,2.474,1.454,3.9,3.924,3.911,3.925,3.91,3.928,3.918,30.2,29.0,28.5,28.6,True
2026-08-26 15:40:17.579,28.87,0.0,30.2,0.0,2.474,1.454,3.9,3.924,3.911,3.925,3.91,3.928,3.918,30.2,29.1,28.5,28.6,True
2026-08-26 15:40:20.547,28.87,0.0,30.0,0.0,2.474,1.454,3.9,3.923,3.911,3.925,3.91,3.928,3.917,30.0,29.2,28.4,28.6,True
2026-08-26 15:40:23.424,28.87,0.0,30.2,0.0,2.475,1.454,3.9,3.923,3.911,3.925,3.91,3.929,3.917,30.2,29.1,28.5,28.6,True
2026-08-26 15:40:26.390,28.87,0.0,30.2,0.0,2.476,1.453,3.9,3.923,3.911,3.925,3.91,3.929,3.917,30.2,29.1,28.5,28.6,True
2026-08-26 15:40:29.307,28.86,0.0,30.2,0.0,2.475,1.453,3.9,3.923,3.91,3.925,3.909,3.928,3.917,30.2,29.1,28.4,28.6,True
2026-08-26 15:40:32.253,28.86,0.0,30.2,0.0,2.475,1.453,3.9,3.923,3.91,3.925,3.909,3.928,3.917,30.2,29.1,28.4,28.7,True
2026-08-26 15:40:35.281,28.86,0.0,30.2,0.0,2.475,1.453,3.9,3.923,3.91,3.924,3.91,3.928,3.917,30.2,29.1,28.5,28.6,True
2026-08-26 15:40:38.238,28.86,0.0,30.2,0.0,2.475,1.453,3.9,3.923,3.91,3.925,3.909,3.928,3.917,30.2,29.1,28.4,28.6,True
2026-08-26 15:40:41.345,28.87,0.0,30.2,0.0,2.475,1.453,3.9,3.923,3.911,3.925,3.909,3.928,3.917,30.2,29.1,28.5,28.6,True
2026-08-26 15:40:44.205,28.87,0.0,30.2,0.0,2.475,1.453,3.9,3.923,3.911,3.925,3.909,3.928,3.917,30.2,29.1,28.4,28.6,True
2026-08-26 15:40:47.125,28.87,0.0,30.2,0.0,2.475,1.453,3.9,3.923,3.911,3.925,3.91,3.928,3.918,30.2,29.1,28.6,28.5,True
2026-08-26 15:40:50.191,28.86,0.0,30.2,0.0,2.475,1.453,3.9,3.923,3.911,3.924,3.909,3.928,3.917,30.2,29.1,28.5,28.6,True
2026-08-26 15:40:53.268,28.87,0.0,30.2,0.0,2.476,1.453,3.9,3.923,3.911,3.925,3.909,3.929,3.917,30.2,29.1,28.5,28.6,True
2026-08-26 15:40:56.220,28.87,0.0,30.1,0.0,2.476,1.453,3.9,3.923,3.911,3.925,3.909,3.929,3.917,30.1,29.1,28.5,28.6,True
2026-08-26 15:40:59.205,28.86,0.0,30.2,0.0,2.476,1.452,3.9,3.923,3.91,3.925,3.91,3.928,3.917,30.2,29.1,28.5,28.6,True
2026-08-26 15:41:02.222,28.86,0.0,30.2,0.0,2.476,1.452,3.9,3.923,3.911,3.925,3.909,3.928,3.917,30.2,29.0,28.5,28.6,True
2026-08-26 15:41:05.086,28.86,0.0,30.2,0.0,2.476,1.452,3.9,3.923,3.911,3.925,3.909,3.928,3.917,30.2,29.1,28.5,28.6,True
2026-08-26 15:41:06.900,28.86,0.0,30.2,0.0,2.476,1.452,3.9,3.923,3.911,3.925,3.909,3.928,3.917,30.2,29.1,28.5,28.6,True
2026-08-26 15:41:08.746,28.86,0.0,30.1,0.0,2.476,1.452,3.9,3.924,3.91,3.925,3.909,3.928,3.917,30.1,29.1,28.4,28.7,True
2026-08-26 15:41:11.540,28.87,0.0,30.2,0.0,2.476,1.452,3.9,3.924,3.911,3.925,3.909,3.928,3.918,30.2,29.0,28.6,28.5,True
2026-08-26 15:41:14.438,28.86,0.0,30.2,0.0,2.476,1.452,3.9,3.923,3.911,3.925,3.909,3.928,3.917,30.2,29.1,28.5,28.6,True
2026-08-26 15:41:17.332,28.86,0.0,30.2,0.0,2.477,1.451,3.9,3.923,3.911,3.925,3.909,3.928,3.917,30.2,29.1,28.5,28.6,True
2026-08-26 15:41:20.181,28.86,0.0,30.1,0.0,2.477,1.451,3.9,3.924,3.911,3.924,3.909,3.928,3.917,30.1,29.1,28.5,28.6,True
2026-08-26 15:41:23.035,28.86,0.0,30.1,0.0,2.477,1.451,3.9,3.923,3.911,3.925,3.91,3.928,3.917,30.1,29.1,28.4,28.7,True
2026-08-26 15:41:25.961,28.86,0.0,30.3,0.0,2.477,1.451,3.9,3.923,3.911,3.925,3.909,3.928,3.917,30.3,29.0,28.5,28.6,True
2026-08-26 15:41:28.854,28.86,0.0,30.3,0.0,2.477,1.451,3.9,3.923,3.911,3.925,3.909,3.928,3.917,30.3,29.0,28.5,28.5,True
2026-08-26 15:41:31.856,28.86,0.0,30.2,0.0,2.477,1.451,3.9,3.923,3.911,3.925,3.91,3.928,3.917,30.2,29.0,28.5,28.5,True
2026-08-26 15:41:34.975,28.86,0.0,30.2,0.0,2.477,1.451,3.9,3.923,3.911,3.925,3.909,3.928,3.917,30.2,29.1,28.5,28.5,True
2026-08-26 15:41:38.356,28.86,0.0,30.3,0.0,2.477,1.451,3.9,3.923,3.91,3.924,3.909,3.928,3.917,30.3,29.0,28.6,28.6,True
2026-08-26 15:41:41.151,28.86,0.0,30.1,0.0,2.478,1.45,3.9,3.924,3.911,3.925,3.91,3.928,3.917,30.1,29.1,28.5,28.6,True
2026-08-26 15:41:44.004,28.86,0.0,30.2,0.0,2.478,1.45,3.9,3.924,3.911,3.925,3.91,3.928,3.917,30.2,29.1,28.6,28.6,True
2026-08-26 15:41:47.701,28.86,0.0,30.2,0.0,2.478,1.45,3.9,3.923,3.911,3.925,3.909,3.928,3.917,30.2,29.1,28.5,28.6,True
2026-08-26 15:41:50.987,28.86,0.0,30.1,0.0,2.478,1.45,3.9,3.923,3.911,3.925,3.909,3.928,3.917,30.1,29.2,28.5,28.6,True
2026-08-26 15:41:54.406,28.86,0.0,30.1,0.0,2.478,1.45,3.9,3.923,3.911,3.925,3.909,3.928,3.917,30.1,29.2,28.4,28.6,True
2026-08-26 15:41:59.080,28.86,0.0,30.2,0.0,2.478,1.45,3.899,3.923,3.911,3.924,3.909,3.928,3.917,30.2,29.1,28.5,28.6,True
2026-08-26 15:42:02.689,28.86,0.0,30.2,0.0,2.478,1.45,3.9,3.923,3.911,3.925,3.91,3.928,3.917,30.2,29.1,28.4,28.7,True
2026-08-26 15:42:06.610,28.86,0.0,30.2,0.0,2.479,1.449,3.9,3.923,3.911,3.925,3.909,3.928,3.917,30.2,29.1,28.6,28.6,True
2026-08-26 15:42:10.384,28.86,0.0,30.1,0.0,2.479,1.449,3.9,3.924,3.911,3.924,3.909,3.928,3.918,30.1,29.1,28.6,28.5,True
2026-08-26 15:42:13.903,28.86,0.0,30.2,0.0,2.479,1.449,3.9,3.923,3.91,3.925,3.909,3.928,3.918,30.2,29.1,28.6,28.6,True
2026-08-26 15:42:17.554,28.86,0.0,30.2,0.0,2.479,1.449,3.9,3.923,3.91,3.925,3.909,3.928,3.918,30.2,29.2,28.5,28.6,True
2026-08-26 15:42:21.655,28.86,0.0,30.2,0.0,2.479,1.449,3.9,3.923,3.911,3.924,3.91,3.928,3.917,30.2,29.1,28.5,28.6,True
2026-08-26 15:42:24.632,28.86,0.0,30.2,0.0,2.479,1.449,3.9,3.923,3.911,3.924,3.909,3.928,3.917,30.2,29.1,28.5,28.6,True
2026-08-26 15:42:27.283,28.86,0.0,30.1,0.0,2.479,1.449,3.9,3.924,3.911,3.925,3.909,3.928,3.917,30.1,29.2,28.5,28.6,True
2026-08-26 15:42:30.158,28.86,0.0,30.1,0.0,2.479,1.449,3.9,3.923,3.91,3.925,3.91,3.928,3.917,30.1,29.2,28.5,28.6,True
2026-08-26 15:42:33.290,28.86,0.0,30.2,0.0,2.479,1.449,3.9,3.923,3.911,3.925,3.909,3.928,3.917,30.2,29.0,28.6,28.5,True
2026-08-26 15:42:36.291,28.86,0.0,30.2,0.0,2.48,1.448,3.9,3.923,3.911,3.925,3.909,3.928,3.917,30.2,29.1,28.5,28.6,True
2026-08-26 15:42:39.334,28.86,0.0,30.1,0.0,2.48,1.448,3.9,3.923,3.91,3.925,3.909,3.928,3.917,30.1,29.2,28.4,28.6,True
2026-08-26 15:42:42.303,28.86,0.0,30.2,0.0,2.48,1.448,3.9,3.923,3.91,3.925,3.909,3.928,3.917,30.2,29.0,28.5,28.6,True
2026-08-26 15:42:45.136,28.86,0.0,30.2,0.0,2.48,1.448,3.9,3.924,3.91,3.925,3.909,3.928,3.918,30.2,29.0,28.6,28.6,True
2026-08-26 15:42:48.506,28.86,0.0,30.2,0.0,2.48,1.448,3.9,3.923,3.911,3.925,3.909,3.928,3.918,30.2,29.0,28.6,28.6,True
2026-08-26 15:42:51.557,28.86,0.0,30.2,0.0,2.48,1.448,3.9,3.924,3.911,3.925,3.909,3.928,3.917,30.2,29.1,28.4,28.7,True
2026-08-26 15:42:54.575,28.86,0.0,30.2,0.0,2.48,1.448,3.9,3.924,3.911,3.925,3.909,3.928,3.917,30.2,29.1,28.4,28.6,True
2026-08-26 15:42:57.384,28.86,0.0,30.2,0.0,2.48,1.448,3.9,3.924,3.911,3.925,3.909,3.928,3.917,30.2,29.1,28.5,28.6,True
2026-08-26 15:43:00.078,28.86,0.0,30.1,0.0,2.48,1.448,3.9,3.924,3.911,3.925,3.909,3.928,3.917,30.1,29.0,28.5,28.6,True
2026-08-26 15:43:02.893,28.86,0.0,30.1,0.0,2.481,1.447,3.9,3.924,3.911,3.925,3.909,3.928,3.918,30.1,29.0,28.5,28.6,True
2026-08-26 15:43:06.029,28.86,0.0,30.3,0.0,2.481,1.447,3.9,3.923,3.911,3.924,3.909,3.928,3.917,30.3,29.0,28.6,28.6,True
2026-08-26 15:43:09.076,28.86,0.0,30.2,0.0,2.481,1.447,3.9,3.923,3.911,3.924,3.909,3.928,3.917,30.2,29.1,28.6,28.5,True
2026-08-26 15:43:12.164,28.86,0.0,30.1,0.0,2.481,1.447,3.9,3.923,3.911,3.925,3.91,3.928,3.917,30.1,29.1,28.5,28.6,True
2026-08-26 15:43:15.041,28.86,0.0,30.2,0.0,2.481,1.447,3.9,3.923,3.911,3.925,3.909,3.928,3.917,30.2,29.1,28.5,28.5,True
2026-08-26 15:43:18.213,28.86,0.0,30.2,0.0,2.481,1.447,3.9,3.923,3.911,3.925,3.909,3.928,3.917,30.2,29.0,28.6,28.5,True
2026-08-26 15:43:21.385,28.86,0.0,30.2,0.0,2.482,1.446,3.9,3.924,3.911,3.925,3.909,3.928,3.917,30.2,29.1,28.6,28.5,True
2026-08-26 15:43:24.527,28.86,0.0,30.2,0.0,2.482,1.446,3.9,3.924,3.911,3.925,3.909,3.928,3.917,30.2,29.1,28.6,28.5,True
2026-08-26 15:43:27.502,28.86,0.0,30.2,0.0,2.482,1.446,3.9,3.924,3.911,3.925,3.909,3.928,3.917,30.2,29.1,28.5,28.6,True
2026-08-26 15:43:30.508,28.86,0.0,30.1,0.0,2.482,1.446,3.9,3.923,3.911,3.925,3.91,3.928,3.917,30.1,29.1,28.6,28.6,True
2026-08-26 15:43:33.647,28.86,0.0,30.2,0.0,2.482,1.446,3.9,3.923,3.911,3.925,3.91,3.928,3.917,30.2,29.1,28.5,28.6,True
2026-08-26 15:43:39.913,28.86,0.0,30.2,0.0,2.482,1.446,3.9,3.923,3.911,3.925,3.909,3.928,3.917,30.2,29.1,28.5,28.6,True
2026-08-26 15:43:42.877,28.86,0.0,30.3,0.0,2.482,1.446,3.9,3.923,3.911,3.924,3.909,3.928,3.917,30.3,29.1,28.5,28.6,True
2026-08-26 15:43:47.554,28.86,0.0,30.1,0.0,2.483,1.445,3.9,3.923,3.91,3.925,3.909,3.928,3.917,30.1,29.2,28.5,28.6,True
2026-08-26 15:43:50.749,28.86,0.0,30.2,0.0,2.483,1.445,3.9,3.923,3.91,3.925,3.909,3.928,3.917,30.2,29.0,28.6,28.6,True
2026-08-26 15:43:54.008,28.86,0.0,30.1,0.0,2.483,1.445,3.9,3.923,3.911,3.925,3.909,3.928,3.917,30.1,29.1,28.5,28.6,True
2026-08-26 15:43:57.128,28.86,0.0,30.0,0.0,2.483,1.445,3.9,3.923,3.911,3.925,3.909,3.928,3.917,30.0,29.2,28.4,28.7,True
2026-08-26 15:44:02.311,28.86,0.0,30.0,0.0,2.483,1.445,3.9,3.923,3.911,3.925,3.909,3.928,3.917,30.0,29.2,28.4,28.7,True
2026-08-26 15:44:05.282,28.86,0.0,30.2,0.0,2.483,1.445,3.899,3.923,3.911,3.924,3.909,3.928,3.917,30.2,29.1,28.5,28.6,True
2026-08-26 15:44:08.363,28.86,0.0,30.3,0.0,2.483,1.445,3.9,3.924,3.911,3.925,3.909,3.928,3.917,30.3,29.1,28.5,28.6,True
2026-08-26 15:44:11.364,28.86,0.0,30.2,0.0,2.483,1.445,3.9,3.924,3.911,3.925,3.909,3.928,3.917,30.2,29.1,28.4,28.6,True
2026-08-26 15:44:14.362,28.86,0.0,30.2,0.0,2.484,1.444,3.9,3.923,3.911,3.925,3.909,3.928,3.917,30.2,29.1,28.6,28.5,True
2026-08-26 15:44:17.557,28.86,0.0,30.2,0.0,2.484,1.444,3.899,3.923,3.911,3.925,3.909,3.928,3.917,30.2,29.1,28.5,28.6,True
2026-08-26 15:44:20.645,28.86,0.0,30.2,0.0,2.484,1.444,3.899,3.923,3.911,3.925,3.909,3.928,3.917,30.2,29.0,28.6,28.5,True
2026-08-26 15:44:23.766,28.86,0.0,30.2,0.0,2.484,1.444,3.9,3.924,3.91,3.925,3.909,3.928,3.917,30.2,29.0,28.5,28.6,True
2026-08-26 15:44:26.839,28.86,0.0,30.3,0.0,2.484,1.444,3.9,3.923,3.911,3.925,3.909,3.928,3.917,30.3,29.1,28.5,28.6,True
2026-08-26 15:44:29.790,28.86,0.0,30.2,0.0,2.484,1.444,3.9,3.923,3.911,3.924,3.909,3.928,3.917,30.2,29.0,28.6,28.5,True
2026-08-26 15:44:33.127,28.86,0.0,30.2,0.0,2.484,1.444,3.9,3.923,3.911,3.925,3.91,3.928,3.917,30.2,29.1,28.5,28.6,True
2026-08-26 15:44:36.314,28.86,0.0,30.2,0.0,2.485,1.443,3.9,3.923,3.911,3.925,3.909,3.928,3.917,30.2,29.1,28.5,28.6,True
2026-08-26 15:44:39.358,28.86,0.0,30.2,0.0,2.485,1.443,3.9,3.923,3.911,3.925,3.909,3.928,3.917,30.2,29.1,28.5,28.6,True
2026-08-26 15:44:42.721,28.86,0.0,30.3,0.0,2.485,1.443,3.9,3.923,3.911,3.925,3.91,3.928,3.917,30.3,29.1,28.5,28.6,True
2026-08-26 15:44:45.729,28.86,0.0,30.2,0.0,2.485,1.443,3.9,3.924,3.91,3.925,3.909,3.928,3.917,30.2,29.1,28.4,28.6,True
2026-08-26 15:44:49.161,28.85,0.0,30.1,0.0,2.485,1.443,3.9,3.923,3.91,3.924,3.909,3.928,3.917,30.1,29.1,28.5,28.7,True
2026-08-26 15:44:52.340,28.86,0.0,30.1,0.0,2.485,1.443,3.9,3.923,3.91,3.925,3.909,3.928,3.917,30.1,29.1,28.4,28.7,True
2026-08-26 15:44:55.412,28.85,0.0,30.2,0.0,2.485,1.443,3.9,3.923,3.91,3.924,3.909,3.928,3.917,30.2,29.1,28.6,28.5,True
2026-08-26 15:44:58.427,28.85,0.0,30.2,0.0,2.485,1.443,3.9,3.923,3.91,3.924,3.909,3.928,3.917,30.2,29.0,28.6,28.5,True
2026-08-26 15:45:01.686,28.86,0.0,30.3,0.0,2.485,1.443,3.9,3.923,3.91,3.924,3.91,3.928,3.918,30.3,29.0,28.6,28.5,True
2026-08-26 15:45:04.953,28.86,0.0,30.2,0.0,2.485,1.443,3.9,3.923,3.91,3.924,3.91,3.928,3.918,30.2,29.1,28.6,28.6,True
2026-08-26 15:45:08.107,28.86,0.0,30.0,0.0,2.486,1.442,3.9,3.923,3.911,3.925,3.909,3.928,3.918,30.0,29.3,28.4,28.7,True
2026-08-26 15:45:11.369,28.86,0.0,30.2,0.0,2.486,1.442,3.9,3.923,3.911,3.925,3.909,3.928,3.918,30.2,29.1,28.6,28.6,True
2026-08-26 15:45:14.395,28.85,0.0,30.2,0.0,2.486,1.442,3.899,3.923,3.911,3.925,3.909,3.928,3.917,30.2,29.0,28.6,28.5,True
2026-08-26 15:45:17.535,28.85,0.0,30.2,0.0,2.486,1.442,3.899,3.923,3.911,3.925,3.909,3.928,3.917,30.2,29.2,28.5,28.7,True
2026-08-26 15:45:20.476,28.85,0.0,30.2,0.0,2.486,1.442,3.9,3.923,3.911,3.924,3.909,3.928,3.917,30.2,29.0,28.5,28.6,True
2026-08-26 15:45:23.451,28.86,0.0,30.1,0.0,2.486,1.442,3.9,3.923,3.911,3.925,3.909,3.928,3.917,30.1,29.1,28.5,28.6,True
2026-08-26 15:45:26.584,28.85,0.0,30.3,0.0,2.486,1.442,3.9,3.923,3.91,3.924,3.909,3.928,3.917,30.3,29.0,28.6,28.6,True
2026-08-26 15:45:29.641,28.85,0.0,30.2,0.0,2.486,1.442,3.9,3.923,3.91,3.924,3.909,3.928,3.917,30.2,29.1,28.5,28.7,True
2026-08-26 15:45:32.600,28.86,0.0,30.2,0.0,2.487,1.441,3.899,3.924,3.911,3.925,3.91,3.928,3.917,30.2,29.0,28.5,28.5,True
2026-08-26 15:45:35.733,28.86,0.0,30.2,0.0,2.487,1.441,3.899,3.924,3.911,3.925,3.91,3.928,3.917,30.2,29.0,28.5,28.5,True
2026-08-26 15:45:38.779,28.85,0.0,30.2,0.0,2.487,1.441,3.9,3.923,3.91,3.925,3.909,3.928,3.917,30.2,29.1,28.4,28.6,True
2026-08-26 15:45:41.864,28.85,0.0,30.2,0.0,2.487,1.441,3.9,3.923,3.911,3.925,3.909,3.928,3.917,30.2,29.1,28.4,28.6,True
2026-08-26 15:45:44.868,28.86,0.0,30.2,0.0,2.487,1.441,3.9,3.924,3.911,3.925,3.909,3.928,3.917,30.2,29.0,28.6,28.5,True
2026-08-26 15:45:47.983,28.86,0.0,30.3,0.0,2.487,1.441,3.9,3.923,3.911,3.925,3.91,3.928,3.917,30.3,29.1,28.5,28.6,True
2026-08-26 15:45:50.986,28.86,0.0,30.2,0.0,2.487,1.441,3.9,3.923,3.911,3.925,3.91,3.928,3.917,30.2,29.1,28.5,28.6,True
2026-08-26 15:45:53.956,28.85,0.0,30.2,0.0,2.487,1.441,3.9,3.923,3.911,3.925,3.909,3.928,3.917,30.2,29.1,28.6,28.6,True
2026-08-26 15:45:57.088,28.85,0.0,30.2,0.0,2.488,1.44,3.9,3.924,3.911,3.925,3.909,3.928,3.917,30.2,29.1,28.5,28.6,True
2026-08-26 15:46:00.009,28.86,0.0,30.2,0.0,2.488,1.44,3.9,3.924,3.911,3.925,3.91,3.928,3.917,30.2,29.1,28.5,28.6,True
2026-08-26 15:46:02.937,28.85,0.0,30.2,0.0,2.488,1.44,3.9,3.923,3.91,3.925,3.909,3.928,3.917,30.2,29.1,28.5,28.6,True
2026-08-26 15:46:05.924,28.85,0.0,30.0,0.0,2.488,1.44,3.9,3.924,3.91,3.925,3.91,3.928,3.917,30.0,29.2,28.5,28.7,True
2026-08-26 15:46:08.970,28.85,0.0,30.2,0.0,2.488,1.44,3.9,3.923,3.911,3.925,3.909,3.928,3.917,30.2,29.1,28.5,28.6,True
2026-08-26 15:46:11.904,28.85,0.0,30.3,0.0,2.488,1.44,3.9,3.923,3.911,3.925,3.909,3.928,3.917,30.3,29.0,28.6,28.5,True
2026-08-26 15:46:14.927,28.85,0.0,30.3,0.0,2.488,1.44,3.9,3.924,3.911,3.925,3.909,3.928,3.917,30.3,29.0,28.6,28.5,True
2026-08-26 15:46:18.115,28.85,0.0,30.3,0.0,2.489,1.439,3.9,3.923,3.911,3.925,3.909,3.928,3.917,30.3,29.0,28.6,28.5,True
2026-08-26 15:46:21.198,28.85,0.0,30.2,0.0,2.488,1.44,3.9,3.923,3.911,3.925,3.909,3.928,3.917,30.2,29.1,28.5,28.7,True
2026-08-26 15:46:24.316,28.85,0.0,30.2,0.0,2.49,1.438,3.9,3.923,3.911,3.925,3.91,3.928,3.917,30.2,29.1,28.6,28.6,True
2026-08-26 15:46:27.355,28.85,0.0,30.3,0.0,2.49,1.438,3.9,3.924,3.91,3.925,3.909,3.928,3.917,30.3,29.0,28.6,28.6,True
2026-08-26 15:46:30.408,28.85,0.0,30.2,0.0,2.49,1.438,3.9,3.924,3.91,3.925,3.909,3.928,3.917,30.2,29.1,28.6,28.6,True
2026-08-26 15:46:33.447,28.85,0.0,30.1,0.0,2.491,1.437,3.9,3.924,3.911,3.925,3.91,3.928,3.917,30.1,29.1,28.4,28.6,True
2026-08-26 15:46:36.485,28.85,0.0,30.1,0.0,2.49,1.438,3.9,3.924,3.911,3.925,3.91,3.928,3.917,30.1,29.2,28.5,28.6,True
2026-08-26 15:46:39.580,28.85,0.0,30.2,0.0,2.49,1.438,3.9,3.924,3.911,3.925,3.91,3.928,3.917,30.2,29.1,28.6,28.5,True
2026-08-26 15:46:42.668,28.85,0.0,30.2,0.0,2.491,1.437,3.9,3.923,3.911,3.924,3.91,3.928,3.917,30.2,29.1,28.5,28.6,True
2026-08-26 15:46:45.748,28.85,0.0,30.3,0.0,2.491,1.437,3.9,3.923,3.911,3.924,3.91,3.928,3.917,30.3,29.0,28.6,28.5,True
2026-08-26 15:46:48.768,28.85,0.0,30.2,0.0,2.492,1.437,3.9,3.923,3.911,3.925,3.91,3.929,3.917,30.2,29.2,28.5,28.6,True
2026-08-26 15:46:51.983,28.85,0.0,30.2,0.0,2.492,1.436,3.899,3.924,3.911,3.924,3.909,3.928,3.917,30.2,29.0,28.6,28.6,True
2026-08-26 15:46:55.073,28.85,0.0,30.2,0.0,2.492,1.436,3.899,3.924,3.911,3.924,3.909,3.928,3.917,30.2,29.1,28.5,28.7,True
2026-08-26 15:46:57.946,28.85,0.0,30.3,0.0,2.492,1.436,3.9,3.923,3.911,3.924,3.909,3.928,3.917,30.3,29.0,28.6,28.6,True
2026-08-26 15:47:00.803,28.85,0.0,30.2,0.0,2.492,1.436,3.899,3.924,3.911,3.925,3.91,3.928,3.917,30.2,29.1,28.5,28.6,True
2026-08-26 15:47:03.643,28.85,0.0,30.2,0.0,2.492,1.436,3.9,3.923,3.91,3.925,3.909,3.928,3.917,30.2,29.1,28.5,28.6,True
2026-08-26 15:47:06.407,28.85,0.0,30.2,0.0,2.492,1.436,3.9,3.923,3.911,3.925,3.909,3.928,3.917,30.2,29.1,28.5,28.6,True
2026-08-26 15:47:09.294,28.85,0.0,30.3,0.0,2.493,1.435,3.899,3.923,3.911,3.924,3.909,3.928,3.917,30.3,29.1,28.6,28.5,True
2026-08-26 15:47:12.252,28.85,0.0,30.2,0.0,2.493,1.435,3.9,3.923,3.91,3.925,3.909,3.928,3.917,30.2,29.1,28.5,28.6,True
2026-08-26 15:47:15.041,28.85,0.0,30.1,0.0,2.493,1.435,3.9,3.924,3.911,3.924,3.909,3.928,3.917,30.1,29.2,28.4,28.6,True
2026-08-26 15:47:18.312,28.85,0.0,30.2,0.0,2.493,1.435,3.9,3.923,3.911,3.925,3.909,3.928,3.917,30.2,29.0,28.6,28.6,True
2026-08-26 15:47:21.089,28.85,0.0,30.2,0.0,2.494,1.434,3.9,3.923,3.91,3.925,3.909,3.928,3.917,30.2,29.0,28.6,28.6,True
2026-08-26 15:47:23.959,28.85,0.0,30.2,0.0,2.494,1.434,3.9,3.923,3.91,3.925,3.909,3.928,3.917,30.2,29.1,28.5,28.6,True
2026-08-26 15:47:26.658,28.85,0.0,30.2,0.0,2.494,1.434,3.9,3.923,3.911,3.925,3.909,3.928,3.917,30.2,29.1,28.5,28.6,True
2026-08-26 15:47:29.582,28.85,0.0,30.3,0.0,2.494,1.434,3.9,3.923,3.911,3.925,3.909,3.928,3.917,30.3,29.0,28.7,28.5,True
2026-08-26 15:47:32.258,28.85,0.0,30.3,0.0,2.493,1.435,3.9,3.923,3.911,3.924,3.909,3.928,3.917,30.3,29.0,28.7,28.5,True
2026-08-26 15:47:34.961,28.85,0.0,30.3,0.0,2.493,1.435,3.9,3.923,3.911,3.924,3.909,3.928,3.917,30.3,29.0,28.6,28.5,True
2026-08-26 15:47:37.734,28.85,0.0,30.3,0.0,2.494,1.434,3.9,3.924,3.91,3.925,3.909,3.928,3.917,30.3,29.0,28.6,28.5,True
2026-08-26 15:47:40.583,28.85,0.0,30.2,0.0,2.494,1.434,3.9,3.924,3.91,3.925,3.909,3.928,3.917,30.2,29.1,28.6,28.6,True
2026-08-26 15:47:43.502,28.85,0.0,30.2,0.0,2.494,1.434,3.9,3.923,3.911,3.925,3.91,3.928,3.917,30.2,29.1,28.6,28.5,True
2026-08-26 15:47:46.341,28.85,0.0,30.3,0.0,2.494,1.434,3.9,3.923,3.911,3.925,3.91,3.928,3.917,30.3,29.0,28.6,28.6,True
2026-08-26 15:47:49.203,28.85,0.0,30.2,0.0,2.495,1.433,3.9,3.924,3.91,3.925,3.909,3.928,3.917,30.2,29.1,28.4,28.7,True
2026-08-26 15:47:52.177,28.85,0.0,30.2,0.0,2.494,1.434,3.9,3.924,3.91,3.925,3.909,3.928,3.917,30.2,29.1,28.5,28.6,True
2026-08-26 15:47:55.112,28.85,0.0,30.2,0.0,2.494,1.434,3.9,3.924,3.91,3.925,3.909,3.928,3.917,30.2,29.1,28.5,28.6,True
2026-08-26 15:47:58.209,28.84,0.0,30.2,0.0,2.495,1.433,3.9,3.923,3.911,3.924,3.909,3.928,3.917,30.2,29.1,28.6,28.6,True
2026-08-26 15:48:01.173,28.84,0.0,30.2,0.0,2.495,1.433,3.9,3.923,3.911,3.924,3.909,3.928,3.917,30.2,29.0,28.6,28.6,True
2026-08-26 15:48:04.261,28.85,0.0,30.2,0.0,2.495,1.433,3.9,3.923,3.911,3.924,3.91,3.928,3.917,30.2,29.1,28.6,28.5,True
2026-08-26 15:48:07.426,28.85,0.0,30.2,0.0,2.495,1.433,3.9,3.924,3.911,3.924,3.909,3.928,3.917,30.2,29.1,28.6,28.6,True
2026-08-26 15:48:10.511,28.85,0.0,30.2,0.0,2.495,1.433,3.9,3.924,3.911,3.924,3.909,3.928,3.917,30.2,29.1,28.6,28.6,True
2026-08-26 15:48:13.702,28.85,0.0,30.2,0.0,2.495,1.433,3.9,3.924,3.91,3.925,3.909,3.928,3.917,30.2,29.1,28.5,28.6,True
2026-08-26 15:48:16.607,28.85,0.0,30.3,0.0,2.495,1.433,3.9,3.923,3.911,3.925,3.909,3.928,3.917,30.3,29.1,28.6,28.6,True
2026-08-26 15:48:19.605,28.84,0.0,30.2,0.0,2.495,1.433,3.9,3.923,3.911,3.924,3.909,3.928,3.917,30.2,29.2,28.4,28.8,True
2026-08-26 15:48:22.548,28.84,0.0,30.3,0.0,2.495,1.433,3.9,3.923,3.911,3.924,3.909,3.928,3.917,30.3,29.0,28.6,28.5,True
2026-08-26 15:48:25.475,28.85,0.0,30.3,0.0,2.495,1.433,3.9,3.924,3.91,3.925,3.909,3.928,3.917,30.3,29.1,28.5,28.6,True
2026-08-26 15:48:28.620,28.84,0.0,30.2,0.0,2.496,1.432,3.9,3.923,3.911,3.925,3.909,3.928,3.917,30.2,29.1,28.5,28.6,True
2026-08-26 15:48:31.755,28.84,0.0,30.2,0.0,2.496,1.432,3.9,3.924,3.911,3.924,3.909,3.928,3.917,30.2,29.1,28.5,28.6,True
2026-08-26 15:48:34.858,28.84,0.0,30.2,0.0,2.496,1.432,3.9,3.924,3.911,3.924,3.909,3.928,3.917,30.2,29.1,28.6,28.6,True
2026-08-26 15:48:37.984,28.84,0.0,30.1,0.0,2.496,1.432,3.899,3.924,3.911,3.924,3.909,3.928,3.917,30.1,29.0,28.6,28.6,True
2026-08-26 15:48:40.953,28.84,0.0,30.1,0.0,2.496,1.432,3.899,3.924,3.911,3.924,3.909,3.928,3.917,30.1,29.0,28.6,28.6,True
2026-08-26 15:48:44.119,28.84,0.0,30.2,0.0,2.497,1.431,3.899,3.923,3.911,3.925,3.909,3.928,3.917,30.2,29.1,28.5,28.6,True
2026-08-26 15:48:47.201,28.84,0.0,30.3,0.0,2.497,1.431,3.9,3.923,3.911,3.925,3.909,3.928,3.917,30.3,29.0,28.6,28.6,True
2026-08-26 15:48:50.071,28.84,0.0,30.3,0.0,2.497,1.431,3.9,3.924,3.91,3.924,3.909,3.928,3.917,30.3,29.0,28.6,28.5,True
2026-08-26 15:48:53.044,28.84,0.0,30.2,0.0,2.497,1.431,3.9,3.923,3.911,3.924,3.909,3.928,3.917,30.2,29.1,28.5,28.7,True
2026-08-26 15:48:56.076,28.84,0.0,30.2,0.0,2.497,1.431,3.9,3.923,3.91,3.924,3.909,3.928,3.917,30.2,29.1,28.6,28.5,True
2026-08-26 15:48:59.183,28.84,0.0,30.3,0.0,2.497,1.431,3.9,3.923,3.91,3.924,3.909,3.928,3.917,30.3,29.0,28.7,28.5,True
2026-08-26 15:49:02.193,28.84,0.0,30.3,0.0,2.497,1.431,3.9,3.923,3.91,3.924,3.909,3.928,3.917,30.3,29.2,28.6,28.6,True
2026-08-26 15:49:05.308,28.84,0.0,30.2,0.0,2.498,1.431,3.9,3.923,3.91,3.924,3.909,3.929,3.917,30.2,29.1,28.6,28.6,True
2026-08-26 15:49:08.355,28.84,0.0,30.3,0.0,2.497,1.431,3.9,3.923,3.911,3.925,3.909,3.928,3.917,30.3,29.0,28.6,28.5,True
2026-08-26 15:49:12.027,28.84,0.0,30.2,0.0,2.497,1.431,3.9,3.923,3.911,3.925,3.91,3.928,3.917,30.2,29.1,28.5,28.6,True
2026-08-26 15:49:16.054,28.84,0.0,30.2,0.0,2.497,1.431,3.9,3.923,3.911,3.925,3.91,3.928,3.917,30.2,29.1,28.5,28.6,True
2026-08-26 15:49:19.679,28.84,0.0,30.2,0.0,2.498,1.43,3.9,3.923,3.911,3.924,3.91,3.928,3.917,30.2,29.1,28.6,28.5,True
2026-08-26 15:49:23.352,28.84,0.0,30.3,0.0,2.498,1.43,3.9,3.923,3.91,3.925,3.909,3.928,3.918,30.3,29.0,28.6,28.5,True
2026-08-26 15:49:27.205,28.84,0.0,30.2,0.0,2.498,1.43,3.9,3.923,3.911,3.924,3.91,3.928,3.917,30.2,29.2,28.5,28.7,True
2026-08-26 15:49:30.248,28.84,0.0,30.2,0.0,2.498,1.43,3.9,3.924,3.911,3.925,3.909,3.928,3.917,30.2,29.1,28.6,28.5,True
2026-08-26 15:49:33.555,28.84,0.0,30.1,0.0,2.498,1.43,3.9,3.924,3.911,3.925,3.909,3.928,3.917,30.1,29.1,28.5,28.8,True
2026-08-26 15:49:37.053,28.84,0.0,30.2,0.0,2.499,1.429,3.899,3.923,3.91,3.925,3.909,3.928,3.917,30.2,29.1,28.5,28.6,True
2026-08-26 15:49:40.301,28.84,0.0,30.3,0.0,2.499,1.429,3.899,3.923,3.91,3.925,3.909,3.928,3.917,30.3,29.0,28.6,28.6,True
2026-08-26 15:49:43.326,28.84,0.0,30.3,0.0,2.499,1.429,3.9,3.923,3.911,3.924,3.909,3.928,3.917,30.3,29.1,28.6,28.6,True
2026-08-26 15:49:46.701,28.84,0.0,30.3,0.0,2.499,1.429,3.9,3.923,3.911,3.924,3.909,3.928,3.917,30.3,29.0,28.6,28.6,True
2026-08-26 15:49:49.540,28.84,0.0,30.1,0.0,2.499,1.429,3.9,3.923,3.911,3.924,3.909,3.928,3.917,30.1,29.2,28.5,28.6,True
2026-08-26 15:49:54.351,28.84,0.0,30.3,0.0,2.499,1.429,3.899,3.923,3.911,3.925,3.909,3.928,3.917,30.3,29.0,28.6,28.5,True
2026-08-26 15:49:57.526,28.84,0.0,30.2,0.0,2.499,1.429,3.9,3.923,3.91,3.925,3.91,3.928,3.917,30.2,29.1,28.6,28.6,True
2026-08-26 15:50:00.604,28.84,0.0,30.3,0.0,2.5,1.428,3.9,3.924,3.91,3.924,3.909,3.928,3.917,30.3,29.0,28.6,28.5,True
2026-08-26 15:50:03.693,28.84,0.0,30.1,0.0,2.5,1.428,3.899,3.923,3.911,3.924,3.909,3.928,3.917,30.1,29.2,28.5,28.6,True
2026-08-26 15:50:07.005,28.84,0.0,30.1,0.0,2.5,1.428,3.9,3.923,3.91,3.924,3.909,3.928,3.917,30.1,29.2,28.5,28.7,True
2026-08-26 15:50:09.356,28.84,0.0,30.2,0.0,2.5,1.428,3.9,3.923,3.91,3.924,3.909,3.928,3.917,30.2,29.1,28.5,28.6,True
2026-08-26 15:50:14.078,28.84,0.0,30.1,0.0,2.5,1.428,3.9,3.923,3.911,3.924,3.909,3.928,3.917,30.1,29.1,28.5,28.6,True
2026-08-26 15:50:19.534,28.84,0.0,30.2,0.0,2.5,1.428,3.9,3.923,3.911,3.924,3.909,3.928,3.917,30.2,29.1,28.6,28.6,True
2026-08-26 15:50:22.562,28.84,0.0,30.2,0.0,2.5,1.428,3.9,3.923,3.911,3.924,3.909,3.928,3.917,30.2,29.1,28.5,28.7,True
2026-08-26 15:50:25.227,28.84,0.0,30.3,0.0,2.5,1.428,3.9,3.923,3.91,3.925,3.909,3.928,3.917,30.3,29.0,28.6,28.5,True
2026-08-26 15:50:28.539,28.84,0.0,30.3,0.0,2.5,1.428,3.9,3.923,3.91,3.925,3.909,3.928,3.917,30.3,29.1,28.6,28.6,True
2026-08-26 15:50:31.564,28.84,0.0,30.3,0.0,2.501,1.427,3.899,3.923,3.91,3.924,3.909,3.928,3.917,30.3,29.1,28.6,28.6,True
2026-08-26 15:50:34.646,28.84,0.0,30.2,0.0,2.501,1.427,3.9,3.924,3.91,3.924,3.909,3.928,3.917,30.2,29.1,28.6,28.6,True
2026-08-26 15:50:38.243,28.84,0.0,30.3,0.0,2.501,1.427,3.9,3.923,3.91,3.924,3.909,3.928,3.917,30.3,29.1,28.5,28.6,True
2026-08-26 15:50:41.326,28.84,0.0,30.2,0.0,2.501,1.427,3.9,3.923,3.91,3.924,3.909,3.928,3.917,30.2,29.1,28.5,28.6,True
2026-08-26 15:50:44.072,28.84,0.0,30.2,0.0,2.502,1.427,3.899,3.923,3.911,3.925,3.909,3.929,3.917,30.2,29.1,28.5,28.6,True
2026-08-26 15:50:46.691,28.84,0.0,30.2,0.0,2.501,1.427,3.9,3.923,3.911,3.925,3.909,3.928,3.917,30.2,29.0,28.6,28.6,True
2026-08-26 15:50:49.894,28.84,0.0,30.2,0.0,2.501,1.427,3.9,3.923,3.911,3.924,3.909,3.928,3.917,30.2,29.1,28.6,28.5,True
2026-08-26 15:50:53.657,28.84,0.0,30.1,0.0,2.502,1.426,3.9,3.923,3.91,3.924,3.91,3.928,3.917,30.1,29.2,28.4,28.6,True
2026-08-26 15:50:55.948,28.84,0.0,30.2,0.0,2.502,1.426,3.899,3.923,3.91,3.925,3.909,3.928,3.917,30.2,29.1,28.5,28.6,True
2026-08-26 15:50:58.682,28.84,0.0,30.3,0.0,2.502,1.426,3.9,3.923,3.91,3.924,3.91,3.928,3.917,30.3,29.0,28.6,28.6,True
2026-08-26 15:51:01.969,28.84,0.0,30.2,0.0,2.502,1.426,3.9,3.923,3.91,3.924,3.91,3.928,3.917,30.2,29.2,28.5,28.6,True
2026-08-26 15:51:05.559,28.84,0.0,30.2,0.0,2.502,1.426,3.9,3.923,3.91,3.925,3.909,3.928,3.917,30.2,29.1,28.5,28.6,True
2026-08-26 15:51:08.843,28.84,0.0,30.2,0.0,2.502,1.426,3.9,3.923,3.911,3.924,3.909,3.928,3.917,30.2,29.1,28.5,28.6,True
2026-08-26 15:51:11.703,28.84,0.0,30.2,0.0,2.502,1.426,3.9,3.923,3.911,3.924,3.909,3.928,3.917,30.2,29.1,28.6,28.5,True
2026-08-26 15:51:14.482,28.84,0.0,30.3,0.0,2.502,1.426,3.899,3.924,3.91,3.925,3.91,3.928,3.917,30.3,29.0,28.6,28.5,True
2026-08-26 15:51:17.328,28.84,0.0,30.2,0.0,2.502,1.426,3.9,3.923,3.91,3.925,3.909,3.928,3.916,30.2,29.2,28.4,28.6,True
2026-08-26 15:51:20.245,28.84,0.0,30.2,0.0,2.502,1.426,3.9,3.923,3.911,3.925,3.909,3.928,3.917,30.2,29.1,28.5,28.6,True
2026-08-26 15:51:23.188,28.84,0.0,30.2,0.0,2.503,1.425,3.9,3.923,3.911,3.924,3.909,3.928,3.917,30.2,29.0,28.6,28.5,True
2026-08-26 15:51:26.105,28.84,0.0,30.2,0.0,2.503,1.425,3.9,3.923,3.911,3.924,3.909,3.928,3.917,30.2,29.0,28.6,28.5,True
2026-08-26 15:51:32.181,28.84,0.0,30.2,0.0,2.503,1.425,3.9,3.923,3.911,3.924,3.909,3.928,3.917,30.2,29.1,28.6,28.5,True
2026-08-26 15:51:38.585,28.84,0.0,30.2,0.0,2.503,1.425,3.9,3.923,3.911,3.925,3.909,3.928,3.917,30.2,29.0,28.6,28.5,True
2026-08-26 15:51:43.033,28.84,0.0,30.3,0.0,2.504,1.424,3.9,3.924,3.91,3.925,3.909,3.928,3.917,30.3,29.0,28.5,28.6,True
2026-08-26 15:51:47.819,28.84,0.0,30.3,0.0,2.504,1.424,3.9,3.923,3.911,3.924,3.909,3.928,3.917,30.3,29.0,28.6,28.6,True
2026-08-26 15:51:52.662,28.83,0.0,30.2,0.0,2.504,1.424,3.9,3.923,3.91,3.924,3.909,3.928,3.916,30.2,29.1,28.5,28.6,True
2026-08-26 15:51:57.665,28.84,0.0,30.2,0.0,2.504,1.424,3.899,3.923,3.91,3.925,3.909,3.928,3.917,30.2,29.2,28.4,28.7,True
2026-08-26 15:52:02.476,28.84,0.0,30.3,0.0,2.504,1.424,3.899,3.923,3.911,3.924,3.909,3.928,3.917,30.3,29.0,28.7,28.4,True
2026-08-26 15:52:09.920,28.83,0.0,30.2,0.0,2.505,1.423,3.9,3.923,3.91,3.924,3.909,3.928,3.917,30.2,29.2,28.4,28.7,True
2026-08-26 15:52:14.132,28.83,0.0,30.1,0.0,2.505,1.423,3.9,3.923,3.91,3.924,3.909,3.928,3.917,30.1,29.2,28.4,28.7,True
2026-08-26 15:52:16.543,28.84,0.0,30.2,0.0,2.505,1.423,3.9,3.924,3.911,3.925,3.909,3.928,3.917,30.2,29.1,28.5,28.6,True
2026-08-26 15:52:18.833,28.83,0.0,30.3,0.0,2.505,1.423,3.899,3.923,3.91,3.924,3.909,3.928,3.917,30.3,29.0,28.6,28.5,True
2026-08-26 15:52:21.423,28.83,0.0,30.1,0.0,2.505,1.423,3.899,3.923,3.91,3.924,3.909,3.928,3.917,30.1,29.1,28.4,28.7,True
2026-08-26 15:52:25.592,28.83,0.0,30.2,0.0,2.505,1.423,3.899,3.923,3.91,3.924,3.909,3.928,3.917,30.2,29.0,28.6,28.6,True
2026-08-26 15:52:29.506,28.83,0.0,30.2,0.0,2.505,1.423,3.899,3.923,3.911,3.924,3.909,3.928,3.917,30.2,29.0,28.6,28.6,True
2026-08-26 15:52:33.233,28.83,0.0,30.2,0.0,2.505,1.423,3.899,3.923,3.911,3.924,3.909,3.928,3.917,30.2,29.0,28.6,28.6,True
2026-08-26 15:52:39.260,28.83,0.0,30.2,0.0,2.505,1.423,3.899,3.923,3.91,3.924,3.909,3.928,3.917,30.2,29.1,28.5,28.6,True
2026-08-26 15:52:44.636,28.83,0.0,30.3,0.0,2.506,1.422,3.9,3.923,3.91,3.924,3.909,3.928,3.917,30.3,29.1,28.5,28.6,True
2026-08-26 15:52:47.293,28.83,0.0,30.2,0.0,2.506,1.422,3.9,3.923,3.91,3.924,3.909,3.928,3.916,30.2,29.0,28.6,28.6,True
2026-08-26 15:52:49.768,28.83,0.0,30.2,0.0,2.506,1.422,3.899,3.923,3.911,3.924,3.909,3.928,3.917,30.2,29.0,28.6,28.6,True
2026-08-26 15:52:53.354,28.84,0.0,30.2,0.0,2.506,1.422,3.9,3.924,3.91,3.925,3.909,3.928,3.917,30.2,29.2,28.5,28.7,True
2026-08-26 15:53:00.430,28.83,0.0,30.3,0.0,2.506,1.422,3.9,3.924,3.91,3.924,3.909,3.928,3.917,30.3,29.1,28.5,28.6,True
2026-08-26 15:53:06.810,28.83,0.0,30.2,0.0,2.507,1.421,3.899,3.923,3.91,3.925,3.909,3.928,3.917,30.2,29.1,28.4,28.7,True
2026-08-26 15:53:09.522,28.83,0.0,30.2,0.0,2.507,1.421,3.899,3.923,3.91,3.925,3.909,3.928,3.917,30.2,29.1,28.6,28.6,True
2026-08-26 15:53:12.219,28.83,0.0,30.2,0.0,2.507,1.421,3.9,3.923,3.91,3.924,3.91,3.928,3.917,30.2,29.1,28.5,28.7,True
2026-08-26 15:53:15.669,28.83,0.0,30.3,0.0,2.507,1.421,3.899,3.923,3.91,3.924,3.909,3.928,3.917,30.3,29.1,28.6,28.5,True
2026-08-26 15:53:18.961,28.83,0.0,30.2,0.0,2.507,1.421,3.899,3.923,3.91,3.924,3.909,3.928,3.917,30.2,29.1,28.4,28.7,True
2026-08-26 15:53:21.871,28.83,0.0,30.2,0.0,2.507,1.421,3.899,3.923,3.91,3.925,3.909,3.928,3.917,30.2,29.1,28.4,28.7,True
2026-08-26 15:53:24.595,28.83,0.0,30.2,0.0,2.507,1.421,3.9,3.923,3.911,3.924,3.909,3.928,3.917,30.2,29.1,28.6,28.6,True
2026-08-26 15:53:27.230,28.83,0.0,30.2,0.0,2.507,1.421,3.899,3.923,3.91,3.924,3.909,3.928,3.917,30.2,29.1,28.6,28.5,True
2026-08-26 15:53:30.180,28.83,0.0,30.2,0.0,2.508,1.42,3.899,3.923,3.91,3.924,3.909,3.928,3.916,30.2,29.1,28.5,28.6,True
2026-08-26 15:53:35.466,28.83,0.0,30.1,0.0,2.508,1.42,3.899,3.923,3.91,3.924,3.909,3.928,3.916,30.1,29.2,28.5,28.6,True
2026-08-26 15:53:39.663,28.83,0.0,30.3,0.0,2.508,1.42,3.9,3.923,3.91,3.924,3.909,3.928,3.917,30.3,29.0,28.7,28.5,True
2026-08-26 15:53:43.754,28.83,0.0,30.2,0.0,2.508,1.42,3.9,3.923,3.911,3.924,3.909,3.928,3.917,30.2,29.1,28.5,28.6,True
2026-08-26 15:53:47.458,28.83,0.0,30.3,0.0,2.508,1.42,3.9,3.923,3.91,3.925,3.909,3.928,3.917,30.3,29.1,28.5,28.6,True
2026-08-26 15:53:49.713,28.83,0.0,30.3,0.0,2.509,1.419,3.899,3.923,3.91,3.924,3.909,3.928,3.917,30.3,29.0,28.6,28.6,True
2026-08-26 15:53:52.172,28.83,0.0,30.2,0.0,2.509,1.419,3.899,3.923,3.91,3.924,3.909,3.928,3.917,30.2,29.1,28.4,28.7,True
2026-08-26 15:53:54.299,28.83,0.0,30.3,0.0,2.508,1.42,3.9,3.924,3.91,3.924,3.909,3.928,3.917,30.3,29.1,28.6,28.5,True
2026-08-26 15:53:56.429,28.83,0.0,30.2,0.0,2.508,1.42,3.9,3.924,3.91,3.924,3.909,3.928,3.917,30.2,29.1,28.5,28.6,True
2026-08-26 15:53:58.551,28.83,0.0,30.2,0.0,2.509,1.419,3.899,3.923,3.91,3.925,3.909,3.928,3.917,30.2,29.2,28.4,28.7,True
2026-08-26 15:54:00.719,28.83,0.0,30.3,0.0,2.509,1.419,3.899,3.923,3.91,3.924,3.909,3.928,3.917,30.3,29.0,28.6,28.6,True
2026-08-26 15:54:02.763,28.83,0.0,30.2,0.0,2.509,1.419,3.899,3.923,3.91,3.924,3.909,3.928,3.917,30.2,29.1,28.5,28.5,True
2026-08-26 15:54:04.829,28.83,0.0,30.2,0.0,2.509,1.419,3.899,3.923,3.91,3.924,3.909,3.928,3.917,30.2,29.1,28.5,28.6,True
2026-08-26 15:54:08.552,28.83,0.0,30.2,0.0,2.509,1.419,3.9,3.923,3.91,3.925,3.909,3.928,3.917,30.2,29.1,28.5,28.7,True
2026-08-26 15:54:10.640,28.83,0.0,30.2,0.0,2.509,1.419,3.9,3.923,3.91,3.925,3.909,3.928,3.917,30.2,29.1,28.6,28.6,True
2026-08-26 15:54:12.717,28.83,0.0,30.1,0.0,2.509,1.419,3.9,3.924,3.91,3.924,3.91,3.928,3.917,30.1,29.2,28.4,28.8,True
2026-08-26 15:54:15.177,28.83,0.0,30.2,0.0,2.509,1.419,3.9,3.924,3.91,3.924,3.91,3.928,3.917,30.2,29.1,28.5,28.6,True
2026-08-26 15:54:17.960,28.83,0.0,30.2,0.0,2.51,1.418,3.899,3.924,3.91,3.925,3.909,3.928,3.917,30.2,29.1,28.5,28.6,True
2026-08-26 15:54:19.684,28.83,0.0,30.2,0.0,2.51,1.418,3.9,3.923,3.91,3.924,3.909,3.928,3.917,30.2,29.1,28.6,28.6,True
2026-08-26 15:54:22.200,28.83,0.0,30.2,0.0,2.51,1.418,3.9,3.923,3.91,3.924,3.909,3.928,3.916,30.2,29.1,28.5,28.6,True
2026-08-26 15:54:25.089,28.83,0.0,30.2,0.0,2.51,1.418,3.899,3.923,3.91,3.925,3.909,3.928,3.917,30.2,29.1,28.5,28.7,True
2026-08-26 15:54:27.722,28.83,0.0,30.2,0.0,2.51,1.418,3.899,3.923,3.91,3.925,3.909,3.928,3.917,30.2,29.1,28.5,28.7,True
2026-08-26 15:54:29.904,28.83,0.0,30.3,0.0,2.51,1.418,3.9,3.923,3.91,3.925,3.909,3.928,3.917,30.3,29.0,28.6,28.6,True
2026-08-26 15:54:34.507,28.83,0.0,30.2,0.0,2.51,1.418,3.899,3.923,3.91,3.924,3.909,3.928,3.917,30.2,29.1,28.5,28.7,True
2026-08-26 15:54:38.349,28.83,0.0,30.2,0.0,2.51,1.418,3.899,3.923,3.91,3.924,3.909,3.928,3.917,30.2,29.1,28.6,28.6,True
2026-08-26 15:54:41.147,28.83,0.0,30.2,0.0,2.51,1.418,3.9,3.923,3.91,3.925,3.909,3.928,3.917,30.2,29.1,28.6,28.5,True
2026-08-26 15:54:43.498,28.83,0.0,30.2,0.0,2.511,1.417,3.899,3.923,3.91,3.924,3.909,3.928,3.917,30.2,29.2,28.5,28.6,True
2026-08-26 15:54:45.875,28.83,0.0,30.3,0.0,2.511,1.417,3.9,3.923,3.911,3.924,3.909,3.928,3.917,30.3,29.1,28.6,28.6,True
2026-08-26 15:54:48.015,28.83,0.0,30.1,0.0,2.511,1.417,3.899,3.923,3.91,3.924,3.909,3.928,3.917,30.1,29.2,28.4,28.7,True
2026-08-26 15:54:49.803,28.83,0.0,30.2,0.0,2.511,1.417,3.899,3.923,3.91,3.924,3.909,3.928,3.917,30.2,29.1,28.5,28.7,True
2026-08-26 15:54:52.481,28.83,0.0,30.1,0.0,2.511,1.417,3.899,3.923,3.91,3.924,3.909,3.928,3.917,30.1,29.1,28.5,28.6,True
2026-08-26 15:54:54.815,28.83,0.0,30.3,0.0,2.511,1.417,3.899,3.923,3.91,3.924,3.909,3.928,3.917,30.3,29.0,28.6,28.6,True
2026-08-26 15:54:56.804,28.83,0.0,30.3,0.0,2.511,1.417,3.9,3.923,3.91,3.924,3.909,3.928,3.917,30.3,29.0,28.6,28.6,True
2026-08-26 15:54:59.102,28.83,0.0,30.1,0.0,2.511,1.417,3.9,3.923,3.91,3.924,3.909,3.928,3.917,30.1,29.3,28.5,28.6,True
2026-08-26 15:55:01.007,28.83,0.0,30.3,0.0,2.511,1.417,3.899,3.923,3.91,3.924,3.909,3.928,3.917,30.3,29.0,28.5,28.6,True
2026-08-26 15:55:02.802,28.83,0.0,30.2,0.0,2.511,1.417,3.899,3.923,3.91,3.924,3.909,3.928,3.917,30.2,29.1,28.5,28.6,True
2026-08-26 15:55:05.470,28.83,0.0,30.2,0.0,2.512,1.416,3.9,3.923,3.91,3.924,3.909,3.928,3.917,30.2,29.1,28.6,28.5,True
2026-08-26 15:55:07.889,28.82,0.0,30.2,0.0,2.512,1.416,3.899,3.923,3.91,3.924,3.909,3.928,3.916,30.2,29.1,28.5,28.6,True
2026-08-26 15:55:10.066,28.83,0.0,30.3,0.0,2.512,1.416,3.899,3.923,3.911,3.925,3.909,3.928,3.917,30.3,29.0,28.6,28.5,True
