time_s,voltage,current,temperature,soc,ntc1,ntc2,ntc3,ntc4,cell_v1,cell_v2,cell_v3,cell_v4,cell_v5,cell_v6,cell_v7,cell_v8
94.1,32.21488,-2.88949,27.081,97.386,27.081,27.081,27.081,27.081,4.02686,4.024466009033458,4.029112423400398,4.02462786707799,4.02784049303004,4.026354042090638,4.022998330799223,4.024620924604355
0.0,32.44512,-2.90241,26.4518,100.0,26.4518,26.4518,26.4518,26.4518,4.05564,4.0516753534777274,4.059006644553867,4.059685402301376,4.05560233543572,4.056504411619927,4.057100647410877,4.053410837607925
0.1,32.4296,-2.89393,26.4423,99.997,26.4423,26.4423,26.4423,26.4423,4.0537,4.0529589404349995,4.053721339340823,4.050169878857685,4.057380370048689,4.053997664136715,4.055425479174198,4.054643884993959
0.2,32.44824,-2.89472,26.4893,99.994,26.4893,26.4893,26.4893,26.4893,4.05603,4.054241509201839,4.057528617835659,4.058551308575382,4.051253593727736,4.057581502316678,4.0553948207123645,4.0585639847455
0.3,32.46896,-2.90764,26.4983,99.992,26.4983,26.4983,26.4983,26.4983,4.05862,4.056488977581803,4.055241986727704,4.061792567210735,4.062594107056366,4.055314010163264,4.062127567507993,4.063299408144762
0.4,32.42656,-2.90533,26.4901,99.989,26.4901,26.4901,26.4901,26.4901,4.05332,4.057966496452246,4.054693060797204,4.0559683747928155,4.053426659794903,4.053408879953695,4.056616851030974,4.052458258175692
0.5,32.42632,-2.891,26.6032,99.986,26.6032,26.6032,26.6032,26.6032,4.05329,4.055189239069131,4.050910695600398,4.0511751192555865,4.057678498257973,4.049929044446836,4.051460210575003,4.0544501087590366
0.6,32.4696,-2.87282,26.506,99.983,26.506,26.506,26.506,26.506,4.0587,4.055993280136319,4.062132458017764,4.060223424407073,4.062314278586638,4.062909422485812,4.059653159773774,4.058470050168051
0.7,32.44984,-2.8819,26.5616,99.981,26.5616,26.5616,26.5616,26.5616,4.05623,4.052581193301223,4.052738462646203,4.057016192168782,4.05884926699525,4.056821452487702,4.053889882542866,4.057847318475003
0.8,32.41992,-2.91694,26.6385,99.978,26.6385,26.6385,26.6385,26.6385,4.05249,4.053457825664115,4.056234405181303,4.048111306374176,4.056450432661406,4.049335962088816,4.0522410486130855,4.052135355803275
0.9,32.44392,-2.91688,26.4767,99.975,26.4767,26.4767,26.4767,26.4767,4.05549,4.055324254548776,4.05730772252554,4.055751085012065,4.057698558373666,4.059762240922111,4.059425168859361,4.054843429828821
1.0,32.41952,-2.90803,26.5146,99.972,26.5146,26.5146,26.5146,26.5146,4.05244,4.053300095017269,4.051307952918337,4.04804688231436,4.0541562874357036,4.047716687196363,4.055333418916548,4.056840260666245
1.1,32.4192,-2.89852,26.5553,99.969,26.5553,26.5553,26.5553,26.5553,4.0524,4.056308747670511,4.054369695577232,4.053871728636309,4.051334246158711,4.054799488086145,4.055633300178942,4.050868823222613
1.2,32.43592,-2.89928,26.5142,99.967,26.5142,26.5142,26.5142,26.5142,4.05449,4.050153115016571,4.053983225139733,4.054008924235443,4.051663784519704,4.052925620508336,4.05795155610633,4.050836549019541
1.3,32.384,-2.8814,26.4908,99.964,26.4908,26.4908,26.4908,26.4908,4.048,4.0508904948818385,4.04505777304569,4.045312180541445,4.047040428566087,4.052258309122903,4.045100035549026,4.0449048153383345
1.4,32.38824,-2.88057,26.6486,99.961,26.6486,26.6486,26.6486,26.6486,4.04853,4.047298826724489,4.044721621728746,4.048043167836144,4.048965973701822,4.044096514347422,4.049163807102065,4.05316087852657
1.5,32.41584,-2.89992,26.5805,99.958,26.5805,26.5805,26.5805,26.5805,4.05198,4.0499813960456885,4.04928849045928,4.04844097204087,4.056538904932305,4.04840783624437,4.048126596423379,4.056423266768276
1.6,32.4048,-2.90342,26.383,99.956,26.383,26.383,26.383,26.383,4.0506,4.0549248016846535,4.049086737622147,4.045809144104431,4.0541603872656315,4.055304999646333,4.049836931957169,4.0554523844343375
1.7,32.4364,-2.89225,26.5911,99.953,26.5911,26.5911,26.5911,26.5911,4.05455,4.051741823838943,4.059498828475599,4.057778725703326,4.050764732743724,4.052396980527921,4.058011760622591,4.053617431377658
1.8,32.4068,-2.88405,26.6063,99.95,26.6063,26.6063,26.6063,26.6063,4.05085,4.05116918677024,4.049236049578294,4.053103686047768,4.052640588272288,4.047289794933995,4.0504366401219585,4.053486513312855
1.9,32.39448,-2.89171,26.5826,99.947,26.5826,26.5826,26.5826,26.5826,4.04931,4.051551090534597,4.053517963514861,4.044348236458916,4.051508581670294,4.045604011052045,4.052972021122422,4.049379551248743
2.0,32.46328,-2.90647,26.5565,99.944,26.5565,26.5565,26.5565,26.5565,4.05791,4.054779592360429,4.0616836523589495,4.060241943923933,4.053156331545652,4.056527293734372,4.062690045111854,4.060753227997526
2.1,32.4224,-2.90918,26.605,99.942,26.605,26.605,26.605,26.605,4.0528,4.053714574280744,4.04917852793311,4.052832132309383,4.048997075293219,4.053591777488043,4.056497162368819,4.052808665540469
2.2,32.4292,-2.91666,26.5655,99.939,26.5655,26.5655,26.5655,26.5655,4.05365,4.049671012441395,4.057183237916903,4.0535759164752285,4.055528147688348,4.056934429954516,4.058411225776432,4.052214362691367
2.3,32.39312,-2.8971,26.5479,99.936,26.5479,26.5479,26.5479,26.5479,4.04914,4.044309826843595,4.048912418390464,4.052286739930367,4.047929586488664,4.053825695365067,4.045692784526668,4.050975738082815
2.4,32.414,-2.89065,26.5218,99.933,26.5218,26.5218,26.5218,26.5218,4.05175,4.050533807391985,4.049304764251737,4.055821563441844,4.050075570582657,4.049968701446518,4.055807355022802,4.052216251387279
2.5,32.42952,-2.88898,26.45,99.931,26.45,26.45,26.45,26.45,4.05369,4.050213005245632,4.051462325518705,4.0505660929310014,4.056107390205828,4.056308837305025,4.054363015655369,4.053065341092442
2.6,32.39896,-2.88272,26.4325,99.928,26.4325,26.4325,26.4325,26.4325,4.04987,4.053996323555737,4.053817011530275,4.0454824769776385,4.045719393207111,4.0544872961500245,4.05430769850178,4.054046294370036
2.7,32.43536,-2.8778,26.5618,99.925,26.5618,26.5618,26.5618,26.5618,4.05442,4.052811766596364,4.051986122091593,4.051445178528389,4.056450512367538,4.059401372338431,4.058954351454852,4.0588947128271196
2.8,32.41168,-2.92062,26.5613,99.922,26.5613,26.5613,26.5613,26.5613,4.05146,4.0485845636027475,4.048514336702714,4.046969420087832,4.049858278410798,4.05021272757965,4.050868124939123,4.050656446625827
2.9,32.4188,-2.89393,26.514,99.919,26.514,26.514,26.514,26.514,4.05235,4.055284561637269,4.056201409949377,4.052742717391111,4.048457867111419,4.050410785361922,4.05333637825158,4.049269714704664
3.0,32.41112,-2.89341,26.4657,99.917,26.4657,26.4657,26.4657,26.4657,4.05139,4.0509702379028365,4.051056417874274,4.0503279037078705,4.047376038992704,4.0493904488452035,4.051373193449242,4.049734155689524
3.1,32.46976,-2.90111,26.4499,99.914,26.4499,26.4499,26.4499,26.4499,4.05872,4.054855806649873,4.057249553315341,4.055988367081725,4.06236565553097,4.059213021478535,4.053884321409909,4.057815650627403
3.2,32.42472,-2.91243,26.4965,99.911,26.4965,26.4965,26.4965,26.4965,4.05309,4.057698909933392,4.048185190156208,4.053330247837304,4.056168339211001,4.05166844899354,4.057532861493461,4.054949480005132
3.3,32.39944,-2.87833,26.5609,99.908,26.5609,26.5609,26.5609,26.5609,4.04993,4.045240554475563,4.048846912009728,4.047608430652618,4.051262082589837,4.052254719665364,4.047482799641967,4.046965432799856
3.4,32.44432,-2.90883,26.6537,99.906,26.6537,26.6537,26.6537,26.6537,4.05554,4.057539792561843,4.059622454036622,4.052068412003473,4.053349511641697,4.057386052966029,4.052527360598803,4.051508845114223
3.5,32.39496,-2.93289,26.5185,99.903,26.5185,26.5185,26.5185,26.5185,4.04937,4.04811273191372,4.044701551224498,4.046390387220507,4.047122806374106,4.05291021918235,4.049414165276739,4.05205249498484
3.6,32.42904,-2.8997,26.5378,99.9,26.5378,26.5378,26.5378,26.5378,4.05363,4.05644494501367,4.057415930783396,4.056661576543777,4.05679622432257,4.0566190081179085,4.051188508811188,4.052767301789412
3.7,32.37672,-2.90357,26.5887,99.897,26.5887,26.5887,26.5887,26.5887,4.04709,4.048462823627926,4.051733002387627,4.046774991415323,4.048843454922962,4.047517783652772,4.044442576166991,4.045182655749482
3.8,32.39168,-2.87213,26.5179,99.894,26.5179,26.5179,26.5179,26.5179,4.04896,4.05389906584966,4.046667154091211,4.047121437341301,4.044985144264016,4.046652728629896,4.0493390176641535,4.0522177360461145
3.9,32.428,-2.89265,26.5444,99.892,26.5444,26.5444,26.5444,26.5444,4.0535,4.054439851122392,4.055423631089303,4.055172986131151,4.058278972927208,4.048785498101161,4.056741144939706,4.051388497558387
4.0,32.44072,-2.90458,26.5721,99.889,26.5721,26.5721,26.5721,26.5721,4.05509,4.050480851881359,4.056735982083174,4.057431947763066,4.050658759759946,4.0543914848726095,4.051313334436963,4.057744986675419
4.1,32.42688,-2.90295,26.5895,99.886,26.5895,26.5895,26.5895,26.5895,4.05336,4.054244518950289,4.053873143110262,4.053717791206917,4.0522536139306276,4.052743815345228,4.049513625051331,4.053867691194623
4.2,32.41976,-2.90313,26.5272,99.883,26.5272,26.5272,26.5272,26.5272,4.05247,4.0520098057484715,4.049671600906344,4.056796076387534,4.0561074231953915,4.048481367566824,4.051303145930319,4.049630497483024
4.3,32.41504,-2.86674,26.4957,99.881,26.4957,26.4957,26.4957,26.4957,4.05188,4.048134823546506,4.048969707274288,4.048000979340301,4.0528133783520275,4.054383508040947,4.050028057949993,4.0543380214623905
4.4,32.38648,-2.88987,26.5374,99.878,26.5374,26.5374,26.5374,26.5374,4.04831,4.045375439797678,4.051019354807526,4.043514196619382,4.051236953314385,4.043668154699177,4.0506693505027975,4.046512533691497
4.5,32.40448,-2.92111,26.4238,99.875,26.4238,26.4238,26.4238,26.4238,4.05056,4.0513556377504445,4.055346435328209,4.054770670943833,4.046773420538121,4.051661003413991,4.055332780678561,4.053997679647844
4.6,32.4104,-2.90367,26.5439,99.872,26.5439,26.5439,26.5439,26.5439,4.0513,4.054181601892389,4.048292959676271,4.052076139281671,4.051752088586173,4.0543582515543255,4.053459812754624,4.047613265320217
4.7,32.44664,-2.90035,26.5788,99.869,26.5788,26.5788,26.5788,26.5788,4.05583,4.057123753066484,4.0603134886314765,4.057893091169319,4.054406575257642,4.054505112673559,4.0511425150488956,4.0556209033677915
4.8,32.4292,-2.91661,26.6293,99.867,26.6293,26.6293,26.6293,26.6293,4.05365,4.057449420871933,4.050130375231239,4.0552735575101195,4.051322720433303,4.05347053737491,4.053607008747431,4.056296222615594
4.9,32.3784,-2.92674,26.5834,99.864,26.5834,26.5834,26.5834,26.5834,4.0473,4.051299529667095,4.042785816679729,4.043978976693576,4.045374443038461,4.046479700329037,4.0477338472524895,4.051540446087325
5.0,32.42824,-2.89107,26.3746,99.861,26.3746,26.3746,26.3746,26.3746,4.05353,4.0566586827664874,4.0526468114269525,4.051440928712301,4.051458829616786,4.050916609263389,4.055655774935483,4.052258678349834
5.1,32.41096,-2.91207,26.6126,99.858,26.6126,26.6126,26.6126,26.6126,4.05137,4.054237121966533,4.0496169829979385,4.052543351787378,4.054489343686002,4.0495143332342005,4.047480156201905,4.05041199001213
5.2,32.40368,-2.88127,26.6177,99.856,26.6177,26.6177,26.6177,26.6177,4.05046,4.053605719127343,4.049926639864025,4.048966421450875,4.048322975461926,4.052577041228706,4.05439648233815,4.0470198453644795
5.3,32.4344,-2.89988,26.475,99.853,26.475,26.475,26.475,26.475,4.0543,4.05709305415752,4.055164906900182,4.053958344519927,4.055302762297012,4.051365383625722,4.055040075617284,4.057944873811253
5.4,32.44416,-2.90711,26.5068,99.85,26.5068,26.5068,26.5068,26.5068,4.05552,4.0591999579353315,4.051599906813379,4.050976121173612,4.059924237376587,4.06020639619205,4.052898359276472,4.053241960143723
5.5,32.44152,-2.93625,26.6177,99.847,26.6177,26.6177,26.6177,26.6177,4.05519,4.052508236643131,4.0531891919820575,4.057489057359719,4.05040545431977,4.059437216987746,4.051890140585814,4.056715740015965
5.6,32.3988,-2.88167,26.5353,99.844,26.5353,26.5353,26.5353,26.5353,4.04985,4.047361729957153,4.048510409864114,4.0510998277959525,4.046530725625192,4.047483036158876,4.047812534509717,4.048618515502783
5.7,32.41128,-2.8956,26.4973,99.842,26.4973,26.4973,26.4973,26.4973,4.05141,4.051373408234874,4.055661760845886,4.05054932212491,4.052308208597397,4.047175430274285,4.056108990495381,4.055807352831834
5.8,32.4264,-2.90672,26.488,99.839,26.488,26.488,26.488,26.488,4.0533,4.058126126680841,4.057368999391374,4.050631038501871,4.057304217697823,4.051554402370543,4.056006805803565,4.05557044476548
5.9,32.4416,-2.91335,26.6917,99.836,26.6917,26.6917,26.6917,26.6917,4.0552,4.057674005714612,4.059415848664613,4.05774420876839,4.05477282732775,4.0581695707379755,4.059288281611629,4.058612064862577
94.2,32.20928,-2.92093,27.0423,97.383,27.0423,27.0423,27.0423,27.0423,4.02616,4.029455221794798,4.028227613759341,4.02979246382304,4.027564700694516,4.027251006169514,4.023882013197463,4.030901834131208
6.0,32.4064,-2.87601,26.5815,99.833,26.5815,26.5815,26.5815,26.5815,4.0508,4.052969544389198,4.047802753715899,4.0460609456656975,4.045901386091951,4.049200032291659,4.0552160387996325,4.048876663558308
6.1,32.4132,-2.91596,26.5181,99.831,26.5181,26.5181,26.5181,26.5181,4.05165,4.052702949786046,4.048735662191091,4.050102352477813,4.048809226302836,4.049732419772425,4.053201332242017,4.050103643791853
6.2,32.39088,-2.90553,26.6211,99.828,26.6211,26.6211,26.6211,26.6211,4.04886,4.049594125867285,4.045708698155312,4.047652421465211,4.045768060729146,4.048937913000552,4.051135982274616,4.0520827899634515
6.3,32.38848,-2.89145,26.5305,99.825,26.5305,26.5305,26.5305,26.5305,4.04856,4.052520736899611,4.052725443087313,4.049418755982969,4.04716981462264,4.051400513028617,4.044800563731587,4.048920076710267
6.4,32.4364,-2.87824,26.6092,99.822,26.6092,26.6092,26.6092,26.6092,4.05455,4.0572903702059815,4.05597245566806,4.050822505918046,4.050471381974373,4.050570332595653,4.052111329086833,4.049862907493959
6.5,32.4492,-2.90324,26.5719,99.819,26.5719,26.5719,26.5719,26.5719,4.05615,4.0538192669559505,4.058811738316571,4.060700032892294,4.059326331814328,4.051854320760021,4.0572585841752655,4.054028421200929
6.6,32.41464,-2.91102,26.5173,99.817,26.5173,26.5173,26.5173,26.5173,4.05183,4.0492500755533385,4.054437037678924,4.048387916401753,4.047683543008087,4.0522836073468245,4.055402711227936,4.052155601962309
6.7,32.44024,-2.9016,26.5681,99.814,26.5681,26.5681,26.5681,26.5681,4.05503,4.052616123862797,4.058684881305925,4.054790096988372,4.052207292205038,4.051668549991859,4.058942399756405,4.052399079935581
6.8,32.42456,-2.88643,26.5711,99.811,26.5711,26.5711,26.5711,26.5711,4.05307,4.0546893959847345,4.050762715803011,4.054869896204871,4.049715038116204,4.055436820017443,4.052924216793771,4.050839397053243
6.9,32.40016,-2.88306,26.5874,99.808,26.5874,26.5874,26.5874,26.5874,4.05002,4.0508293477723045,4.0543169405258235,4.050733763691613,4.053667463384088,4.045799140024461,4.047968164450339,4.048944700339724
7.0,32.42408,-2.92063,26.6376,99.806,26.6376,26.6376,26.6376,26.6376,4.05301,4.054361571510794,4.051269945306919,4.057609958259901,4.056830961019941,4.048607815970727,4.054579852461625,4.049552950994514
7.1,32.45208,-2.89828,26.6732,99.803,26.6732,26.6732,26.6732,26.6732,4.05651,4.055792650262655,4.05556909154887,4.057634099832356,4.0592353768113645,4.057248400552743,4.0582845634498925,4.053022407272537
7.2,32.414,-2.92151,26.5657,99.8,26.5657,26.5657,26.5657,26.5657,4.05175,4.054498144291032,4.053836120521127,4.055647285709464,4.0480701320079255,4.054920489101854,4.050011768561298,4.049895115638012
7.3,32.45216,-2.88674,26.4271,99.797,26.4271,26.4271,26.4271,26.4271,4.05652,4.060402372318936,4.061405140815598,4.057344214396983,4.052948315298086,4.05196868129774,4.059235220585405,4.054296105509532
7.4,32.35152,-2.89366,26.5948,99.794,26.5948,26.5948,26.5948,26.5948,4.04394,4.039384862950529,4.039030417542415,4.045986681969546,4.045755887316576,4.044042788761558,4.039835218497796,4.046594850416988
7.5,32.43384,-2.91382,26.5271,99.792,26.5271,26.5271,26.5271,26.5271,4.05423,4.059206484170181,4.052624654820444,4.051408711723747,4.053496658980228,4.052217241021318,4.056470501182124,4.053941105629037
7.6,32.41592,-2.87699,26.4418,99.789,26.4418,26.4418,26.4418,26.4418,4.05199,4.055439454336649,4.0516548049355405,4.04848302890069,4.052839131427391,4.0568598912932154,4.049206111398183,4.051748091387144
7.7,32.4064,-2.89497,26.5853,99.786,26.5853,26.5853,26.5853,26.5853,4.0508,4.054157587444653,4.046873168480848,4.050660647413718,4.050809541568973,4.0485732982565485,4.049639606048354,4.047706381602544
7.8,32.41552,-2.89662,26.5708,99.783,26.5708,26.5708,26.5708,26.5708,4.05194,4.0556337125733934,4.04761717667239,4.052930077482544,4.053103566869012,4.052027171174371,4.054050507798429,4.048902533678611
7.9,32.36536,-2.90269,26.4967,99.781,26.4967,26.4967,26.4967,26.4967,4.04567,4.040949951661191,4.0455252816488105,4.049786096487804,4.0503517694794,4.0501182212480344,4.044354870735729,4.049379134114911
8.0,32.4076,-2.90012,26.4744,99.778,26.4744,26.4744,26.4744,26.4744,4.05095,4.046529921077984,4.051820030260388,4.04654243630253,4.046798687212081,4.051882565339916,4.054342095100975,4.048907835255419
8.1,32.42112,-2.90572,26.6299,99.775,26.6299,26.6299,26.6299,26.6299,4.05264,4.055573914252716,4.047981131087808,4.052419968109633,4.052212409882636,4.053424185421525,4.047804672614815,4.049273040964602
8.2,32.44776,-2.91112,26.5771,99.772,26.5771,26.5771,26.5771,26.5771,4.05597,4.058764562911859,4.060087125687232,4.056866332129271,4.055062806385601,4.05676724096329,4.05137352030401,4.059434154157465
8.3,32.3996,-2.88156,26.4998,99.769,26.4998,26.4998,26.4998,26.4998,4.04995,4.052386943037573,4.0493713272915715,4.04942067207355,4.053415233478699,4.045737154980823,4.050306735636487,4.0519246042257295
8.4,32.3924,-2.90739,26.5876,99.767,26.5876,26.5876,26.5876,26.5876,4.04905,4.053105210082189,4.049105309377714,4.052038510982234,4.053844963228595,4.0472609986113985,4.051425155640773,4.048782686636432
8.5,32.39952,-2.9079,26.5232,99.764,26.5232,26.5232,26.5232,26.5232,4.04994,4.046948056215512,4.04617099689703,4.052501724219698,4.051804732865942,4.047610306250256,4.045105731868711,4.052091380081438
8.6,32.43328,-2.90194,26.5817,99.761,26.5817,26.5817,26.5817,26.5817,4.05416,4.051516622180204,4.052411784735305,4.055277352633337,4.05377250804948,4.055640586706091,4.054095880091657,4.058854465362262
8.7,32.41896,-2.87863,26.5684,99.758,26.5684,26.5684,26.5684,26.5684,4.05237,4.051239074391346,4.051328617810889,4.052093363274445,4.05029602182389,4.056767677966825,4.04996010456747,4.057122317332611
8.8,32.39808,-2.88303,26.3963,99.756,26.3963,26.3963,26.3963,26.3963,4.04976,4.053509250329775,4.048135701361122,4.05081081562445,4.05276341316255,4.047917330001044,4.047909741360365,4.04493332413107
8.9,32.42288,-2.90592,26.5572,99.753,26.5572,26.5572,26.5572,26.5572,4.05286,4.0574406859682375,4.055905625321182,4.054862261128972,4.052320932436851,4.049746355847557,4.0480779546805,4.048208314503954
9.0,32.41264,-2.8816,26.5413,99.75,26.5413,26.5413,26.5413,26.5413,4.05158,4.052540531143567,4.054791735164867,4.0509483874789725,4.055200206910009,4.049510608317436,4.048786152006688,4.049734526617007
9.1,32.43328,-2.89838,26.5074,99.747,26.5074,26.5074,26.5074,26.5074,4.05416,4.050657954513165,4.059029589289358,4.050936352506172,4.05554349769779,4.050834637864622,4.0586458073591665,4.055328397841328
9.2,32.39296,-2.91265,26.4766,99.744,26.4766,26.4766,26.4766,26.4766,4.04912,4.045703985040363,4.046898383922654,4.050239764564925,4.053233653438735,4.052690504215321,4.051050096733359,4.053273781482544
9.3,32.40168,-2.90714,26.5399,99.742,26.5399,26.5399,26.5399,26.5399,4.05021,4.052438711559389,4.050942369606221,4.05305774844416,4.049786447559561,4.054678870798581,4.049536561973937,4.0515615919766415
9.4,32.39984,-2.8794,26.5324,99.739,26.5324,26.5324,26.5324,26.5324,4.04998,4.047303663452806,4.047872242560008,4.053260300739846,4.0476988966351115,4.0543917654295765,4.052388902165243,4.047786479866405
9.5,32.37392,-2.86876,26.5932,99.736,26.5932,26.5932,26.5932,26.5932,4.04674,4.051036695784789,4.043687089472475,4.042267496175513,4.044785748953987,4.045496750835635,4.051492635731679,4.049957916044636
9.6,32.41584,-2.8952,26.546,99.733,26.546,26.546,26.546,26.546,4.05198,4.0480409301802736,4.047480489348006,4.048393530498351,4.055465016254251,4.048983565790102,4.0516576230676415,4.047589445535702
9.7,32.4148,-2.9085,26.5606,99.731,26.5606,26.5606,26.5606,26.5606,4.05185,4.047313251407177,4.049281868435012,4.048647382311295,4.047525436146059,4.05353506821175,4.052763965049175,4.054408685838353
9.8,32.4084,-2.90187,26.5754,99.728,26.5754,26.5754,26.5754,26.5754,4.05105,4.049562716341029,4.047719728078917,4.052549080899202,4.050096273621504,4.049627718898679,4.055249813768805,4.048284645783223
9.9,32.4024,-2.91144,26.5285,99.725,26.5285,26.5285,26.5285,26.5285,4.0503,4.054030340407872,4.049863353272621,4.049225991065364,4.052972457025618,4.051644711822937,4.0511464627907845,4.051146945582201
10.0,32.37376,-2.90925,26.4972,99.722,26.4972,26.4972,26.4972,26.4972,4.04672,4.049497066145596,4.04990339282766,4.043078011121185,4.048823012920048,4.046723412460964,4.043984176889757,4.044324132250772
10.1,32.39736,-2.91073,26.6903,99.719,26.6903,26.6903,26.6903,26.6903,4.04967,4.049338303929249,4.046580308986748,4.046573574827531,4.04737680687067,4.04584285827809,4.047648362605847,4.0469234589648035
10.2,32.39904,-2.90119,26.5534,99.717,26.5534,26.5534,26.5534,26.5534,4.04988,4.051048370234083,4.045414439072761,4.054195123560012,4.048215614321959,4.045646697373519,4.045556857877568,4.052704901427037
10.3,32.38776,-2.89819,26.546,99.714,26.546,26.546,26.546,26.546,4.04847,4.04694900988692,4.046998529738042,4.047576176038923,4.044482432172178,4.050080629850203,4.0439850846648655,4.04771522479373
10.4,32.40288,-2.90222,26.644,99.711,26.644,26.644,26.644,26.644,4.05036,4.048229556288371,4.05435943973506,4.050275942276017,4.049868646618853,4.0478409139253095,4.045503923213302,4.0467409647475705
10.5,32.41616,-2.90332,26.673,99.708,26.673,26.673,26.673,26.673,4.05202,4.056358045531981,4.04789015279482,4.053548945259518,4.053906605684946,4.053304629310348,4.0564247587300075,4.055908405183852
10.6,32.45152,-2.88859,26.6471,99.706,26.6471,26.6471,26.6471,26.6471,4.05644,4.058852384306912,4.051657617649536,4.05818868346158,4.058219615972039,4.054583001008334,4.0606972202078335,4.054971109827978
10.7,32.41016,-2.90344,26.5375,99.703,26.5375,26.5375,26.5375,26.5375,4.05127,4.051563775744099,4.051620708348066,4.047904487389887,4.0561463414784145,4.051710059790356,4.047434115491199,4.055206791515093
10.8,32.41192,-2.90248,26.5823,99.7,26.5823,26.5823,26.5823,26.5823,4.05149,4.055650278548693,4.053108157277388,4.055600625468418,4.047194478704745,4.056481860063043,4.052338326850121,4.046707934799746
10.9,32.40368,-2.90265,26.5971,99.697,26.5971,26.5971,26.5971,26.5971,4.05046,4.045909028376634,4.053293632702362,4.049761610873353,4.048099344602343,4.050109746333863,4.047679368403544,4.049227534157368
11.0,32.35912,-2.87685,26.6968,99.694,26.6968,26.6968,26.6968,26.6968,4.04489,4.049021823653454,4.046585785536486,4.042818087502465,4.048823563874236,4.040010513535493,4.04979611955013,4.042800766688886
11.1,32.40432,-2.90737,26.5884,99.692,26.5884,26.5884,26.5884,26.5884,4.05054,4.0455730700808035,4.0544916639801185,4.047660125225267,4.051118307593189,4.055325924414784,4.049231452546648,4.052201589082387
11.2,32.40616,-2.89106,26.5916,99.689,26.5916,26.5916,26.5916,26.5916,4.05077,4.046943859319068,4.05237353354208,4.051054911237378,4.047962582471422,4.0527451069154115,4.052270346186351,4.04725605999144
11.3,32.46352,-2.91123,26.5035,99.686,26.5035,26.5035,26.5035,26.5035,4.05794,4.0623305007889545,4.061073014529975,4.054873004886571,4.060931485521583,4.062142473497743,4.057925684846448,4.053304239305503
11.4,32.3996,-2.89475,26.4896,99.683,26.4896,26.4896,26.4896,26.4896,4.04995,4.04956441975367,4.051055377493778,4.048802706018444,4.051920495950374,4.04630535970087,4.050843113897614,4.050344587726944
11.5,32.4112,-2.89181,26.6467,99.681,26.6467,26.6467,26.6467,26.6467,4.0514,4.053724921907748,4.051099067186488,4.053861866022274,4.046688067985994,4.054246953058434,4.051586494003294,4.046753144093531
11.6,32.40288,-2.88374,26.5868,99.678,26.5868,26.5868,26.5868,26.5868,4.05036,4.052948660118234,4.053531990431457,4.0472932417056855,4.050473401355269,4.054284255747805,4.0510644687187005,4.054302089048158
11.7,32.37536,-2.90576,26.5934,99.675,26.5934,26.5934,26.5934,26.5934,4.04692,4.046871163190099,4.05095378847145,4.0435673131630026,4.050842106269716,4.042314518244944,4.04413060669112,4.042310760737741
11.8,32.43056,-2.91671,26.6316,99.672,26.6316,26.6316,26.6316,26.6316,4.05382,4.05121482157659,4.052103016180411,4.050437705445032,4.05616764145917,4.056913084209401,4.052954536454504,4.057079221761759
11.9,32.42096,-2.91176,26.6189,99.669,26.6189,26.6189,26.6189,26.6189,4.05262,4.053827191180409,4.0501428832679265,4.056019525123253,4.051929708938989,4.057291744493622,4.048324639364934,4.053763647969852
12.0,32.42168,-2.88553,26.6116,99.667,26.6116,26.6116,26.6116,26.6116,4.05271,4.049118704830095,4.05062840426882,4.053181636996435,4.055096555326862,4.0554076796205845,4.047919792968205,4.054511633853201
12.1,32.38056,-2.86877,26.607,99.664,26.607,26.607,26.607,26.607,4.04757,4.051975815999751,4.051641526131602,4.04564063473938,4.047490706484019,4.043986376210829,4.051323573688713,4.049661231122449
12.2,32.43584,-2.88748,26.5777,99.661,26.5777,26.5777,26.5777,26.5777,4.05448,4.051423845942086,4.052466222244752,4.0512391819324,4.059137687029749,4.053194805364267,4.049501810474907,4.050940576449445
12.3,32.36824,-2.91893,26.5825,99.658,26.5825,26.5825,26.5825,26.5825,4.04603,4.041758063550186,4.043898619703907,4.041543903988224,4.049412662702901,4.044143209805218,4.04799719990246,4.047412778406038
12.4,32.41576,-2.88799,26.6255,99.656,26.6255,26.6255,26.6255,26.6255,4.05197,4.055488336099204,4.047096304238147,4.0475508976974295,4.056064050933638,4.055015624628581,4.047739060189364,4.052790165403487
12.5,32.45392,-2.91416,26.5148,99.653,26.5148,26.5148,26.5148,26.5148,4.05674,4.055034835853228,4.059720209498246,4.06030217312953,4.057965980613845,4.058007548943736,4.054350265101915,4.059231617183645
12.6,32.37736,-2.90524,26.5087,99.65,26.5087,26.5087,26.5087,26.5087,4.04717,4.04473145145046,4.049662848437239,4.0470949807042516,4.04679735048078,4.046395338060573,4.043331621374262,4.04836239650061
12.7,32.38728,-2.89719,26.5772,99.647,26.5772,26.5772,26.5772,26.5772,4.04841,4.050669195509916,4.048915193254448,4.048549816478919,4.046270624440738,4.052155670098138,4.050430520286224,4.053073663677543
12.8,32.40304,-2.89467,26.5818,99.644,26.5818,26.5818,26.5818,26.5818,4.05038,4.0524413562176305,4.0483623707159495,4.0480016551663836,4.0455076012190565,4.046394994682963,4.046007317869937,4.051728444031386
12.9,32.38832,-2.89902,26.6169,99.642,26.6169,26.6169,26.6169,26.6169,4.04854,4.048092156967232,4.0526694000100205,4.045717662512648,4.044289472013062,4.044845680153131,4.0477801287290545,4.0449132907184815
13.0,32.36288,-2.90902,26.5606,99.639,26.5606,26.5606,26.5606,26.5606,4.04536,4.041633169094409,4.050358434011025,4.0473477442554096,4.045250548597011,4.045622939860105,4.047939188187198,4.046198283735387
13.1,32.40152,-2.8841,26.5278,99.636,26.5278,26.5278,26.5278,26.5278,4.05019,4.045857264381912,4.046424566819552,4.05332306521844,4.049359810269113,4.046477609996905,4.047388572808243,4.048582489680959
13.2,32.37408,-2.90791,26.6112,99.633,26.6112,26.6112,26.6112,26.6112,4.04676,4.045058638617903,4.047682379349415,4.045531197018458,4.048112454122522,4.047176461038491,4.048491717655731,4.044743216521449
13.3,32.41072,-2.88118,26.6564,99.631,26.6564,26.6564,26.6564,26.6564,4.05134,4.054584568636658,4.054819381445045,4.0524266576995505,4.047495773251532,4.046911172614121,4.050959719536129,4.051830867939602
13.4,32.37704,-2.92039,26.5981,99.628,26.5981,26.5981,26.5981,26.5981,4.04713,4.045508056429661,4.048742376803344,4.048942204768768,4.046119241193465,4.045941469727774,4.042383615612849,4.046632123957887
13.5,32.43608,-2.89677,26.4895,99.625,26.4895,26.4895,26.4895,26.4895,4.05451,4.055161584655629,4.058067622450649,4.057772355117557,4.0506111716027275,4.058300633562462,4.051263581296553,4.055174649448603
13.6,32.37976,-2.91839,26.5939,99.622,26.5939,26.5939,26.5939,26.5939,4.04747,4.046133922170579,4.044080689676274,4.044217345567309,4.051449923722306,4.051575055877671,4.0428926865892505,4.043727538221295
13.7,32.39064,-2.91251,26.462,99.619,26.462,26.462,26.462,26.462,4.04883,4.046123910517019,4.045869088971527,4.052319858712495,4.046358123680289,4.047613769601488,4.050638052938845,4.045592691094987
13.8,32.4176,-2.9077,26.576,99.617,26.576,26.576,26.576,26.576,4.0522,4.054412593896715,4.0503600272968345,4.056507939208786,4.054762927388091,4.050527244706453,4.055066658843758,4.047840961565389
13.9,32.36832,-2.87719,26.4585,99.614,26.4585,26.4585,26.4585,26.4585,4.04604,4.04184943661798,4.042488612089373,4.0415791190574835,4.042974654884077,4.050923781035869,4.049640344399525,4.0499075367802115
14.0,32.40304,-2.88038,26.5538,99.611,26.5538,26.5538,26.5538,26.5538,4.05038,4.0479526897526235,4.04919270499867,4.0507199698948115,4.046232099030107,4.046573241150199,4.046143278090373,4.050991504948592
14.1,32.42872,-2.88689,26.6108,99.608,26.6108,26.6108,26.6108,26.6108,4.05359,4.050939532950302,4.051045031754034,4.05816920478267,4.054976762694885,4.057084636544823,4.052908555335156,4.0535955580636385
14.2,32.35848,-2.8995,26.5636,99.606,26.5636,26.5636,26.5636,26.5636,4.04481,4.049253560988862,4.048916358690551,4.04388071369268,4.041810009560517,4.047875716631904,4.044377198695698,4.046801157720356
14.3,32.4012,-2.89718,26.6502,99.603,26.6502,26.6502,26.6502,26.6502,4.05015,4.050924078463241,4.051813546800656,4.0509986381307845,4.050306348949142,4.045826754608221,4.051888682748962,4.050137020436449
14.4,32.4028,-2.881,26.595,99.6,26.595,26.595,26.595,26.595,4.05035,4.0513847184635186,4.046647978246191,4.047363289668707,4.04767479637464,4.0540199449892915,4.047972039432229,4.0488831432650505
14.5,32.41504,-2.88948,26.515,99.597,26.515,26.515,26.515,26.515,4.05188,4.054257993808773,4.055016680033089,4.05218843529064,4.056876376003634,4.0484497160044945,4.054929126248826,4.051999779588906
14.6,32.36632,-2.89973,26.637,99.594,26.637,26.637,26.637,26.637,4.04579,4.042233729639493,4.044309017850975,4.041526407406816,4.042778110265786,4.041221991353258,4.046545647432197,4.042020389343442
14.7,32.36408,-2.8777,26.6249,99.592,26.6249,26.6249,26.6249,26.6249,4.04551,4.046894084496608,4.042901741745389,4.050099664139624,4.044156350238386,4.045513887577459,4.042805749945114,4.042689809921691
14.8,32.40808,-2.88778,26.6606,99.589,26.6606,26.6606,26.6606,26.6606,4.05101,4.054026038562001,4.049698308048359,4.053886366967389,4.054487681658454,4.047203167680963,4.0527222875233875,4.0488984523579505
14.9,32.4024,-2.89636,26.6273,99.586,26.6273,26.6273,26.6273,26.6273,4.0503,4.048409417973007,4.049908376593896,4.047424208069898,4.050446883121041,4.051233118146972,4.047760781868767,4.046576682675949
15.0,32.40104,-2.90688,26.6135,99.583,26.6135,26.6135,26.6135,26.6135,4.05013,4.048620099317605,4.050945159783803,4.04842471454945,4.052541346157941,4.048131362775879,4.049003554820728,4.048911098084609
15.1,32.40312,-2.90824,26.5263,99.581,26.5263,26.5263,26.5263,26.5263,4.05039,4.045903983034305,4.0537917241989305,4.0538932642860726,4.052205583522345,4.0524286795524755,4.052686452382642,4.054612299326466
15.2,32.37816,-2.90504,26.6352,99.578,26.6352,26.6352,26.6352,26.6352,4.04727,4.046571344804722,4.043232610325688,4.047642146214148,4.043185917403015,4.048292959865987,4.043416555739694,4.044016995293015
15.3,32.39984,-2.89315,26.5782,99.575,26.5782,26.5782,26.5782,26.5782,4.04998,4.050491901815006,4.050103228236077,4.0513741767414615,4.051251687180432,4.05427944840583,4.0490955400724475,4.052163736968619
15.4,32.40104,-2.88746,26.6359,99.572,26.6359,26.6359,26.6359,26.6359,4.05013,4.047884450204567,4.048379799408995,4.048356494342083,4.049697027995683,4.045694027496336,4.05449241991749,4.050386555840217
15.5,32.37664,-2.92166,26.7219,99.569,26.7219,26.7219,26.7219,26.7219,4.04708,4.045141687938516,4.043270830855324,4.048139961015328,4.051405479279508,4.051567119665188,4.051257140231972,4.043362735040908
15.6,32.43824,-2.9292,26.6611,99.567,26.6611,26.6611,26.6611,26.6611,4.05478,4.054440491822072,4.054678452646121,4.0506045290663995,4.052401409589579,4.055983880440738,4.05248830282963,4.057878420294746
15.7,32.40464,-2.91427,26.6063,99.564,26.6063,26.6063,26.6063,26.6063,4.05058,4.054155154878827,4.048917932382873,4.05319766947744,4.050285998325717,4.048689195139475,4.05344788012251,4.047388247341333
15.8,32.3644,-2.90612,26.5942,99.561,26.5942,26.5942,26.5942,26.5942,4.04555,4.042072541541464,4.042064774552633,4.046645456794192,4.041001431174775,4.0475396695926955,4.045337728046506,4.040929670877847
15.9,32.40848,-2.88206,26.5653,99.558,26.5653,26.5653,26.5653,26.5653,4.05106,4.049555535223586,4.052040184581815,4.053534279913693,4.046816299228618,4.049955240829698,4.046084830643453,4.049911858704225
16.0,32.36912,-2.90421,26.4515,99.556,26.4515,26.4515,26.4515,26.4515,4.04614,4.0508402374776065,4.048537355191144,4.042429991983278,4.049299600922414,4.046770902419013,4.050535833405479,4.050335822438245
16.1,32.41112,-2.89618,26.5943,99.553,26.5943,26.5943,26.5943,26.5943,4.05139,4.054741612092776,4.047455761357655,4.049552350453333,4.049434307940866,4.046660009414554,4.049161421603783,4.049875305134989
16.2,32.41976,-2.89373,26.5612,99.55,26.5612,26.5612,26.5612,26.5612,4.05247,4.0531142870692864,4.049880639006273,4.056193661184307,4.054285540471716,4.05142687676057,4.055062837942743,4.052100348253207
16.3,32.372,-2.91535,26.6119,99.547,26.6119,26.6119,26.6119,26.6119,4.0465,4.050021912668364,4.0427794810838655,4.041850477120802,4.043673624792996,4.04151567096501,4.05086660304653,4.045479719256597
16.4,32.41456,-2.8781,26.5622,99.544,26.5622,26.5622,26.5622,26.5622,4.05182,4.055949931543688,4.053855289511221,4.055480721892302,4.05125554260429,4.053548927616579,4.053762458664722,4.056525085830042
16.5,32.40112,-2.90997,26.607,99.542,26.607,26.607,26.607,26.607,4.05014,4.0480459501290875,4.052837897604617,4.0500278050725065,4.053939120513526,4.05142237363986,4.050570218051671,4.046676712823929
16.6,32.41072,-2.8766,26.6691,99.539,26.6691,26.6691,26.6691,26.6691,4.05134,4.053715954039871,4.055674174621011,4.053015306139274,4.055127408260392,4.0502802964429225,4.051816299905355,4.05276160991737
16.7,32.43624,-2.90189,26.6043,99.536,26.6043,26.6043,26.6043,26.6043,4.05453,4.056348180922821,4.058455112249024,4.056188572076727,4.050764079104246,4.055884206845277,4.051395658723657,4.050743159682762
16.8,32.38456,-2.90506,26.5303,99.533,26.5303,26.5303,26.5303,26.5303,4.04807,4.050520277931015,4.047181081527054,4.050291914220537,4.0520267303213995,4.047363392007515,4.050708058033526,4.051184896112358
16.9,32.37208,-2.91666,26.5462,99.531,26.5462,26.5462,26.5462,26.5462,4.04651,4.0439025299992535,4.050121121291634,4.045287926203653,4.045253580872644,4.047225341437262,4.04157859566669,4.0449221362864805
17.0,32.36856,-2.89704,26.638,99.528,26.638,26.638,26.638,26.638,4.04607,4.043293950305877,4.04455313995316,4.041162713856871,4.041954304958353,4.042783685687285,4.046756350205546,4.045204493199808
17.1,32.37008,-2.86618,26.6423,99.525,26.6423,26.6423,26.6423,26.6423,4.04626,4.046199366037046,4.048651824027103,4.048327294148612,4.046335328152216,4.049240350307844,4.046672481476361,4.0440694959103025
17.2,32.3876,-2.8938,26.5454,99.522,26.5454,26.5454,26.5454,26.5454,4.04845,4.048056066636996,4.045158586784937,4.052305995618017,4.045761148096222,4.04419124621085,4.049257860380388,4.049260709181129
17.3,32.39736,-2.89594,26.5965,99.519,26.5965,26.5965,26.5965,26.5965,4.04967,4.044789064237721,4.048320307994441,4.051060556722309,4.0481150463859175,4.0464180402737036,4.050899954845361,4.04655879100407
17.4,32.39552,-2.91,26.6531,99.517,26.6531,26.6531,26.6531,26.6531,4.04944,4.0463343730538375,4.051717633790745,4.05123638147548,4.04655327588489,4.054302859543212,4.050960870004828,4.046015625202155
17.5,32.40848,-2.89112,26.7026,99.514,26.7026,26.7026,26.7026,26.7026,4.05106,4.055910838763646,4.049153680512759,4.051514547691743,4.052520902011986,4.050502002502644,4.048514939630634,4.04656444503613
17.6,32.38872,-2.89764,26.6105,99.511,26.6105,26.6105,26.6105,26.6105,4.04859,4.04885402887696,4.044726142289577,4.048176397403545,4.045588008828409,4.046645285955956,4.05201347082229,4.047792530740915
17.7,32.42304,-2.90094,26.5886,99.508,26.5886,26.5886,26.5886,26.5886,4.05288,4.048234217732946,4.051769615896929,4.051932919355446,4.051243770174632,4.050237841550808,4.051098101685076,4.048513917856354
17.8,32.38152,-2.89258,26.5789,99.506,26.5789,26.5789,26.5789,26.5789,4.04769,4.047532626877331,4.049438838458979,4.05026879587106,4.052640601872583,4.0515460548930395,4.051463060616374,4.047118768523251
17.9,32.45296,-2.92724,26.6102,99.503,26.6102,26.6102,26.6102,26.6102,4.05662,4.054604193024589,4.056488446311797,4.059630242431118,4.057825202653756,4.061031377516407,4.055468222160004,4.054960343859015
18.0,32.4024,-2.90151,26.6856,99.5,26.6856,26.6856,26.6856,26.6856,4.0503,4.0512715736094504,4.052191679241559,4.047847175751916,4.051892216882992,4.0469100847057815,4.045364457249937,4.053322729502368
18.1,32.36656,-2.91796,26.6115,99.497,26.6115,26.6115,26.6115,26.6115,4.04582,4.050052945047539,4.04896688291602,4.043285674256181,4.050297020094055,4.049084501058779,4.041038448901766,4.049928855404696
18.2,32.3612,-2.89957,26.6333,99.494,26.6333,26.6333,26.6333,26.6333,4.04515,4.047818543725616,4.0422467245836895,4.042434858592361,4.042411108349873,4.050032122678726,4.046178657040768,4.048293093389018
18.3,32.39824,-2.91086,26.5186,99.492,26.5186,26.5186,26.5186,26.5186,4.04978,4.047513072652761,4.05438542922243,4.045877013752849,4.046514286574683,4.048525054669148,4.046948647470588,4.0468371138399615
18.4,32.38104,-2.90984,26.7001,99.489,26.7001,26.7001,26.7001,26.7001,4.04763,4.0436830755326145,4.0506411881530475,4.0450112285171596,4.043472192100103,4.050059831805946,4.046819337266893,4.0466318833985335
18.5,32.40328,-2.92,26.6853,99.486,26.6853,26.6853,26.6853,26.6853,4.05041,4.049597026580876,4.0548948480922675,4.047406612031503,4.045798279576668,4.046781322251651,4.049361419538111,4.048556784873782
18.6,32.3972,-2.88327,26.5878,99.483,26.5878,26.5878,26.5878,26.5878,4.04965,4.047278140462225,4.048012737208508,4.047742375521262,4.053266118881367,4.053378493756519,4.044877335857678,4.0469875073921875
18.7,32.38384,-2.91017,26.5999,99.481,26.5999,26.5999,26.5999,26.5999,4.04798,4.0508803406389715,4.052841856396974,4.051704785238511,4.043177665952363,4.052880887872589,4.050110124978829,4.047893783887071
18.8,32.36504,-2.90936,26.6775,99.478,26.6775,26.6775,26.6775,26.6775,4.04563,4.047108814400816,4.04927072607465,4.0459002581540835,4.047638178970167,4.042042590445509,4.042871779805606,4.040861952510065
18.9,32.34872,-2.87704,26.784,99.475,26.784,26.784,26.784,26.784,4.04359,4.045147869138349,4.046400476323723,4.043007534655938,4.039736245510398,4.048472979685389,4.042233475475936,4.039585503381082
19.0,32.37416,-2.89148,26.5068,99.472,26.5068,26.5068,26.5068,26.5068,4.04677,4.049218542562959,4.0487096149293755,4.045605112576964,4.045127883185786,4.048245070550707,4.050237792635955,4.046554880941739
19.1,32.40512,-2.93052,26.5778,99.469,26.5778,26.5778,26.5778,26.5778,4.05064,4.04916970316414,4.050689116497678,4.04747805038639,4.050176144275563,4.051997891966963,4.05122430070154,4.053747534251829
19.2,32.38944,-2.87922,26.5853,99.467,26.5853,26.5853,26.5853,26.5853,4.04868,4.048346420644909,4.045421147073859,4.050150793063178,4.0470850496512885,4.050335738710048,4.0493653144957,4.045749098566302
19.3,32.35416,-2.87528,26.672,99.464,26.672,26.672,26.672,26.672,4.04427,4.047319709111957,4.043951056172373,4.043385874332466,4.041817519554786,4.045710485554808,4.044159199028807,4.047930400364939
19.4,32.388,-2.87668,26.6314,99.461,26.6314,26.6314,26.6314,26.6314,4.0485,4.046129994575247,4.050850092644168,4.0444216702293305,4.053268543512782,4.044467655748417,4.049216589144503,4.048675032743381
19.5,32.3928,-2.88998,26.5799,99.458,26.5799,26.5799,26.5799,26.5799,4.0491,4.046458958066591,4.0502117048915425,4.051001908501317,4.051781391031809,4.049021807664733,4.046517892945776,4.050779455072156
19.6,32.36208,-2.91653,26.5263,99.456,26.5263,26.5263,26.5263,26.5263,4.04526,4.0419770661691565,4.040335725804985,4.040991127512706,4.048762740428174,4.046315111429229,4.0471887377226805,4.043944062609204
19.7,32.38672,-2.90074,26.6725,99.453,26.6725,26.6725,26.6725,26.6725,4.04834,4.05003732444853,4.049214815660336,4.048804036738336,4.053254532947754,4.051873412103028,4.046275486455181,4.049521166950273
19.8,32.38424,-2.92173,26.6004,99.45,26.6004,26.6004,26.6004,26.6004,4.04803,4.052917899113294,4.047976863121368,4.050880138809164,4.046893326685702,4.050822947085255,4.050096949878525,4.052547791195767
19.9,32.35512,-2.91299,26.5435,99.447,26.5435,26.5435,26.5435,26.5435,4.04439,4.039420398333976,4.046154387470436,4.045323732200217,4.049208982732161,4.044622196607414,4.045176017416631,4.0401722731237575
20.0,32.39088,-2.91666,26.5726,99.444,26.5726,26.5726,26.5726,26.5726,4.04886,4.050993946447043,4.05228977380602,4.052584592140434,4.0502049491975916,4.044851882455301,4.051559711913469,4.045574736313271
20.1,32.39552,-2.90941,26.5885,99.442,26.5885,26.5885,26.5885,26.5885,4.04944,4.050608460590515,4.051101373917377,4.045984221214375,4.05440728301612,4.0485623061711395,4.051641810574998,4.053050689538765
20.2,32.40776,-2.89754,26.5966,99.439,26.5966,26.5966,26.5966,26.5966,4.05097,4.049218724371963,4.051079063470033,4.0480160985282465,4.047258537692923,4.0478796523069125,4.04849980912148,4.055749986216332
20.3,32.4068,-2.90667,26.5525,99.436,26.5525,26.5525,26.5525,26.5525,4.05085,4.053712318010644,4.053868811834496,4.055359770685524,4.05556275239333,4.0512845741969485,4.05382670835725,4.053433734048735
20.4,32.34824,-2.90732,26.5538,99.433,26.5538,26.5538,26.5538,26.5538,4.04353,4.045281274555842,4.0475116003622,4.045656527720131,4.042675421219917,4.043391724422128,4.038549314387897,4.039412623677343
20.5,32.35856,-2.90436,26.7585,99.431,26.7585,26.7585,26.7585,26.7585,4.04482,4.048003196271114,4.04228977143008,4.042654413220756,4.04937580047525,4.043892303678635,4.043646771780871,4.04478609291702
20.6,32.39312,-2.87751,26.6366,99.428,26.6366,26.6366,26.6366,26.6366,4.04914,4.044437551795353,4.051495135840742,4.05350942750299,4.051866883766615,4.05031265411899,4.0506959882359705,4.053354407177076
20.7,32.39288,-2.86754,26.5928,99.425,26.5928,26.5928,26.5928,26.5928,4.04911,4.0462999306525536,4.0518983990364585,4.0473114685299985,4.053099496084418,4.048474548019521,4.046540612374039,4.046063848579614
20.8,32.39264,-2.90676,26.6407,99.422,26.6407,26.6407,26.6407,26.6407,4.04908,4.050302376441193,4.050920649897229,4.047087909460942,4.045834600304792,4.044820342468331,4.050114797783461,4.0480561928461825
20.9,32.47248,-2.89496,26.6282,99.419,26.6282,26.6282,26.6282,26.6282,4.05906,4.062717401151422,4.055407874704859,4.059832434864332,4.063481830980462,4.055426501059384,4.058578564289854,4.059310724448051
21.0,32.39344,-2.91262,26.5647,99.417,26.5647,26.5647,26.5647,26.5647,4.04918,4.051888296731557,4.047853054629179,4.05067200193822,4.053425468330447,4.047524971671064,4.045353068341108,4.048564533157593
21.1,32.40672,-2.88849,26.5048,99.414,26.5048,26.5048,26.5048,26.5048,4.05084,4.05512074466045,4.047013237029671,4.051822198897937,4.054606665625488,4.055617258506381,4.0552628372085096,4.049336679488372
94.4,32.23752,-2.92152,27.1812,97.378,27.1812,27.1812,27.1812,27.1812,4.02969,4.027461517309701,4.030510297144272,4.0277512497692305,4.029151396780141,4.033902225131576,4.0256923944161205,4.031154125236569
21.2,32.40216,-2.90715,26.5884,99.411,26.5884,26.5884,26.5884,26.5884,4.05027,4.054699534711809,4.047651218599376,4.054424363892295,4.053534154938904,4.049895755675951,4.053548285770373,4.053446119561501
21.3,32.39464,-2.91067,26.6099,99.408,26.6099,26.6099,26.6099,26.6099,4.04933,4.05323820810164,4.051390948287623,4.051208430760479,4.051748309700114,4.053198116290841,4.048829365416772,4.048812153533706
21.4,32.3712,-2.86998,26.6148,99.406,26.6148,26.6148,26.6148,26.6148,4.0464,4.045924399928741,4.045924906115003,4.051142103574879,4.0427892538255445,4.049428064232396,4.044765397266204,4.041965321193617
21.5,32.39672,-2.92034,26.5121,99.403,26.5121,26.5121,26.5121,26.5121,4.04959,4.047524188241788,4.054174868652639,4.046976241387976,4.0471987975244055,4.050356436821991,4.046937337504201,4.050059510519799
21.6,32.35968,-2.93679,26.7713,99.4,26.7713,26.7713,26.7713,26.7713,4.04496,4.0417686513105595,4.04704536902431,4.046029323454108,4.042425229285505,4.049195945740212,4.0452972611185976,4.046521377715315
21.7,32.37232,-2.88898,26.7672,99.397,26.7672,26.7672,26.7672,26.7672,4.04654,4.041632435920366,4.0453490111482,4.051335189653805,4.042858446304799,4.044778583397139,4.050131008819986,4.047752129993858
21.8,32.36608,-2.90551,26.6503,99.394,26.6503,26.6503,26.6503,26.6503,4.04576,4.048245220066006,4.045164081593945,4.043597208991823,4.0474143764840065,4.0433095871088325,4.0415046196116196,4.044969003206986
21.9,32.37944,-2.90969,26.6257,99.392,26.6257,26.6257,26.6257,26.6257,4.04743,4.047200984483387,4.045126336131931,4.045025234104275,4.047274153531891,4.0455548099188245,4.0505766275802015,4.045043695674137
22.0,32.4328,-2.85903,26.5909,99.389,26.5909,26.5909,26.5909,26.5909,4.0541,4.055837109011693,4.056402481848815,4.058689151012894,4.049474786512507,4.052786544275664,4.0576400513827116,4.053652632057598
22.1,32.33216,-2.88905,26.66,99.386,26.66,26.66,26.66,26.66,4.04152,4.039599555062571,4.036596682151266,4.038238543306206,4.045449197245377,4.0464877870539375,4.0434055459456335,4.039389019874886
22.2,32.3932,-2.90088,26.6189,99.383,26.6189,26.6189,26.6189,26.6189,4.04915,4.048207593881556,4.04890219389147,4.049873112719106,4.051344454751883,4.049553614388963,4.052328181105351,4.044304509058719
22.3,32.33776,-2.91062,26.7016,99.381,26.7016,26.7016,26.7016,26.7016,4.04222,4.038572841700131,4.041039519366256,4.045141833221591,4.043798232082137,4.045184187830272,4.0383535425741615,4.046027284856966
22.4,32.36488,-2.89331,26.6819,99.378,26.6819,26.6819,26.6819,26.6819,4.04561,4.042311919742452,4.04524031307637,4.049322011921612,4.047009018984362,4.045295375883883,4.047634598938757,4.04630542800397
22.5,32.40208,-2.92599,26.5765,99.375,26.5765,26.5765,26.5765,26.5765,4.05026,4.054834164883463,4.046561768224861,4.0511585066569555,4.046995729347251,4.048090307343739,4.04925163768634,4.0477002872867
22.6,32.3772,-2.90774,26.5869,99.372,26.5869,26.5869,26.5869,26.5869,4.04715,4.049857836344983,4.050925657203872,4.045472517449607,4.05116304165525,4.04473314282837,4.049550465131231,4.047186895575802
22.7,32.3496,-2.90056,26.6869,99.369,26.6869,26.6869,26.6869,26.6869,4.0437,4.046895388020883,4.04677214051188,4.042770017272507,4.044214276474445,4.047313190454365,4.041828358608299,4.045440988772281
22.8,32.358,-2.8968,26.6709,99.367,26.6709,26.6709,26.6709,26.6709,4.04475,4.041068417432685,4.041594118134437,4.044504031222067,4.048223049685185,4.044848800529987,4.046760937057568,4.046821995833492
22.9,32.3912,-2.90214,26.563,99.364,26.563,26.563,26.563,26.563,4.0489,4.052872528069259,4.049266714517692,4.046495950034638,4.047295792657547,4.044874741485107,4.046889152566753,4.04816788048875
23.0,32.35712,-2.9104,26.603,99.361,26.603,26.603,26.603,26.603,4.04464,4.046472753280755,4.043209001486317,4.048648323433739,4.042588411366269,4.043065600499253,4.046829122830599,4.040258115082169
23.1,32.3796,-2.88619,26.6217,99.358,26.6217,26.6217,26.6217,26.6217,4.04745,4.047151023337987,4.04617613373498,4.05242595045461,4.050429471380929,4.048418137690801,4.045577947627311,4.044717734686268
23.2,32.37528,-2.92477,26.6293,99.356,26.6293,26.6293,26.6293,26.6293,4.04691,4.050156114325353,4.045599440005023,4.047693535746281,4.046162515444645,4.047136518717465,4.049701527681198,4.050897422017479
23.3,32.35824,-2.90417,26.6278,99.353,26.6278,26.6278,26.6278,26.6278,4.04478,4.041258758799096,4.043085916562632,4.043653549562807,4.045464237547932,4.041834834796974,4.040528917526306,4.0427839755593
23.4,32.42512,-2.90777,26.6866,99.35,26.6866,26.6866,26.6866,26.6866,4.05314,4.056005069828926,4.0501039646272,4.051307495047889,4.056433757369859,4.054865783671186,4.052996523380665,4.050160377783321
23.5,32.38864,-2.88482,26.6419,99.347,26.6419,26.6419,26.6419,26.6419,4.04858,4.048666176858981,4.0532802410221755,4.051048279931585,4.052704298066376,4.048957931310905,4.044252954630874,4.045870691689927
23.6,32.32456,-2.90688,26.6386,99.344,26.6386,26.6386,26.6386,26.6386,4.04057,4.0421703019138,4.040208427035175,4.037822406848605,4.03671126295736,4.037061611232317,4.037965067426917,4.037554867244246
23.7,32.37736,-2.89344,26.5889,99.342,26.5889,26.5889,26.5889,26.5889,4.04717,4.047415334207768,4.042659035841144,4.046632318158864,4.045711429104108,4.047730554882439,4.051071406596318,4.0444686119365665
23.8,32.35672,-2.895,26.6449,99.339,26.6449,26.6449,26.6449,26.6449,4.04459,4.0417847178614,4.043527138841303,4.041883519956785,4.047652643088875,4.046832778143571,4.045801067257518,4.048027348936476
23.9,32.3928,-2.92753,26.6337,99.336,26.6337,26.6337,26.6337,26.6337,4.0491,4.045209890692534,4.046484477186405,4.045635834252423,4.051712981812031,4.044285830129399,4.045613981154283,4.053679650148091
24.0,32.35312,-2.90098,26.6072,99.333,26.6072,26.6072,26.6072,26.6072,4.04414,4.045509166893914,4.048087259788064,4.04437161007495,4.039730741931136,4.047416150706589,4.044743065908915,4.044670451037408
24.1,32.36912,-2.92614,26.5675,99.331,26.5675,26.5675,26.5675,26.5675,4.04614,4.048738464263375,4.0510252686702914,4.046200079159934,4.047200874664726,4.047048445073926,4.048609090782878,4.048700117044469
24.2,32.38376,-2.89473,26.7138,99.328,26.7138,26.7138,26.7138,26.7138,4.04797,4.048817794999642,4.048205489636442,4.052755287704545,4.0483158058374205,4.049231125961877,4.052708937814026,4.052221444439264
24.3,32.39216,-2.91095,26.7445,99.325,26.7445,26.7445,26.7445,26.7445,4.04902,4.049835746717921,4.053717655912969,4.048584876739765,4.051456686366826,4.044188556150981,4.044080985966284,4.04549068164935
24.4,32.34232,-2.8822,26.6529,99.322,26.6529,26.6529,26.6529,26.6529,4.04279,4.041700179545726,4.044510977182803,4.04242675739999,4.042624671980365,4.038004562841303,4.0452186357693165,4.042138137772245
24.5,32.3628,-2.90271,26.7249,99.319,26.7249,26.7249,26.7249,26.7249,4.04535,4.040668857622437,4.044624620027476,4.049607229726378,4.042639321705984,4.0452814477948325,4.041833897448571,4.047922379651766
24.6,32.3592,-2.91155,26.6532,99.317,26.6532,26.6532,26.6532,26.6532,4.0449,4.047222473540821,4.043138767042098,4.044982669149367,4.046651968628325,4.0457960788255685,4.046620802717285,4.0406927250089915
24.7,32.35464,-2.882,26.5567,99.314,26.5567,26.5567,26.5567,26.5567,4.04433,4.046003609195807,4.042769630571566,4.044099274531783,4.04843442831438,4.048635286565024,4.042029136426059,4.041102210351584
24.8,32.41248,-2.91308,26.6585,99.311,26.6585,26.6585,26.6585,26.6585,4.05156,4.053954431417808,4.0552639663327374,4.056250162073586,4.050905729542665,4.047844131884006,4.054944870215185,4.046573051121174
24.9,32.37952,-2.88658,26.6207,99.308,26.6207,26.6207,26.6207,26.6207,4.04744,4.051176569842163,4.044349705533648,4.052376442107104,4.0491596000104995,4.04521909979659,4.046637203657723,4.045262377721089
25.0,32.33928,-2.89299,26.6702,99.306,26.6702,26.6702,26.6702,26.6702,4.04241,4.041941704661485,4.04617292771573,4.038967559466905,4.039338723774744,4.04415539171094,4.040266457923349,4.045869855116436
25.1,32.39136,-2.90548,26.7364,99.303,26.7364,26.7364,26.7364,26.7364,4.04892,4.050831370185265,4.045747041729174,4.046662667388975,4.050656662017042,4.0498231644076474,4.052993267770255,4.051528570615123
25.2,32.42,-2.92004,26.6123,99.3,26.6123,26.6123,26.6123,26.6123,4.0525,4.053849476350264,4.0531476947808995,4.055044566668256,4.054746138370398,4.05273043104242,4.049812348928147,4.048133800879351
25.3,32.3936,-2.88138,26.6666,99.297,26.6666,26.6666,26.6666,26.6666,4.0492,4.049942249447538,4.047375656563111,4.052541521327337,4.052353181343231,4.048431640479031,4.046427467066549,4.052399150482693
25.4,32.33208,-2.89249,26.6955,99.294,26.6955,26.6955,26.6955,26.6955,4.04151,4.042521731948785,4.045610411876498,4.043293708909179,4.042133945208608,4.0398854270512095,4.0374999251879,4.043734311863823
25.5,32.35672,-2.91158,26.7257,99.292,26.7257,26.7257,26.7257,26.7257,4.04459,4.039643652937816,4.046218733067986,4.040484663361086,4.044909759966631,4.047403254948162,4.041213532983986,4.048986929067279
25.6,32.39848,-2.89633,26.7041,99.289,26.7041,26.7041,26.7041,26.7041,4.04981,4.045316636857032,4.052842128414133,4.053456707029793,4.047195527997557,4.049422627112722,4.054705198201858,4.047663065129872
25.7,32.3508,-2.88491,26.5787,99.286,26.5787,26.5787,26.5787,26.5787,4.04385,4.044782949612482,4.040709751023966,4.047700574758661,4.039796144586452,4.040112057190871,4.045246540097993,4.044024680177639
94.5,32.16728,-2.89687,27.1635,97.375,27.1635,27.1635,27.1635,27.1635,4.02091,4.022577035372741,4.021865678883653,4.023447686886416,4.018347987942279,4.024417395892295,4.023846688497614,4.024641433396298
25.8,32.37816,-2.89832,26.5792,99.283,26.5792,26.5792,26.5792,26.5792,4.04727,4.049198008510655,4.047234139803888,4.04645979127989,4.05103373073941,4.050954330467359,4.049912894635051,4.0507578137203035
25.9,32.38584,-2.89642,26.6926,99.281,26.6926,26.6926,26.6926,26.6926,4.04823,4.052673048669428,4.0520344262571655,4.050012940845333,4.046822986237453,4.047908584109228,4.0448353825038215,4.050278055220507
26.0,32.3448,-2.88452,26.6242,99.278,26.6242,26.6242,26.6242,26.6242,4.0431,4.039795499824428,4.046925301023906,4.038598705552894,4.046421403462584,4.038104999485221,4.043838203057349,4.047406749151319
26.1,32.36536,-2.87694,26.5888,99.275,26.5888,26.5888,26.5888,26.5888,4.04567,4.0445495926690205,4.047614383449776,4.0461991686538346,4.050279649624671,4.049516150170791,4.048585401518271,4.046756857678702
26.2,32.28872,-2.90179,26.7197,99.272,26.7197,26.7197,26.7197,26.7197,4.03609,4.034599450807771,4.0395282855675,4.031713188025517,4.037697126104835,4.036785808607653,4.0400573655997185,4.032193817192075
26.3,32.34168,-2.92006,26.6267,99.269,26.6267,26.6267,26.6267,26.6267,4.04271,4.0442945259557215,4.041980895863813,4.046477384092777,4.038617023017719,4.040144515020561,4.046081034640143,4.0382009812623805
26.4,32.35992,-2.91954,26.7473,99.267,26.7473,26.7473,26.7473,26.7473,4.04499,4.043704209969154,4.0412924131249355,4.042902398219163,4.041859483595275,4.045522714597444,4.042757323494214,4.044066803883188
26.5,32.33584,-2.91036,26.6236,99.264,26.6236,26.6236,26.6236,26.6236,4.04198,4.0440962222599985,4.04311332869389,4.040522829172566,4.039980623271238,4.043978453617523,4.038711624885831,4.042725243637852
26.6,32.40472,-2.91402,26.6058,99.261,26.6058,26.6058,26.6058,26.6058,4.05059,4.04653934121247,4.052177652688603,4.0512031632001975,4.055176058944937,4.054500598525704,4.0550854774824305,4.049974398434357
26.7,32.33096,-2.92524,26.6473,99.258,26.6473,26.6473,26.6473,26.6473,4.04137,4.040630347657228,4.043671103076448,4.039345346036147,4.044298820855105,4.043094459528533,4.038793238151824,4.044457308471484
26.8,32.3544,-2.87228,26.6972,99.256,26.6972,26.6972,26.6972,26.6972,4.0443,4.0435307913396485,4.045313986117695,4.043025889461468,4.040529262311716,4.045436135790996,4.04655854275413,4.040659361641299
26.9,32.36784,-2.89208,26.6699,99.253,26.6699,26.6699,26.6699,26.6699,4.04598,4.046031126614608,4.04756213541087,4.044648294146462,4.041322342563324,4.041685351728373,4.050230154380116,4.042970306514937
27.0,32.39904,-2.90786,26.7664,99.25,26.7664,26.7664,26.7664,26.7664,4.04988,4.05367698251819,4.047887345890906,4.050182176602261,4.047315301278154,4.051479132192228,4.0501961669066295,4.0454554943498255
27.1,32.32976,-2.90049,26.6637,99.247,26.6637,26.6637,26.6637,26.6637,4.04122,4.0408970655001735,4.044261080748526,4.045726842547219,4.039364738640826,4.043788872206389,4.041315219319768,4.043155657956634
27.2,32.39192,-2.9268,26.6434,99.244,26.6434,26.6434,26.6434,26.6434,4.04899,4.053394703290016,4.046837607547838,4.051197562043832,4.046301729853808,4.050692560655725,4.049485413310548,4.044323491815792
94.6,32.15608,-2.9134,27.0623,97.372,27.0623,27.0623,27.0623,27.0623,4.01951,4.017314427248494,4.018424471854562,4.0209429445586045,4.023333998466631,4.0181108225937585,4.020257616101972,4.019238171082785
27.3,32.364,-2.88264,26.7451,99.242,26.7451,26.7451,26.7451,26.7451,4.0455,4.048203075089239,4.045465274503317,4.042145930973046,4.049027998430169,4.043086665881156,4.0459786614901185,4.048026079767285
27.4,32.33992,-2.92924,26.6908,99.239,26.6908,26.6908,26.6908,26.6908,4.04249,4.039437312709962,4.044322560320351,4.038491227050542,4.045907620014656,4.0432014185801854,4.046848386346282,4.0418948060250575
27.5,32.37432,-2.89235,26.6308,99.236,26.6308,26.6308,26.6308,26.6308,4.04679,4.0517351103400046,4.051559709835858,4.049668690607765,4.0504456551430605,4.0487426738869505,4.04364188321313,4.044845750285269
27.6,32.36776,-2.92758,26.6705,99.233,26.6705,26.6705,26.6705,26.6705,4.04597,4.046321786839115,4.043265009047726,4.043710809186118,4.049172618621758,4.045003573006915,4.048001349345313,4.049402696729439
27.7,32.34832,-2.90621,26.6699,99.231,26.6699,26.6699,26.6699,26.6699,4.04354,4.0395799292075045,4.039478311988407,4.045118261841667,4.042244120974379,4.04240784709774,4.041205351535786,4.046399796344486
27.8,32.36416,-2.88136,26.645,99.228,26.645,26.645,26.645,26.645,4.04552,4.040965991843963,4.045064966493689,4.045541467391756,4.046108663123429,4.044376090862342,4.04684750723866,4.049019868451398
27.9,32.35296,-2.92451,26.6688,99.225,26.6688,26.6688,26.6688,26.6688,4.04412,4.047112742319757,4.0419400701374855,4.046823805885259,4.041778538915735,4.047909074315194,4.047329300412282,4.040958288215985
28.0,32.36464,-2.90223,26.5812,99.222,26.5812,26.5812,26.5812,26.5812,4.04558,4.042273081495256,4.045556766414895,4.050433562331135,4.040649014305354,4.047284535976878,4.046623851768932,4.043919475781312
28.1,32.3776,-2.89058,26.6377,99.219,26.6377,26.6377,26.6377,26.6377,4.0472,4.046456861013336,4.047650656167333,4.051484939349946,4.051936511768968,4.042944925380946,4.049620111589075,4.050748939717656
28.2,32.39952,-2.89304,26.6855,99.217,26.6855,26.6855,26.6855,26.6855,4.04994,4.054069919788154,4.051824695848511,4.048399595002662,4.052864434259205,4.053379971192975,4.050504961788768,4.054700706154353
28.3,32.33144,-2.89895,26.6284,99.214,26.6284,26.6284,26.6284,26.6284,4.04143,4.04009425385665,4.037184078649461,4.039418049284983,4.041372051457573,4.0409394317557625,4.041832293415097,4.037203788742832
28.4,32.41208,-2.89256,26.6072,99.211,26.6072,26.6072,26.6072,26.6072,4.05151,4.048016220199839,4.0509471491097795,4.048618100377904,4.052540124396748,4.050333849094733,4.05414156126545,4.054206433073648
28.5,32.31384,-2.90916,26.6588,99.208,26.6588,26.6588,26.6588,26.6588,4.03923,4.038262128224517,4.037659514401198,4.035679746283193,4.034781625099875,4.04418901713415,4.042826076843307,4.034955661443941
28.6,32.3568,-2.87101,26.6335,99.206,26.6335,26.6335,26.6335,26.6335,4.0446,4.042864434829154,4.048437782829787,4.041140223302719,4.048522591314948,4.0489634528911065,4.0434662499968725,4.0466222777693925
28.7,32.37432,-2.92416,26.5831,99.203,26.5831,26.5831,26.5831,26.5831,4.04679,4.050758356600435,4.048455354235315,4.045973099350596,4.046220337642605,4.045305601561363,4.0441797103685,4.050546014808215
28.8,32.36664,-2.88257,26.5851,99.2,26.5851,26.5851,26.5851,26.5851,4.04583,4.050487501541324,4.0410226362238575,4.042179881911428,4.050187696560474,4.045578843976163,4.050154473122007,4.04876797271003
28.9,32.34472,-2.89716,26.688,99.197,26.688,26.688,26.688,26.688,4.04309,4.039840984383432,4.045190163669588,4.040551815413854,4.040425398788283,4.042210522266502,4.046941064837178,4.047202470084202
29.0,32.3544,-2.89074,26.6695,99.194,26.6695,26.6695,26.6695,26.6695,4.0443,4.0418883007461215,4.048965824056901,4.039737684567573,4.040411359724771,4.040764620779185,4.046115397860343,4.043786016688519
29.1,32.34728,-2.88808,26.6835,99.192,26.6835,26.6835,26.6835,26.6835,4.04341,4.042429698037473,4.03956054843212,4.041726430266142,4.045296869475828,4.046907183193103,4.042594914612058,4.047029461173686
29.2,32.34472,-2.89167,26.6473,99.189,26.6473,26.6473,26.6473,26.6473,4.04309,4.03914808999589,4.04328056719475,4.04151748248557,4.041828704246733,4.045830400325698,4.044737369391442,4.0396349059999395
29.3,32.37904,-2.91217,26.5749,99.186,26.5749,26.5749,26.5749,26.5749,4.04738,4.050345645259341,4.0488284034710205,4.044935515881183,4.050905045005909,4.046349033923197,4.048267268495048,4.048034908082592
29.4,32.36696,-2.90429,26.6139,99.183,26.6139,26.6139,26.6139,26.6139,4.04587,4.042624841773129,4.04240430480695,4.045127326831525,4.048511382117171,4.043719444116878,4.048919283867603,4.050081474121891
29.5,32.34152,-2.92177,26.6475,99.181,26.6475,26.6475,26.6475,26.6475,4.04269,4.045634733906094,4.042813891940325,4.038180983993507,4.046524596366726,4.04489005557593,4.039147299520397,4.040859499416052
29.6,32.37944,-2.90448,26.6936,99.178,26.6936,26.6936,26.6936,26.6936,4.04743,4.051458252790673,4.045180945363899,4.044534871403448,4.042925242744498,4.044703223269767,4.045280139214422,4.042737564489649
29.7,32.36496,-2.89516,26.5631,99.175,26.5631,26.5631,26.5631,26.5631,4.04562,4.046907932933434,4.050359378926894,4.041126076673304,4.0413472375680435,4.041502946225241,4.04087049677682,4.045017841177857
29.8,32.37688,-2.89089,26.5299,99.172,26.5299,26.5299,26.5299,26.5299,4.04711,4.049068213900394,4.050186260692144,4.051281794286307,4.049354234733333,4.049739311144299,4.051379343502186,4.0432075315162646
29.9,32.37224,-2.89413,26.756,99.169,26.756,26.756,26.756,26.756,4.04653,4.048676054253737,4.047689017799642,4.046110492602656,4.042226238055925,4.049586968488429,4.042670106920182,4.043118083541206
30.0,32.33696,-2.92633,26.7055,99.167,26.7055,26.7055,26.7055,26.7055,4.04212,4.039955014055634,4.044833958236417,4.038244381075796,4.0373568147594785,4.040816542727447,4.045358777154125,4.0385757937824565
30.1,32.34312,-2.90843,26.6177,99.164,26.6177,26.6177,26.6177,26.6177,4.04289,4.042571458018583,4.046086209229542,4.045428346260993,4.045930910993416,4.044128936458434,4.037913644951155,4.042211643411603
30.2,32.37424,-2.90993,26.6567,99.161,26.6567,26.6567,26.6567,26.6567,4.04678,4.0517332060905344,4.049790442536781,4.047837360682191,4.042700316951071,4.04279305770429,4.04810485905392,4.050715257577609
30.3,32.37072,-2.91965,26.6461,99.158,26.6461,26.6461,26.6461,26.6461,4.04634,4.046854043297255,4.04825246886531,4.04451840312358,4.043828212483369,4.049981041823706,4.047324196371803,4.049612756548953
30.4,32.35536,-2.91254,26.6893,99.156,26.6893,26.6893,26.6893,26.6893,4.04442,4.046481234003086,4.047571454903308,4.044643134708537,4.047639672359658,4.0394422360275755,4.040376561025151,4.040718230710947
30.5,32.3584,-2.89998,26.642,99.153,26.642,26.642,26.642,26.642,4.0448,4.0497575707247995,4.042229466140649,4.044412681186957,4.046706515350932,4.04320164587019,4.042169652697207,4.04660389308172
30.6,32.386,-2.87879,26.6041,99.15,26.6041,26.6041,26.6041,26.6041,4.04825,4.0475188146031496,4.047822291458217,4.043715772953383,4.051503156641802,4.052218905915644,4.045181374984987,4.0463361495323
30.7,32.34088,-2.9143,26.7029,99.147,26.7029,26.7029,26.7029,26.7029,4.04261,4.043550717156547,4.041633289853342,4.044680779351498,4.042342511487891,4.045419745671718,4.040764574119835,4.044555875133752
30.8,32.36792,-2.91693,26.783,99.144,26.783,26.783,26.783,26.783,4.04599,4.044519268710073,4.041382109151052,4.04572497905438,4.042544831539619,4.045166093276019,4.049602081842344,4.043965665058637
94.7,32.17584,-2.88169,26.9728,97.369,26.9728,26.9728,26.9728,26.9728,4.02198,4.022149190047717,4.021600198302869,4.022265268903101,4.017296252009547,4.026196636448896,4.023629985132445,4.022597822846058
30.9,32.34968,-2.90899,26.7065,99.142,26.7065,26.7065,26.7065,26.7065,4.04371,4.041510388920579,4.045164129562002,4.045454356413663,4.046405681624551,4.040710783023579,4.048076007174226,4.04652344876864
31.0,32.34912,-2.89494,26.6798,99.139,26.6798,26.6798,26.6798,26.6798,4.04364,4.046656657980051,4.042157013351982,4.044207552826215,4.044835371561397,4.044879576594575,4.040512191672082,4.042395906853459
31.1,32.3804,-2.88164,26.663,99.136,26.663,26.663,26.663,26.663,4.04755,4.048569954059281,4.047571408417383,4.047909730386244,4.043029802137627,4.051089188356045,4.052501444006835,4.045983567817007
31.2,32.3736,-2.9013,26.629,99.133,26.629,26.629,26.629,26.629,4.0467,4.045166889101481,4.045581749935286,4.048404826090246,4.051225672184804,4.0441872506808965,4.043838526497174,4.049523202082018
31.3,32.37304,-2.92169,26.6525,99.131,26.6525,26.6525,26.6525,26.6525,4.04663,4.044513965619332,4.048695072742296,4.046964035859049,4.05048690082724,4.049805085477806,4.04383881336973,4.0456661292734095
31.4,32.38464,-2.9185,26.701,99.128,26.701,26.701,26.701,26.701,4.04808,4.046460534681187,4.052315568356968,4.046590005987754,4.0459183212677985,4.0432827631123,4.047865491722867,4.046257957887747
31.5,32.35352,-2.89718,26.7493,99.125,26.7493,26.7493,26.7493,26.7493,4.04419,4.039745204788489,4.040225491284903,4.048810941093861,4.047036659294519,4.047608485903112,4.04245547052043,4.047813605900226
31.6,32.36912,-2.88507,26.7525,99.122,26.7525,26.7525,26.7525,26.7525,4.04614,4.04586805621178,4.051127082857184,4.044365802330943,4.048492876958242,4.046106666781196,4.047830349245061,4.050180756168768
31.7,32.34504,-2.87276,26.6894,99.119,26.6894,26.6894,26.6894,26.6894,4.04313,4.0394032958720665,4.046023689658114,4.040788942481123,4.040736544738232,4.047240378316147,4.044049581096623,4.040312335501283
31.8,32.36008,-2.91774,26.6909,99.117,26.6909,26.6909,26.6909,26.6909,4.04501,4.042453779063103,4.042467789131343,4.046323471502514,4.048821660320708,4.043265749252926,4.044930385959224,4.042762353699374
31.9,32.34888,-2.8979,26.6834,99.114,26.6834,26.6834,26.6834,26.6834,4.04361,4.0397549758963205,4.041788057440572,4.042234951351604,4.041807990465769,4.040626471835593,4.042489571707451,4.039029008123057
32.0,32.35408,-2.91545,26.7151,99.111,26.7151,26.7151,26.7151,26.7151,4.04426,4.0444044375320445,4.039462686824268,4.04599833880386,4.048720592152608,4.041444601371777,4.042968623572854,4.042694989668511
32.1,32.36576,-2.91348,26.6843,99.108,26.6843,26.6843,26.6843,26.6843,4.04572,4.047685187233244,4.048259864058188,4.04807724578513,4.046223868550596,4.048474569060739,4.0464556702199515,4.045198479913531
32.2,32.3316,-2.91475,26.6858,99.106,26.6858,26.6858,26.6858,26.6858,4.04145,4.043592772693662,4.040266656723529,4.044354213669434,4.045919353680621,4.041681862678437,4.038443084097249,4.037701732665793
32.3,32.4012,-2.90501,26.6309,99.103,26.6309,26.6309,26.6309,26.6309,4.05015,4.054512388952457,4.048668028608587,4.0518956030766,4.050155940160873,4.051821769528517,4.046200625556504,4.051274225868783
32.4,32.32664,-2.91323,26.63,99.1,26.63,26.63,26.63,26.63,4.04083,4.042663132428703,4.037387848424273,4.0398107098713245,4.040655232074952,4.036022094804672,4.03846604730659,4.0443857743932226
32.5,32.32136,-2.86282,26.6422,99.097,26.6422,26.6422,26.6422,26.6422,4.04017,4.044660287825042,4.037163960152623,4.03896263824612,4.035265722754413,4.039509712466973,4.0360089360716085,4.037171539732855
32.6,32.378,-2.9069,26.6986,99.094,26.6986,26.6986,26.6986,26.6986,4.04725,4.050830269820333,4.050850307399486,4.047454979549646,4.045042910124649,4.045673389991154,4.047281808431551,4.046354328652672
32.7,32.36896,-2.88518,26.6664,99.092,26.6664,26.6664,26.6664,26.6664,4.04612,4.046323309670123,4.046508876171934,4.045614900353226,4.043252558925133,4.047981522973472,4.050943712039828,4.048521187310499
32.8,32.36472,-2.90989,26.8403,99.089,26.8403,26.8403,26.8403,26.8403,4.04559,4.045185202655529,4.049073027480721,4.0425021363656635,4.046942360324533,4.042665447138394,4.04241814938041,4.047911878350866
32.9,32.36456,-2.8665,26.7092,99.086,26.7092,26.7092,26.7092,26.7092,4.04557,4.0454288914041,4.049373615570876,4.0475207918950185,4.049238685706864,4.041725416360655,4.048645481169327,4.046698642738445
33.0,32.34896,-2.89491,26.7807,99.083,26.7807,26.7807,26.7807,26.7807,4.04362,4.042279612300193,4.042638281241585,4.0431553830769555,4.044333152836745,4.04524222649371,4.03932944836451,4.043196497807262
33.1,32.32744,-2.88745,26.7761,99.081,26.7761,26.7761,26.7761,26.7761,4.04093,4.037028226152512,4.037777866702969,4.037029456318207,4.038763868495426,4.037913896370609,4.03711387882313,4.044711279466746
33.2,32.35056,-2.90887,26.713,99.078,26.713,26.713,26.713,26.713,4.04382,4.042758226427178,4.043298565952489,4.04628022390039,4.047483927344912,4.04692571317879,4.047075601208067,4.045870369261681
33.3,32.33224,-2.88535,26.6857,99.075,26.6857,26.6857,26.6857,26.6857,4.04153,4.039767730661765,4.0383714266778385,4.03854987113087,4.036997426458679,4.046248113399823,4.042786409680887,4.038972271731984
33.4,32.3716,-2.89498,26.6347,99.072,26.6347,26.6347,26.6347,26.6347,4.04645,4.044295899821461,4.045493309086352,4.0426405718771345,4.0432989373884025,4.0480106834458125,4.045010570911369,4.044746381430138
33.5,32.3444,-2.90568,26.6531,99.069,26.6531,26.6531,26.6531,26.6531,4.04305,4.038218437953066,4.041811412298062,4.0433270044422915,4.042878186469408,4.038898670962522,4.047519531402249,4.043028251755295
33.6,32.32784,-2.9162,26.7402,99.067,26.7402,26.7402,26.7402,26.7402,4.04098,4.045967704479388,4.043850963845392,4.044715452460173,4.044428394767891,4.036571122357745,4.041750843092428,4.0407721829082215
33.7,32.33976,-2.90356,26.7065,99.064,26.7065,26.7065,26.7065,26.7065,4.04247,4.045268359000281,4.046746093623602,4.046343593516573,4.03918643931709,4.042679690903358,4.043406586508499,4.038024354942104
33.8,32.35712,-2.90485,26.6524,99.061,26.6524,26.6524,26.6524,26.6524,4.04464,4.041969922527652,4.0417556751436186,4.0484438177343804,4.048090401494523,4.044466769067501,4.047670995109566,4.048474044618409
33.9,32.33336,-2.88696,26.679,99.058,26.679,26.679,26.679,26.679,4.04167,4.039825223379538,4.045316046347538,4.044381104369759,4.037896027441215,4.038669433764624,4.043420606320462,4.043511764826459
34.0,32.32696,-2.90348,26.7118,99.056,26.7118,26.7118,26.7118,26.7118,4.04087,4.0422754822232765,4.037320151233386,4.0435794629391575,4.036910789712942,4.041907582007328,4.0452576972781795,4.040580318357423
34.1,32.35224,-2.92882,26.6941,99.053,26.6941,26.6941,26.6941,26.6941,4.04403,4.046169505576899,4.044990556216938,4.045585736911714,4.046086292876643,4.0441158386778415,4.048606465625621,4.0401564228858104
34.2,32.35208,-2.89031,26.6788,99.05,26.6788,26.6788,26.6788,26.6788,4.04401,4.039262888047542,4.0487868671464105,4.041433581448128,4.047781670697446,4.045746170642847,4.045576688889507,4.04634652107268
34.3,32.33376,-2.8806,26.6904,99.047,26.6904,26.6904,26.6904,26.6904,4.04172,4.037216994188903,4.03971755407412,4.039562109240554,4.043201442574939,4.046374057513747,4.043255109004736,4.038107697045722
34.4,32.33432,-2.92499,26.5493,99.044,26.5493,26.5493,26.5493,26.5493,4.04179,4.0421700759443855,4.041158358665559,4.041458408390595,4.041157314084527,4.037168397568915,4.044320748300092,4.042741365818841
34.5,32.35096,-2.87293,26.6959,99.042,26.6959,26.6959,26.6959,26.6959,4.04387,4.0432167277368105,4.042266155974916,4.0446996551065615,4.042858598016566,4.040879202504611,4.040520139093175,4.042277099603034
34.6,32.3104,-2.87905,26.6319,99.039,26.6319,26.6319,26.6319,26.6319,4.0388,4.039714989546395,4.042465592274978,4.03487234535962,4.0345685226698045,4.039868868668551,4.0344210950885495,4.036886091470685
34.7,32.31112,-2.90946,26.7177,99.036,26.7177,26.7177,26.7177,26.7177,4.03889,4.0389451146670385,4.043650269128891,4.0364651183456886,4.040855769168213,4.0374996631346445,4.0420695653755985,4.040243591535658
34.8,32.32736,-2.91676,26.7045,99.033,26.7045,26.7045,26.7045,26.7045,4.04092,4.037217753091518,4.038080289463033,4.045626086517003,4.042384465873534,4.0363545115148165,4.045001939032084,4.040017364110547
34.9,32.33928,-2.88421,26.7419,99.031,26.7419,26.7419,26.7419,26.7419,4.04241,4.0452360471865125,4.041628658335066,4.038523560611707,4.044862258460984,4.040854913427382,4.043073510494094,4.037704899463353
35.0,32.3516,-2.92054,26.7431,99.028,26.7431,26.7431,26.7431,26.7431,4.04395,4.048587307763121,4.039686206216911,4.043848964491309,4.039250086838487,4.047271210920956,4.044749555916292,4.044262903974045
35.1,32.37928,-2.91003,26.8013,99.025,26.8013,26.8013,26.8013,26.8013,4.04741,4.048657475883587,4.0495507032515805,4.052323478376786,4.046667652187906,4.045085012992796,4.046352158981658,4.047715943771425
35.2,32.36424,-2.91973,26.5797,99.022,26.5797,26.5797,26.5797,26.5797,4.04553,4.043236061897713,4.047489560946021,4.045089693352041,4.044435822758095,4.0476740525334005,4.044917284937938,4.048066902831417
35.3,32.33952,-2.89991,26.6917,99.019,26.6917,26.6917,26.6917,26.6917,4.04244,4.045165398340926,4.038122068677684,4.0452008630400424,4.0413555213114485,4.041783822665896,4.041187895367029,4.041813760400546
35.4,32.34264,-2.87802,26.5774,99.017,26.5774,26.5774,26.5774,26.5774,4.04283,4.04663298206783,4.047596324685932,4.041112123612738,4.046606935602106,4.0381472684981485,4.042802400848783,4.046240347659003
94.8,32.19104,-2.88898,26.9956,97.367,26.9956,26.9956,26.9956,26.9956,4.02388,4.026115731598997,4.025383641715366,4.0236272376608,4.0219435570005055,4.028678643979092,4.02270900941845,4.024359280235802
35.5,32.3188,-2.89438,26.7298,99.014,26.7298,26.7298,26.7298,26.7298,4.03985,4.0348852864633,4.038913384281156,4.042113555032392,4.036719727496497,4.0432653746135205,4.042841564080105,4.04034394214865
35.6,32.34216,-2.88473,26.6909,99.011,26.6909,26.6909,26.6909,26.6909,4.04277,4.045172221679696,4.041918881153668,4.03797012097088,4.043598478639869,4.043456706300186,4.0459419398772045,4.045301834798689
35.7,32.33544,-2.90528,26.6733,99.008,26.6733,26.6733,26.6733,26.6733,4.04193,4.0397674918568915,4.045490012979634,4.043492030543105,4.041973197620079,4.037378747874525,4.0391406632126055,4.045000035342755
35.8,32.34984,-2.89854,26.7181,99.006,26.7181,26.7181,26.7181,26.7181,4.04373,4.04469475349928,4.041580602741368,4.043869665008779,4.045474658022171,4.048627508122822,4.045000696089118,4.0458416300415445
35.9,32.322,-2.9184,26.6394,99.003,26.6394,26.6394,26.6394,26.6394,4.04025,4.043995426533559,4.038045630261871,4.041774933719675,4.039580632101577,4.035642561148476,4.039887121230885,4.04155748475355
36.0,32.35408,-2.90145,26.814,99.0,26.814,26.814,26.814,26.814,4.04426,4.041297265108757,4.041095797394663,4.046193554377532,4.04501395694679,4.0436625683490375,4.046131998612533,4.040525112881227
36.1,32.37808,-2.91119,26.6891,98.997,26.6891,26.6891,26.6891,26.6891,4.04726,4.047400744550525,4.047633424365066,4.044014089936878,4.042906323024411,4.0456697551878555,4.049802053115338,4.043290320899043
36.2,32.33848,-2.9024,26.7089,98.994,26.7089,26.7089,26.7089,26.7089,4.04231,4.03859442501687,4.0378833580676705,4.038186448616936,4.04342070188951,4.040090805023171,4.040698123784486,4.0393426073725465
36.3,32.35048,-2.90344,26.6971,98.992,26.6971,26.6971,26.6971,26.6971,4.04381,4.04492618894408,4.0467941047113385,4.044155010906715,4.042830109297518,4.046512875172298,4.046502108862859,4.04099338534228
36.4,32.35712,-2.90472,26.7607,98.989,26.7607,26.7607,26.7607,26.7607,4.04464,4.044920763535587,4.043793566454015,4.049462817724889,4.044539206241327,4.045268706542838,4.042698792631256,4.045256339737347
36.5,32.33072,-2.86839,26.6338,98.986,26.6338,26.6338,26.6338,26.6338,4.04134,4.040442972653074,4.041036830945763,4.044678777243932,4.04313082035498,4.040508269957364,4.043344077834582,4.040139659982636
36.6,32.34544,-2.87349,26.7562,98.983,26.7562,26.7562,26.7562,26.7562,4.04318,4.044276067667644,4.0470525469527745,4.0456963382303215,4.04461239225533,4.045457277260688,4.0400430825192,4.04487687404534
36.7,32.34008,-2.87876,26.676,98.981,26.676,26.676,26.676,26.676,4.04251,4.038295690201694,4.045551124085262,4.040840390515543,4.04744062024307,4.043343353469365,4.039009772432936,4.046397613923129
36.8,32.34192,-2.87307,26.677,98.978,26.677,26.677,26.677,26.677,4.04274,4.045262572994763,4.038945385305317,4.044659130630539,4.047703258036284,4.0397562243129475,4.040797407028861,4.043444682496437
36.9,32.32072,-2.87871,26.761,98.975,26.761,26.761,26.761,26.761,4.04009,4.039138931457831,4.041159055413712,4.043575317592098,4.042220107613745,4.036190807757379,4.040359479478205,4.037689399352966
37.0,32.3396,-2.90034,26.6927,98.972,26.6927,26.6927,26.6927,26.6927,4.04245,4.042297365991881,4.041776548646542,4.039233966916812,4.0465658046842785,4.037588772880904,4.0468627607655305,4.041648826645843
37.1,32.35072,-2.90187,26.7461,98.969,26.7461,26.7461,26.7461,26.7461,4.04384,4.041548176909458,4.046392764288013,4.04371248383557,4.043524293932631,4.039278667945901,4.04722093055788,4.045582725522149
37.2,32.37336,-2.89647,26.7478,98.967,26.7478,26.7478,26.7478,26.7478,4.04667,4.046222104060199,4.050704825523182,4.046096314336927,4.0483236625445365,4.042306203188459,4.049457158119162,4.0422975772157095
37.3,32.36128,-2.90316,26.6895,98.964,26.6895,26.6895,26.6895,26.6895,4.04516,4.04659088681222,4.041789273004291,4.0421168547337425,4.042013373050566,4.046743202704546,4.046448671119191,4.043452755164188
37.4,32.38968,-2.9156,26.7249,98.961,26.7249,26.7249,26.7249,26.7249,4.04871,4.046484440068969,4.046789189285428,4.052009921432236,4.045784128828033,4.052170082666113,4.045187157425972,4.050343523063826
37.5,32.31936,-2.89555,26.6825,98.958,26.6825,26.6825,26.6825,26.6825,4.03992,4.043467950196108,4.036851958051845,4.042580230644659,4.040458582815632,4.03778207108785,4.042660001302643,4.039385472876372
37.6,32.35848,-2.92349,26.7109,98.956,26.7109,26.7109,26.7109,26.7109,4.04481,4.045410597693242,4.047071574581151,4.04318818049642,4.042620372709878,4.044643120678954,4.040014377786309,4.046352973505413
37.7,32.34168,-2.89794,26.7411,98.953,26.7411,26.7411,26.7411,26.7411,4.04271,4.041734359766331,4.038535373156019,4.044223501844489,4.039510233906441,4.0414542841220165,4.04570683361398,4.038784743173163
37.8,32.38952,-2.91492,26.6558,98.95,26.6558,26.6558,26.6558,26.6558,4.04869,4.050860898081832,4.053577902379997,4.052740110051651,4.0510002888324665,4.043976254661377,4.052037631214789,4.043844623473701
37.9,32.31736,-2.90122,26.7402,98.947,26.7402,26.7402,26.7402,26.7402,4.03967,4.035960838658826,4.03805025610893,4.04286697087116,4.034823140531228,4.0387126987761075,4.0358336481734005,4.038141047229104
38.0,32.31632,-2.89713,26.7334,98.944,26.7334,26.7334,26.7334,26.7334,4.03954,4.035810721569666,4.042671956338197,4.038388062061267,4.037777384975796,4.0350458890015855,4.037750704115007,4.0435863839161055
38.1,32.32184,-2.90529,26.6255,98.942,26.6255,26.6255,26.6255,26.6255,4.04023,4.039955511410428,4.037420205741751,4.037840763867389,4.037359862142486,4.043339249179952,4.039651253177304,4.041878740159791
38.2,32.28504,-2.92461,26.6707,98.939,26.6707,26.6707,26.6707,26.6707,4.03563,4.033108935585982,4.0346964359270325,4.034843383700153,4.036866027085647,4.0335830455099035,4.031937101923186,4.033922077275093
38.3,32.32312,-2.91782,26.6745,98.936,26.6745,26.6745,26.6745,26.6745,4.04039,4.037862134257122,4.044859906449548,4.037586498707369,4.036946735235772,4.041354673646616,4.037385877096482,4.043558924690093
38.4,32.31728,-2.89313,26.6899,98.933,26.6899,26.6899,26.6899,26.6899,4.03966,4.0346793410280695,4.042253844758601,4.0400087698663585,4.037126915827875,4.039645506791487,4.036063475806096,4.04212767540465
38.5,32.3388,-2.90836,26.6597,98.931,26.6597,26.6597,26.6597,26.6597,4.04235,4.045340633646685,4.041138856772013,4.043403392944398,4.045155069713224,4.043845334713966,4.046101586026441,4.045291412967951
38.6,32.3432,-2.89159,26.774,98.928,26.774,26.774,26.774,26.774,4.0429,4.045239625727992,4.042666091916174,4.043580307419807,4.041421702536778,4.043228076633422,4.045016470242406,4.041250347346107
38.7,32.37976,-2.89985,26.7818,98.925,26.7818,26.7818,26.7818,26.7818,4.04747,4.048086022809181,4.051733714795002,4.044257479249195,4.042643644506526,4.05217275858186,4.044581839820667,4.0431692865272595
38.8,32.35728,-2.90297,26.6715,98.922,26.6715,26.6715,26.6715,26.6715,4.04466,4.0469863369366434,4.044023453420573,4.045001330143855,4.04883416231119,4.0437842016023,4.0480998759178775,4.047322724613687
38.9,32.32032,-2.89479,26.6501,98.919,26.6501,26.6501,26.6501,26.6501,4.04004,4.037557498132448,4.035062355187308,4.037763371669354,4.038004893579911,4.035427153411327,4.041613527287338,4.044267893721531
39.0,32.3124,-2.91012,26.7191,98.917,26.7191,26.7191,26.7191,26.7191,4.03905,4.041336270059261,4.038572817072431,4.040457096769744,4.042405979224235,4.037602690590393,4.040203443974335,4.042820297490995
39.1,32.34552,-2.89399,26.8002,98.914,26.8002,26.8002,26.8002,26.8002,4.04319,4.046502156071971,4.044475244508022,4.042935947896691,4.0473661131395415,4.045051465186115,4.0439745886673855,4.039339210923984
39.2,32.30176,-2.90629,26.8502,98.911,26.8502,26.8502,26.8502,26.8502,4.03772,4.038392675819183,4.042020129656281,4.0348619141376325,4.037822422451529,4.040610519569702,4.0346966247884914,4.038266785917945
39.3,32.37712,-2.86196,26.6811,98.908,26.6811,26.6811,26.6811,26.6811,4.04714,4.050403570082294,4.043011793664669,4.050891936246074,4.049027388339213,4.048738848387474,4.0496522999544124,4.0520375117596314
39.4,32.3612,-2.91701,26.5856,98.906,26.5856,26.5856,26.5856,26.5856,4.04515,4.049247009842116,4.0487805535023025,4.043900747521749,4.0427957193086,4.047307088405679,4.044520897038717,4.04661174836078
39.5,32.32144,-2.90536,26.6334,98.903,26.6334,26.6334,26.6334,26.6334,4.04018,4.036461328330892,4.035750605506374,4.0355255173548015,4.041814133996854,4.036921851634505,4.044686466338096,4.039554563090477
39.6,32.29128,-2.90475,26.6163,98.9,26.6163,26.6163,26.6163,26.6163,4.03641,4.039369568497904,4.040112240464737,4.031595204390043,4.0316016649819435,4.039973931000383,4.037313646271902,4.032774579945047
94.9,32.19776,-2.897,26.9924,97.364,26.9924,26.9924,26.9924,26.9924,4.02472,4.0288017727239,4.026894008592245,4.025061163474517,4.020296656408802,4.022985938325933,4.025744519274517,4.0230539637881755
39.7,32.36464,-2.92028,26.7488,98.897,26.7488,26.7488,26.7488,26.7488,4.04558,4.046858854431608,4.050251791029286,4.042011665103506,4.049768408789729,4.046434192118464,4.044509855346629,4.050189803769837
39.8,32.3292,-2.88911,26.7302,98.894,26.7302,26.7302,26.7302,26.7302,4.04115,4.042788517998328,4.0442130148450115,4.044666804173623,4.0441204194252975,4.04436183360978,4.040288106202097,4.040710576924506
39.9,32.36136,-2.90643,26.7379,98.892,26.7379,26.7379,26.7379,26.7379,4.04517,4.0484985484079745,4.044136625011029,4.048594303158984,4.0441228195834675,4.049334685610824,4.044723478372258,4.042984919767194
40.0,32.29312,-2.9357,26.793,98.889,26.793,26.793,26.793,26.793,4.03664,4.035982057200374,4.034006291193452,4.033130649674418,4.036686568678036,4.039069868211755,4.034522253788421,4.035284829494142
40.1,32.3168,-2.88957,26.8237,98.886,26.8237,26.8237,26.8237,26.8237,4.0396,4.039387021795743,4.034949550457968,4.041756119110883,4.04268628021012,4.039702064662695,4.038277536139724,4.039712687752902
40.2,32.33104,-2.90954,26.7771,98.883,26.7771,26.7771,26.7771,26.7771,4.04138,4.043855993737578,4.043696120464408,4.044051783278241,4.045901161256599,4.044004560734052,4.039903907785726,4.0396393863209425
40.3,32.33176,-2.90157,26.7712,98.881,26.7712,26.7712,26.7712,26.7712,4.04147,4.039757430000777,4.04249477583502,4.044529779533046,4.044651446099673,4.038728080325272,4.0457284171733185,4.039010579181517
40.4,32.3196,-2.88985,26.6392,98.878,26.6392,26.6392,26.6392,26.6392,4.03995,4.043330404153109,4.041555117977995,4.036355708458685,4.0381158191902875,4.042361564215051,4.0357458200135135,4.036075674535651
40.5,32.34512,-2.90547,26.6977,98.875,26.6977,26.6977,26.6977,26.6977,4.04314,4.044573548111777,4.043237836445512,4.042724020777973,4.046575060284479,4.040612972972382,4.044144598849322,4.044486929992503
40.6,32.30424,-2.90559,26.8119,98.872,26.8119,26.8119,26.8119,26.8119,4.03803,4.035593696102618,4.040501765990617,4.039639058670997,4.037518962416563,4.03828708355116,4.042938506743277,4.0409534970340975
40.7,32.32624,-2.86303,26.6963,98.869,26.6963,26.6963,26.6963,26.6963,4.04078,4.040482244887181,4.042508292545011,4.037204288271603,4.0408810579753105,4.040728031354509,4.0452575415581045,4.036401296852565
40.8,32.33224,-2.93231,26.7962,98.867,26.7962,26.7962,26.7962,26.7962,4.04153,4.042193228582661,4.039662067999712,4.037654528737046,4.043065648974651,4.038450743185295,4.042540719634321,4.045764149219549
40.9,32.34144,-2.91929,26.7378,98.864,26.7378,26.7378,26.7378,26.7378,4.04268,4.038214958352027,4.039807252378268,4.041637618868916,4.042794794174263,4.047078737239604,4.045237796473087,4.040973107204086
41.0,32.34592,-2.91638,26.778,98.861,26.778,26.778,26.778,26.778,4.04324,4.045497451341211,4.038905991308318,4.039953094331402,4.040396298643474,4.040968570053494,4.043722529817185,4.0455345995746566
41.1,32.3016,-2.87316,26.6792,98.858,26.6792,26.6792,26.6792,26.6792,4.0377,4.040507952912228,4.039000799481025,4.035674894245752,4.033072301268087,4.0353813851011076,4.040129979743101,4.039105903335665
41.2,32.29152,-2.90967,26.7779,98.856,26.7779,26.7779,26.7779,26.7779,4.03644,4.036903456059613,4.031659141651066,4.037455795047625,4.036761744247008,4.0359451817192635,4.041381026152625,4.036767084284031
41.3,32.3588,-2.8964,26.6943,98.853,26.6943,26.6943,26.6943,26.6943,4.04485,4.048022365724959,4.043108900875313,4.046558035652032,4.044414535909495,4.043482065821361,4.0484538416658955,4.045449776477005
41.4,32.33584,-2.90711,26.747,98.85,26.747,26.747,26.747,26.747,4.04198,4.044758051397016,4.044693936992893,4.044246270364206,4.043309473788898,4.043552962943695,4.037020673870186,4.045644615943371
41.5,32.3096,-2.89095,26.732,98.847,26.732,26.732,26.732,26.732,4.0387,4.038074841506215,4.041098068824422,4.041883803541279,4.042845909566853,4.034119865939048,4.041173501081581,4.037961923480494
41.6,32.36456,-2.90019,26.8058,98.844,26.8058,26.8058,26.8058,26.8058,4.04557,4.04285411454146,4.0495572286351145,4.050281756555567,4.050049728219535,4.043297792777062,4.049050949538456,4.049654819377202
41.7,32.32984,-2.8962,26.7848,98.842,26.7848,26.7848,26.7848,26.7848,4.04123,4.045535262575032,4.039537888708573,4.038404494386249,4.037018264226505,4.03711459486363,4.0377870077473865,4.044145983017313
41.8,32.35512,-2.88069,26.6295,98.839,26.6295,26.6295,26.6295,26.6295,4.04439,4.045037018606843,4.044934394775601,4.0452399389559215,4.048923839311531,4.041557709214804,4.045938041788222,4.040636139129879
41.9,32.32816,-2.8934,26.6874,98.836,26.6874,26.6874,26.6874,26.6874,4.04102,4.042189196350851,4.0421683233353685,4.0410874333888716,4.036174489266865,4.041759271081093,4.036770757734944,4.040136111199696
42.0,32.37576,-2.91103,26.6984,98.833,26.6984,26.6984,26.6984,26.6984,4.04697,4.044900729172975,4.048808701904804,4.049474992743991,4.0491597492967655,4.045680966924347,4.041975864802115,4.041977870216337
42.1,32.36816,-2.89532,26.7786,98.831,26.7786,26.7786,26.7786,26.7786,4.04602,4.045254498928788,4.048508472464943,4.043684496313915,4.045216324745198,4.0414172119624086,4.04362999125362,4.0466439349630825
42.2,32.31984,-2.86372,26.7079,98.828,26.7079,26.7079,26.7079,26.7079,4.03998,4.042925054185716,4.038543693745208,4.038294255900204,4.041433901183016,4.039209813397885,4.043303136173379,4.042786635859062
42.3,32.34888,-2.89153,26.6728,98.825,26.6728,26.6728,26.6728,26.6728,4.04361,4.04617357511158,4.038620239179216,4.045086087470991,4.048233849077954,4.043212136528481,4.038615896383864,4.039549740452617
42.4,32.3408,-2.89772,26.6569,98.822,26.6569,26.6569,26.6569,26.6569,4.0426,4.0461611702125975,4.041433221128416,4.043698872841211,4.047511188838216,4.044907149384654,4.046758706182357,4.0387354196539045
42.5,32.35792,-2.92056,26.783,98.819,26.783,26.783,26.783,26.783,4.04474,4.047541415033446,4.045308801160949,4.046530629911831,4.0406288679254825,4.047665475742624,4.046806509065356,4.043416695808816
95.0,32.18584,-2.89544,27.0743,97.361,27.0743,27.0743,27.0743,27.0743,4.02323,4.019665693663444,4.0279590909238125,4.019702744286205,4.019876855523145,4.021761630194839,4.025122424399939,4.022134396261105
42.6,32.3016,-2.88913,26.6155,98.817,26.6155,26.6155,26.6155,26.6155,4.0377,4.035034446126106,4.034954142856763,4.041380378233136,4.03963066232047,4.0410271373632405,4.034289801251264,4.038287890630168
42.7,32.34104,-2.88692,26.8037,98.814,26.8037,26.8037,26.8037,26.8037,4.04263,4.044730626582641,4.0402392953121575,4.042179329001248,4.04663037411584,4.038153449018968,4.044570671082056,4.03982340281435
42.8,32.34968,-2.89531,26.6638,98.811,26.6638,26.6638,26.6638,26.6638,4.04371,4.046392856142358,4.043978319266828,4.040263340505257,4.0447747110065295,4.040814707215826,4.048241496033369,4.046232273553374
42.9,32.28184,-2.89829,26.7147,98.808,26.7147,26.7147,26.7147,26.7147,4.03523,4.03196501791272,4.034286396198488,4.032837844024491,4.040069319630292,4.032711958233819,4.031959561418345,4.030399099982117
43.0,32.29536,-2.85751,26.672,98.806,26.672,26.672,26.672,26.672,4.03692,4.038831176482881,4.0378364186940185,4.039668902529573,4.039938530687935,4.036861495147046,4.035798602785694,4.033212382750404
43.1,32.27456,-2.88717,26.6875,98.803,26.6875,26.6875,26.6875,26.6875,4.03432,4.036581889621143,4.033960812794456,4.036207949312411,4.037365722104925,4.036508799193633,4.038327989545417,4.029742598629848
43.2,32.3168,-2.8814,26.7298,98.8,26.7298,26.7298,26.7298,26.7298,4.0396,4.037441195286134,4.039436210529696,4.034692520370707,4.042155522036257,4.038272459430188,4.035768032086751,4.043295402981825
43.3,32.34024,-2.899,26.7356,98.797,26.7356,26.7356,26.7356,26.7356,4.04253,4.041360558845081,4.041644213085509,4.046457579906558,4.0437289407308485,4.044523948432321,4.045102548141123,4.042350854776454
43.4,32.3588,-2.90197,26.6515,98.794,26.6515,26.6515,26.6515,26.6515,4.04485,4.040778267905904,4.043242684396036,4.043182391076221,4.047055786828658,4.045952800577154,4.041337725704209,4.04364873922701
43.5,32.32424,-2.89052,26.7205,98.792,26.7205,26.7205,26.7205,26.7205,4.04053,4.036228088433534,4.04523605259981,4.039932064182902,4.042139511892042,4.041196466625238,4.03945200031188,4.03925745991161
43.6,32.36136,-2.90199,26.7516,98.789,26.7516,26.7516,26.7516,26.7516,4.04517,4.048842392623188,4.04364026339847,4.048492336244541,4.046280458227573,4.0491456959184635,4.0443939168928,4.043008085844224
43.7,32.28888,-2.90076,26.7741,98.786,26.7741,26.7741,26.7741,26.7741,4.03611,4.035133040977947,4.037614048674854,4.035354652873093,4.0408395513897,4.035297607784014,4.037950765286792,4.040327201449056
43.8,32.28088,-2.89305,26.624,98.783,26.624,26.624,26.624,26.624,4.03511,4.0310353002877175,4.037011919490861,4.030376870974774,4.034862805675626,4.036477122865655,4.036910600944095,4.036570540778724
43.9,32.32016,-2.90769,26.7184,98.781,26.7184,26.7184,26.7184,26.7184,4.04002,4.039833411748534,4.04439772599301,4.04192297736261,4.03745752412118,4.036983700028671,4.042970994557285,4.0390976927876086
44.0,32.33048,-2.89669,26.6244,98.778,26.6244,26.6244,26.6244,26.6244,4.04131,4.038471350421754,4.0436451336901795,4.04153605153298,4.042386796321758,4.040223069229823,4.038541052674967,4.043601659121475
44.1,32.32016,-2.8988,26.7177,98.775,26.7177,26.7177,26.7177,26.7177,4.04002,4.035985157791591,4.043934379520395,4.04464111209424,4.035387031844695,4.035625085805817,4.0420805671660025,4.035451560453337
44.2,32.27112,-2.88549,26.7229,98.772,26.7229,26.7229,26.7229,26.7229,4.03389,4.029507597993442,4.028932326019825,4.033733460879255,4.032036734158511,4.03223779425228,4.035764850921508,4.037618119628632
44.3,32.31832,-2.90917,26.787,98.769,26.787,26.787,26.787,26.787,4.03979,4.043241655351987,4.0418045704972645,4.043870630694128,4.034890934473415,4.036090317162404,4.03628090889637,4.035599359812568
44.4,32.28888,-2.93,26.8083,98.767,26.8083,26.8083,26.8083,26.8083,4.03611,4.040409325758166,4.031992844556851,4.039781246635737,4.035824199282968,4.034540764632949,4.033862207277915,4.03716428477199
44.5,32.336,-2.90466,26.6891,98.764,26.6891,26.6891,26.6891,26.6891,4.042,4.038625170461459,4.0448179187303195,4.040760453052558,4.042175439837338,4.044773771674314,4.046226135290764,4.037868759427791
44.6,32.32848,-2.89404,26.7686,98.761,26.7686,26.7686,26.7686,26.7686,4.04106,4.03876717418004,4.038729890126094,4.040220679390033,4.037415937275509,4.045221482333854,4.0395005513954345,4.037055418732119
44.7,32.29688,-2.88554,26.7908,98.758,26.7908,26.7908,26.7908,26.7908,4.03711,4.0327686942986025,4.035672681855056,4.036220994245717,4.035036336895655,4.040460631757204,4.041170285877706,4.032184876591821
44.8,32.30688,-2.91039,26.7072,98.756,26.7072,26.7072,26.7072,26.7072,4.03836,4.03646412138389,4.040232600034437,4.035522328429278,4.038843645599966,4.042231770567922,4.037181057998298,4.03771608695051
44.9,32.29352,-2.89187,26.799,98.753,26.799,26.799,26.799,26.799,4.03669,4.041479719055364,4.040147774124177,4.039501766726877,4.038870169081068,4.032251860946556,4.038526081962389,4.032927546627233
45.0,32.3172,-2.88297,26.7613,98.75,26.7613,26.7613,26.7613,26.7613,4.03965,4.043770056213823,4.042575632151711,4.035330946052656,4.035470252573043,4.041729275510714,4.036003676632118,4.037836538541456
45.1,32.34136,-2.88873,26.7373,98.747,26.7373,26.7373,26.7373,26.7373,4.04267,4.0406189414105835,4.041084224678819,4.04190871674041,4.043125471096586,4.046357930546273,4.041367628889848,4.041606440699051
45.2,32.29448,-2.91186,26.7628,98.744,26.7628,26.7628,26.7628,26.7628,4.03681,4.037548784515863,4.041752417556493,4.033668721347577,4.034845445129419,4.038207038577392,4.032331868944657,4.041675945656535
45.3,32.33,-2.91025,26.66,98.742,26.66,26.66,26.66,26.66,4.04125,4.043353005276529,4.039136780195965,4.045941820627624,4.036662778237748,4.041801555966908,4.0363913492293255,4.038012736264334
45.4,32.30496,-2.89347,26.7638,98.739,26.7638,26.7638,26.7638,26.7638,4.03812,4.0340090780749795,4.040950419169663,4.0413484235043,4.037347800253755,4.038625092048057,4.034585220473718,4.033504998475341
45.5,32.2984,-2.87562,26.7052,98.736,26.7052,26.7052,26.7052,26.7052,4.0373,4.041215963771007,4.038407154990366,4.036713372986611,4.040042642915031,4.040013261001162,4.034320759259482,4.034008921073816
45.6,32.31456,-2.89979,26.7582,98.733,26.7582,26.7582,26.7582,26.7582,4.03932,4.035888876975634,4.039380440329182,4.0372618097484905,4.042011567218534,4.042562231210284,4.042936748385052,4.0436184941314846
45.7,32.29208,-2.90248,26.7327,98.731,26.7327,26.7327,26.7327,26.7327,4.03651,4.03499937327568,4.038620108097849,4.034988484379713,4.037174949170563,4.037480887158872,4.034482775834493,4.034840318836648
45.8,32.30336,-2.92054,26.7749,98.728,26.7749,26.7749,26.7749,26.7749,4.03792,4.034405028004012,4.039382334752352,4.041817242421808,4.041315858836349,4.041920930072324,4.042610007751115,4.0414334583022935
45.9,32.28768,-2.90546,26.8297,98.725,26.8297,26.8297,26.8297,26.8297,4.03596,4.030963508194088,4.031474248701264,4.033710153682621,4.038232208456515,4.038415847620051,4.031280340367806,4.034917930023285
46.0,32.36328,-2.91073,26.7663,98.722,26.7663,26.7663,26.7663,26.7663,4.04541,4.044552794445037,4.04429281507448,4.047267955433937,4.041755608084294,4.042026425089407,4.042959773785819,4.042540128139393
46.1,32.31672,-2.89959,26.8193,98.719,26.8193,26.8193,26.8193,26.8193,4.03959,4.044203056706813,4.03537445539378,4.035727211794491,4.04167190396691,4.036310257959473,4.04203449805923,4.042752364877701
46.2,32.2988,-2.92269,26.6984,98.717,26.6984,26.6984,26.6984,26.6984,4.03735,4.036750031326076,4.035352686281012,4.040386354762039,4.035421849822604,4.033111949273232,4.040927182999662,4.032388000033278
46.3,32.32048,-2.90493,26.8464,98.714,26.8464,26.8464,26.8464,26.8464,4.04006,4.03995429029223,4.036206762230893,4.038881048150274,4.041753282496167,4.04467468965674,4.036773002008689,4.035879941830353
46.4,32.3124,-2.91513,26.7002,98.711,26.7002,26.7002,26.7002,26.7002,4.03905,4.042983367040335,4.0368046573728105,4.036214665013102,4.0374485772784015,4.043599425220156,4.040692116162167,4.035877317795932
46.5,32.3096,-2.8859,26.6863,98.708,26.6863,26.6863,26.6863,26.6863,4.0387,4.042914701809729,4.03632867532202,4.040092350446032,4.042189663208821,4.036006844016193,4.042316420098305,4.038963628808723
46.6,32.32936,-2.91289,26.7455,98.706,26.7455,26.7455,26.7455,26.7455,4.04117,4.036466384084952,4.044266225580794,4.037631917369791,4.042100193800457,4.036925919080521,4.039718842177599,4.0436110027574586
46.7,32.33256,-2.90859,26.7359,98.703,26.7359,26.7359,26.7359,26.7359,4.04157,4.038348592803779,4.045574947071974,4.045900272924118,4.043189359559542,4.044349807212949,4.044786726459307,4.0384994212605765
46.8,32.30136,-2.89577,26.6682,98.7,26.6682,26.6682,26.6682,26.6682,4.03767,4.037025698477368,4.035199655205319,4.0344885263576975,4.038133879615026,4.032977069808006,4.036273430961986,4.035688209522287
46.9,32.3,-2.90681,26.696,98.697,26.696,26.696,26.696,26.696,4.0375,4.034738350067538,4.041468785687919,4.042051839797825,4.042463058500078,4.04235312875483,4.0339594577366995,4.033042781212551
47.0,32.30696,-2.86461,26.5486,98.694,26.5486,26.5486,26.5486,26.5486,4.03837,4.038257882145009,4.040607834451258,4.034210341480175,4.033803060390139,4.03531331609928,4.033619051512622,4.034196568213948
47.1,32.25808,-2.88604,26.6837,98.692,26.6837,26.6837,26.6837,26.6837,4.03226,4.0368954122608285,4.036946520055753,4.034333780491902,4.02829285473038,4.028429088104215,4.037005413465912,4.036872330889291
47.2,32.27672,-2.89974,26.7258,98.689,26.7258,26.7258,26.7258,26.7258,4.03459,4.030547035441598,4.032784575844343,4.029635345464006,4.035535987186929,4.039231355121247,4.036141882816351,4.029934691726872
47.3,32.3456,-2.89448,26.8553,98.686,26.8553,26.8553,26.8553,26.8553,4.0432,4.043741183964252,4.045964936418845,4.041858715458007,4.047306518877245,4.04729954863419,4.043287510242511,4.04188651648684
47.4,32.35208,-2.93533,26.8092,98.683,26.8092,26.8092,26.8092,26.8092,4.04401,4.039575170161477,4.039417583245953,4.039867146247494,4.0467141282389045,4.046275311440523,4.048603984951489,4.040586976282512
47.5,32.30632,-2.88152,26.7864,98.681,26.7864,26.7864,26.7864,26.7864,4.03829,4.038999803827024,4.0402798710481616,4.034904531553438,4.034909014268057,4.03670106901776,4.042234973888023,4.034085875749226
47.6,32.32592,-2.89232,26.8975,98.678,26.8975,26.8975,26.8975,26.8975,4.04074,4.045332167640452,4.036844390520746,4.035917370329515,4.039031552932044,4.042535850994882,4.044447834860152,4.036418343508164
47.7,32.31928,-2.9011,26.6606,98.675,26.6606,26.6606,26.6606,26.6606,4.03991,4.038318759632938,4.042089896718786,4.039589270750194,4.040456944194678,4.042218440506461,4.035219249584191,4.037884622849021
95.1,32.19984,-2.91144,27.049,97.358,27.049,27.049,27.049,27.049,4.02498,4.023263542788914,4.022927516494355,4.028297059921519,4.020708974047343,4.02543312995606,4.022136001570063,4.028969070496919
47.8,32.38544,-2.89151,26.7646,98.672,26.7646,26.7646,26.7646,26.7646,4.04818,4.043249989574031,4.046433280042012,4.046996394833188,4.048657020449082,4.052203095810586,4.04813067514622,4.048721433602645
47.9,32.33816,-2.88968,26.8914,98.669,26.8914,26.8914,26.8914,26.8914,4.04227,4.043948269393007,4.037521778087306,4.038621886175325,4.040437836529258,4.044443977310386,4.038851773322143,4.044956263407346
48.0,32.308,-2.90625,26.7393,98.667,26.7393,26.7393,26.7393,26.7393,4.0385,4.033701175201593,4.040866071621713,4.034717709493515,4.042198150529985,4.0427828882024155,4.034802513105673,4.038064006293012
48.1,32.28784,-2.8943,26.7207,98.664,26.7207,26.7207,26.7207,26.7207,4.03598,4.040247939997255,4.036180971736528,4.032308701196985,4.032411665050122,4.031032136030106,4.037667071825903,4.035251639979358
48.2,32.272,-2.88427,26.8199,98.661,26.8199,26.8199,26.8199,26.8199,4.034,4.038844147194378,4.0368145855389175,4.034496627123606,4.038588469776943,4.03870588639134,4.036736697722129,4.032607729274322
48.3,32.3152,-2.89318,26.738,98.658,26.738,26.738,26.738,26.738,4.0394,4.038942354525592,4.042918987165503,4.044266501339341,4.038592243135336,4.043875854440258,4.037440523251601,4.03541031629066
48.4,32.29192,-2.90379,26.8475,98.656,26.8475,26.8475,26.8475,26.8475,4.03649,4.032170167171755,4.036108634227013,4.034005079095781,4.037731057040658,4.034918960019541,4.035349977245263,4.034233391352234
48.5,32.27568,-2.89555,26.8224,98.653,26.8224,26.8224,26.8224,26.8224,4.03446,4.032894554286369,4.032845852434622,4.035920779171327,4.036648495012824,4.033214265507413,4.036423165403939,4.037857823177049
48.6,32.294,-2.87927,26.7617,98.65,26.7617,26.7617,26.7617,26.7617,4.03675,4.032666109739415,4.0369862776236385,4.0355401998512646,4.040674502808258,4.035917794936454,4.032068840191635,4.040862059365012
48.7,32.28328,-2.88824,26.8325,98.647,26.8325,26.8325,26.8325,26.8325,4.03541,4.039927805913206,4.033774296182942,4.039006721598492,4.038974657011362,4.03835720083982,4.03493859927578,4.037554276943796
48.8,32.34952,-2.91745,26.7601,98.644,26.7601,26.7601,26.7601,26.7601,4.04369,4.042891504656746,4.0447330346359704,4.043316111518166,4.041614119422003,4.044873351997677,4.044321667826357,4.040156551905382
48.9,32.32992,-2.8912,26.7827,98.642,26.7827,26.7827,26.7827,26.7827,4.04124,4.043678944886535,4.0434338458591,4.043341861582644,4.037047522124591,4.043471602717322,4.040933723946329,4.041170167295514
49.0,32.30832,-2.89319,26.8104,98.639,26.8104,26.8104,26.8104,26.8104,4.03854,4.035032797086929,4.035980241779736,4.034614922567124,4.037510921089812,4.03916738746443,4.037908492306208,4.036075491012507
49.1,32.34376,-2.88254,26.7525,98.636,26.7525,26.7525,26.7525,26.7525,4.04297,4.040126662302418,4.04101361614982,4.047429941400076,4.042162778268844,4.047053252173549,4.044279667753182,4.03985815583731
49.2,32.30984,-2.89951,26.867,98.633,26.867,26.867,26.867,26.867,4.03873,4.036919801158229,4.042768602714525,4.038027308087701,4.0341179322800995,4.03855044285327,4.040395222867639,4.036811879768024
49.3,32.28704,-2.90554,26.7812,98.631,26.7812,26.7812,26.7812,26.7812,4.03588,4.034214099980634,4.036167064668576,4.036122041695358,4.034514410878964,4.031593634103211,4.034939037505857,4.034497760056286
49.4,32.34408,-2.92052,26.7949,98.628,26.7949,26.7949,26.7949,26.7949,4.04301,4.039243196228397,4.039112584447072,4.047587360867566,4.042184057385318,4.040237905098981,4.046913797287738,4.044403168964973
49.5,32.32016,-2.91042,26.6991,98.625,26.6991,26.6991,26.6991,26.6991,4.04002,4.035723750687508,4.035053290917024,4.044509208918258,4.039324811185116,4.043099245052515,4.04276103214097,4.044434375009737
49.6,32.28208,-2.88188,26.7399,98.622,26.7399,26.7399,26.7399,26.7399,4.03526,4.03950513173442,4.031500456070087,4.033527409977773,4.039658521019368,4.035076423689722,4.032222097010234,4.032075389557202
49.7,32.30216,-2.89703,26.7889,98.619,26.7889,26.7889,26.7889,26.7889,4.03777,4.039903430434797,4.03418023847828,4.041074030712502,4.039060356315713,4.035306687787119,4.034680422982252,4.034338087762975
49.8,32.28544,-2.9015,26.8318,98.617,26.8318,26.8318,26.8318,26.8318,4.03568,4.037139147217837,4.034102337256644,4.040410686319512,4.033097861372544,4.038869979100451,4.032741713385134,4.033256841006344
49.9,32.27304,-2.88057,26.8651,98.614,26.8651,26.8651,26.8651,26.8651,4.03413,4.036945819370093,4.038673099315581,4.0294215663282005,4.034218065896316,4.037679220428945,4.029355990052027,4.03523593775578
50.0,32.32816,-2.88366,26.7172,98.611,26.7172,26.7172,26.7172,26.7172,4.04102,4.03825973690996,4.04531093539368,4.037654084600258,4.036691408913888,4.044632875479768,4.038784497242283,4.044715781032403
50.1,32.35152,-2.91104,26.7318,98.608,26.7318,26.7318,26.7318,26.7318,4.04394,4.040546552955523,4.048448829602993,4.046773115209908,4.045482185698646,4.043437145344124,4.04590199333548,4.048687166026729
50.2,32.27192,-2.88199,26.7081,98.606,26.7081,26.7081,26.7081,26.7081,4.03399,4.029656058968898,4.032536526839252,4.030948891706219,4.02963512300117,4.035651346903592,4.030930536910236,4.037193397467842
50.3,32.31872,-2.92488,26.8121,98.603,26.8121,26.8121,26.8121,26.8121,4.03984,4.037677318688963,4.038373244335481,4.041112788450167,4.035516523800019,4.038494951863505,4.036672642560755,4.041607442497224
50.4,32.28936,-2.89311,26.8678,98.6,26.8678,26.8678,26.8678,26.8678,4.03617,4.039516399094554,4.037146782891132,4.04035647801964,4.033498554937111,4.037529440981366,4.040021070355112,4.03656622744304
50.5,32.29304,-2.89488,26.7741,98.597,26.7741,26.7741,26.7741,26.7741,4.03663,4.039114143741279,4.0386585580576275,4.038363700795219,4.036597921907538,4.034307664923846,4.040073201786056,4.034371637835345
50.6,32.29024,-2.88275,26.7876,98.594,26.7876,26.7876,26.7876,26.7876,4.03628,4.034042847257609,4.037227976413187,4.037974509808173,4.033420478821963,4.032763295009654,4.039083736502514,4.033015637331797
50.7,32.28344,-2.89428,26.7926,98.592,26.7926,26.7926,26.7926,26.7926,4.03543,4.033155883167597,4.036921824037677,4.034947825882167,4.035939941397163,4.035503560384787,4.034477583407115,4.032409248923004
95.2,32.16112,-2.91144,27.0077,97.356,27.0077,27.0077,27.0077,27.0077,4.02014,4.019428106835221,4.020399177698505,4.024827216097849,4.016562812240129,4.019462022778268,4.020133561757526,4.02229268386233
50.8,32.30512,-2.90367,26.7571,98.589,26.7571,26.7571,26.7571,26.7571,4.03814,4.037910661894413,4.042888256994926,4.034771766827601,4.035715610995271,4.034863841968165,4.0373000631383995,4.037379427555088
50.9,32.28376,-2.90248,26.7125,98.586,26.7125,26.7125,26.7125,26.7125,4.03547,4.033160934265387,4.039555409731043,4.034631946801712,4.03734063815811,4.0321933685635,4.0350405069774125,4.038115810368765
51.0,32.30992,-2.8596,26.8499,98.583,26.8499,26.8499,26.8499,26.8499,4.03874,4.0396939811754535,4.038845555102345,4.042271282087358,4.040922025288699,4.036765345233949,4.036055601739689,4.038892424347669
51.1,32.302,-2.89876,26.7962,98.581,26.7962,26.7962,26.7962,26.7962,4.03775,4.035888474766889,4.03378812917594,4.040214418207756,4.0425222528273155,4.036676530762545,4.034034155360969,4.041915099161356
51.2,32.2972,-2.89104,26.7546,98.578,26.7546,26.7546,26.7546,26.7546,4.03715,4.040141803064996,4.0371808435833705,4.041229438700629,4.033861083776749,4.03437394621427,4.034068572533667,4.042130906774899
51.3,32.28088,-2.93032,26.9683,98.575,26.9683,26.9683,26.9683,26.9683,4.03511,4.039187999298546,4.0372353695620475,4.031562883696821,4.033590988855342,4.034917037491095,4.039407177807364,4.034505488456483
51.4,32.28856,-2.91241,26.7884,98.572,26.7884,26.7884,26.7884,26.7884,4.03607,4.039463456636792,4.034435313001918,4.0353237412135465,4.031676303416717,4.0394878746295655,4.033597249455944,4.0402413032088225
51.5,32.32024,-2.89222,26.6864,98.569,26.6864,26.6864,26.6864,26.6864,4.04003,4.0366706353722765,4.038319410807278,4.044809396586364,4.041365925395816,4.03946558531671,4.041628195368626,4.035346383372484
51.6,32.31392,-2.92422,26.8289,98.567,26.8289,26.8289,26.8289,26.8289,4.03924,4.042299211006941,4.0343330154876424,4.036497835019535,4.037627708475452,4.0410669397969,4.036772210966594,4.042144906002786
51.7,32.27816,-2.89176,26.6797,98.564,26.6797,26.6797,26.6797,26.6797,4.03477,4.039754265938506,4.033941508922605,4.03942341455495,4.038160142510562,4.032503358084672,4.030328407222166,4.033403589990634
51.8,32.30376,-2.91088,26.8187,98.561,26.8187,26.8187,26.8187,26.8187,4.03797,4.0422409201261695,4.034058993161971,4.036579487636898,4.03429890736309,4.0368403147707745,4.037337004156264,4.042048730517798
51.9,32.3192,-2.91551,26.8177,98.558,26.8177,26.8177,26.8177,26.8177,4.0399,4.038436427524576,4.042613479091784,4.042622448421328,4.038413769263698,4.038859493126058,4.036929057630957,4.037198900069543
52.0,32.2608,-2.91093,26.8747,98.556,26.8747,26.8747,26.8747,26.8747,4.0326,4.036204495229528,4.031031956976495,4.03594793374371,4.035762890214751,4.0327461810574174,4.02910349772507,4.033583979242236
52.1,32.31368,-2.87709,26.7323,98.553,26.7323,26.7323,26.7323,26.7323,4.03921,4.043885432110187,4.037007417184718,4.043727374453231,4.037735445467518,4.038538503687754,4.0428501962003995,4.035745065454541
52.2,32.28448,-2.895,26.7753,98.55,26.7753,26.7753,26.7753,26.7753,4.03556,4.039685251200903,4.032050319628206,4.036199352882089,4.032115462076907,4.032254588877714,4.032731408372728,4.038752986913985
52.3,32.31384,-2.91366,26.7894,98.547,26.7894,26.7894,26.7894,26.7894,4.03923,4.043185673777721,4.03917985547556,4.034561005090546,4.034338540802173,4.035367875605486,4.037655364408258,4.039351174868112
52.4,32.28152,-2.88837,26.846,98.544,26.846,26.846,26.846,26.846,4.03519,4.037845061508399,4.031507179166317,4.034101208999438,4.0355955806707655,4.031169142391286,4.034078681254796,4.0395927324271215
52.5,32.25632,-2.88755,26.8207,98.542,26.8207,26.8207,26.8207,26.8207,4.03204,4.027829613133193,4.035108559706088,4.028484721700294,4.033788313541581,4.0343541541619,4.035396300978909,4.029197600435092
52.6,32.26032,-2.90572,26.8263,98.539,26.8263,26.8263,26.8263,26.8263,4.03254,4.027562945375478,4.033809508907632,4.031991319176383,4.033596716536844,4.0339067649377105,4.032887646301309,4.0306075429266395
52.7,32.30024,-2.88561,26.8688,98.536,26.8688,26.8688,26.8688,26.8688,4.03753,4.034280049453215,4.038062745931929,4.03733863123472,4.0400340565183885,4.042053184441562,4.038281144140611,4.0372525815940286
52.8,32.30504,-2.8849,26.7829,98.533,26.7829,26.7829,26.7829,26.7829,4.03813,4.034879169519405,4.036977640620019,4.033935168111544,4.036249571514528,4.0389755357028605,4.0380364079452695,4.035521201613536
52.9,32.27688,-2.88723,26.8846,98.531,26.8846,26.8846,26.8846,26.8846,4.03461,4.037901846678782,4.037213386226425,4.0318935576366774,4.039416422262621,4.036529582297599,4.038900217875857,4.031004380361441
53.0,32.31368,-2.91011,26.7921,98.528,26.7921,26.7921,26.7921,26.7921,4.03921,4.038608142831379,4.0438090410864715,4.036197607413411,4.044009842292219,4.039277384491097,4.039074714886415,4.041196252279296
53.1,32.25824,-2.91769,26.8516,98.525,26.8516,26.8516,26.8516,26.8516,4.03228,4.034486312103248,4.036137770119325,4.034809787814235,4.02918523217408,4.031676373229706,4.0315084078449805,4.033698043556605
53.2,32.29624,-2.92539,26.7687,98.522,26.7687,26.7687,26.7687,26.7687,4.03703,4.0395228737741,4.038011536030242,4.038538927080409,4.034319859795372,4.040689084102548,4.040053404338646,4.032367367883376
53.3,32.26848,-2.90983,26.8347,98.519,26.8347,26.8347,26.8347,26.8347,4.03356,4.03457623840711,4.038194890878749,4.035390558843778,4.033136615149692,4.029289760813864,4.031161323177152,4.035147041278996
53.4,32.28168,-2.90552,26.8691,98.517,26.8691,26.8691,26.8691,26.8691,4.03521,4.033672228273157,4.031388406196049,4.032179607509691,4.036928101858832,4.038955291661782,4.032895136008055,4.030405360583381
53.5,32.29816,-2.9043,26.7352,98.514,26.7352,26.7352,26.7352,26.7352,4.03727,4.037483948288782,4.036065794633957,4.034024061799263,4.041837232123892,4.036205325507441,4.039082313762219,4.032822525319279
53.6,32.27616,-2.90071,26.8573,98.511,26.8573,26.8573,26.8573,26.8573,4.03452,4.0390805652257065,4.036691368614992,4.031753665088589,4.032034931525458,4.031791183131597,4.038452811206791,4.033639495555161
53.7,32.28736,-2.87401,26.8119,98.508,26.8119,26.8119,26.8119,26.8119,4.03592,4.038740735918195,4.0330942154650815,4.03841457317734,4.034968730916831,4.03422043187487,4.033675878619067,4.0323035298794165
53.8,32.32048,-2.90509,26.9241,98.506,26.9241,26.9241,26.9241,26.9241,4.04006,4.040093497786489,4.041902824314631,4.036676035813328,4.035566774656812,4.043343953938395,4.03701463584006,4.036777494166744
95.3,32.22552,-2.88933,27.151,97.353,27.151,27.151,27.151,27.151,4.02819,4.027322703899,4.03126375581052,4.031761801680407,4.023247681853542,4.026972115062296,4.031337958498188,4.032774224368767
53.9,32.28216,-2.90073,26.7865,98.503,26.7865,26.7865,26.7865,26.7865,4.03527,4.030285928821568,4.0304329912429,4.031902694088299,4.03590160385038,4.037515895079544,4.038446648678951,4.0312769405868805
54.0,32.31584,-2.92726,26.8205,98.5,26.8205,26.8205,26.8205,26.8205,4.03948,4.0431269770597345,4.041830939285479,4.043803676650092,4.041474786635424,4.03648153825485,4.0370336083273335,4.034566013761887
54.1,32.2684,-2.86658,26.7941,98.497,26.7941,26.7941,26.7941,26.7941,4.03355,4.033350945900814,4.03373003719949,4.030892274998375,4.036784313430414,4.036205160415658,4.038366098146069,4.036571235202791
54.2,32.308,-2.91974,26.8437,98.494,26.8437,26.8437,26.8437,26.8437,4.0385,4.042232869372967,4.037018939186259,4.0427568701608,4.0356268792438925,4.042472498914457,4.034033545143637,4.037229610709917
54.3,32.3296,-2.9106,26.6735,98.492,26.6735,26.6735,26.6735,26.6735,4.0412,4.039055271151659,4.043351367241112,4.038400648110013,4.037238975576382,4.043325552813952,4.044033497102593,4.04005601055442
54.4,32.23544,-2.88956,26.7205,98.489,26.7205,26.7205,26.7205,26.7205,4.02943,4.031276985393789,4.032384639281277,4.030955874755186,4.027834758117702,4.033510821400454,4.028806944244432,4.030192149716401
54.5,32.27536,-2.89631,26.8457,98.486,26.8457,26.8457,26.8457,26.8457,4.03442,4.031496096225948,4.030645757569842,4.036509508423044,4.0340179674175625,4.030506600113695,4.031421561208627,4.032321110609573
54.6,32.30808,-2.87535,26.8078,98.483,26.8078,26.8078,26.8078,26.8078,4.03851,4.037207331241631,4.043125111863101,4.035085606553532,4.039764373472043,4.038295005209688,4.03444530567445,4.036612156410931
54.7,32.28912,-2.8892,26.6865,98.481,26.6865,26.6865,26.6865,26.6865,4.03614,4.03384608646035,4.0355950698068455,4.039204564679523,4.036285631912782,4.0330600777483685,4.031900257772194,4.032756337868565
54.8,32.30264,-2.90122,26.7692,98.478,26.7692,26.7692,26.7692,26.7692,4.03783,4.039251251327313,4.041794230107158,4.039940684894065,4.040208215785289,4.0423411903610615,4.032998708648998,4.039989600745272
54.9,32.27904,-2.88434,26.7843,98.475,26.7843,26.7843,26.7843,26.7843,4.03488,4.0348534454013345,4.0342391076977036,4.034518005888833,4.038726104904663,4.03621308613282,4.038890974078765,4.03158644649608
55.0,32.29536,-2.88258,26.7793,98.472,26.7793,26.7793,26.7793,26.7793,4.03692,4.0362197124756,4.038152563356517,4.037572713054785,4.035795793034678,4.039060974338581,4.036604714689829,4.0331448631481335
55.1,32.28928,-2.9099,26.8648,98.469,26.8648,26.8648,26.8648,26.8648,4.03616,4.03793540147913,4.0380114962367815,4.036123031798299,4.035883348991644,4.040123760703471,4.040172416714491,4.0319090722734625
55.2,32.3208,-2.88555,26.8849,98.467,26.8849,26.8849,26.8849,26.8849,4.0401,4.035896656075949,4.038527271847074,4.037498672876976,4.038968984244444,4.043034023635224,4.0356300738559066,4.035943707221337
55.3,32.29856,-2.90333,26.6758,98.464,26.6758,26.6758,26.6758,26.6758,4.03732,4.039653622859244,4.035654501766037,4.040241805029059,4.03702712664213,4.033926020877722,4.032405869694375,4.0401691740927985
55.4,32.30032,-2.90155,26.8034,98.461,26.8034,26.8034,26.8034,26.8034,4.03754,4.0412411671315285,4.034031143743362,4.0347772910217286,4.040676640273031,4.03256875803255,4.034190658662595,4.041231968186532
55.5,32.28208,-2.89786,26.818,98.458,26.818,26.818,26.818,26.818,4.03526,4.033883684425223,4.034963611922094,4.032074924875479,4.036778574160534,4.031917848537335,4.0320258973143295,4.038579689549486
55.6,32.28,-2.90571,26.7228,98.456,26.7228,26.7228,26.7228,26.7228,4.035,4.038292199017302,4.031721629097392,4.038093928476215,4.0325608402524855,4.030786126106625,4.038500191482172,4.037190352321309
55.7,32.28112,-2.90652,26.8874,98.453,26.8874,26.8874,26.8874,26.8874,4.03514,4.033257347568853,4.031339919154437,4.037207086195725,4.038440360542213,4.035550362128063,4.031307172674105,4.032287225169038
55.8,32.30064,-2.88523,26.835,98.45,26.835,26.835,26.835,26.835,4.03758,4.033538243636805,4.042021603891563,4.0353729922721415,4.0391849335385155,4.033623501551808,4.037132426339069,4.039328968819749
55.9,32.28088,-2.92293,26.8644,98.447,26.8644,26.8644,26.8644,26.8644,4.03511,4.033604656511084,4.035940898399268,4.035317942214119,4.030972657471276,4.037230974250543,4.030149268848368,4.034689982524988
56.0,32.29768,-2.91592,26.7871,98.444,26.7871,26.7871,26.7871,26.7871,4.03721,4.038557060185717,4.038637772686874,4.041452896869971,4.040500524226015,4.035021059349199,4.039857424072362,4.038363809024084
56.1,32.34024,-2.88988,26.7677,98.442,26.7677,26.7677,26.7677,26.7677,4.04253,4.042846584193891,4.043268857865075,4.046800913733484,4.039420447663932,4.0446243655229415,4.042182454511896,4.037597984529831
56.2,32.31112,-2.90109,26.7808,98.439,26.7808,26.7808,26.7808,26.7808,4.03889,4.0371147145089346,4.037708393348976,4.035392356342009,4.041178980601929,4.043490965186077,4.040758778710155,4.03468406008405
56.3,32.28208,-2.88513,26.8089,98.436,26.8089,26.8089,26.8089,26.8089,4.03526,4.037555822681331,4.039644577272124,4.0398588964468365,4.037203394112573,4.030447995182361,4.032452650236079,4.033452070729788
56.4,32.31848,-2.89463,26.7905,98.433,26.7905,26.7905,26.7905,26.7905,4.03981,4.042617813464644,4.0398766196995,4.036451617234994,4.037868891281495,4.0428618164872825,4.037400589326871,4.0352885028657886
56.5,32.2796,-2.92001,26.871,98.431,26.871,26.871,26.871,26.871,4.03495,4.035717394117422,4.032658848439571,4.033161385252569,4.035484659423342,4.039421470762903,4.038697891381764,4.035824986734269
56.6,32.24024,-2.89906,26.9771,98.428,26.9771,26.9771,26.9771,26.9771,4.03003,4.032309135833931,4.034670883466115,4.032175404473205,4.026129360160499,4.028544771253008,4.0345966587641575,4.025276046084974
56.7,32.26472,-2.89198,26.8527,98.425,26.8527,26.8527,26.8527,26.8527,4.03309,4.037113248700102,4.03452013465294,4.028915089673676,4.03402214961121,4.037935553875133,4.0305887140358445,4.037511054697591
56.8,32.24376,-2.89649,26.7014,98.422,26.7014,26.7014,26.7014,26.7014,4.03047,4.027965066266602,4.03165678430922,4.031659286093573,4.034770257775075,4.032754293242409,4.029732356944228,4.027589164510973
56.9,32.28,-2.90702,26.8281,98.419,26.8281,26.8281,26.8281,26.8281,4.035,4.030764754356625,4.039031605564684,4.033164577298198,4.037756191013159,4.031759256797034,4.036541813880686,4.032232916071632
57.0,32.28864,-2.90411,26.7481,98.417,26.7481,26.7481,26.7481,26.7481,4.03608,4.040074653034617,4.034652196590196,4.036050929800836,4.035699611059583,4.032858402971746,4.0375439581839805,4.03678097758454
57.1,32.32816,-2.9084,26.7955,98.414,26.7955,26.7955,26.7955,26.7955,4.04102,4.041650353962633,4.0434345852685185,4.037452604075263,4.044556740183602,4.042226564682982,4.038999143405737,4.0400344437702715
57.2,32.29552,-2.91988,26.8183,98.411,26.8183,26.8183,26.8183,26.8183,4.03694,4.039820990084159,4.039515711229495,4.036955179998379,4.03522013340677,4.040198203989479,4.041248923256036,4.035499721904931
95.4,32.18864,-2.8863,27.0018,97.35,27.0018,27.0018,27.0018,27.0018,4.02358,4.027114900951646,4.028191756599659,4.021841783021476,4.019271571151991,4.024259858345491,4.0226755867558595,4.023180548524875
57.3,32.28216,-2.92194,26.8055,98.408,26.8055,26.8055,26.8055,26.8055,4.03527,4.035091237459583,4.036895410726151,4.039131410274977,4.0303897245001945,4.034470409354085,4.034848694762629,4.038198722394675
57.4,32.30704,-2.89415,26.7595,98.406,26.7595,26.7595,26.7595,26.7595,4.03838,4.033433074468163,4.041271911703609,4.042779054389247,4.036304191789478,4.042919590462342,4.037151982612937,4.03942600938562
57.5,32.23384,-2.91307,26.8534,98.403,26.8534,26.8534,26.8534,26.8534,4.02923,4.030793430550502,4.029892392263898,4.027015757385599,4.028784541280787,4.026305935636113,4.0290589267946055,4.03338672977562
57.6,32.29232,-2.89137,26.703,98.4,26.703,26.703,26.703,26.703,4.03654,4.0410788735643575,4.034262575871082,4.038023449792043,4.040392026219198,4.039352038089867,4.039381950951569,4.0398097221075915
57.7,32.30488,-2.90893,26.8464,98.397,26.8464,26.8464,26.8464,26.8464,4.03811,4.039794947996052,4.041791508864473,4.033156547214825,4.040796369987414,4.0390582163425,4.041526022052384,4.037081703912277
57.8,32.25064,-2.9197,26.7696,98.394,26.7696,26.7696,26.7696,26.7696,4.03133,4.0337377864137425,4.030277156566136,4.028441597769169,4.027022787202928,4.036057068311592,4.036092636873516,4.028632785126406
57.9,32.31336,-2.90612,26.841,98.392,26.841,26.841,26.841,26.841,4.03917,4.034867492566164,4.043479342241538,4.043852020012264,4.034708807027399,4.043968353696448,4.041041055668865,4.0354240748223065
58.0,32.29376,-2.86858,26.7442,98.389,26.7442,26.7442,26.7442,26.7442,4.03672,4.031885143671745,4.035905872875402,4.037227180411631,4.040442256250648,4.0348941795099345,4.032626901161683,4.0405846885402665
58.1,32.27536,-2.90143,26.8393,98.386,26.8393,26.8393,26.8393,26.8393,4.03442,4.038314460054349,4.031644157824793,4.034772143572067,4.030715123870712,4.0329849630582935,4.032120908109906,4.032316832829188
58.2,32.30032,-2.89031,26.9086,98.383,26.9086,26.9086,26.9086,26.9086,4.03754,4.036985646294264,4.0402757564618685,4.042301347534349,4.035453607147819,4.032601707443464,4.037759740068415,4.032917752160537
58.3,32.33936,-2.89747,26.7908,98.381,26.7908,26.7908,26.7908,26.7908,4.04242,4.044025026349557,4.0442390680757425,4.037711994589198,4.040138185584565,4.045934153415817,4.046919425157459,4.0469957357422395
58.4,32.28896,-2.92108,26.7901,98.378,26.7901,26.7901,26.7901,26.7901,4.03612,4.03197218288721,4.0367628577651615,4.033130784052317,4.032636139241067,4.038597015114032,4.036846577866539,4.031147596991307
58.5,32.29032,-2.87827,26.8536,98.375,26.8536,26.8536,26.8536,26.8536,4.03629,4.03589936651524,4.033067228637979,4.039041729833302,4.039561203834662,4.040070820165403,4.0341886041598585,4.032529377310079
58.6,32.27304,-2.90372,26.8408,98.372,26.8408,26.8408,26.8408,26.8408,4.03413,4.039067878738021,4.030575557982318,4.03064985095097,4.035303117447321,4.033449551843688,4.035788009557438,4.036542815116999
58.7,32.26344,-2.91966,26.7458,98.369,26.7458,26.7458,26.7458,26.7458,4.03293,4.033757216493321,4.033601655774822,4.037259064631466,4.031085526173482,4.030357087849413,4.034775718121396,4.035233664281142
58.8,32.30352,-2.90768,26.8957,98.367,26.8957,26.8957,26.8957,26.8957,4.03794,4.034111321713254,4.040659709719955,4.039103716077539,4.041024880226731,4.040994722015854,4.041424396919728,4.040108408194762
58.9,32.2628,-2.90309,26.8783,98.364,26.8783,26.8783,26.8783,26.8783,4.03285,4.028110759929907,4.035331350044515,4.033833611045524,4.031843232391698,4.030109607287829,4.031092593278364,4.036587691899926
59.0,32.2848,-2.88876,26.9073,98.361,26.9073,26.9073,26.9073,26.9073,4.0356,4.031954418568781,4.038474499459357,4.03573549691803,4.035230784239882,4.034090951459295,4.03593741174648,4.031211825520093
59.1,32.27136,-2.91021,26.8637,98.358,26.8637,26.8637,26.8637,26.8637,4.03392,4.032905358889906,4.035869431121413,4.0297264009688165,4.034712659048882,4.030847755144124,4.031379987686964,4.031019072407007
59.2,32.29408,-2.86069,26.9447,98.356,26.9447,26.9447,26.9447,26.9447,4.03676,4.036442854704602,4.037198226755451,4.039166576422675,4.032209944352176,4.0408320778300615,4.038120163564549,4.032282445330201
59.3,32.29032,-2.91406,26.7196,98.353,26.7196,26.7196,26.7196,26.7196,4.03629,4.037801615749898,4.032844269822063,4.04057989275957,4.036715878682347,4.037482461942948,4.032020343910588,4.037697648275511
59.4,32.30696,-2.89082,26.924,98.35,26.924,26.924,26.924,26.924,4.03837,4.037858683005376,4.037607484253158,4.042446662082407,4.040995348398518,4.035199670117485,4.036296346205358,4.0351408363576065
59.5,32.2696,-2.92961,26.8097,98.347,26.8097,26.8097,26.8097,26.8097,4.0337,4.037093679118983,4.03005920338965,4.029836076806819,4.0338724349764075,4.034817505525003,4.035991167153956,4.036688778051085
59.6,32.27504,-2.90186,26.801,98.344,26.801,26.801,26.801,26.801,4.03438,4.033841185605467,4.03503622041748,4.0386891112869705,4.029522595633263,4.031812473519021,4.039270463612029,4.037788902034496
59.7,32.25784,-2.89449,26.7913,98.342,26.7913,26.7913,26.7913,26.7913,4.03223,4.03512804982608,4.0306812984089255,4.031608017245852,4.036605154031589,4.028863479996255,4.036515701285857,4.029015455863595
59.8,32.2704,-2.91679,26.8653,98.339,26.8653,26.8653,26.8653,26.8653,4.0338,4.034111914337249,4.029310106096778,4.03628145838851,4.030884217092762,4.032283478555192,4.030096535264767,4.033074825902999
59.9,32.28984,-2.87751,26.8833,98.336,26.8833,26.8833,26.8833,26.8833,4.03623,4.0361762870389954,4.037506430662547,4.031256673185175,4.032434070665182,4.034437368887167,4.041188656833706,4.0341865352251265
60.0,32.29872,-2.89348,26.8079,98.333,26.8079,26.8079,26.8079,26.8079,4.03734,4.036521310662258,4.033418685499805,4.040742699213207,4.036780949883936,4.042254743921306,4.03699791279952,4.036108099781995
60.1,32.25816,-2.90476,26.8528,98.331,26.8528,26.8528,26.8528,26.8528,4.03227,4.036976353443156,4.036260361946187,4.032454295021185,4.033778935189712,4.035473454971626,4.03327643252556,4.032652015494618
60.2,32.30088,-2.89364,27.0028,98.328,27.0028,27.0028,27.0028,27.0028,4.03761,4.041875690427594,4.035659761585715,4.033328925305133,4.035489926006304,4.041363593292256,4.0393515961016995,4.0353532006263695
60.3,32.31232,-2.9089,26.7973,98.325,26.7973,26.7973,26.7973,26.7973,4.03904,4.040928214186277,4.038047898039812,4.043853255081807,4.035329092064758,4.0414792635344465,4.042544370769266,4.0414796335926715
60.4,32.28944,-2.88123,26.8144,98.322,26.8144,26.8144,26.8144,26.8144,4.03618,4.039393628641743,4.033184433015304,4.036542394559993,4.03896515616562,4.0409062570754495,4.036985399021065,4.0384371218000545
60.5,32.32432,-2.88477,26.9238,98.319,26.9238,26.9238,26.9238,26.9238,4.04054,4.038162100851389,4.037982091628183,4.037388149365029,4.037275274975964,4.043141013339232,4.042938408526449,4.0418026591907665
60.6,32.2604,-2.8944,26.7446,98.317,26.7446,26.7446,26.7446,26.7446,4.03255,4.027848687955386,4.035391349199312,4.029830790758361,4.029492047178046,4.031829760995377,4.033156198108319,4.034135656874686
60.7,32.24888,-2.89082,26.8544,98.314,26.8544,26.8544,26.8544,26.8544,4.03111,4.029500422831468,4.026623373160677,4.028596887381245,4.031109151635449,4.031937409889484,4.029726158402184,4.033880123609591
60.8,32.23584,-2.92216,26.6953,98.311,26.6953,26.6953,26.6953,26.6953,4.02948,4.032452013668253,4.02528598295979,4.032037850820775,4.0269946024667895,4.0308678557936926,4.027468119982549,4.024521401353772
60.9,32.31416,-2.878,26.758,98.308,26.758,26.758,26.758,26.758,4.03927,4.036212187266755,4.036217230679642,4.034980794848816,4.042377293475194,4.03723363880256,4.0433886850434915,4.041799422817814
61.0,32.29368,-2.90149,26.7699,98.306,26.7699,26.7699,26.7699,26.7699,4.03671,4.0411507273451415,4.040168010180247,4.040127705717561,4.036067236375993,4.039182370509339,4.034608865281843,4.032045011538205
61.1,32.2764,-2.88462,26.7893,98.303,26.7893,26.7893,26.7893,26.7893,4.03455,4.038354831389285,4.033844922346615,4.037653208134338,4.033693702514982,4.035157459396777,4.030288259588241,4.036442122624034
61.2,32.28424,-2.88875,26.7676,98.3,26.7676,26.7676,26.7676,26.7676,4.03553,4.034453374862763,4.032582667592703,4.033500986116289,4.033096999718411,4.0369214105396285,4.03988379162379,4.0375116021868065
61.3,32.25024,-2.88485,26.855,98.297,26.855,26.855,26.855,26.855,4.03128,4.0309242841434605,4.032963697585833,4.035514935114522,4.0356408833383455,4.0330129381796,4.028184989661047,4.0308235491415205
61.4,32.33568,-2.91572,26.9275,98.294,26.9275,26.9275,26.9275,26.9275,4.04196,4.041229625346556,4.03747074774067,4.04555246515611,4.046224211839146,4.039369089657211,4.043073980477059,4.037765368808353
61.5,32.27984,-2.91381,26.9664,98.292,26.9664,26.9664,26.9664,26.9664,4.03498,4.0367881050867505,4.0349874612827055,4.0393767862614665,4.036323636527873,4.037301533037698,4.032655258289414,4.03189370932524
61.6,32.27912,-2.86628,26.7828,98.289,26.7828,26.7828,26.7828,26.7828,4.03489,4.0388836547693945,4.032344643333882,4.034231555335937,4.039273789774598,4.030126153211738,4.033683748653439,4.0372041707877635
61.7,32.2936,-2.92279,26.8889,98.286,26.8889,26.8889,26.8889,26.8889,4.0367,4.035928323180297,4.0406798040539424,4.038513204140268,4.040803977078183,4.032500811223986,4.036419802592813,4.039710905384085
61.8,32.28752,-2.91646,26.9182,98.283,26.9182,26.9182,26.9182,26.9182,4.03594,4.038985764471235,4.0383164111267,4.033453442445866,4.036318837536958,4.038667605627875,4.036066356093978,4.0343101451575425
61.9,32.28104,-2.89935,26.8535,98.281,26.8535,26.8535,26.8535,26.8535,4.03513,4.038847963433992,4.035230433907757,4.0308402395955465,4.038308159595322,4.037091425892249,4.037406331179915,4.032000922352626
62.0,32.25648,-2.89933,26.8893,98.278,26.8893,26.8893,26.8893,26.8893,4.03206,4.029131378853173,4.027301649355945,4.036627196804849,4.029657325051823,4.032531330133634,4.0345392935905275,4.036014633140438
62.1,32.28648,-2.9081,26.8749,98.275,26.8749,26.8749,26.8749,26.8749,4.03581,4.034311146791792,4.038988852819717,4.0358246213873485,4.0329561969245455,4.039898905149251,4.039623094711838,4.0314723735939975
62.2,32.32008,-2.89076,26.8754,98.272,26.8754,26.8754,26.8754,26.8754,4.04001,4.0375895376577144,4.041908668354656,4.0436622258914205,4.039545082958714,4.035628185947622,4.0407273413894895,4.035911335749237
62.3,32.30696,-2.88647,26.8042,98.269,26.8042,26.8042,26.8042,26.8042,4.03837,4.035275026410962,4.039677744085599,4.040382713375169,4.041969916797348,4.041496679936233,4.037766370031223,4.035485201770623
62.4,32.31264,-2.90027,26.7293,98.267,26.7293,26.7293,26.7293,26.7293,4.03908,4.0361000575435675,4.041134772906599,4.038931172028098,4.042162559437948,4.040708356332733,4.041641824955896,4.034583273344396
62.5,32.26192,-2.90403,26.8286,98.264,26.8286,26.8286,26.8286,26.8286,4.03274,4.029692130434756,4.034009786960749,4.03321896583695,4.032657877761337,4.03114320644887,4.033597612249621,4.037445237722893
62.6,32.25016,-2.90033,26.8041,98.261,26.8041,26.8041,26.8041,26.8041,4.03127,4.029728898084176,4.027392175748642,4.030307402628033,4.035120441038261,4.026969194074793,4.031713341415208,4.032840807858672
62.7,32.27064,-2.90746,26.834,98.258,26.834,26.834,26.834,26.834,4.03383,4.036632763703337,4.03745760965984,4.034943434548134,4.0309936939398785,4.034455476920933,4.035027915400079,4.036636456399557
95.5,32.2172,-2.88947,27.1399,97.347,27.1399,27.1399,27.1399,27.1399,4.02715,4.023684019334615,4.029154432497254,4.031265770379157,4.031779659113939,4.028855833277794,4.025455142966113,4.028839529824085
62.8,32.27472,-2.92547,26.9089,98.256,26.9089,26.9089,26.9089,26.9089,4.03434,4.038514461270556,4.035934107539852,4.0343183978231725,4.037111210381823,4.031498104991919,4.03269183077267,4.036775340333041
62.9,32.29944,-2.89549,26.9379,98.253,26.9379,26.9379,26.9379,26.9379,4.03743,4.0402360406746975,4.034888305845404,4.033331768449441,4.037477212762162,4.042146837058924,4.03945014734766,4.0399293744797085
63.0,32.23232,-2.88851,26.8613,98.25,26.8613,26.8613,26.8613,26.8613,4.02904,4.0269525871109,4.025084092686595,4.025507994368721,4.0242252480271805,4.025385693959488,4.030626092174873,4.029741596209808
63.1,32.30936,-2.90231,26.7818,98.247,26.7818,26.7818,26.7818,26.7818,4.03867,4.043053897259132,4.033988528480845,4.035063891059122,4.036392704412994,4.041791863459397,4.036559157505073,4.04112052914632
63.2,32.26864,-2.93398,26.83,98.244,26.83,26.83,26.83,26.83,4.03358,4.031317122876685,4.03208207984721,4.030972188763417,4.035459174224342,4.031278181877104,4.030436873710117,4.029963485099757
63.3,32.26192,-2.90858,26.8076,98.242,26.8076,26.8076,26.8076,26.8076,4.03274,4.028072908042344,4.028486364849145,4.032341354019798,4.033547310050913,4.035759172696851,4.029456694609301,4.03132820764266
63.4,32.2476,-2.88641,26.8619,98.239,26.8619,26.8619,26.8619,26.8619,4.03095,4.030145593225349,4.029194771319082,4.029897657478705,4.032349479824592,4.0358846633819425,4.026346288998078,4.030210877410829
63.5,32.23192,-2.92157,26.827,98.236,26.827,26.827,26.827,26.827,4.02899,4.026034008979161,4.028388176793189,4.029143216881873,4.027720087419652,4.0272137981723075,4.030436354556424,4.033158942702032
63.6,32.29112,-2.88956,26.9097,98.233,26.9097,26.9097,26.9097,26.9097,4.03639,4.036424608512568,4.033251380828537,4.034441290796104,4.034327038274334,4.0339848517045604,4.031675838666522,4.036515603481465
63.7,32.27288,-2.90668,26.8052,98.231,26.8052,26.8052,26.8052,26.8052,4.03411,4.032483926425455,4.038134647631869,4.03019681918785,4.038199263014928,4.0306952057349426,4.038052763668956,4.031870430487443
63.8,32.23992,-2.90028,26.9876,98.228,26.9876,26.9876,26.9876,26.9876,4.02999,4.034665243004446,4.028233246265059,4.034370890261811,4.034733347050233,4.032177373192997,4.02841525207955,4.032773522012916
63.9,32.23952,-2.91029,26.7688,98.225,26.7688,26.7688,26.7688,26.7688,4.02994,4.03273846814423,4.027891335529678,4.027733248717819,4.02985454538164,4.029230603279509,4.025919536920202,4.033754359061159
64.0,32.26232,-2.91703,26.8761,98.222,26.8761,26.8761,26.8761,26.8761,4.03279,4.037339804589434,4.029174689787272,4.0335416439816445,4.02870262166836,4.028647532677595,4.029149466657356,4.032738033998347
64.1,32.31016,-2.87849,26.7616,98.219,26.7616,26.7616,26.7616,26.7616,4.03877,4.033962629897556,4.038850205977928,4.043226411264642,4.035595933149062,4.037699194538573,4.041381587774362,4.036676197054001
64.2,32.2636,-2.88776,26.9217,98.217,26.9217,26.9217,26.9217,26.9217,4.03295,4.035486863503382,4.03584373268093,4.028486303457859,4.0335166651461085,4.032060653117247,4.035338565944449,4.037096412267072
64.3,32.23352,-2.89033,26.8622,98.214,26.8622,26.8622,26.8622,26.8622,4.02919,4.0333127368266055,4.027931426960522,4.024251734725472,4.025118745539339,4.033048655770066,4.0271935778327,4.033436091188864
64.4,32.26344,-2.88637,26.8723,98.211,26.8723,26.8723,26.8723,26.8723,4.03293,4.029527850690378,4.030400801878444,4.032941049271646,4.032909082980329,4.030791935644513,4.031715220661252,4.03144259742882
64.5,32.26256,-2.89246,26.8066,98.208,26.8066,26.8066,26.8066,26.8066,4.03282,4.0349293090892475,4.030224530394721,4.032437625041255,4.037499883817871,4.02923625902143,4.029928272085921,4.030171666530777
64.6,32.20408,-2.88584,26.9262,98.206,26.9262,26.9262,26.9262,26.9262,4.02551,4.021729747883566,4.025992910794648,4.021123353607195,4.027032218186473,4.030415788810888,4.021500475157561,4.029510312957128
64.7,32.26728,-2.90996,26.9001,98.203,26.9001,26.9001,26.9001,26.9001,4.03341,4.02958406544987,4.03823807608921,4.034417866070301,4.030964622895,4.028554232816111,4.037316094624402,4.036798048452766
64.8,32.2628,-2.87933,26.8294,98.2,26.8294,26.8294,26.8294,26.8294,4.03285,4.037622847224399,4.036333260065393,4.028270114419698,4.0331132754447,4.030264440056492,4.03365458535574,4.030429367658504
95.6,32.19832,-2.90706,27.0989,97.344,27.0989,27.0989,27.0989,27.0989,4.02479,4.027600378381298,4.027797388064807,4.028182565927291,4.0243190447901185,4.029433555838364,4.026333607679392,4.026852190498317
64.9,32.2848,-2.88067,26.8617,98.197,26.8617,26.8617,26.8617,26.8617,4.0356,4.037684712137609,4.030849888463541,4.036841253301576,4.038398906723967,4.03750184413331,4.032146844079305,4.0329265194208235
65.0,32.31216,-2.89429,26.8098,98.194,26.8098,26.8098,26.8098,26.8098,4.03902,4.042932572371256,4.040839734744994,4.036801229032895,4.042535762303561,4.035562935550796,4.038636449066295,4.037603707980644
65.1,32.29464,-2.90432,26.8056,98.192,26.8056,26.8056,26.8056,26.8056,4.03683,4.033377019819978,4.039925181391075,4.037862604286035,4.039990868595332,4.033936611556434,4.036867393018505,4.04067736209996
65.2,32.26088,-2.91835,26.8274,98.189,26.8274,26.8274,26.8274,26.8274,4.03261,4.034245561106973,4.033126182052466,4.031900861037785,4.032686840290394,4.035524587689048,4.030406980047027,4.031927963898324
65.3,32.24048,-2.89657,26.8484,98.186,26.8484,26.8484,26.8484,26.8484,4.03006,4.0328813866848785,4.034307964568499,4.030246061988351,4.028036021568724,4.027742277365942,4.026523524427773,4.028616352368751
65.4,32.32856,-2.87473,26.8655,98.183,26.8655,26.8655,26.8655,26.8655,4.04107,4.044314982731977,4.03865159609605,4.044370632550236,4.037846192494748,4.042124166925363,4.040199077887424,4.036297779416053
65.5,32.268,-2.91741,26.8633,98.181,26.8633,26.8633,26.8633,26.8633,4.0335,4.032381719370162,4.036403622904918,4.0353915643135485,4.03051250921565,4.031572489893408,4.035712261579417,4.029526203470966
65.6,32.26664,-2.88473,26.8146,98.178,26.8146,26.8146,26.8146,26.8146,4.03333,4.033746436387749,4.031756579565766,4.032458672912461,4.032318774771191,4.031476970767166,4.0292623584541545,4.036234076029719
65.7,32.26544,-2.90707,26.9126,98.175,26.9126,26.9126,26.9126,26.9126,4.03318,4.034175620506883,4.03676498926587,4.036232893238609,4.028215888068263,4.0311689743022745,4.0298582574239,4.0307013686103925
65.8,32.27056,-2.90579,26.9329,98.172,26.9329,26.9329,26.9329,26.9329,4.03382,4.036953051322375,4.030129456455024,4.035487584137726,4.030057417847368,4.037887444186074,4.029110352799157,4.033826815829072
65.9,32.26208,-2.91763,26.9229,98.169,26.9229,26.9229,26.9229,26.9229,4.03276,4.0363497599032785,4.028965548954787,4.035512906186185,4.028776481827466,4.031137413766806,4.0373314289391375,4.036895661713672
66.0,32.25152,-2.91129,26.911,98.167,26.911,26.911,26.911,26.911,4.03144,4.032105468691278,4.028665081459913,4.026979998853799,4.026907546451978,4.035673650113248,4.033905258592164,4.026903415219481
66.1,32.25192,-2.8903,26.7191,98.164,26.7191,26.7191,26.7191,26.7191,4.03149,4.027608722555665,4.036458702105847,4.034603546040587,4.035482326088271,4.032073346461395,4.029617283554119,4.0332051411026715
66.2,32.264,-2.88843,26.8098,98.161,26.8098,26.8098,26.8098,26.8098,4.033,4.032034231056492,4.029374144637763,4.037821189141347,4.028849349074499,4.032332344832737,4.0336509361139825,4.030605425020472
66.3,32.25144,-2.89646,26.781,98.158,26.781,26.781,26.781,26.781,4.03143,4.029897527229606,4.027455085037544,4.029024095923745,4.028810046635095,4.027735027355341,4.026618718335233,4.035247630997603
66.4,32.24712,-2.90751,26.7645,98.156,26.7645,26.7645,26.7645,26.7645,4.03089,4.035230420020567,4.03417815599069,4.034515736801562,4.026598879696452,4.027583957562301,4.033190518578105,4.035329034876815
66.5,32.26656,-2.91655,26.94,98.153,26.94,26.94,26.94,26.94,4.03332,4.030788830187511,4.029225930330198,4.02865320263128,4.030716203742155,4.033112077700306,4.030759333840684,4.0301647045741005
66.6,32.2576,-2.89907,26.9736,98.15,26.9736,26.9736,26.9736,26.9736,4.0322,4.0337903716382595,4.03673668669876,4.035608484709905,4.034899483493941,4.0275580851787165,4.0284710575934914,4.035723639328212
66.7,32.2996,-2.90547,26.8729,98.147,26.8729,26.8729,26.8729,26.8729,4.03745,4.039343829172569,4.03886222026661,4.032726449253056,4.035100303952925,4.035244214247208,4.0402834204235125,4.037103083895953
66.8,32.1996,-2.89683,26.9013,98.144,26.9013,26.9013,26.9013,26.9013,4.02495,4.029244936300207,4.024278280236284,4.025340858864529,4.024497417286035,4.024952294974796,4.025838487410034,4.029292917796492
66.9,32.2892,-2.90482,26.852,98.142,26.852,26.852,26.852,26.852,4.03615,4.031150653068813,4.037988765126281,4.032658393298324,4.039562999290146,4.0314345536914615,4.040870826498489,4.040966913401462
67.0,32.29264,-2.90443,26.9443,98.139,26.9443,26.9443,26.9443,26.9443,4.03658,4.036459372494274,4.032300968105105,4.03688473526875,4.034133578189582,4.037576023648748,4.032939147258911,4.037941506203426
67.1,32.21272,-2.89762,26.8915,98.136,26.8915,26.8915,26.8915,26.8915,4.02659,4.03101105192507,4.02770741290865,4.030679077505349,4.027939397909214,4.027872767235621,4.022240291533502,4.025823486720864
67.2,32.254,-2.89472,26.8439,98.133,26.8439,26.8439,26.8439,26.8439,4.03175,4.032958291791853,4.035575806014866,4.026809738651131,4.031825982427713,4.029186856016604,4.027169016157598,4.0339894782517725
67.3,32.25304,-2.88164,26.9095,98.131,26.9095,26.9095,26.9095,26.9095,4.03163,4.028610673683853,4.030862239076043,4.035532995233609,4.031087852998468,4.029324633188779,4.031101222150842,4.035716671977511
67.4,32.22792,-2.90505,26.8654,98.128,26.8654,26.8654,26.8654,26.8654,4.02849,4.028690968655245,4.026148037335464,4.02428902309351,4.027227328682545,4.029608420242445,4.032382106441047,4.0271240020369286
67.5,32.2428,-2.89182,26.8886,98.125,26.8886,26.8886,26.8886,26.8886,4.03035,4.025786095920482,4.02945079809925,4.032416603581216,4.027122863307257,4.034558583449057,4.030433323808317,4.029305005331153
67.6,32.23456,-2.87295,26.919,98.122,26.919,26.919,26.919,26.919,4.02932,4.027908103376937,4.024953814840717,4.028893704639217,4.026853407222361,4.028494259322521,4.032254789182505,4.029002417131566
67.7,32.30304,-2.89142,27.1035,98.119,27.1035,27.1035,27.1035,27.1035,4.03788,4.039236813081727,4.035178152250903,4.03542174341183,4.0379324653200594,4.0401801430466024,4.0368240684789,4.034477637845584
67.8,32.2832,-2.88254,26.9857,98.117,26.9857,26.9857,26.9857,26.9857,4.0354,4.03974967353737,4.035005084318194,4.0347802994005235,4.032618505134627,4.033583022263502,4.0399768602644786,4.034048641818851
67.9,32.29096,-2.90931,26.888,98.114,26.888,26.888,26.888,26.888,4.03637,4.03665664544832,4.034889432403127,4.034465646034684,4.0387662710674,4.031778358359433,4.038789392016158,4.038362482804771
68.0,32.27752,-2.91081,26.8232,98.111,26.8232,26.8232,26.8232,26.8232,4.03469,4.03781588021297,4.033005997997623,4.036049916042325,4.031177617494883,4.036359625477753,4.038790932192899,4.038567253152
68.1,32.23288,-2.90239,26.7449,98.108,26.7449,26.7449,26.7449,26.7449,4.02911,4.029760067680237,4.0262381670370395,4.029554362032326,4.030972402672593,4.0252446230978975,4.033612723218782,4.027000205345763
68.2,32.24712,-2.90079,26.9577,98.106,26.9577,26.9577,26.9577,26.9577,4.03089,4.035804184113633,4.031540827087863,4.030122871071011,4.028990097297018,4.034603866836058,4.032130722519613,4.033410932251421
68.3,32.2712,-2.88394,26.9484,98.103,26.9484,26.9484,26.9484,26.9484,4.0339,4.0333017880022854,4.036846108318484,4.031229761273487,4.033675447427951,4.029867643651711,4.029871754715936,4.038724334771686
68.4,32.22984,-2.91095,26.8441,98.1,26.8441,26.8441,26.8441,26.8441,4.02873,4.0313380963659275,4.02377114005422,4.0322524954129255,4.028380533769237,4.025709676067045,4.026592564294871,4.029035720738862
68.5,32.276,-2.90133,26.877,98.097,26.877,26.877,26.877,26.877,4.0345,4.029772883801716,4.035943835113375,4.034021895418904,4.029788844806405,4.036752647107263,4.036068822211787,4.036427443513774
95.7,32.20088,-2.90587,27.0678,97.342,27.0678,27.0678,27.0678,27.0678,4.02511,4.020707611884945,4.022064438687423,4.022358005820017,4.020842543269614,4.028161723782924,4.022707612595428,4.021110133210348
68.6,32.25288,-2.88388,26.8953,98.094,26.8953,26.8953,26.8953,26.8953,4.03161,4.033026829754721,4.03306818964396,4.036034617758414,4.029690579997966,4.031385105689364,4.028081308210219,4.0355970854355965
68.7,32.24944,-2.89677,26.919,98.092,26.919,26.919,26.919,26.919,4.03118,4.028140173336799,4.033468625699042,4.031484899921496,4.0305568620398295,4.035814397134883,4.027654167063309,4.02830675285005
68.8,32.2752,-2.90016,26.9832,98.089,26.9832,26.9832,26.9832,26.9832,4.0344,4.030933582280359,4.036499991836981,4.032114177115345,4.035091506929265,4.034109066956196,4.036533195590924,4.039032494702973
68.9,32.26856,-2.89642,26.8063,98.086,26.8063,26.8063,26.8063,26.8063,4.03357,4.035807572240209,4.036850742879204,4.0319691592933475,4.0364905907988105,4.032900940077996,4.033761112077476,4.037400826251861
69.0,32.24896,-2.91691,26.9254,98.083,26.9254,26.9254,26.9254,26.9254,4.03112,4.028447912374253,4.0294397648430405,4.035652705724807,4.0340330769687585,4.032531859619144,4.028923073544642,4.029351045038109
69.1,32.2852,-2.91716,26.8987,98.081,26.8987,26.8987,26.8987,26.8987,4.03565,4.03970000131348,4.03724444506321,4.033252875326982,4.040222774489683,4.037182399439361,4.0312400557032575,4.0352679543903225
69.2,32.2312,-2.92382,26.8555,98.078,26.8555,26.8555,26.8555,26.8555,4.0289,4.0254057921696935,4.03318792278243,4.029153626525712,4.023902521749929,4.029133160380621,4.028907256242483,4.027101836705532
69.3,32.27168,-2.8969,26.935,98.075,26.935,26.935,26.935,26.935,4.03396,4.037185191012514,4.037622315729331,4.036247844223929,4.0325358323723295,4.038249018733436,4.02921063039351,4.029432394348219
69.4,32.27088,-2.88622,26.8805,98.072,26.8805,26.8805,26.8805,26.8805,4.03386,4.029964047766024,4.0382109324699185,4.0293480510299595,4.0294704851452625,4.037288800921539,4.031950592135785,4.036940416812503
69.5,32.24896,-2.88852,26.8829,98.069,26.8829,26.8829,26.8829,26.8829,4.03112,4.030203846322714,4.033885603693981,4.0279840509683345,4.035008358608478,4.0360582228587445,4.035066644685279,4.0333213261555185
69.6,32.26392,-2.88285,26.9071,98.067,26.9071,26.9071,26.9071,26.9071,4.03299,4.037120751882667,4.034531159444087,4.032134671660029,4.034272460705189,4.035530430588498,4.031210085605339,4.035592976939329
69.7,32.22584,-2.87819,26.8614,98.064,26.8614,26.8614,26.8614,26.8614,4.02823,4.031439561963335,4.028659899886419,4.028994034694158,4.026827838730105,4.024710987747297,4.025715364509162,4.033022657778474
69.8,32.27776,-2.89783,26.9286,98.061,26.9286,26.9286,26.9286,26.9286,4.03472,4.037124919348529,4.033487495242156,4.030680604259433,4.038825608850661,4.0354921390213985,4.032827602811164,4.0318381669639285
69.9,32.25096,-2.90097,26.8661,98.058,26.8661,26.8661,26.8661,26.8661,4.03137,4.0330637618014515,4.027747838755283,4.035800357949289,4.028199334402702,4.034077598211251,4.036012375733169,4.0310727462480855
70.0,32.24256,-2.87786,26.9919,98.056,26.9919,26.9919,26.9919,26.9919,4.03032,4.0310124500061635,4.026406874111309,4.029380546415029,4.028181698923519,4.02807297087219,4.030297631398792,4.034249420735188
70.1,32.28,-2.91052,26.9047,98.053,26.9047,26.9047,26.9047,26.9047,4.035,4.03414201969968,4.039469912595752,4.032688199181546,4.036948645565888,4.0358572323676345,4.035845683839842,4.037793619760139
70.2,32.23768,-2.91768,26.8514,98.05,26.8514,26.8514,26.8514,26.8514,4.02971,4.027747749761288,4.0345071343296,4.032331319530562,4.026610134644537,4.029064517835499,4.029609534433732,4.024780017648619
70.3,32.22056,-2.90508,26.9106,98.047,26.9106,26.9106,26.9106,26.9106,4.02757,4.0284528051086115,4.028831171536903,4.029318768230021,4.031998474414391,4.02338511554098,4.023011699503784,4.030964545238711
70.4,32.21672,-2.90684,26.952,98.044,26.952,26.952,26.952,26.952,4.02709,4.028458457250114,4.026908749728443,4.03208435458929,4.027397706322184,4.027650321366592,4.0275920993631456,4.024949136510932
70.5,32.2684,-2.89928,26.7987,98.042,26.7987,26.7987,26.7987,26.7987,4.03355,4.038544957246035,4.03317351279778,4.035856797584928,4.037909476329124,4.035193591169544,4.034486056111388,4.037788141440289
70.6,32.22288,-2.91275,26.9698,98.039,26.9698,26.9698,26.9698,26.9698,4.02786,4.023749014484183,4.027126070765627,4.025820941659742,4.026468638386815,4.031773197908858,4.024872037166267,4.031933229067684
70.7,32.29544,-2.89445,26.9147,98.036,26.9147,26.9147,26.9147,26.9147,4.03693,4.040777203183646,4.03208422695971,4.033616180809754,4.032278405427128,4.037519238117043,4.036989127329262,4.038508199526888
70.8,32.20312,-2.90854,26.893,98.033,26.893,26.893,26.893,26.893,4.02539,4.030282554180198,4.025153633058971,4.023004891199763,4.026246834041074,4.024145206550583,4.022988789186309,4.026915385028528
70.9,32.29352,-2.88158,26.8542,98.031,26.8542,26.8542,26.8542,26.8542,4.03669,4.037616432341906,4.033079945539297,4.034215560613304,4.040644044289469,4.0388402512165245,4.034322464732302,4.041665143247532
71.0,32.2576,-2.91792,26.9167,98.028,26.9167,26.9167,26.9167,26.9167,4.0322,4.0311443368453626,4.031867624115056,4.034776226551972,4.036871189691048,4.03202115645159,4.029066569443585,4.028064081411677
71.1,32.25,-2.90209,26.8434,98.025,26.8434,26.8434,26.8434,26.8434,4.03125,4.034653225769643,4.031113782924361,4.035602038313874,4.030206406763791,4.031122227224994,4.032652213922665,4.02947287527533
71.2,32.23896,-2.90502,26.7776,98.022,26.7776,26.7776,26.7776,26.7776,4.02987,4.032030979501585,4.033812210381948,4.034640863086696,4.0316062755100255,4.026175954044622,4.02728607001586,4.025550700426641
71.3,32.26136,-2.89654,26.8548,98.019,26.8548,26.8548,26.8548,26.8548,4.03267,4.035708520122555,4.0284980503295325,4.033922558779078,4.036650428338749,4.037262152517401,4.03508418843277,4.0360625164127395
95.8,32.20328,-2.91398,26.983,97.339,26.983,26.983,26.983,26.983,4.02541,4.022103255730357,4.027109545161829,4.022874579775974,4.025134053050182,4.028960144620227,4.026305466909138,4.026236938926916
71.4,32.25064,-2.8861,26.8817,98.017,26.8817,26.8817,26.8817,26.8817,4.03133,4.033899043581218,4.033202326961925,4.026665248714842,4.032816165271741,4.034606866822808,4.027116332650793,4.029698121099336
71.5,32.27776,-2.89601,26.9354,98.014,26.9354,26.9354,26.9354,26.9354,4.03472,4.036274590787758,4.0384929514195065,4.03321227623031,4.033943686629127,4.032345113579479,4.035504206948415,4.036310185939036
71.6,32.25376,-2.90193,26.886,98.011,26.886,26.886,26.886,26.886,4.03172,4.035746374162564,4.030483473745955,4.027106722355771,4.0310519548167365,4.034184179123598,4.0284690405843175,4.028463087442659
71.7,32.2544,-2.88963,26.831,98.008,26.831,26.831,26.831,26.831,4.0318,4.0326727318547455,4.03593909841604,4.032310460207639,4.03466256821173,4.0283580349199415,4.036303395837342,4.036406947886045
71.8,32.24184,-2.88735,26.8606,98.006,26.8606,26.8606,26.8606,26.8606,4.03023,4.030907233646152,4.028755144294039,4.032796885027691,4.032916468924087,4.03112358158953,4.0295916239368905,4.032506529795028
71.9,32.24896,-2.89596,26.902,98.003,26.902,26.902,26.902,26.902,4.03112,4.035899578665416,4.031069627145387,4.032363359185842,4.027272186460595,4.031596018468802,4.0298215013272465,4.034223357495231
72.0,32.25744,-2.89419,26.9401,98.0,26.9401,26.9401,26.9401,26.9401,4.03218,4.028118545667103,4.036429285458924,4.036411072987916,4.033214604472606,4.032356549011429,4.031602102238916,4.029556111756917
72.1,32.20872,-2.8903,26.9507,97.997,26.9507,26.9507,26.9507,26.9507,4.02609,4.0294627860100025,4.030019230231485,4.029590635986197,4.027639056704477,4.02250464228215,4.028541684121357,4.030922919475588
72.2,32.2172,-2.92466,26.8207,97.994,26.8207,26.8207,26.8207,26.8207,4.02715,4.024342209756401,4.024094177065881,4.022253195703408,4.030383325741465,4.029087645530743,4.029489547502909,4.031721234289922
72.3,32.26712,-2.90526,26.906,97.992,26.906,26.906,26.906,26.906,4.03339,4.030282568482067,4.034428002815283,4.030920994900191,4.0304303455470025,4.030831719689042,4.029836290567921,4.035630358094065
72.4,32.25312,-2.89436,26.9499,97.989,26.9499,26.9499,26.9499,26.9499,4.03164,4.029134158720882,4.033733799553025,4.035042979746071,4.034457280324787,4.031879159004694,4.03483931786588,4.03561599196416
72.5,32.24432,-2.90437,26.8517,97.986,26.8517,26.8517,26.8517,26.8517,4.03054,4.0306519611607525,4.0332204721902665,4.026009074947657,4.033313217410016,4.033834849426174,4.034893798422448,4.026059680558158
72.6,32.24896,-2.90432,27.0126,97.983,27.0126,27.0126,27.0126,27.0126,4.03112,4.0346867080970865,4.028939247907507,4.033229473088694,4.030051346988043,4.0298436413209595,4.028647914802485,4.032204204945209
72.7,32.25656,-2.89438,26.8755,97.981,26.8755,26.8755,26.8755,26.8755,4.03207,4.0350548931238235,4.031066115573937,4.028456657941495,4.02994422852196,4.032166696636638,4.0367191961410045,4.0275861682797665
72.8,32.23504,-2.89404,26.9669,97.978,26.9669,26.9669,26.9669,26.9669,4.02938,4.027147920613888,4.032480220098086,4.031339133990182,4.031611471164663,4.034305545280095,4.031049680011527,4.031180245630058
72.9,32.22904,-2.89299,26.9477,97.975,26.9477,26.9477,26.9477,26.9477,4.02863,4.025015253013519,4.031574851626458,4.029014198297049,4.024860004619817,4.031053138212399,4.024579556028361,4.024134844425352
73.0,32.25216,-2.91188,26.8655,97.972,26.8655,26.8655,26.8655,26.8655,4.03152,4.030151830292224,4.034955486805876,4.030982081407769,4.031138739208892,4.0355967028810555,4.027070256768182,4.0341229273889905
73.1,32.22376,-2.92127,26.9083,97.969,26.9083,26.9083,26.9083,26.9083,4.02797,4.024264836740398,4.028646859373031,4.0254129620919885,4.029628867336824,4.030832053810543,4.031225690693443,4.031570030829373
73.2,32.2568,-2.88793,26.9897,97.967,26.9897,26.9897,26.9897,26.9897,4.0321,4.036760214709796,4.034872548601106,4.029720636624324,4.029624232684929,4.03137961983115,4.036570911334199,4.0348561975618935
73.3,32.20584,-2.91114,26.8762,97.964,26.8762,26.8762,26.8762,26.8762,4.02573,4.021639145339283,4.021237632398646,4.023932843080255,4.021875872074038,4.029829879882038,4.030129680077357,4.027748538736524
73.4,32.2712,-2.91217,26.9196,97.961,26.9196,26.9196,26.9196,26.9196,4.0339,4.029766238855019,4.037145217533003,4.035550700715989,4.029318342290189,4.033723820095377,4.031755929821393,4.036377519635221
73.5,32.2576,-2.91353,26.8192,97.958,26.8192,26.8192,26.8192,26.8192,4.0322,4.030068908064104,4.030232857188756,4.028892190644223,4.029434605441795,4.0278026280009085,4.035639167033085,4.030579075538818
73.6,32.25208,-2.88273,26.9316,97.956,26.9316,26.9316,26.9316,26.9316,4.03151,4.028060661535675,4.0343544825745115,4.032743768580587,4.029419899102354,4.0318264821574745,4.028357543737594,4.029772138510601
73.7,32.26928,-2.89682,26.8863,97.953,26.8863,26.8863,26.8863,26.8863,4.03366,4.033258193836479,4.033386383209151,4.036811756879504,4.030037770174628,4.035696823940395,4.036516579763855,4.030093097602801
73.8,32.28544,-2.89486,26.9426,97.95,26.9426,26.9426,26.9426,26.9426,4.03568,4.037720506019246,4.039556365394077,4.03482429988297,4.033186495772311,4.0347836175194365,4.037553626345789,4.033883215254655
73.9,32.26952,-2.88966,26.861,97.947,26.861,26.861,26.861,26.861,4.03369,4.032308303402832,4.037147888733164,4.035076085860974,4.036902305713644,4.035854568279646,4.030494888338548,4.036246905415992
74.0,32.2008,-2.90064,26.9314,97.944,26.9314,26.9314,26.9314,26.9314,4.0251,4.02842859784475,4.023408087999027,4.020337437410181,4.026876020189487,4.0280111342489455,4.0206285891870195,4.026957721892083
74.1,32.214,-2.88481,26.8917,97.942,26.8917,26.8917,26.8917,26.8917,4.02675,4.031555613267291,4.027797882085649,4.031488637188976,4.023459132277953,4.025212674506971,4.023946123602561,4.028274525717235
74.2,32.22944,-2.91795,26.755,97.939,26.755,26.755,26.755,26.755,4.02868,4.031500763892846,4.033422234699168,4.032805405552651,4.029367350682837,4.024712642309045,4.024998462799085,4.026538092534189
74.3,32.2448,-2.91628,26.9191,97.936,26.9191,26.9191,26.9191,26.9191,4.0306,4.027964142515166,4.033224928506161,4.031408857978879,4.032540794184418,4.033910135902308,4.027724539919361,4.030382921668979
74.4,32.2564,-2.91711,26.99,97.933,26.99,26.99,26.99,26.99,4.03205,4.028012064536402,4.035967091021439,4.027306664053057,4.027348965297302,4.036084361905151,4.033999901348057,4.036286494790972
74.5,32.22624,-2.89367,26.8491,97.931,26.8491,26.8491,26.8491,26.8491,4.02828,4.028480279733648,4.029087655442294,4.02868089909092,4.030544803917066,4.031692620346499,4.027015719376289,4.032196648330193
74.6,32.24792,-2.8924,26.8768,97.928,26.8768,26.8768,26.8768,26.8768,4.03099,4.031536316226601,4.026744453753016,4.0355580526323855,4.026979532725594,4.026051481771805,4.033802703507578,4.026684674438432
74.7,32.22504,-2.90709,26.9955,97.925,26.9955,26.9955,26.9955,26.9955,4.02813,4.032246089504073,4.028997162771338,4.032515731991803,4.023689719814002,4.025133866919762,4.026374820734857,4.024693440395445
74.8,32.22824,-2.90349,26.9499,97.922,26.9499,26.9499,26.9499,26.9499,4.02853,4.025098647652839,4.02611162612758,4.031604719410384,4.03207211389049,4.032018104747713,4.032684259533793,4.029514399421639
74.9,32.20888,-2.88098,26.8974,97.919,26.8974,26.8974,26.8974,26.8974,4.02611,4.024176004402371,4.023117805801454,4.029539064243833,4.0219572014875355,4.023642080589509,4.03004394831829,4.0285924061926215
75.0,32.22024,-2.91042,26.9354,97.917,26.9354,26.9354,26.9354,26.9354,4.02753,4.032254689224836,4.0294002448322415,4.030955850163954,4.025605823287336,4.02692189616144,4.025611514204161,4.02683675310947
75.1,32.20968,-2.89557,26.8806,97.914,26.8806,26.8806,26.8806,26.8806,4.02621,4.026335289538185,4.028547955650596,4.030816304226572,4.0221057371613815,4.027077972318195,4.022180403945415,4.0276215521089584
75.2,32.21848,-2.91029,27.067,97.911,27.067,27.067,27.067,27.067,4.02731,4.027615222005095,4.031938623250899,4.025049967215189,4.02676830296078,4.026915948008312,4.023524301615811,4.025324533567409
75.3,32.26696,-2.88356,26.9725,97.908,26.9725,26.9725,26.9725,26.9725,4.03337,4.032318349098016,4.028771000343407,4.037370216770281,4.035632574882663,4.028696921114209,4.032944944443213,4.034276380311155
75.4,32.21864,-2.89057,27.0223,97.906,27.0223,27.0223,27.0223,27.0223,4.02733,4.026358595781871,4.025303668555508,4.026444767989345,4.028022041083482,4.025213224550286,4.031904988427035,4.026782147398393
75.5,32.30432,-2.92098,26.9259,97.903,26.9259,26.9259,26.9259,26.9259,4.03804,4.039868902385018,4.042141225758041,4.039365568671967,4.041393589850312,4.03689978418112,4.03599943243021,4.035607549741861
75.6,32.25272,-2.90391,26.8445,97.9,26.8445,26.8445,26.8445,26.8445,4.03159,4.032720633257049,4.027744694347496,4.029079812476927,4.026724079025584,4.027157856347217,4.032598203085,4.027867042689894
75.7,32.24504,-2.93119,26.9516,97.897,26.9516,26.9516,26.9516,26.9516,4.03063,4.026605484380129,4.030018978343472,4.030635518250112,4.0290645492365655,4.026842356610224,4.030644523637416,4.029532103612315
75.8,32.21976,-2.88649,26.9973,97.894,26.9973,26.9973,26.9973,26.9973,4.02747,4.025736467258174,4.029460767711163,4.022933069328091,4.023122004983794,4.025608782896942,4.0247409001115075,4.0262874308418475
75.9,32.25696,-2.86929,27.0004,97.892,27.0004,27.0004,27.0004,27.0004,4.03212,4.034687099970384,4.031689364828368,4.035144481964814,4.034760933393286,4.033343525957237,4.036802920829868,4.0357739231434815
76.0,32.22608,-2.93271,26.8218,97.889,26.8218,26.8218,26.8218,26.8218,4.02826,4.023820975996801,4.032458060649607,4.027072304024923,4.028993449900091,4.030396491960643,4.024016985029117,4.023655109875406
76.1,32.24256,-2.92141,26.9363,97.886,26.9363,26.9363,26.9363,26.9363,4.03032,4.035010163980993,4.025697615428341,4.030604308592444,4.031676162693604,4.0307008183894615,4.033381139127705,4.033024189126366
76.2,32.3008,-2.89749,26.8283,97.883,26.8283,26.8283,26.8283,26.8283,4.0376,4.04101917676525,4.042196848219634,4.037635597390971,4.042385667344039,4.041269386165237,4.034075680323005,4.035340825605439
76.3,32.2368,-2.90028,26.8895,97.881,26.8895,26.8895,26.8895,26.8895,4.0296,4.032615185136641,4.032469908932128,4.031086374231081,4.029558630284475,4.03452866349058,4.029181138447464,4.030861211728809
76.4,32.2664,-2.90616,26.9604,97.878,26.9604,26.9604,26.9604,26.9604,4.0333,4.035004406384875,4.037090035043277,4.0321742005238255,4.038130594872218,4.028816324353517,4.032708347909757,4.033422543237815
76.5,32.22176,-2.92606,27.0057,97.875,27.0057,27.0057,27.0057,27.0057,4.02772,4.029666258231671,4.02429753933428,4.032471374544289,4.023197991182636,4.024759376516871,4.03005986609376,4.026116219118382
95.9,32.20008,-2.88848,27.1265,97.336,27.1265,27.1265,27.1265,27.1265,4.02501,4.02849619613882,4.026693498273317,4.026549481062694,4.029297586409295,4.020704097757977,4.02202784904462,4.0298861042931176
76.6,32.23752,-2.89515,26.9397,97.872,26.9397,26.9397,26.9397,26.9397,4.02969,4.025444785140175,4.028024672614058,4.033776665709992,4.029373847981042,4.031604904332516,4.032159659597909,4.02952947554454
76.7,32.28056,-2.88669,26.858,97.869,26.858,26.858,26.858,26.858,4.03507,4.038708240375885,4.0351763336854605,4.036279344141378,4.034097734615551,4.036567201042447,4.036455381280395,4.034160199293721
76.8,32.2228,-2.8573,26.9634,97.867,26.9634,26.9634,26.9634,26.9634,4.02785,4.027931008836253,4.025887478403765,4.031029452864157,4.029741268436342,4.02348552575302,4.027306779167542,4.024491407318838
76.9,32.28112,-2.88039,26.8769,97.864,26.8769,26.8769,26.8769,26.8769,4.03514,4.037452888194658,4.03670850299187,4.031394364961957,4.031469750591293,4.032607920983356,4.037327411861627,4.037450347471509
77.0,32.25432,-2.91948,26.9109,97.861,26.9109,26.9109,26.9109,26.9109,4.03179,4.027563869811753,4.0296852853404275,4.029229985215148,4.033178570968624,4.033171161873577,4.032309245934836,4.034914611506858
77.1,32.2236,-2.90018,26.9345,97.858,26.9345,26.9345,26.9345,26.9345,4.02795,4.026794659920285,4.0249623816677245,4.030807832981528,4.03257316688988,4.029309914593017,4.027224667555368,4.025826108136475
77.2,32.252,-2.89112,26.8894,97.856,26.8894,26.8894,26.8894,26.8894,4.0315,4.03259475562453,4.034619406761339,4.032756321987976,4.033945108940892,4.031124334294581,4.0290223348495635,4.034872755955314
77.3,32.25992,-2.91032,26.9683,97.853,26.9683,26.9683,26.9683,26.9683,4.03249,4.030863847702733,4.03618693115771,4.035973518064836,4.035142156680647,4.034982093615212,4.030218424402858,4.035277609374903
77.4,32.25128,-2.8883,26.9758,97.85,26.9758,26.9758,26.9758,26.9758,4.03141,4.033251244976257,4.032219554875893,4.032391909021407,4.035429591442438,4.02912548794753,4.033272184180315,4.031336338608169
77.5,32.1984,-2.88945,26.9929,97.847,26.9929,26.9929,26.9929,26.9929,4.0248,4.029041783469078,4.020342089663559,4.02685782536333,4.0245967194724885,4.020204552202277,4.022457669023364,4.0252746318132475
77.6,32.21832,-2.88144,27.0173,97.844,27.0173,27.0173,27.0173,27.0173,4.02729,4.0285197609495835,4.029585287331623,4.025202912950405,4.0298990367453245,4.022478197865129,4.030339690528723,4.029660148370808
77.7,32.2296,-2.88797,26.9237,97.842,26.9237,26.9237,26.9237,26.9237,4.0287,4.026408227268899,4.027604390046603,4.032016825789678,4.02608102593987,4.031786287640261,4.03190455074887,4.026409403891211
77.8,32.23352,-2.89572,26.8592,97.839,26.8592,26.8592,26.8592,26.8592,4.02919,4.031679051812702,4.028094050056942,4.029589095225272,4.0247901865980475,4.028838542690683,4.02861150514695,4.0328570864387965
77.9,32.24992,-2.90957,26.8655,97.836,26.8655,26.8655,26.8655,26.8655,4.03124,4.029905912266192,4.0286052612397745,4.027858637703312,4.029940725879061,4.035649254750471,4.034354588811216,4.0320382171641205
78.0,32.23904,-2.9194,27.038,97.833,27.038,27.038,27.038,27.038,4.02988,4.029061759501039,4.034413063399848,4.032342127171003,4.029456010248438,4.027130373123186,4.034146257414411,4.0260797173121015
78.1,32.20248,-2.89671,27.0314,97.831,27.0314,27.0314,27.0314,27.0314,4.02531,4.020614613144934,4.023275467010686,4.023951796965881,4.020758300411186,4.029363408088284,4.025316374841336,4.027571754206201
78.2,32.24344,-2.90606,27.0153,97.828,27.0153,27.0153,27.0153,27.0153,4.03043,4.029503727007122,4.032745947814519,4.035184845175939,4.027167666747993,4.0327925779816,4.027444769669176,4.033383944197593
78.3,32.24872,-2.90461,26.9004,97.825,26.9004,26.9004,26.9004,26.9004,4.03109,4.027069567831967,4.031766071244115,4.0292272803017415,4.029576335554024,4.027890541940322,4.0270306507865525,4.031911585856244
78.4,32.2472,-2.88317,27.0374,97.822,27.0374,27.0374,27.0374,27.0374,4.0309,4.031189518701876,4.031264680316076,4.030129103900953,4.032263830481151,4.035142538563232,4.031511451780208,4.030653125985659
78.5,32.25944,-2.87947,26.9264,97.819,26.9264,26.9264,26.9264,26.9264,4.03243,4.033481160332657,4.033510966074769,4.037342012863389,4.032548811060868,4.029760093585126,4.0323301213830085,4.0368956358702395
78.6,32.25328,-2.91853,26.9577,97.817,26.9577,26.9577,26.9577,26.9577,4.03166,4.030340804219102,4.031657296410926,4.033277973229161,4.034956891186346,4.034889900688739,4.027553142016739,4.0291611348273095
78.7,32.244,-2.90316,26.9873,97.814,26.9873,26.9873,26.9873,26.9873,4.0305,4.035343564905923,4.034610757322519,4.0284890587730455,4.033549289947445,4.034333789668594,4.035041171786335,4.032493242125731
78.8,32.23104,-2.9065,27.0139,97.811,27.0139,27.0139,27.0139,27.0139,4.02888,4.030265587009963,4.033067612016735,4.029692794604618,4.024995603688834,4.023991859307047,4.0250520127345055,4.033007070903851
78.9,32.19264,-2.89528,26.9712,97.808,26.9712,26.9712,26.9712,26.9712,4.02408,4.026434430595705,4.02131286244943,4.02779529527852,4.021285913863549,4.023422531616505,4.0210667484256355,4.026690035387432
79.0,32.24256,-2.93399,27.0218,97.806,27.0218,27.0218,27.0218,27.0218,4.03032,4.0297068794879,4.034649175611741,4.0340645349347275,4.033051712726594,4.0268321785048355,4.026116903827167,4.0335800422175385
79.1,32.23696,-2.92191,26.9407,97.803,26.9407,26.9407,26.9407,26.9407,4.02962,4.0276683044128765,4.030372662773242,4.032148766332803,4.027291381023552,4.032075979491133,4.0266074012534085,4.02782165256644
79.2,32.23824,-2.90176,26.9282,97.8,26.9282,26.9282,26.9282,26.9282,4.02978,4.027870242463003,4.029610665665111,4.030446004313716,4.030658033679281,4.030026560251106,4.027119658785897,4.024946056520022
79.3,32.20088,-2.88821,26.9217,97.797,26.9217,26.9217,26.9217,26.9217,4.02511,4.02669176179192,4.028768342606713,4.021578571366828,4.0292985815945075,4.021740878643172,4.022951669624087,4.029575427307091
79.4,32.20528,-2.89887,26.8725,97.794,26.8725,26.8725,26.8725,26.8725,4.02566,4.024647412213597,4.029471320225023,4.02348127374548,4.026952862109683,4.02734673224069,4.023985439337411,4.029872579425928
79.5,32.25624,-2.88993,26.7741,97.792,26.7741,26.7741,26.7741,26.7741,4.03203,4.0274365508102665,4.032978436037649,4.0312631149642515,4.034514048745722,4.03300385711396,4.030426320763468,4.036642057824087
79.6,32.22976,-2.89704,27.005,97.789,27.005,27.005,27.005,27.005,4.02872,4.028621972539561,4.031864742601568,4.0317877947896745,4.028908926458065,4.033311351651906,4.025238846575499,4.03148422621797
79.7,32.2468,-2.88086,26.9291,97.786,26.9291,26.9291,26.9291,26.9291,4.03085,4.0266155157846555,4.02964500448441,4.035678788152924,4.035207066263901,4.028186634226132,4.032412122323492,4.031804559152513
79.8,32.23088,-2.87771,26.9882,97.783,26.9882,26.9882,26.9882,26.9882,4.02886,4.023976897354706,4.029327147859995,4.023912766966271,4.030170382626973,4.026245324622618,4.032039059850775,4.025923005445245
79.9,32.23072,-2.91141,26.9801,97.781,26.9801,26.9801,26.9801,26.9801,4.02884,4.027440322097715,4.031199481739421,4.032115597539976,4.02543949471699,4.028358061077213,4.027847307721547,4.030559544081037
80.0,32.25224,-2.88675,26.9542,97.778,26.9542,26.9542,26.9542,26.9542,4.03153,4.03178238321397,4.027965556822757,4.0328189559279,4.03160981262582,4.028703627479227,4.033395525077422,4.0306607346415975
80.1,32.21704,-2.89238,27.0019,97.775,27.0019,27.0019,27.0019,27.0019,4.02713,4.031612402342117,4.022724148964482,4.024505640587846,4.031383327481561,4.023906277455048,4.023655560431163,4.027893404061372
80.2,32.23152,-2.86243,27.0101,97.772,27.0101,27.0101,27.0101,27.0101,4.02894,4.028184544000283,4.033567688553513,4.028046179297343,4.02704755837352,4.0261830591141035,4.028051686897315,4.029364712123643
80.3,32.21784,-2.91197,26.8892,97.769,26.8892,26.8892,26.8892,26.8892,4.02723,4.023836660378401,4.027614514644827,4.030986283282888,4.02223262720428,4.025663116277403,4.024397431493357,4.025993320882063
80.4,32.21824,-2.90175,27.0389,97.767,27.0389,27.0389,27.0389,27.0389,4.02728,4.029868470502372,4.025784659659524,4.029426418035736,4.025097114564962,4.023249328055164,4.027335754096167,4.027641491201552
80.5,32.22104,-2.91548,26.9993,97.764,26.9993,26.9993,26.9993,26.9993,4.02763,4.032368456806315,4.0300355445832725,4.030855121331798,4.022879236310144,4.025262345225273,4.025360807201018,4.026594509654334
80.6,32.23352,-2.91459,26.8954,97.761,26.8954,26.8954,26.8954,26.8954,4.02919,4.0263372092221505,4.030340493194382,4.033292079741273,4.0294774823498685,4.024200287895553,4.032738372538133,4.032204347455561
80.7,32.21648,-2.89422,26.9096,97.758,26.9096,26.9096,26.9096,26.9096,4.02706,4.028788253683685,4.024506971407565,4.028000700407703,4.02815861512137,4.027151451538705,4.031491760491129,4.024398575484405
80.8,32.25784,-2.89692,26.8745,97.756,26.8745,26.8745,26.8745,26.8745,4.03223,4.0318481541060125,4.032443090214434,4.033315826897042,4.034238964762298,4.03444882337546,4.029307232025547,4.033510915780492
80.9,32.20592,-2.89188,26.9873,97.753,26.9873,26.9873,26.9873,26.9873,4.02574,4.0224784666084705,4.028167511377116,4.022195664736294,4.024433792156878,4.030659003217541,4.020781917869986,4.0218597703456185
81.0,32.22272,-2.8922,26.9395,97.75,26.9395,26.9395,26.9395,26.9395,4.02784,4.030136971204569,4.02508690150429,4.024216639601003,4.028157700793259,4.026029452923682,4.0249293009498075,4.023930799450859
81.1,32.2164,-2.90353,26.8011,97.747,26.8011,26.8011,26.8011,26.8011,4.02705,4.022770424650771,4.023060251269578,4.029311594114851,4.024003520538482,4.025124963613923,4.028039199362362,4.0220694593148885
81.2,32.26136,-2.90364,26.9179,97.744,26.9179,26.9179,26.9179,26.9179,4.03267,4.037535642032425,4.03397396566317,4.028306181100057,4.035444861602761,4.036875611414409,4.03185308105732,4.032697905340107
96.0,32.20456,-2.92942,27.1491,97.333,27.1491,27.1491,27.1491,27.1491,4.02557,4.030411479957769,4.022491578369169,4.020672488256125,4.024087740389171,4.022572155284476,4.028396331026345,4.02479160215042
81.3,32.23112,-2.91456,26.9289,97.742,26.9289,26.9289,26.9289,26.9289,4.02889,4.03037854621311,4.028684929339677,4.027256555886518,4.029363388399842,4.030542006558976,4.032782796949714,4.0253792032360245
81.4,32.25096,-2.91052,26.9586,97.739,26.9586,26.9586,26.9586,26.9586,4.03137,4.033972741466604,4.034864247711693,4.026584434340151,4.0289566963014085,4.029456799089565,4.0298016510307955,4.031054604475901
81.5,32.19024,-2.90085,26.8605,97.736,26.8605,26.8605,26.8605,26.8605,4.02378,4.023327027928915,4.023183022970434,4.0209744029333,4.02616507792912,4.027504324664509,4.019147982047294,4.0268280191142525
81.6,32.23208,-2.89704,26.9604,97.733,26.9604,26.9604,26.9604,26.9604,4.02901,4.028277486808696,4.025680002204361,4.029945538594151,4.029981076961609,4.029044948357086,4.033198403610249,4.025716993588568
81.7,32.24672,-2.88934,27.044,97.731,27.044,27.044,27.044,27.044,4.03084,4.030395839038692,4.032018529258492,4.034220985320074,4.033286021065822,4.0270117620377315,4.032607708152961,4.032273134795721
81.8,32.22712,-2.89087,26.9657,97.728,26.9657,26.9657,26.9657,26.9657,4.02839,4.027374453506008,4.024600919293877,4.029528611257795,4.026344008994586,4.032448324899809,4.024184442049673,4.030254203050132
81.9,32.25048,-2.87664,26.9904,97.725,26.9904,26.9904,26.9904,26.9904,4.03131,4.032786947250168,4.028000129220496,4.035326827309047,4.030657145010297,4.032311137010963,4.035806141350384,4.030618331244431
82.0,32.21224,-2.91459,27.0493,97.722,27.0493,27.0493,27.0493,27.0493,4.02653,4.027906034093405,4.023524023620185,4.029602388690585,4.023744629659384,4.022351292556738,4.0309789659962325,4.02449461705005
82.1,32.25824,-2.90349,26.9504,97.719,26.9504,26.9504,26.9504,26.9504,4.03228,4.0371756653554565,4.0298271397257555,4.0302003013638705,4.029015745340062,4.0334898867562545,4.030791979798068,4.034758950830833
82.2,32.27928,-2.91328,26.949,97.717,26.949,26.949,26.949,26.949,4.03491,4.033341616688717,4.036895028863523,4.034764089616511,4.033808572712664,4.030315539545218,4.038794787749555,4.034862060773389
82.3,32.2152,-2.88084,26.9778,97.714,26.9778,26.9778,26.9778,26.9778,4.0269,4.031562611822625,4.024307136419399,4.023021517670018,4.029428457685406,4.030682188573608,4.022315473932547,4.026100784406762
82.4,32.21296,-2.90754,26.9046,97.711,26.9046,26.9046,26.9046,26.9046,4.02662,4.021885541097047,4.022818951613657,4.030295777034608,4.02592725811357,4.030683971914223,4.031594568447204,4.028527018186749
82.5,32.25824,-2.88267,26.9166,97.708,26.9166,26.9166,26.9166,26.9166,4.03228,4.037266467548626,4.028466719822299,4.033393052549389,4.03017464912167,4.035614009746036,4.0370781668853075,4.027631035372355
82.6,32.26104,-2.87821,26.8364,97.706,26.8364,26.8364,26.8364,26.8364,4.03263,4.028378332115948,4.0317626584479,4.037431272506956,4.032719351496235,4.029469647345162,4.035887058949426,4.03458028274775
82.7,32.21032,-2.8938,27.0966,97.703,27.0966,27.0966,27.0966,27.0966,4.02629,4.021879855078945,4.023772798483264,4.02833926325413,4.027979460299467,4.024868912742631,4.030219315008625,4.027638006380925
82.8,32.21256,-2.8956,27.0097,97.7,27.0097,27.0097,27.0097,27.0097,4.02657,4.021867830991358,4.027477810776818,4.02480808000872,4.02713101831308,4.029506410442596,4.025724935207269,4.022763569570105
82.9,32.2156,-2.89942,26.9035,97.697,26.9035,26.9035,26.9035,26.9035,4.02695,4.030912162011658,4.02734420864721,4.022978484939969,4.028683302549437,4.024701077013007,4.028692890208053,4.024310867785323
83.0,32.18984,-2.90476,27.0224,97.694,27.0224,27.0224,27.0224,27.0224,4.02373,4.026486790821982,4.020366104989176,4.019226594442659,4.022858898118595,4.02391150014626,4.018996020474419,4.023229756057474
83.1,32.19976,-2.90656,26.913,97.692,26.913,26.913,26.913,26.913,4.02497,4.027419931158293,4.021777951012255,4.021135859396669,4.023162964179494,4.020522604836879,4.0219051488774635,4.02783471104514
83.2,32.19752,-2.90221,26.9661,97.689,26.9661,26.9661,26.9661,26.9661,4.02469,4.024515047268198,4.028191055599832,4.020047343019736,4.021983881040613,4.0244728835076105,4.025492231550087,4.022522623330943
83.3,32.20288,-2.87263,26.9663,97.686,26.9663,26.9663,26.9663,26.9663,4.02536,4.020803945586171,4.023421191815721,4.024754627019711,4.024869538352509,4.023237959625253,4.028896404770253,4.024055334067831
83.4,32.22024,-2.91563,26.9363,97.683,26.9363,26.9363,26.9363,26.9363,4.02753,4.030454402579183,4.0269300837198605,4.023710111406868,4.026621491580803,4.025363457760472,4.028878870490451,4.02679123210499
83.5,32.22648,-2.89693,26.9149,97.681,26.9149,26.9149,26.9149,26.9149,4.02831,4.024317778153856,4.028307371248795,4.0290022729047115,4.023313758194724,4.0270527487602985,4.03307534213535,4.0315254703982095
83.6,32.25776,-2.88933,27.0367,97.678,27.0367,27.0367,27.0367,27.0367,4.03222,4.034413100273807,4.031537848491494,4.034698632602442,4.031453151993653,4.031677249580888,4.029070685192002,4.036154142198018
83.7,32.1964,-2.90427,26.9698,97.675,26.9698,26.9698,26.9698,26.9698,4.02455,4.026290226625942,4.022527203327027,4.025838038346887,4.022450537944087,4.024706840237294,4.02803879992948,4.028437788007466
83.8,32.24368,-2.89376,27.0662,97.672,27.0662,27.0662,27.0662,27.0662,4.03046,4.034014264509248,4.025611147314592,4.033394881933991,4.031098322389829,4.033894085029639,4.028220986558008,4.028555331603093
83.9,32.21464,-2.92257,26.9033,97.669,26.9033,26.9033,26.9033,26.9033,4.02683,4.030376862558061,4.029262506949903,4.026422675854631,4.02268107219776,4.025140756651288,4.027962036715496,4.0222616655909675
96.1,32.2208,-2.93306,27.0455,97.331,27.0455,27.0455,27.0455,27.0455,4.0276,4.025373746344389,4.023608217359061,4.02934719694842,4.0231930800025255,4.031184998926968,4.032557730195116,4.028530731556397
84.0,32.2184,-2.88012,26.938,97.667,26.938,26.938,26.938,26.938,4.0273,4.0235359482836435,4.029844232929109,4.030986653190864,4.02788790543889,4.030097292431928,4.026904423253074,4.025473518699335
84.1,32.23552,-2.88303,26.9641,97.664,26.9641,26.9641,26.9641,26.9641,4.02944,4.024742649870885,4.031140040951182,4.027239814502685,4.033332931574994,4.029474993044992,4.030814232777474,4.033310319657258
84.2,32.19208,-2.90148,27.0336,97.661,27.0336,27.0336,27.0336,27.0336,4.02401,4.024472773032652,4.027731641811234,4.022583757170212,4.020054250362385,4.02199953315219,4.020359132400959,4.025922655314811
84.3,32.228,-2.9132,26.9206,97.658,26.9206,26.9206,26.9206,26.9206,4.0285,4.029923711029291,4.026833118518258,4.029123389143541,4.030766830355043,4.028220403429643,4.033042382414469,4.0282372414807845
84.4,32.22256,-2.88811,27.0028,97.656,27.0028,27.0028,27.0028,27.0028,4.02782,4.031288978603176,4.026725986938636,4.031728536237913,4.029371818448441,4.0281122765329505,4.027996511336863,4.026895482329987
84.5,32.23008,-2.91722,26.9896,97.653,26.9896,26.9896,26.9896,26.9896,4.02876,4.030810554490344,4.026868555729469,4.030171971610921,4.0325917793644415,4.0266071587736425,4.0265752175423835,4.0246965590637265
84.6,32.22496,-2.91507,27.0553,97.65,27.0553,27.0553,27.0553,27.0553,4.02812,4.032634536964943,4.032108682964525,4.026577667946525,4.031092627563037,4.0300148959075,4.027108919471087,4.025535589640121
84.7,32.27672,-2.9008,27.0,97.647,27.0,27.0,27.0,27.0,4.03459,4.033726919595397,4.038183199140439,4.03200461394941,4.035682143302807,4.038010961205227,4.030018556616563,4.034465948078378
84.8,32.20224,-2.87723,26.8629,97.644,26.8629,26.8629,26.8629,26.8629,4.02528,4.023033973532095,4.025929836306829,4.028695789025065,4.020492365524919,4.025155003102328,4.022090285345765,4.022293762256246
84.9,32.20456,-2.89039,26.9103,97.642,26.9103,26.9103,26.9103,26.9103,4.02557,4.027581730243393,4.027132042942328,4.023840524540075,4.027976074280916,4.022031951141767,4.022834010234615,4.024703966399696
85.0,32.20208,-2.9097,26.9139,97.639,26.9139,26.9139,26.9139,26.9139,4.02526,4.0223336327456085,4.0282892085681885,4.021654540311586,4.025821643380088,4.0221890938347595,4.023633025141382,4.028848643272818
85.1,32.20344,-2.92523,26.9451,97.636,26.9451,26.9451,26.9451,26.9451,4.02543,4.0265858707908055,4.029110572020143,4.026467970581354,4.028833252908281,4.021666394500475,4.022297984016789,4.0256866179104325
85.2,32.2012,-2.89938,27.0523,97.633,27.0523,27.0523,27.0523,27.0523,4.02515,4.025650341146641,4.028056341237599,4.0249738022300665,4.028930594572902,4.027818554923475,4.020647655896474,4.029867278919756
85.3,32.2448,-2.89623,26.9574,97.631,26.9574,26.9574,26.9574,26.9574,4.0306,4.025887669490474,4.0351584089185355,4.034681525726471,4.03307307660169,4.033588456504564,4.032459196631342,4.033885986059549
85.4,32.25008,-2.90109,26.9759,97.628,26.9759,26.9759,26.9759,26.9759,4.03126,4.026637358225528,4.026635746169077,4.031179370211942,4.029675693380063,4.02923769745514,4.02665915967757,4.028160083188289
96.2,32.19336,-2.93007,27.1067,97.328,27.1067,27.1067,27.1067,27.1067,4.02417,4.022261383517926,4.022061724112785,4.026874604935137,4.022558063357784,4.02591915953304,4.025261539769307,4.028877697990012
85.5,32.20208,-2.8729,26.9609,97.625,26.9609,26.9609,26.9609,26.9609,4.02526,4.02309887257376,4.023123151173844,4.029304560384025,4.021401102171007,4.026743634065754,4.030173140910975,4.025746488258106
85.6,32.19552,-2.90198,27.0073,97.622,27.0073,27.0073,27.0073,27.0073,4.02444,4.023508216455811,4.022001449945973,4.022274422963039,4.026382783017169,4.028684897769392,4.021238996472592,4.019843774001658
85.7,32.22656,-2.93423,26.9322,97.619,26.9322,26.9322,26.9322,26.9322,4.02832,4.027782420143217,4.032740783151251,4.032637805921653,4.027566458691416,4.026581336221651,4.031555612070106,4.029803256879173
85.8,32.20176,-2.90611,26.9658,97.617,26.9658,26.9658,26.9658,26.9658,4.02522,4.027499961955791,4.025444284681291,4.028869647571465,4.024493107068429,4.026056415358288,4.022096334138211,4.026384108186175
85.9,32.22992,-2.89318,26.9656,97.614,26.9656,26.9656,26.9656,26.9656,4.02874,4.024531759614621,4.0265906283121,4.028963689862995,4.028841174768422,4.026866937217682,4.02520889649049,4.0250522086962
86.0,32.21936,-2.8942,26.9728,97.611,26.9728,26.9728,26.9728,26.9728,4.02742,4.032008272665362,4.025579953137605,4.0282516176704695,4.02869101637626,4.023296062469901,4.022817161918363,4.02550025333631
86.1,32.17784,-2.90265,26.9437,97.608,26.9437,26.9437,26.9437,26.9437,4.02223,4.022142541098894,4.022455050564055,4.0224510691294775,4.019924567628805,4.024717400691008,4.0207504033977575,4.02248465929239
86.2,32.25112,-2.90513,26.8981,97.606,26.8981,26.8981,26.8981,26.8981,4.03139,4.027639354128464,4.030272679882765,4.026669700126145,4.02818845490747,4.027109599567934,4.032680131449776,4.034090875600727
86.3,32.2568,-2.92999,27.0347,97.603,27.0347,27.0347,27.0347,27.0347,4.0321,4.028461756879097,4.035599530040769,4.036174201023877,4.036106953126862,4.0276047382350235,4.035339928522101,4.027204483713856
86.4,32.1988,-2.89871,26.9723,97.6,26.9723,26.9723,26.9723,26.9723,4.02485,4.021263189296311,4.02642091739387,4.028809524187122,4.0201541146841855,4.025877304004313,4.023651911320282,4.024561773778093
86.5,32.20392,-2.90508,27.0475,97.597,27.0475,27.0475,27.0475,27.0475,4.02549,4.02432533552152,4.0242778241652095,4.021391409213204,4.027177112273698,4.0256191103371926,4.025564360485834,4.022266072855167
86.6,32.21984,-2.89626,27.0091,97.594,27.0091,27.0091,27.0091,27.0091,4.02748,4.030267920696655,4.02360689144506,4.024701669656799,4.027596275536783,4.026813835754239,4.0309449834009445,4.03159897237137
86.7,32.22072,-2.89263,27.0117,97.592,27.0117,27.0117,27.0117,27.0117,4.02759,4.030656050197271,4.031877700332296,4.029080576695813,4.024581661250153,4.022983974583325,4.025955233771944,4.024265240414525
86.8,32.22824,-2.88138,27.0492,97.589,27.0492,27.0492,27.0492,27.0492,4.02853,4.028139384395375,4.025822166909971,4.032704771372026,4.033217609917735,4.032602083765108,4.032204709760362,4.026493712132045
86.9,32.26048,-2.91433,27.1378,97.586,27.1378,27.1378,27.1378,27.1378,4.03256,4.035483207220153,4.034306352189697,4.029007118750306,4.030709461990547,4.028330783244156,4.030989623436174,4.031366221921037
87.0,32.20768,-2.91941,27.0607,97.583,27.0607,27.0607,27.0607,27.0607,4.02596,4.024546755740496,4.027036870015816,4.03086618571076,4.026166315804941,4.02323532164374,4.025407222450096,4.028877806478702
87.1,32.19256,-2.90861,27.0362,97.581,27.0362,27.0362,27.0362,27.0362,4.02407,4.025648044924983,4.024046010026207,4.026696826016913,4.019682829959417,4.020933290687526,4.022633595776391,4.0271491896088625
87.2,32.17832,-2.91103,27.0011,97.578,27.0011,27.0011,27.0011,27.0011,4.02229,4.019946582666001,4.022922107532513,4.02339856249475,4.023506065141061,4.01811467333592,4.025391496687014,4.026073939862368
87.3,32.19368,-2.91238,27.0596,97.575,27.0596,27.0596,27.0596,27.0596,4.02421,4.020020149210217,4.027185859475039,4.0273283563423465,4.023849068015847,4.019841360847204,4.0211404701424645,4.01997008199022
87.4,32.21016,-2.87833,26.9398,97.572,26.9398,26.9398,26.9398,26.9398,4.02627,4.025147772907554,4.0301090616611095,4.029988769381737,4.030614013748738,4.027815194859692,4.022940146449818,4.027011099300917
87.5,32.25376,-2.89777,27.0203,97.569,27.0203,27.0203,27.0203,27.0203,4.03172,4.032687673845508,4.031607728288311,4.036280649251804,4.030396936199692,4.035605210956124,4.036120441779759,4.028832366406341
87.6,32.198,-2.87041,27.0623,97.567,27.0623,27.0623,27.0623,27.0623,4.02475,4.025195392341095,4.027977419776058,4.025568186111466,4.025834020298722,4.0253199056310764,4.023242333256221,4.022368479260189
87.7,32.21552,-2.90005,27.0434,97.564,27.0434,27.0434,27.0434,27.0434,4.02694,4.0236730456850935,4.025097011104668,4.029409646143129,4.025322754211237,4.023755668262045,4.026950376468051,4.029786029503651
87.8,32.20952,-2.91758,26.9822,97.561,26.9822,26.9822,26.9822,26.9822,4.02619,4.030003810492487,4.0311670596972355,4.03014805855968,4.027809121530441,4.023232292906588,4.028276995022248,4.027725179973514
87.9,32.23816,-2.91212,27.0146,97.558,27.0146,27.0146,27.0146,27.0146,4.02977,4.027685301741567,4.0307936410556895,4.032568939477303,4.025385820635019,4.026588102556009,4.0345206569906695,4.030900938118104
88.0,32.27008,-2.88463,26.9681,97.556,26.9681,26.9681,26.9681,26.9681,4.03376,4.03655771610598,4.034620829918187,4.031979526583344,4.03843800824411,4.034555319681652,4.031319955970983,4.0317559609117275
88.1,32.1964,-2.91701,26.9423,97.553,26.9423,26.9423,26.9423,26.9423,4.02455,4.020523511510681,4.028769911841344,4.023461782315362,4.023285197494851,4.021314995193223,4.021693623931651,4.02384119852489
88.2,32.19712,-2.89163,27.076,97.55,27.076,27.076,27.076,27.076,4.02464,4.026202177754631,4.025204197408897,4.022091597267288,4.02851252711787,4.027155052562842,4.028953161483287,4.020586824852948
88.3,32.23368,-2.90535,26.9634,97.547,26.9634,26.9634,26.9634,26.9634,4.02921,4.030669359895645,4.030825248590524,4.028275995558843,4.028512030163961,4.031347742536299,4.027890859054794,4.029135395854652
88.4,32.22472,-2.91395,26.9634,97.544,26.9634,26.9634,26.9634,26.9634,4.02809,4.027359274577148,4.025929758651769,4.027850394642819,4.026308573732824,4.024513928761366,4.031624692112293,4.031596227636578
88.5,32.25248,-2.8792,26.9653,97.542,26.9653,26.9653,26.9653,26.9653,4.03156,4.029010169545484,4.034034369945782,4.029101518326949,4.030862679523862,4.035259125619184,4.035832742062571,4.030527831048375
88.6,32.22192,-2.90883,26.9493,97.539,26.9493,26.9493,26.9493,26.9493,4.02774,4.027447983768361,4.032138511641825,4.030460321036869,4.025019555731496,4.029470057679304,4.025491336884162,4.026301574574223
88.7,32.19904,-2.91241,26.9481,97.536,26.9481,26.9481,26.9481,26.9481,4.02488,4.026819399368768,4.029451184642928,4.020494396708823,4.024475702339327,4.029572169064738,4.027833436227378,4.025233849637682
88.8,32.22152,-2.90118,26.8886,97.533,26.8886,26.8886,26.8886,26.8886,4.02769,4.02760266026692,4.0266460173443415,4.031911421918746,4.032053636948575,4.026361347528957,4.026079814470361,4.024335088708146
88.9,32.23376,-2.90762,26.8996,97.531,26.8996,26.8996,26.8996,26.8996,4.02922,4.028507281516337,4.031985059623774,4.031400264516904,4.0336676021363225,4.0259790144662135,4.0288392450164086,4.0321073736887625
89.0,32.22656,-2.86678,26.9817,97.528,26.9817,26.9817,26.9817,26.9817,4.02832,4.025254031410564,4.031157880009365,4.02880732910151,4.031594848243391,4.024736580814466,4.025986442263022,4.023488561159156
96.3,32.20536,-2.93214,27.0383,97.325,27.0383,27.0383,27.0383,27.0383,4.02567,4.021472955195003,4.022842809512275,4.022762629864323,4.025301930439227,4.027517010229353,4.03061461239525,4.024012412036329
89.1,32.2188,-2.88409,27.0212,97.525,27.0212,27.0212,27.0212,27.0212,4.02735,4.023406435324535,4.02673914721659,4.027084225110168,4.02621341979738,4.022660128828088,4.031920446526116,4.0259001005566475
89.2,32.232,-2.90886,26.8937,97.522,26.8937,26.8937,26.8937,26.8937,4.029,4.032436208015163,4.030075707215394,4.0279654377323215,4.027073475415992,4.029664279591415,4.030531718106778,4.026331320249128
89.3,32.23416,-2.90713,27.0058,97.519,27.0058,27.0058,27.0058,27.0058,4.02927,4.031794430614389,4.026732204068954,4.029778297198246,4.032466819655284,4.026555037414487,4.033487083018101,4.029760673278151
89.4,32.23904,-2.93029,27.0724,97.517,27.0724,27.0724,27.0724,27.0724,4.02988,4.025390660931537,4.029607855389851,4.031818779789174,4.033816533217273,4.029543436166538,4.031942040129382,4.032890529285169
89.5,32.2212,-2.89794,26.9676,97.514,26.9676,26.9676,26.9676,26.9676,4.02765,4.023769581225677,4.027530529119952,4.027766034654369,4.031609781862346,4.0320805927034495,4.0319322452685,4.023129539857024
89.6,32.20136,-2.91121,26.9371,97.511,26.9371,26.9371,26.9371,26.9371,4.02517,4.029063845490274,4.027565657290127,4.026184499750703,4.022463030932862,4.0285072726529005,4.021719703380837,4.023571336803731
89.7,32.20864,-2.89868,26.9934,97.508,26.9934,26.9934,26.9934,26.9934,4.02608,4.026101388520807,4.024218903148911,4.028634736224445,4.028720651040243,4.024002622377657,4.027313761473559,4.026691508138208
89.8,32.23376,-2.92949,27.0287,97.506,27.0287,27.0287,27.0287,27.0287,4.02922,4.030684753008351,4.026574713056924,4.032426356710297,4.031705933232464,4.033294266432694,4.032889693716108,4.025324598530298
89.9,32.18496,-2.9004,26.9645,97.503,26.9645,26.9645,26.9645,26.9645,4.02312,4.021172285667525,4.023590321378867,4.019657140476113,4.021594861391258,4.021362031586492,4.024418290759741,4.021154664460749
90.0,32.2132,-2.87452,27.0558,97.5,27.0558,27.0558,27.0558,27.0558,4.02665,4.024729662376407,4.026615037524737,4.029450026592712,4.029338183857285,4.028733720120536,4.031532490773065,4.025736981496194
90.1,32.19464,-2.89919,27.0273,97.497,27.0273,27.0273,27.0273,27.0273,4.02433,4.024254273864056,4.019508461624889,4.026041508466136,4.024832396811414,4.024947194717483,4.028057295690356,4.026554587494132
90.2,32.20448,-2.91162,27.1035,97.494,27.1035,27.1035,27.1035,27.1035,4.02556,4.029264724060184,4.023887773422856,4.0224723075270505,4.026307156694887,4.027215286241854,4.030140052460331,4.025676033033555
90.3,32.23424,-2.90031,26.8993,97.492,26.8993,26.8993,26.8993,26.8993,4.02928,4.031189787496761,4.025079064325998,4.031779679392034,4.030010000467649,4.027723104639901,4.033732216396421,4.025872695865162
90.4,32.20792,-2.90096,26.916,97.489,26.916,26.916,26.916,26.916,4.02599,4.0235954421202305,4.0292565452486055,4.026799367564759,4.022477665480539,4.026234353830404,4.022955717803666,4.021858248439007
90.5,32.20416,-2.86712,26.9762,97.486,26.9762,26.9762,26.9762,26.9762,4.02552,4.026180087191346,4.021050111972121,4.024759746256589,4.029265929667142,4.022546055648929,4.028417094632344,4.023539393844506
90.6,32.17016,-2.90499,26.9215,97.483,26.9215,26.9215,26.9215,26.9215,4.02127,4.016961204627768,4.021145859877683,4.017288049662502,4.01867358053234,4.021889696663929,4.017607450219817,4.01957972532789
90.7,32.22048,-2.91805,27.0968,97.481,27.0968,27.0968,27.0968,27.0968,4.02756,4.025657691749003,4.02427620963944,4.027878076589702,4.028573102747984,4.027762019823925,4.026230812695751,4.027816273288372
90.8,32.21776,-2.89968,27.0169,97.478,27.0169,27.0169,27.0169,27.0169,4.02722,4.024415279485431,4.023522356051302,4.02241621587603,4.029040590165007,4.022612040936127,4.029436756115933,4.029312089116435
90.9,32.254,-2.89707,26.9836,97.475,26.9836,26.9836,26.9836,26.9836,4.03175,4.033247248300299,4.030241174712512,4.036355995020305,4.029086169489126,4.027797028757704,4.028804333472537,4.032806741014703
91.0,32.1944,-2.89157,27.0972,97.472,27.0972,27.0972,27.0972,27.0972,4.0243,4.020051061283105,4.020935606199016,4.0281727464418955,4.021494490623513,4.021399077092716,4.019721969873908,4.0279976350269635
91.1,32.2068,-2.88866,27.0221,97.469,27.0221,27.0221,27.0221,27.0221,4.02585,4.022872518018925,4.02884320881019,4.025704424612559,4.024162268001212,4.026239323542068,4.02987788484397,4.029187370133101
91.2,32.20728,-2.87067,26.9925,97.467,26.9925,26.9925,26.9925,26.9925,4.02591,4.026170328580547,4.0261782759030105,4.024333418655924,4.022965525587271,4.022816940104243,4.0246951375506645,4.023283536408794
91.3,32.23888,-2.90893,26.9587,97.464,26.9587,26.9587,26.9587,26.9587,4.02986,4.029395960247262,4.030815219162464,4.024943766570467,4.031539407929686,4.030195001161878,4.029669919565012,4.032417128320072
91.4,32.19848,-2.9103,27.0395,97.461,27.0395,27.0395,27.0395,27.0395,4.02481,4.020874280397744,4.020451053790961,4.020986561070185,4.029025085483658,4.022723554833391,4.02569897477461,4.025139714257842
91.5,32.2072,-2.92781,27.038,97.458,27.038,27.038,27.038,27.038,4.0259,4.028616205556237,4.023678389501359,4.029038738990844,4.024956490694439,4.029740900553169,4.022037618852732,4.022760203401104
91.6,32.21488,-2.89008,27.0481,97.456,27.0481,27.0481,27.0481,27.0481,4.02686,4.022388813277224,4.022532794165244,4.026986787422304,4.030859776594787,4.02691092175296,4.023781955228099,4.0226011517318
91.7,32.20448,-2.91331,27.0561,97.453,27.0561,27.0561,27.0561,27.0561,4.02556,4.021369813345192,4.024585171686613,4.028492010309773,4.027543019560057,4.022369598360787,4.024124300159676,4.025975147779345
96.4,32.18592,-2.87964,27.1232,97.322,27.1232,27.1232,27.1232,27.1232,4.02324,4.027650528341131,4.0193419546973645,4.022425754225156,4.019762327191316,4.02738250842713,4.018972560999121,4.024345117526703
91.8,32.18904,-2.88662,27.0953,97.45,27.0953,27.0953,27.0953,27.0953,4.02363,4.024552709607461,4.026158238690659,4.022776779811357,4.0239005448465655,4.0235539927117,4.022598439934155,4.025034479117652
91.9,32.20416,-2.90737,26.9591,97.447,26.9591,26.9591,26.9591,26.9591,4.02552,4.029322748546668,4.029021176209916,4.027570329971935,4.021811908569097,4.027078019044522,4.02848816830228,4.027569695529893
92.0,32.22504,-2.87411,27.1435,97.444,27.1435,27.1435,27.1435,27.1435,4.02813,4.026395839995954,4.032900868252681,4.0279508921339335,4.03241305301948,4.031882046701662,4.02956360567301,4.026422574920372
92.1,32.1744,-2.9215,27.1179,97.442,27.1179,27.1179,27.1179,27.1179,4.0218,4.017879220535282,4.01713559689943,4.02278554018503,4.024530714733487,4.02359299648658,4.0263301384067915,4.0212955507392705
92.2,32.20192,-2.88466,27.1134,97.439,27.1134,27.1134,27.1134,27.1134,4.02524,4.02509502912129,4.025199086900463,4.025358194750279,4.027866505744346,4.0222938505174115,4.022273081018828,4.022638617958833
92.3,32.18168,-2.88644,26.9986,97.436,26.9986,26.9986,26.9986,26.9986,4.02271,4.019638812076138,4.0224369209550845,4.025577084896206,4.023739771893607,4.023878867248355,4.026983946898786,4.024006648916686
92.4,32.22696,-2.8921,26.9686,97.433,26.9686,26.9686,26.9686,26.9686,4.02837,4.029495477335893,4.027251173795593,4.026732473581109,4.032925270038937,4.025448970855338,4.024043584765247,4.0253804087773775
92.5,32.16144,-2.91676,27.0183,97.431,27.0183,27.0183,27.0183,27.0183,4.02018,4.0198088589139935,4.0230250945591495,4.02171835335611,4.016909086450147,4.018320952029031,4.015982067269311,4.017066618756096
92.6,32.18432,-2.89203,27.0296,97.428,27.0296,27.0296,27.0296,27.0296,4.02304,4.0219351535938115,4.0187405160270595,4.02278531138166,4.021716126924477,4.027051944240848,4.024231120861616,4.021541484932355
92.7,32.20656,-2.8981,27.0645,97.425,27.0645,27.0645,27.0645,27.0645,4.02582,4.025284923751185,4.02095295928829,4.026844331549281,4.030732932223848,4.026399075835571,4.028667696396533,4.02667776607745
92.8,32.2348,-2.92745,27.0038,97.422,27.0038,27.0038,27.0038,27.0038,4.02935,4.033099923032678,4.027592961459556,4.026086534039848,4.031633305518242,4.034232273529704,4.029275636109601,4.031490966062675
92.9,32.19544,-2.87663,27.0694,97.419,27.0694,27.0694,27.0694,27.0694,4.02443,4.029215093706486,4.027732343404253,4.020990082490875,4.025188213606476,4.024972321043571,4.023315983871302,4.023654905077158
93.0,32.18344,-2.90518,26.9938,97.417,26.9938,26.9938,26.9938,26.9938,4.02293,4.026715252549361,4.022629041881925,4.026185263823153,4.021871492040932,4.020062808090122,4.0236979601218765,4.0233976008669545
93.1,32.2416,-2.87778,27.0181,97.414,27.0181,27.0181,27.0181,27.0181,4.0302,4.030719544464056,4.025711180450812,4.025271410941808,4.031817339379971,4.0253749277813125,4.028551962645301,4.0334013063284235
93.2,32.16144,-2.90101,27.0591,97.411,27.0591,27.0591,27.0591,27.0591,4.02018,4.018211642590271,4.019410343677164,4.02170780266961,4.019225957905221,4.01868798443546,4.021546831246288,4.01743411995818
93.3,32.1432,-2.88527,27.0236,97.408,27.0236,27.0236,27.0236,27.0236,4.0179,4.013094127533884,4.020351192222378,4.018268762506629,4.014263080491514,4.015603490848803,4.020788817690568,4.0162296913008895
93.4,32.20624,-2.91289,26.9763,97.406,26.9763,26.9763,26.9763,26.9763,4.02578,4.027634775996585,4.023651368963434,4.0236901855770535,4.02616210133894,4.026939567583835,4.023061627152037,4.027613534219981
93.5,32.18344,-2.89678,26.9633,97.403,26.9633,26.9633,26.9633,26.9633,4.02293,4.025936098291797,4.024785355492486,4.018094733487926,4.019338545489405,4.023756615588032,4.01826281759752,4.019809948412333
93.6,32.17072,-2.89784,27.0818,97.4,27.0818,27.0818,27.0818,27.0818,4.02134,4.017790615246221,4.019575545572263,4.025744764270616,4.018453279068323,4.02325803490902,4.023723179780605,4.024139677354814
93.7,32.21192,-2.90485,27.0482,97.397,27.0482,27.0482,27.0482,27.0482,4.02649,4.028605923856264,4.02852092357361,4.022167342025311,4.030352996496343,4.027092672987795,4.028620776822724,4.025853119745017
93.8,32.20056,-2.91304,27.1022,97.394,27.1022,27.1022,27.1022,27.1022,4.02507,4.022894813187239,4.02423810172721,4.020909622823558,4.02566987941811,4.028976152469407,4.023903044199666,4.027008729435811
93.9,32.18088,-2.946,27.0882,97.392,27.0882,27.0882,27.0882,27.0882,4.02261,4.021582995768739,4.019014501707852,4.018747630294306,4.022371374425242,4.020278027333117,4.021341826676922,4.021037567980433
94.0,32.16344,-2.91269,27.0032,97.389,27.0032,27.0032,27.0032,27.0032,4.02043,4.023499900143552,4.018629345812273,4.022640433626905,4.022335551317541,4.015727312787156,4.024334423688069,4.0179854945080695
94.1,32.21488,-2.88949,27.081,97.386,27.081,27.081,27.081,27.081,4.02686,4.0297579030486785,4.028675388616742,4.026611135118919,4.031591055545152,4.022167761999871,4.028544535375882,4.027715773660541
94.2,32.20928,-2.92093,27.0423,97.383,27.0423,27.0423,27.0423,27.0423,4.02616,4.024774170946923,4.029300297003773,4.022699420684773,4.026420505026656,4.021317485883607,4.022283474489835,4.024799418901039
94.3,32.19104,-2.91782,27.0148,97.381,27.0148,27.0148,27.0148,27.0148,4.02388,4.019020584434401,4.026795819783681,4.02018952282587,4.024873723674906,4.025454042385995,4.021007996653826,4.024910728119349
94.4,32.23752,-2.92152,27.1812,97.378,27.1812,27.1812,27.1812,27.1812,4.02969,4.028539587638794,4.027167111230472,4.027350618221405,4.026401607840585,4.0275458756235,4.025638564435988,4.031744320960941
94.5,32.16728,-2.89687,27.1635,97.375,27.1635,27.1635,27.1635,27.1635,4.02091,4.022465094512312,4.019108616998195,4.023717220324857,4.017100429017753,4.020080757358408,4.018002369941517,4.0164712669037534
94.6,32.15608,-2.9134,27.0623,97.372,27.0623,27.0623,27.0623,27.0623,4.01951,4.021869969336814,4.017527466210558,4.0216547972048655,4.0233709478663995,4.0172849976841105,4.0236500891677105,4.0229515523208255
94.7,32.17584,-2.88169,26.9728,97.369,26.9728,26.9728,26.9728,26.9728,4.02198,4.020575372921521,4.0236670500983545,4.0200738150167235,4.0233751866827525,4.023929914493008,4.022505537833114,4.01959639913721
94.8,32.19104,-2.88898,26.9956,97.367,26.9956,26.9956,26.9956,26.9956,4.02388,4.0255843041383566,4.0192399738206195,4.02709344105413,4.021235295048188,4.0243349617985915,4.020990739647553,4.028831712494809
94.9,32.19776,-2.897,26.9924,97.364,26.9924,26.9924,26.9924,26.9924,4.02472,4.026316772762596,4.021006834535955,4.027075045298315,4.020958952198112,4.027018276633057,4.026168983580701,4.029168435385036
95.0,32.18584,-2.89544,27.0743,97.361,27.0743,27.0743,27.0743,27.0743,4.02323,4.018581615738849,4.027258989781242,4.018399391780809,4.022877902271901,4.02816443747645,4.022163340153046,4.027762081881122
95.1,32.19984,-2.91144,27.049,97.358,27.049,27.049,27.049,27.049,4.02498,4.029278123582839,4.028272480023535,4.02796995099416,4.027274189838575,4.027891181649173,4.027139929153548,4.02935164952838
95.2,32.16112,-2.91144,27.0077,97.356,27.0077,27.0077,27.0077,27.0077,4.02014,4.019704598655141,4.01596656748788,4.019846951084408,4.015611252219224,4.022702621283072,4.016234312932423,4.016923207643371
95.3,32.22552,-2.88933,27.151,97.353,27.151,27.151,27.151,27.151,4.02819,4.029708471181328,4.032645189601783,4.0309532291324786,4.024303667653699,4.030765079136342,4.02418787812694,4.024206116611813
95.4,32.18864,-2.8863,27.0018,97.35,27.0018,27.0018,27.0018,27.0018,4.02358,4.0264487451525675,4.022332055005676,4.024434105860138,4.022384944828627,4.0254281694159,4.027380549549448,4.019779583402591
95.5,32.2172,-2.88947,27.1399,97.347,27.1399,27.1399,27.1399,27.1399,4.02715,4.025236040325626,4.026149891465722,4.023716530474654,4.024846181096079,4.029885587677368,4.028113463674009,4.026025863376381
95.6,32.19832,-2.90706,27.0989,97.344,27.0989,27.0989,27.0989,27.0989,4.02479,4.02610803722658,4.0222539769967005,4.028910347696453,4.022141174642397,4.022139784418558,4.027843349426854,4.025459179211781
95.7,32.20088,-2.90587,27.0678,97.342,27.0678,27.0678,27.0678,27.0678,4.02511,4.0217397912006065,4.021960523213226,4.028020029765944,4.02643929416355,4.021727052046789,4.025413036155346,4.02779488169604
95.8,32.20328,-2.91398,26.983,97.339,26.983,26.983,26.983,26.983,4.02541,4.030272454929704,4.026877620214041,4.02139373498087,4.025279364546754,4.025931019337373,4.023155795766874,4.020432134870268
95.9,32.20008,-2.88848,27.1265,97.336,27.1265,27.1265,27.1265,27.1265,4.02501,4.026076879576239,4.0226587136461,4.021495597504382,4.02941661576904,4.025528767190971,4.026803982601428,4.02737460332331
96.0,32.20456,-2.92942,27.1491,97.333,27.1491,27.1491,27.1491,27.1491,4.02557,4.024042756794501,4.0209836214163435,4.028155675829562,4.024840335804171,4.0281675780525505,4.021492861119889,4.025905384241144
96.1,32.2208,-2.93306,27.0455,97.331,27.0455,27.0455,27.0455,27.0455,4.0276,4.0277030208003755,4.0320092781102055,4.031481914682324,4.029819612017073,4.031018503770449,4.025599650814438,4.02709495776944
96.2,32.19336,-2.93007,27.1067,97.328,27.1067,27.1067,27.1067,27.1067,4.02417,4.020711757310637,4.022149443147036,4.028148751475923,4.019348645404923,4.020009356472333,4.019714993620424,4.020435203535152
96.3,32.20536,-2.93214,27.0383,97.325,27.0383,27.0383,27.0383,27.0383,4.02567,4.020894814569882,4.0261700036905985,4.022111196405972,4.023171929517526,4.030072558320451,4.022240991821322,4.022487469764179
96.4,32.18592,-2.87964,27.1232,97.322,27.1232,27.1232,27.1232,27.1232,4.02324,4.026993072619733,4.021326759876147,4.021285357314756,4.023613972009003,4.022311883437721,4.021811932657894,4.021503269359795
96.5,32.2224,-2.8882,26.9765,97.319,26.9765,26.9765,26.9765,26.9765,4.0278,4.023406810047889,4.027379813862202,4.0253158500442545,4.02978120603736,4.029682952082804,4.029250222347702,4.029663130230994
96.6,32.17136,-2.91798,27.0933,97.317,27.0933,27.0933,27.0933,27.0933,4.02142,4.020357706087331,4.02600691786195,4.020671470479406,4.018438935807676,4.021034466812495,4.018232244007136,4.018863105129645
96.5,32.2224,-2.8882,26.9765,97.319,26.9765,26.9765,26.9765,26.9765,4.0278,4.024274508576702,4.029769982434579,4.025593389828578,4.027242728504544,4.026226213965797,4.026459289072742,4.03017912845352
96.7,32.23056,-2.90159,26.8834,97.314,26.8834,26.8834,26.8834,26.8834,4.02882,4.027000464722185,4.0309895448425,4.024762571896041,4.027655785795361,4.0303928381673035,4.031216498451451,4.025026648708569
96.8,32.18616,-2.87801,26.9648,97.311,26.9648,26.9648,26.9648,26.9648,4.02327,4.020505657071484,4.021053174857357,4.027329684074139,4.027483350906512,4.024013728345007,4.026234705704099,4.018333234236583
96.9,32.15248,-2.8925,26.972,97.308,26.972,26.972,26.972,26.972,4.01906,4.02039633029447,4.023958153260058,4.014999992105725,4.0182552328963554,4.01665692270582,4.023392776819328,4.0193955100204475
97.0,32.18968,-2.86828,27.0369,97.306,27.0369,27.0369,27.0369,27.0369,4.02371,4.019776019570825,4.023834657083979,4.025134115709351,4.0196850929842665,4.025208666725116,4.021130594193322,4.025380324310885
97.1,32.17,-2.90171,26.9836,97.303,26.9836,26.9836,26.9836,26.9836,4.02125,4.01837964476545,4.017216585001018,4.024685379699236,4.025212324512477,4.021715472597188,4.017384375058373,4.02181702229244
97.2,32.20624,-2.90983,26.9846,97.3,26.9846,26.9846,26.9846,26.9846,4.02578,4.025111354372179,4.020796227687172,4.026104810281972,4.02888562373295,4.026180922411608,4.022753551490378,4.023460604687774
97.3,32.17016,-2.91622,27.0269,97.297,27.0269,27.0269,27.0269,27.0269,4.02127,4.017498324078955,4.022989235652833,4.020144858170398,4.021652956668329,4.020760128555115,4.018227205708874,4.016884281138701
97.4,32.17488,-2.89965,27.0306,97.294,27.0306,27.0306,27.0306,27.0306,4.02186,4.018027775799256,4.026007229189542,4.019231156087737,4.019334375818855,4.02141117861759,4.017611842752037,4.018949453762169
97.5,32.14,-2.88596,26.9696,97.292,26.9696,26.9696,26.9696,26.9696,4.0175,4.0144328752104075,4.019567737891493,4.015372448776916,4.020341334747033,4.02217430767982,4.0129041098628555,4.022072594712606
97.6,32.17424,-2.89851,26.9587,97.289,26.9587,26.9587,26.9587,26.9587,4.02178,4.02488905190859,4.021623388186667,4.0248910476831465,4.024685864308304,4.0266711546856735,4.0178067829402675,4.020874475211344
97.7,32.12664,-2.90537,26.9888,97.286,26.9888,26.9888,26.9888,26.9888,4.01583,4.011532804124463,4.017063439565045,4.019364399239943,4.016023231580762,4.01114574526856,4.012302217825638,4.019051264543087
97.8,32.14656,-2.88115,27.1005,97.283,27.1005,27.1005,27.1005,27.1005,4.01832,4.021390803852481,4.014526490928597,4.022216146543777,4.016237945146109,4.018967013910519,4.014573682408382,4.016154025498279
97.9,32.20256,-2.89207,27.1991,97.281,27.1991,27.1991,27.1991,27.1991,4.02532,4.02976605602557,4.022938798699978,4.027555216648444,4.022960138236881,4.0211103413026175,4.02223406657649,4.0278831806447055
98.0,32.20288,-2.9017,27.129,97.278,27.129,27.129,27.129,27.129,4.02536,4.029164464654152,4.024057194344304,4.030236044357662,4.020963780314814,4.026990156790026,4.029391468243224,4.022022495970022
98.1,32.194,-2.9115,27.0205,97.275,27.0205,27.0205,27.0205,27.0205,4.02425,4.028377816082803,4.0197763933048485,4.020337353795947,4.027102759369102,4.027785289096631,4.023952016509632,4.02686975924977
98.2,32.16032,-2.90382,27.0675,97.272,27.0675,27.0675,27.0675,27.0675,4.02004,4.022815484795508,4.022546000856061,4.016800849918287,4.016145182238695,4.024802785871516,4.017421079395768,4.016967388026548
98.3,32.18216,-2.89291,27.0429,97.269,27.0429,27.0429,27.0429,27.0429,4.02277,4.023483462228413,4.025959651156898,4.023622067985761,4.01950679471155,4.019032886162947,4.024340098125755,4.022301432147491
98.4,32.18296,-2.91171,27.035,97.267,27.035,27.035,27.035,27.035,4.02287,4.024677654809321,4.019983596347235,4.019279716339478,4.026452881271391,4.024807720972498,4.019624481340271,4.0188120024918605
98.5,32.15496,-2.9185,27.0507,97.264,27.0507,27.0507,27.0507,27.0507,4.01937,4.020699394198394,4.023679707885848,4.016685042409437,4.01682036225982,4.0230787361748215,4.021416752717842,4.023865615358661
98.6,32.21864,-2.9072,27.0613,97.261,27.0613,27.0613,27.0613,27.0613,4.02733,4.028259080852598,4.028414034081144,4.02656580811291,4.025843879360811,4.024746960558768,4.031393128064942,4.028766976709436
98.7,32.20336,-2.90074,26.9404,97.258,26.9404,26.9404,26.9404,26.9404,4.02542,4.025391009278845,4.025022632228008,4.029444258516372,4.022845478447748,4.030290457417678,4.0231402705084545,4.020955036424509
98.8,32.17672,-2.87955,27.0086,97.256,27.0086,27.0086,27.0086,27.0086,4.02209,4.023748119776586,4.021508155620225,4.021495926725425,4.01721953604246,4.026160876950701,4.019858551041382,4.0210072854043934
98.9,32.1824,-2.9174,27.0437,97.253,27.0437,27.0437,27.0437,27.0437,4.0228,4.022921013951361,4.02741510349964,4.023044906506324,4.026924951345299,4.025785274324781,4.0232073087996865,4.017956186582801
99.0,32.18648,-2.8966,27.1898,97.25,27.1898,27.1898,27.1898,27.1898,4.02331,4.027802687365148,4.019810303254877,4.0206426095243915,4.018393244498278,4.025853070044068,4.0232759127091535,4.0224053510357285
99.1,32.13224,-2.90416,27.0855,97.247,27.0855,27.0855,27.0855,27.0855,4.01653,4.01910474526112,4.014192162525535,4.013238391793057,4.01591887026635,4.019174180401121,4.016102895611041,4.014782303205537
96.6,32.17136,-2.91798,27.0933,97.317,27.0933,27.0933,27.0933,27.0933,4.02142,4.016896894958062,4.01679006192553,4.024524177167519,4.02027360248597,4.023195717003744,4.017295672937864,4.025135950606434
99.2,32.17504,-2.90342,27.114,97.244,27.114,27.114,27.114,27.114,4.02188,4.020215805603031,4.026158751812571,4.018312379085241,4.019323322587128,4.02158201164507,4.0234398677882695,4.021030721343415
99.3,32.1644,-2.87691,27.0418,97.242,27.0418,27.0418,27.0418,27.0418,4.02055,4.01680835469641,4.017388559597806,4.023118625634058,4.022570659060944,4.02079509429033,4.025178627944251,4.023424366364218
99.4,32.15648,-2.89878,27.1353,97.239,27.1353,27.1353,27.1353,27.1353,4.01956,4.0199289473925806,4.0162986729721535,4.0193890743395135,4.023263177744018,4.022533598703113,4.015776101175053,4.022292585622366
99.5,32.17352,-2.9137,27.0665,97.236,27.0665,27.0665,27.0665,27.0665,4.02169,4.021766221860896,4.019925962479174,4.023053331452574,4.016938506658024,4.025101072961456,4.023852206296565,4.017710132524793
99.6,32.22312,-2.88667,27.0995,97.233,27.0995,27.0995,27.0995,27.0995,4.02789,4.025738723345898,4.0285516698065225,4.026712380440704,4.022928108902935,4.024082756925815,4.024857773785628,4.025207132065562
99.7,32.19512,-2.88777,27.061,97.231,27.061,27.061,27.061,27.061,4.02439,4.020276927064082,4.026226953440447,4.022740008589578,4.0194065678005355,4.025913267677395,4.028551952297332,4.0269070496943975
99.8,32.16576,-2.91502,27.0842,97.228,27.0842,27.0842,27.0842,27.0842,4.02072,4.017888498334079,4.01586842808357,4.016756219872256,4.024422053888016,4.02214233028968,4.019649162744138,4.023609008217544
99.9,32.19296,-2.91789,27.023,97.225,27.023,27.023,27.023,27.023,4.02412,4.019302163192343,4.028008633839128,4.027275456443738,4.02581181315873,4.024110360511296,4.019467470541757,4.023203607551468
100.0,32.21256,-2.89384,27.1619,97.222,27.1619,27.1619,27.1619,27.1619,4.02657,4.023872514883554,4.024241244805086,4.031421148370653,4.021703947348516,4.028576818563569,4.024707684715034,4.027396326750786
100.1,32.20096,-2.90049,27.0237,97.219,27.0237,27.0237,27.0237,27.0237,4.02512,4.0222880068490765,4.024256060489327,4.0262202727104555,4.020775855498345,4.020256753014006,4.0267286133565285,4.029967423040852
100.2,32.17992,-2.90706,26.9963,97.217,26.9963,26.9963,26.9963,26.9963,4.02249,4.020273940181693,4.025056072522458,4.026548174554214,4.019162870842776,4.021168715069597,4.025559626570885,4.020467382137957
100.3,32.16272,-2.88416,27.0633,97.214,27.0633,27.0633,27.0633,27.0633,4.02034,4.021375738344226,4.0206998376886975,4.019302889820706,4.01579114916335,4.017298517816889,4.021488367989769,4.019659828588561
100.4,32.19472,-2.90888,27.1666,97.211,27.1666,27.1666,27.1666,27.1666,4.02434,4.021552721478876,4.022472928934683,4.022658429791465,4.02790749999045,4.027547982624585,4.025549660752574,4.023134462147803
100.5,32.18712,-2.89368,27.0138,97.208,27.0138,27.0138,27.0138,27.0138,4.02339,4.026412745098027,4.022165653692549,4.018685469794586,4.025842844281252,4.026897699621055,4.0236006201641645,4.020671153888211
100.6,32.19896,-2.88238,27.0444,97.206,27.0444,27.0444,27.0444,27.0444,4.02487,4.0213471656558335,4.029624110520726,4.026118237490861,4.023743801774626,4.021621424980267,4.029853028292689,4.026975421099933
100.7,32.19248,-2.90509,27.0712,97.203,27.0712,27.0712,27.0712,27.0712,4.02406,4.022525091120477,4.020573188464109,4.028104008188497,4.022905649358633,4.020983700757682,4.027420160352609,4.02028236032059
100.8,32.20216,-2.92744,26.9769,97.2,26.9769,26.9769,26.9769,26.9769,4.02527,4.02172402735192,4.02521396782717,4.021932414044074,4.026418851107715,4.021239213491807,4.027367566915412,4.025615115145649
100.9,32.16384,-2.90605,26.9744,97.197,26.9744,26.9744,26.9744,26.9744,4.02048,4.018860489021198,4.015637891451115,4.0190605610013375,4.020240244887891,4.0206459608347975,4.017795201509161,4.01639230764556
101.0,32.20808,-2.89716,27.125,97.194,27.125,27.125,27.125,27.125,4.02601,4.021216089545474,4.027942926597418,4.028394954301819,4.0221558046083485,4.021050537781102,4.03050323792567,4.030381633589407
101.1,32.18096,-2.88495,27.0625,97.192,27.0625,27.0625,27.0625,27.0625,4.02262,4.018367543531614,4.026251395594923,4.0233419870600775,4.019886667224621,4.021279448398169,4.0268785544330585,4.026934870998232
101.2,32.22576,-2.90782,26.9949,97.189,26.9949,26.9949,26.9949,26.9949,4.02822,4.02711655559648,4.026951015011485,4.032414854614306,4.0255868623686295,4.02400112340738,4.0282882534843525,4.023976760948991
101.3,32.15912,-2.87415,27.0402,97.186,27.0402,27.0402,27.0402,27.0402,4.01989,4.024200397470298,4.022272598982458,4.019405777447014,4.023816971514035,4.020021726359842,4.0213657886056575,4.015835073752316
101.4,32.21712,-2.91948,27.026,97.183,27.026,27.026,27.026,27.026,4.02714,4.028059983165122,4.029168306319075,4.028154896551685,4.028152394281802,4.029502472271974,4.026705912892647,4.029317926414472
101.5,32.17992,-2.89754,27.0606,97.181,27.0606,27.0606,27.0606,27.0606,4.02249,4.024168274481872,4.017729581334869,4.022425222107287,4.018359707778117,4.026907463432199,4.0241803331946935,4.024872376139085
101.6,32.15928,-2.90359,27.0724,97.178,27.0724,27.0724,27.0724,27.0724,4.01991,4.01584427823905,4.022193680803829,4.023314215365292,4.020702869378478,4.020786929720075,4.021255544513917,4.023738207289468
101.7,32.16304,-2.87979,26.9323,97.175,26.9323,26.9323,26.9323,26.9323,4.02038,4.01951759889305,4.0198081004624555,4.015792508387995,4.018392925338698,4.019285207142431,4.024542959746452,4.017583931503118
101.8,32.16672,-2.9221,27.1417,97.172,27.1417,27.1417,27.1417,27.1417,4.02084,4.021788660797673,4.017949482479209,4.025550195345567,4.022238177074854,4.017462679872833,4.02237026039508,4.018377398283951
101.9,32.18432,-2.89362,27.0667,97.169,27.0667,27.0667,27.0667,27.0667,4.02304,4.025506230913258,4.024841335439611,4.020833749237012,4.021633049980925,4.022950887016697,4.0194573830359115,4.022431945508527
102.0,32.18648,-2.90366,27.0245,97.167,27.0245,27.0245,27.0245,27.0245,4.02331,4.027057314792683,4.020027262727359,4.022106121034102,4.0219290463165835,4.0277614072885175,4.0226054202742665,4.02603321099803
102.1,32.15992,-2.87706,27.1164,97.164,27.1164,27.1164,27.1164,27.1164,4.01999,4.023843414148324,4.019015400112226,4.0214000417724955,4.021958332139851,4.0188771039164,4.017979630067448,4.018821038218674
102.2,32.1728,-2.91243,27.0018,97.161,27.0018,27.0018,27.0018,27.0018,4.0216,4.0202791580742625,4.021549416444484,4.022098141862634,4.0223166310822664,4.024384493315826,4.020980949531282,4.02103531539265
96.7,32.23056,-2.90159,26.8834,97.314,26.8834,26.8834,26.8834,26.8834,4.02882,4.026155298639145,4.024950002409627,4.026034394665871,4.031334902376571,4.02575902342385,4.025536616566457,4.031329843712696
102.3,32.22456,-2.89377,27.0455,97.158,27.0455,27.0455,27.0455,27.0455,4.02807,4.025524475460168,4.027403213602999,4.028993561601616,4.026919741725528,4.025630261747609,4.028022876378188,4.0230953662408835
102.4,32.2144,-2.91257,26.9919,97.156,26.9919,26.9919,26.9919,26.9919,4.0268,4.026098844848837,4.023501802660466,4.027931442845924,4.026658490283338,4.02746320788046,4.027784777177269,4.03020929921203
102.5,32.18312,-2.89718,27.1101,97.153,27.1101,27.1101,27.1101,27.1101,4.02289,4.020496764479143,4.02326890890359,4.018489552708707,4.02290476313227,4.026964300508087,4.019071945977239,4.024732977948591
102.6,32.17328,-2.90554,27.1376,97.15,27.1376,27.1376,27.1376,27.1376,4.02166,4.019698468832377,4.019396655254568,4.019884310073732,4.0169119884472115,4.0256281699614265,4.021884337978726,4.022485914064214
102.7,32.17504,-2.90578,27.0895,97.147,27.0895,27.0895,27.0895,27.0895,4.02188,4.023146391404692,4.021707849993947,4.024162710682892,4.022157112962935,4.024474645436648,4.019297465894362,4.02396111255216
102.8,32.18664,-2.92981,27.0557,97.144,27.0557,27.0557,27.0557,27.0557,4.02333,4.022310176533457,4.0199883899114015,4.022464735241963,4.024431772548397,4.022943256928009,4.023877846324599,4.019327956766496
102.9,32.14712,-2.89378,26.991,97.142,26.991,26.991,26.991,26.991,4.01839,4.019087403458578,4.016840358856345,4.013539803735394,4.021466015915492,4.013421832419224,4.020651908953988,4.021804730042541
103.0,32.1652,-2.91623,27.0407,97.139,27.0407,27.0407,27.0407,27.0407,4.02065,4.023168541476952,4.0219000181667734,4.02108669312077,4.021237252157077,4.023099296986495,4.024449197210831,4.022326183299631
103.1,32.13112,-2.91675,27.0825,97.136,27.0825,27.0825,27.0825,27.0825,4.01639,4.015784750957989,4.021127367863378,4.018331237311444,4.0140809054740085,4.0213063216395915,4.020074379217084,4.020741868103734
103.2,32.18048,-2.92333,27.0347,97.133,27.0347,27.0347,27.0347,27.0347,4.02256,4.023543085308362,4.020032712289232,4.023888609626335,4.026941471083797,4.0187379271308235,4.024842705158115,4.023725599366509
103.3,32.18616,-2.91584,27.0424,97.131,27.0424,27.0424,27.0424,27.0424,4.02327,4.027991119198796,4.018679017107725,4.0274825861773484,4.022011829370564,4.021766259612896,4.019021174775143,4.023808155887546
103.4,32.1588,-2.89249,27.0029,97.128,27.0029,27.0029,27.0029,27.0029,4.01985,4.024330253723749,4.015211369485605,4.02316571327101,4.023487506092075,4.023983761493434,4.0172199862227025,4.024769737870774
103.5,32.20792,-2.89323,27.0262,97.125,27.0262,27.0262,27.0262,27.0262,4.02599,4.022871801503773,4.025390968001568,4.0213125873424875,4.024360498897254,4.024440945513239,4.026615614341166,4.027158461189263
103.6,32.14048,-2.89004,26.9833,97.122,26.9833,26.9833,26.9833,26.9833,4.01756,4.018265531020579,4.020192089657051,4.014125555646634,4.017795086349347,4.015929758591852,4.014162281007555,4.014751236885842
103.7,32.13448,-2.9154,27.0884,97.119,27.0884,27.0884,27.0884,27.0884,4.01681,4.020701993741101,4.021521791582864,4.016352784283105,4.011859638916397,4.012035325595678,4.013577557918916,4.019340176932859
103.8,32.17472,-2.89678,27.0753,97.117,27.0753,27.0753,27.0753,27.0753,4.02184,4.023252874998344,4.019652990388972,4.017739133967255,4.0201686627862285,4.022255720249626,4.018890143165632,4.021704091644693
103.9,32.19424,-2.90923,27.0786,97.114,27.0786,27.0786,27.0786,27.0786,4.02428,4.026972772824837,4.027170681010276,4.021186687667855,4.0228898657257846,4.021230459143797,4.021369084143084,4.026007404148709
104.0,32.20928,-2.88568,27.0518,97.111,27.0518,27.0518,27.0518,27.0518,4.02616,4.022180224559243,4.030038557447193,4.027766447306199,4.030648887794768,4.024727303311558,4.028212914123013,4.0268508448690605
104.1,32.1576,-2.89361,27.0385,97.108,27.0385,27.0385,27.0385,27.0385,4.0197,4.023730197078696,4.017601921882666,4.018255262924316,4.018569487952151,4.015245210994506,4.018736977869223,4.01676481628478
104.2,32.19424,-2.90985,27.0566,97.106,27.0566,27.0566,27.0566,27.0566,4.02428,4.022694616199736,4.026921667473224,4.0291543575142565,4.02252330599031,4.022796099275181,4.0195874759187635,4.02409859911741
104.3,32.1672,-2.88439,27.0494,97.103,27.0494,27.0494,27.0494,27.0494,4.0209,4.019061252818988,4.025537089994117,4.025594194978547,4.021050627209599,4.017255151368331,4.023517430211956,4.019034229827915
104.4,32.16368,-2.89239,27.0847,97.1,27.0847,27.0847,27.0847,27.0847,4.02046,4.01988645849524,4.021300861025195,4.0214238409040375,4.02319990094847,4.023764607420438,4.019404706037393,4.021423776420826
104.5,32.1888,-2.92081,27.1861,97.097,27.1861,27.1861,27.1861,27.1861,4.0236,4.022173651201462,4.024003386283481,4.024702484488951,4.027243869436308,4.025232300529758,4.028460104211898,4.023201874514913
104.6,32.18296,-2.92507,27.0653,97.094,27.0653,27.0653,27.0653,27.0653,4.02287,4.018608646879144,4.022866779658527,4.023681327714933,4.026617192173952,4.0261794482302475,4.022520098663262,4.0180680250394865
104.7,32.12928,-2.92022,27.0416,97.092,27.0416,27.0416,27.0416,27.0416,4.01616,4.0190802338929545,4.0173815509487065,4.012369777710015,4.017385898833958,4.020972742501872,4.0198123386831,4.014860969919224
104.8,32.20224,-2.87526,27.0627,97.089,27.0627,27.0627,27.0627,27.0627,4.02528,4.024678053940895,4.02895414476243,4.025531880673266,4.028652161386179,4.023930602722391,4.022565749006696,4.025981834387558
104.9,32.19968,-2.91523,27.0487,97.086,27.0487,27.0487,27.0487,27.0487,4.02496,4.024194530277141,4.02295517344054,4.029695849441391,4.023876117639811,4.021621282754282,4.028599692718421,4.0234135465220335
105.0,32.15128,-2.87186,27.049,97.083,27.049,27.049,27.049,27.049,4.01891,4.023853174004413,4.016874445738011,4.018331320640439,4.021307227697326,4.016649734362415,4.018870080553363,4.0233762874663865
105.1,32.1756,-2.91601,27.0442,97.081,27.0442,27.0442,27.0442,27.0442,4.02195,4.017591884420465,4.0239196043751715,4.022940206008963,4.021659158648158,4.018149409253155,4.0230574571718,4.019639597015663
105.2,32.17768,-2.91761,27.1209,97.078,27.1209,27.1209,27.1209,27.1209,4.02221,4.020108241341971,4.022702701009653,4.0253019530228435,4.021366835149566,4.017268309225276,4.023875929015651,4.020275520720991
105.3,32.17184,-2.8868,27.1207,97.075,27.1207,27.1207,27.1207,27.1207,4.02148,4.018753760417834,4.0214159032919445,4.025200857832843,4.024817250326926,4.02240692888897,4.02616800718896,4.024820215836155
105.4,32.15208,-2.88612,27.135,97.072,27.135,27.135,27.135,27.135,4.01901,4.018734565958962,4.017185208225204,4.015587641568486,4.02200096539673,4.020255273035102,4.022933205520879,4.023435478293503
105.5,32.14896,-2.89166,27.1482,97.069,27.1482,27.1482,27.1482,27.1482,4.01862,4.022351345209445,4.014015898185718,4.015136159197684,4.019267168539728,4.016015429397954,4.020433283086831,4.021143472289858
105.6,32.16416,-2.88986,27.06,97.067,27.06,27.06,27.06,27.06,4.02052,4.024423088670471,4.023216008347207,4.016022546442201,4.020988114085878,4.018637027890661,4.021286443085483,4.0178891924161855
105.7,32.19272,-2.91202,26.9884,97.064,26.9884,26.9884,26.9884,26.9884,4.02409,4.023215747376187,4.026014954150948,4.0193709789806595,4.021495325014282,4.025929049590685,4.021611586714564,4.02380025988097
105.8,32.17736,-2.8875,27.2012,97.061,27.2012,27.2012,27.2012,27.2012,4.02217,4.023489572709331,4.020254139436245,4.018629084743255,4.024221910515085,4.0223864907056255,4.021158696006012,4.023516305073
105.9,32.15512,-2.8964,26.9481,97.058,26.9481,26.9481,26.9481,26.9481,4.01939,4.0166186985404595,4.016769749251533,4.017109284099638,4.016078131968056,4.02405622916496,4.019420152801074,4.020398560384095
106.0,32.18232,-2.90548,27.0635,97.056,27.0635,27.0635,27.0635,27.0635,4.02279,4.025052974659248,4.022359009307317,4.020708650268064,4.025932219017305,4.018068869518879,4.026804365573572,4.024645362195791
106.1,32.0952,-2.89858,26.999,97.053,26.999,26.999,26.999,26.999,4.0119,4.01374355294211,4.0130784456803354,4.009805629844122,4.011080436366244,4.007982115703368,4.00792484748885,4.0126493989574
106.2,32.19088,-2.88409,27.1093,97.05,27.1093,27.1093,27.1093,27.1093,4.02386,4.021218463670324,4.022045396959917,4.019423188722424,4.024015367600113,4.0273388037497355,4.02665953158565,4.027551730994888
96.8,32.18616,-2.87801,26.9648,97.311,26.9648,26.9648,26.9648,26.9648,4.02327,4.020702051707377,4.028001954826526,4.018549559133341,4.021959857566948,4.019271613669619,4.019747182621626,4.02446068765633
106.3,32.12128,-2.89412,27.0282,97.047,27.0282,27.0282,27.0282,27.0282,4.01516,4.014038343802235,4.013353219863939,4.018486744610689,4.018090611195515,4.015312493442598,4.015678128960411,4.018357546147748
106.4,32.15408,-2.93237,27.1541,97.044,27.1541,27.1541,27.1541,27.1541,4.01926,4.02283537923674,4.022516480262797,4.022132816766993,4.024226789368639,4.018879224965922,4.021975251536693,4.018001133463983
106.5,32.13568,-2.88663,27.1006,97.042,27.1006,27.1006,27.1006,27.1006,4.01696,4.015914878099014,4.021151941511894,4.021404220971175,4.0213742895100655,4.015274621982488,4.012511292695256,4.012840260201966
106.6,32.1312,-2.88778,27.1779,97.039,27.1779,27.1779,27.1779,27.1779,4.0164,4.0167927231066995,4.015222857883886,4.017601214537782,4.019341260209484,4.021390981738476,4.020018469828984,4.020607416972874
106.7,32.18984,-2.90569,27.0939,97.036,27.0939,27.0939,27.0939,27.0939,4.02373,4.0190046631763074,4.021945694261859,4.026464337251822,4.025999651080857,4.025453259045781,4.024881425685931,4.021959819803952
106.8,32.15056,-2.89825,27.1578,97.033,27.1578,27.1578,27.1578,27.1578,4.01882,4.021907824676097,4.014169583259094,4.0157392439620665,4.020489235822295,4.019719633999644,4.01954608936217,4.022819053882264
106.9,32.16984,-2.89831,27.0237,97.031,27.0237,27.0237,27.0237,27.0237,4.02123,4.0260103569583015,4.025804805826256,4.017926326258679,4.0190708178496,4.019516105753168,4.02575595743448,4.026148201418715
107.0,32.16016,-2.92969,27.1485,97.028,27.1485,27.1485,27.1485,27.1485,4.02002,4.015819665258196,4.024445331771612,4.022217093367522,4.022278720643026,4.0189586428302935,4.0204812925732,4.022902600718697
107.1,32.17248,-2.90603,27.0818,97.025,27.0818,27.0818,27.0818,27.0818,4.02156,4.023638015562865,4.025036587020393,4.019592055602591,4.016968788047115,4.021538777009906,4.025371219682443,4.021184496089109
107.2,32.16256,-2.90544,27.1047,97.022,27.1047,27.1047,27.1047,27.1047,4.02032,4.0185788891806276,4.016907734469694,4.015718456218555,4.015954557168201,4.023506536538199,4.021078420129529,4.016716412068799
107.3,32.12968,-2.90238,27.1466,97.019,27.1466,27.1466,27.1466,27.1466,4.01621,4.015740951925388,4.012112363916196,4.01773816626838,4.020624287469557,4.019329387171925,4.01924629629927,4.019351222649378
107.4,32.18416,-2.90789,27.1147,97.017,27.1147,27.1147,27.1147,27.1147,4.02302,4.02081153407907,4.021179702508479,4.021622485798554,4.022995657559357,4.02380744859516,4.024805459249839,4.023527917822158
107.5,32.14816,-2.89006,27.0446,97.014,27.0446,27.0446,27.0446,27.0446,4.01852,4.01954090183478,4.015962144462228,4.017090952525923,4.014505508620634,4.02043552625181,4.019538171975042,4.020459869927871
107.6,32.1224,-2.91214,27.0632,97.011,27.0632,27.0632,27.0632,27.0632,4.0153,4.014660241290056,4.014342552172655,4.0142655913504175,4.017084770928458,4.010832844677367,4.014481772089158,4.018774844423886
107.7,32.1492,-2.88635,27.0296,97.008,27.0296,27.0296,27.0296,27.0296,4.01865,4.020150621184275,4.019844922914779,4.017770444407742,4.018750038446316,4.016402034717157,4.015898783648802,4.021268930750345
107.8,32.19528,-2.89076,27.1365,97.006,27.1365,27.1365,27.1365,27.1365,4.02441,4.028184218576703,4.0281355121991345,4.021555088598693,4.022912355780767,4.026702307718983,4.024179421398273,4.025708061717607
107.9,32.17936,-2.87959,27.0734,97.003,27.0734,27.0734,27.0734,27.0734,4.02242,4.01780431537477,4.025153132459103,4.0216332889145106,4.023529914903144,4.02433738185374,4.0237961496664445,4.018187971834149
108.0,32.15032,-2.87399,27.0677,97.0,27.0677,27.0677,27.0677,27.0677,4.01879,4.021481374501333,4.018233462569594,4.014304208267035,4.018022060287243,4.021832690409191,4.022765680802675,4.0170201313316065
108.1,32.15008,-2.87389,27.1073,96.997,27.1073,27.1073,27.1073,27.1073,4.01876,4.016672769750662,4.021447038451494,4.014469639860592,4.023146555353828,4.016840481800932,4.023668964468814,4.020941521620878
108.2,32.15048,-2.91778,27.0815,96.994,27.0815,27.0815,27.0815,27.0815,4.01881,4.022712500918764,4.023530968854279,4.019736808548934,4.023060754537972,4.017264149734656,4.015751234750642,4.022102837719432
108.3,32.20784,-2.89484,27.1664,96.992,27.1664,27.1664,27.1664,27.1664,4.02598,4.025128354384301,4.02406132611813,4.026064717874972,4.025443330296878,4.027895368915676,4.024440028149421,4.027262704793194
108.4,32.16688,-2.91077,27.1439,96.989,27.1439,27.1439,27.1439,27.1439,4.02086,4.01704123503561,4.016903150750652,4.019776930116135,4.0172682084772635,4.01888989314622,4.016458268167756,4.025360715510102
108.5,32.16776,-2.8508,27.1407,96.986,27.1407,27.1407,27.1407,27.1407,4.02097,4.022075284594059,4.0163093369241825,4.020209680351434,4.020295085102224,4.018469736023584,4.023429451696716,4.018479173925009
96.9,32.15248,-2.8925,26.972,97.308,26.972,26.972,26.972,26.972,4.01906,4.022405595850169,4.01882224939239,4.021341508201204,4.017967843629253,4.023005432790257,4.014535419066717,4.023727327538648
108.6,32.18192,-2.89079,27.0729,96.983,27.0729,27.0729,27.0729,27.0729,4.02274,4.0177875659563576,4.025214553071916,4.026333411214586,4.025401152674473,4.018775415382432,4.023390352837175,4.0268147295142755
108.7,32.16272,-2.87876,27.141,96.981,27.141,27.141,27.141,27.141,4.02034,4.018884684445388,4.024670367354648,4.025143914901629,4.019168043344291,4.019120331669112,4.015817414510905,4.01710299192219
108.8,32.15048,-2.89347,27.1291,96.978,27.1291,27.1291,27.1291,27.1291,4.01881,4.023677769696137,4.023038091982703,4.0145509432356405,4.013959867498479,4.018462105671018,4.016496453086225,4.023458183855275
108.9,32.15176,-2.93953,27.0265,96.975,27.0265,27.0265,27.0265,27.0265,4.01897,4.019786503984741,4.019783402354293,4.019403209647856,4.019089208091907,4.023717245922358,4.020752881198254,4.019505801353144
109.0,32.15448,-2.91175,27.0852,96.972,27.0852,27.0852,27.0852,27.0852,4.01931,4.022546455344158,4.0194492462441325,4.018463981930981,4.016153992433918,4.02420553115725,4.021810448701544,4.017788554675537
109.1,32.15504,-2.91028,27.0902,96.969,27.0902,27.0902,27.0902,27.0902,4.01938,4.016795856441184,4.0174665624261925,4.023098774831089,4.024231662916082,4.020469471241234,4.017458020568812,4.023118718529762
109.2,32.17312,-2.90585,27.1907,96.967,27.1907,27.1907,27.1907,27.1907,4.02164,4.023592660831778,4.023561208518924,4.020098559705174,4.02536696406408,4.019655279221116,4.02179352302012,4.025290912454497
109.3,32.15664,-2.89461,27.0764,96.964,27.0764,27.0764,27.0764,27.0764,4.01958,4.022782703508929,4.020116830181342,4.0189669091075295,4.017401802148946,4.017456587188739,4.0184746522051125,4.015942456201688
109.4,32.1728,-2.89248,27.131,96.961,27.131,27.131,27.131,27.131,4.0216,4.023763853209572,4.024667834969192,4.020628388175653,4.022862004210832,4.023538730835725,4.0210332875814325,4.01959189344903
109.5,32.15296,-2.93941,27.1807,96.958,27.1807,27.1807,27.1807,27.1807,4.01912,4.015658375708114,4.0189756227240085,4.02240544188401,4.017655666832924,4.020748910438229,4.023287329403835,4.014952044323863
109.6,32.15656,-2.90355,27.0478,96.956,27.0478,27.0478,27.0478,27.0478,4.01957,4.022970195024201,4.022803602438137,4.024093474948668,4.014810680082418,4.020953196452711,4.020527833624727,4.020941831456423
109.7,32.10648,-2.90729,27.1204,96.953,27.1204,27.1204,27.1204,27.1204,4.01331,4.00927310623572,4.012312211705234,4.01334076607363,4.018116062536359,4.014736798105975,4.013470270012681,4.016515507268475
109.8,32.17616,-2.87928,27.2261,96.95,27.2261,27.2261,27.2261,27.2261,4.02202,4.026738451252907,4.022390931558152,4.019731592435382,4.022974610060403,4.023370504584028,4.021711790174553,4.018802505871624
109.9,32.16224,-2.89112,27.0106,96.947,27.0106,27.0106,27.0106,27.0106,4.02028,4.018854523622306,4.021794166279665,4.021461813581955,4.018479883709454,4.0197717140341345,4.016475115630477,4.020922143423391
110.0,32.1776,-2.90275,27.0688,96.944,27.0688,27.0688,27.0688,27.0688,4.0222,4.023209295527017,4.021234144158961,4.022774378045182,4.026363622687579,4.0175266085265875,4.024811342148058,4.019180070603876
110.1,32.08392,-2.89664,27.1222,96.942,27.1222,27.1222,27.1222,27.1222,4.01049,4.007378953543119,4.008125039809922,4.008121241107035,4.0063809475695935,4.006816270225407,4.010237942018263,4.012768561888592
110.2,32.20328,-2.92531,27.1282,96.939,27.1282,27.1282,27.1282,27.1282,4.02541,4.026695555820531,4.020596279661341,4.029327200815413,4.0285101951956745,4.020950725055799,4.029929484294976,4.022855797410346
110.3,32.14952,-2.89008,27.1163,96.936,27.1163,27.1163,27.1163,27.1163,4.01869,4.014237105854057,4.022967240623292,4.022909282316774,4.014793612871648,4.016865043873431,4.017038184125991,4.021102745355193
110.4,32.17928,-2.90593,27.1401,96.933,27.1401,27.1401,27.1401,27.1401,4.02241,4.022264165342926,4.0244495130563225,4.020429983393327,4.026834271380167,4.023051727177094,4.018354665252818,4.022055070857554
110.5,32.12744,-2.91211,27.1836,96.931,27.1836,27.1836,27.1836,27.1836,4.01593,4.01309302820597,4.0116507274579485,4.019408062388613,4.012767558233371,4.017457606524251,4.011886621843207,4.017978434292871
110.6,32.16688,-2.88029,27.1117,96.928,27.1117,27.1117,27.1117,27.1117,4.02086,4.018057841206465,4.019090318311289,4.022537907432266,4.02383098120417,4.022177526434515,4.021333659318849,4.020761781546113
110.7,32.12664,-2.8959,27.1045,96.925,27.1045,27.1045,27.1045,27.1045,4.01583,4.011169844599193,4.016550865445548,4.012711102009949,4.016874199003281,4.013788011448368,4.019920937819551,4.018881390148063
110.8,32.13664,-2.90998,27.1452,96.922,27.1452,27.1452,27.1452,27.1452,4.01708,4.018396930227119,4.0197832801678395,4.019658613744776,4.020062901556529,4.018556633394577,4.019788766156674,4.017084115969985
110.9,32.19736,-2.90907,27.2294,96.919,27.2294,27.2294,27.2294,27.2294,4.02467,4.020426076031289,4.020919336551645,4.023211011746518,4.024483569629964,4.025572581051368,4.023928102505267,4.022411053003921
111.0,32.14656,-2.89451,27.1466,96.917,27.1466,27.1466,27.1466,27.1466,4.01832,4.017551163890901,4.023276582288608,4.021392032550823,4.019229816498081,4.02023821389174,4.014324176137363,4.019059095063472
111.1,32.15608,-2.89568,27.1734,96.914,27.1734,27.1734,27.1734,27.1734,4.01951,4.016525587989163,4.023114245090935,4.017643757700147,4.0176759820404095,4.0237290172476605,4.023228052933625,4.020141393316255
111.2,32.17152,-2.89956,27.0172,96.911,27.0172,27.0172,27.0172,27.0172,4.02144,4.017188341962686,4.0199450677899975,4.020013581874882,4.017791685900484,4.020226519041171,4.024352835660784,4.020556129182708
111.3,32.16224,-2.91805,27.1014,96.908,27.1014,27.1014,27.1014,27.1014,4.02028,4.020988218581068,4.019466946699024,4.024052439757062,4.015526637106363,4.022976318707648,4.024196205678266,4.019264688896793
111.4,32.15376,-2.91583,27.0399,96.906,27.0399,27.0399,27.0399,27.0399,4.01922,4.017895288696486,4.019773620178966,4.021156689278745,4.016780913079744,4.0225980096690614,4.018995963090613,4.0220028501047045
111.5,32.15864,-2.91122,27.1141,96.903,27.1141,27.1141,27.1141,27.1141,4.01983,4.0211043877992125,4.024272801772235,4.0199967098606315,4.02256503875604,4.023538926239116,4.018915208846956,4.020267871333898
111.6,32.20728,-2.90294,27.1993,96.9,27.1993,27.1993,27.1993,27.1993,4.02591,4.030101707348184,4.0280867629254855,4.029024109905913,4.028615410483619,4.026061460754865,4.027970256180873,4.028812528348836
111.7,32.148,-2.90062,27.0368,96.897,27.0368,27.0368,27.0368,27.0368,4.0185,4.0233492579955135,4.019348997784605,4.017480910975843,4.022428742338102,4.019460245783085,4.017662019738073,4.018696540576614
111.8,32.15392,-2.9024,27.219,96.894,27.219,27.219,27.219,27.219,4.01924,4.022852297803865,4.015455665743258,4.021343556153739,4.014574408099428,4.019969270897276,4.018047689672709,4.015919178214444
111.9,32.17408,-2.90171,27.115,96.892,27.115,27.115,27.115,27.115,4.02176,4.024287457107881,4.01938505123537,4.025590121035274,4.017620177699679,4.01925224914636,4.021944999241312,4.020889396023786
112.0,32.17512,-2.87178,27.1694,96.889,27.1694,27.1694,27.1694,27.1694,4.02189,4.023135290926778,4.025194067570799,4.022740733450157,4.01695047194374,4.020766824107301,4.017743903451795,4.0219690076480905
112.1,32.1768,-2.88726,27.1781,96.886,27.1781,27.1781,27.1781,27.1781,4.0221,4.021659430873453,4.025317219466916,4.019741864688196,4.026063356135417,4.019749488460691,4.026393311324642,4.017774424724424
112.2,32.16344,-2.88218,27.2366,96.883,27.2366,27.2366,27.2366,27.2366,4.02043,4.023156646272651,4.024831891531046,4.021569603578839,4.016829425819061,4.016703838677207,4.019995915982962,4.022172147251075
112.3,32.1204,-2.89304,27.1523,96.881,27.1523,27.1523,27.1523,27.1523,4.01505,4.019235330017191,4.016259978828695,4.013256922609487,4.012494991182765,4.010187103662994,4.0133994584841775,4.017807979724755
112.4,32.1868,-2.89891,27.0656,96.878,27.0656,27.0656,27.0656,27.0656,4.02335,4.018725005165141,4.023694384057725,4.026215077343387,4.019967882434407,4.026701488092451,4.027893556507542,4.019927385621864
112.5,32.11984,-2.89385,27.1792,96.875,27.1792,27.1792,27.1792,27.1792,4.01498,4.017361506411363,4.016271162734812,4.0196939501468725,4.011549195151725,4.017656581498084,4.017250861453445,4.010592062127826
112.6,32.15432,-2.89661,26.9588,96.872,26.9588,26.9588,26.9588,26.9588,4.01929,4.02060836459594,4.020461545284061,4.014435729308562,4.015608571315919,4.020951826388294,4.014967770729565,4.021918340724851
112.7,32.12872,-2.88788,27.0651,96.869,27.0651,27.0651,27.0651,27.0651,4.01609,4.014826738925795,4.015289553098251,4.013529310527752,4.018762647109029,4.0118754537041434,4.016183779720405,4.011232302137523
97.0,32.18968,-2.86828,27.0369,97.306,27.0369,27.0369,27.0369,27.0369,4.02371,4.027672986217812,4.020480492479712,4.02008228716603,4.019840930068969,4.019370662791198,4.025792231834547,4.0227609985352935
112.8,32.14504,-2.91463,27.0852,96.867,27.0852,27.0852,27.0852,27.0852,4.01813,4.019164312883979,4.015992350714611,4.016860901128998,4.017711311623915,4.0153239327348995,4.017833966587021,4.023106279295181
112.9,32.15424,-2.88913,26.9944,96.864,26.9944,26.9944,26.9944,26.9944,4.01928,4.014519262783278,4.023360877804761,4.019190061130088,4.018653448150999,4.019096293454601,4.020782578167939,4.018579099588086
113.0,32.15376,-2.89749,27.2222,96.861,27.2222,27.2222,27.2222,27.2222,4.01922,4.016333931468936,4.021859935343205,4.018884049035243,4.016315335070398,4.021699044931345,4.015121117183639,4.018094661376349
113.1,32.15592,-2.92711,27.2014,96.858,27.2014,27.2014,27.2014,27.2014,4.01949,4.021073821695485,4.024342396321521,4.0191995334817125,4.016346295311668,4.018010215424704,4.021204248636237,4.0178277160692035
113.2,32.18432,-2.89871,27.1492,96.856,27.1492,27.1492,27.1492,27.1492,4.02304,4.026374104084485,4.023351181381726,4.022005456738699,4.0232902974721245,4.01827759862717,4.023921276982418,4.022311101314903
113.3,32.15616,-2.91959,27.1815,96.853,27.1815,27.1815,27.1815,27.1815,4.01952,4.021347062943022,4.020767117685106,4.014636228565372,4.014861834731244,4.019336660374322,4.018423176463204,4.014904512838449
113.4,32.1392,-2.90802,27.1452,96.85,27.1452,27.1452,27.1452,27.1452,4.0174,4.020772635775127,4.019242768338675,4.021956400316695,4.016769797396872,4.017821658722717,4.014837393869575,4.021822073986534
113.5,32.16792,-2.90239,27.1756,96.847,27.1756,27.1756,27.1756,27.1756,4.02099,4.017876718703053,4.01686546236331,4.017624903936032,4.018344836041255,4.017499647036424,4.016437949426551,4.0177151690821935
113.6,32.17312,-2.92261,27.2,96.844,27.2,27.2,27.2,27.2,4.02164,4.024047011160767,4.020727500939428,4.02527902175276,4.019057190621141,4.025964813452981,4.021858751171399,4.026167301758648
113.7,32.1148,-2.90081,27.0381,96.842,27.0381,27.0381,27.0381,27.0381,4.01435,4.012028320710399,4.014097474592898,4.015216188881084,4.01198175201987,4.015582151688267,4.014120472359794,4.01647372104595
113.8,32.1584,-2.89897,27.1803,96.839,27.1803,27.1803,27.1803,27.1803,4.0198,4.015178608389967,4.0233537985736465,4.02275295210519,4.0199180383978375,4.021992129235575,4.0246904900225955,4.016904297669321
113.9,32.16064,-2.88867,27.1936,96.836,27.1936,27.1936,27.1936,27.1936,4.02008,4.024051275328151,4.019604763999142,4.018786882026828,4.023384264803794,4.0211798995224095,4.015457299952356,4.0208451999458115
114.0,32.1364,-2.90681,27.091,96.833,27.091,27.091,27.091,27.091,4.01705,4.020700187523393,4.018778917736785,4.020563654827249,4.021460516282286,4.014749327538263,4.0198204745058,4.020036344427917
114.1,32.17632,-2.89588,27.1131,96.831,27.1131,27.1131,27.1131,27.1131,4.02204,4.020288303174242,4.018086546145565,4.025169528643031,4.024018365935439,4.024293804096548,4.026689446740433,4.025714519959811
114.2,32.13944,-2.90143,27.081,96.828,27.081,27.081,27.081,27.081,4.01743,4.013467793549196,4.014001776258432,4.016318485322971,4.012808889904982,4.021925637851548,4.01837220212596,4.013949388702106
114.3,32.14576,-2.90627,27.1467,96.825,27.1467,27.1467,27.1467,27.1467,4.01822,4.014528930633496,4.02277582227006,4.01426057430692,4.0184977270600815,4.017633554582557,4.021874989393626,4.017228020079987
114.4,32.1384,-2.92506,27.152,96.822,27.152,27.152,27.152,27.152,4.0173,4.015749097680608,4.017619645601225,4.017876354708256,4.019439955563905,4.021208853793391,4.016441385387933,4.018080092715167
114.5,32.14264,-2.90167,27.1408,96.819,27.1408,27.1408,27.1408,27.1408,4.01783,4.014394790640262,4.018637147585457,4.018652689682307,4.015590572800553,4.020227890558231,4.0172668469104025,4.0219682277079185
114.6,32.11568,-2.88883,27.0836,96.817,27.0836,27.0836,27.0836,27.0836,4.01446,4.0142208509986075,4.010071358817106,4.012401977844876,4.010734293874141,4.017402990474463,4.013644823860456,4.016964748012381
114.7,32.1072,-2.91401,27.2124,96.814,27.2124,27.2124,27.2124,27.2124,4.0134,4.01668718424408,4.013372773088626,4.0130195009074905,4.008474067889538,4.009185309516218,4.017496685722849,4.0147378615873635
114.8,32.17976,-2.90327,27.0957,96.811,27.0957,27.0957,27.0957,27.0957,4.02247,4.025938812520256,4.026927678535281,4.017628592518246,4.021174870881904,4.020926221176352,4.021522809260494,4.027012979834726
114.9,32.12096,-2.90106,27.1643,96.808,27.1643,27.1643,27.1643,27.1643,4.01512,4.011810956097862,4.012603592783154,4.01891690703571,4.018856596132369,4.0156580051514705,4.013297823873909,4.019769729231065
115.0,32.1172,-2.88346,27.179,96.806,27.179,27.179,27.179,27.179,4.01465,4.015114273444659,4.011261894050185,4.017709323875825,4.015912760806008,4.018402387594298,4.010085620653932,4.019131793574774
115.1,32.08904,-2.89955,27.0295,96.803,27.0295,27.0295,27.0295,27.0295,4.01113,4.010561911032348,4.010946313227862,4.012812738614004,4.008012913687193,4.008823125188512,4.007857674469741,4.007314131013823
115.2,32.1252,-2.89568,27.1528,96.8,27.1528,27.1528,27.1528,27.1528,4.01565,4.01781985127723,4.011719348063021,4.014688653685175,4.016646730397981,4.015524865523839,4.011926332669001,4.018990530088497
115.3,32.10848,-2.90013,27.2085,96.797,27.2085,27.2085,27.2085,27.2085,4.01356,4.011652052317296,4.014541853683397,4.013876784624423,4.017927795079666,4.014440838374684,4.010080199331602,4.01132139137454
97.1,32.17,-2.90171,26.9836,97.303,26.9836,26.9836,26.9836,26.9836,4.02125,4.021341780304143,4.017629195354296,4.025158137316516,4.026102379720692,4.01888127057226,4.018863943870399,4.019977361995195

115.5,32.164,-2.91702,27.1883,96.792,27.1883,27.1883,27.1883,27.1883,4.0205,4.015552989629953,4.024542897878208,4.020831316778327,4.022389276469518,4.018740468860739,4.015970730713579,4.017347854191518
115.6,32.12296,-2.90428,27.0942,96.789,27.0942,27.0942,27.0942,27.0942,4.01537,4.019184797638396,4.016547135239494,4.018960906462748,4.0179313036419515,4.017518035336346,4.018826288204551,4.018306817317152
115.7,32.19328,-2.8941,27.1986,96.786,27.1986,27.1986,27.1986,27.1986,4.02416,4.025189795808192,4.020275268096399,4.02036570345123,4.023340355301236,4.019440381329143,4.0216739061759155,4.022069496907254
115.8,32.16256,-2.89815,27.0677,96.783,27.0677,27.0677,27.0677,27.0677,4.02032,4.022019263442258,4.025080290683927,4.0236062099073076,4.017623291263641,4.016829138222154,4.021501549441546,4.0196474863897675
115.9,32.13096,-2.87781,27.1351,96.781,27.1351,27.1351,27.1351,27.1351,4.01637,4.020212562425452,4.014966749120395,4.020879612238552,4.01265551265913,4.016483994954907,4.01990847022098,4.0190318472374305
116.0,32.07848,-2.88581,27.2111,96.778,27.2111,27.2111,27.2111,27.2111,4.00981,4.011551428543258,4.009821462673618,4.0127883372523385,4.005542742366841,4.011531643439091,4.010542599949348,4.006510757705924
116.1,32.1932,-2.88139,27.2083,96.775,27.2083,27.2083,27.2083,27.2083,4.02415,4.027711405071201,4.021369913161125,4.025362657899773,4.027108797186289,4.021435119888323,4.0203943633069255,4.022912388188606
116.2,32.10464,-2.93048,27.06,96.772,27.06,27.06,27.06,27.06,4.01308,4.01269072828874,4.015342722410325,4.009990045957617,4.018014653739927,4.011738216436365,4.01253043969979,4.0106594119856815
116.3,32.09824,-2.87631,27.1257,96.769,27.1257,27.1257,27.1257,27.1257,4.01228,4.008274436551633,4.012685343033009,4.017182844424288,4.016114106059188,4.017264479461764,4.011498884214135,4.013359896172377
116.4,32.162,-2.896,27.1031,96.767,27.1031,27.1031,27.1031,27.1031,4.02025,4.024579581904813,4.022100399471245,4.0172757077402474,4.024464983789946,4.020503934164808,4.015747050828237,4.023046636494621
116.5,32.19576,-2.89387,27.2104,96.764,27.2104,27.2104,27.2104,27.2104,4.02447,4.026740280672174,4.028733153385675,4.02699292834702,4.02328032029041,4.019819104346411,4.02238921420547,4.0214463610304625
116.6,32.17016,-2.88656,27.1357,96.761,27.1357,27.1357,27.1357,27.1357,4.02127,4.020802077361641,4.02038911291222,4.017481901584813,4.023004215494402,4.021352765068416,4.020648701076884,4.017580643709831
116.7,32.15024,-2.89968,27.1496,96.758,27.1496,27.1496,27.1496,27.1496,4.01878,4.018215523116366,4.020621124225675,4.018283778803049,4.0231529017124785,4.016924127908001,4.022238915274643,4.01992169360725
116.8,32.15072,-2.91606,27.1701,96.756,27.1701,27.1701,27.1701,27.1701,4.01884,4.020700059553639,4.023387297475289,4.01853658770071,4.018062299053009,4.020030304013703,4.015533983789986,4.022900560073311
116.9,32.15672,-2.87829,27.0689,96.753,27.0689,27.0689,27.0689,27.0689,4.01959,4.023448123898782,4.02101286616174,4.0204020569864705,4.016560062154535,4.017400388235113,4.023510323703193,4.020520581184871
117.0,32.15416,-2.91152,27.1602,96.75,27.1602,27.1602,27.1602,27.1602,4.01927,4.016542869173993,4.017265931833972,4.023631059968363,4.024075101863492,4.020612809114323,4.021279420435514,4.018015773959341
117.1,32.14248,-2.91479,27.0822,96.747,27.0822,27.0822,27.0822,27.0822,4.01781,4.013472146077475,4.0168889726324695,4.016689855385594,4.018329656042867,4.015886728288801,4.022017544886267,4.014097271886284
117.2,32.13792,-2.90351,27.1139,96.744,27.1139,27.1139,27.1139,27.1139,4.01724,4.018529089987721,4.022188714796153,4.021430985603553,4.0179803930205,4.014390327691462,4.01407373068398,4.01978301060293
117.3,32.13368,-2.90579,27.1172,96.742,27.1172,27.1172,27.1172,27.1172,4.01671,4.020462816659611,4.021330323340864,4.014361038176447,4.013241713184513,4.018802348837916,4.021510736837755,4.018730270657952
117.4,32.11688,-2.89994,27.1734,96.739,27.1734,27.1734,27.1734,27.1734,4.01461,4.018763975289826,4.011160043242304,4.015439364377714,4.015364520979083,4.010226763730063,4.016077661715757,4.017665152302464
117.5,32.12792,-2.90147,27.0973,96.736,27.0973,27.0973,27.0973,27.0973,4.01599,4.014546607736587,4.011426957119069,4.020425411602266,4.01889821512025,4.020599564003211,4.016149784566968,4.014140745535461
117.6,32.09384,-2.87979,27.1169,96.733,27.1169,27.1169,27.1169,27.1169,4.01173,4.011959009098124,4.008725537215237,4.009539917454132,4.009799004436873,4.008926630065278,4.012838639018871,4.01194371537762
117.7,32.13184,-2.89311,27.1654,96.731,27.1654,27.1654,27.1654,27.1654,4.01648,4.012824968667292,4.015584532284469,4.019528404189414,4.013839085282187,4.017241664522399,4.0180003795519665,4.021363707411157
117.8,32.11024,-2.91287,27.2296,96.728,27.2296,27.2296,27.2296,27.2296,4.01378,4.014192523566501,4.015320657557039,4.015680951018156,4.015805995205457,4.017745921230348,4.008841112755302,4.017835710106722
117.9,32.1072,-2.91081,27.1732,96.725,27.1732,27.1732,27.1732,27.1732,4.0134,4.016885968236896,4.0173776079995624,4.016189796883889,4.01551254269296,4.011081586618748,4.012356755977329,4.015529974783399
118.0,32.13776,-2.90582,27.2153,96.722,27.2153,27.2153,27.2153,27.2153,4.01722,4.016305907278404,4.019622577913211,4.018358543602521,4.020694282426834,4.016197335309807,4.014315604924025,4.019268226025622
118.1,32.16656,-2.90576,27.0206,96.719,27.0206,27.0206,27.0206,27.0206,4.02082,4.018760994283493,4.020009696417239,4.020435208755285,4.024056539650419,4.015855059580673,4.020925056609999,4.0202570267089675
118.2,32.15496,-2.90772,27.2347,96.717,27.2347,27.2347,27.2347,27.2347,4.01937,4.02375729582387,4.020962375849325,4.015915719042151,4.0172956646370865,4.019985425421599,4.020735925416906,4.022347298912873
118.3,32.09496,-2.91653,27.0976,96.714,27.0976,27.0976,27.0976,27.0976,4.01187,4.013496509034009,4.00788309218042,4.0123338274415135,4.013021997383355,4.012929289652758,4.015939531298799,4.016069266878987
118.4,32.10864,-2.89564,27.1131,96.711,27.1131,27.1131,27.1131,27.1131,4.01358,4.015365227523047,4.013179391285724,4.010384658679973,4.014395520229791,4.011378313134396,4.016943774106754,4.013875580601548
118.5,32.15472,-2.90683,27.2666,96.708,27.2666,27.2666,27.2666,27.2666,4.01934,4.016341853587395,4.019613450926911,4.014542869585385,4.02395234133086,4.016475753719,4.024182955642855,4.014647111398639
118.6,32.10832,-2.91428,27.1609,96.706,27.1609,27.1609,27.1609,27.1609,4.01354,4.016653292366136,4.010715889829136,4.0112826796580805,4.012164157771959,4.008572994309815,4.015463288885553,4.011727565467828
118.7,32.12624,-2.89272,27.1062,96.703,27.1062,27.1062,27.1062,27.1062,4.01578,4.011916825745131,4.019176807692602,4.019971429346738,4.013943768840397,4.019904056245233,4.0190605692643135,4.01803085668656
118.8,32.14464,-2.88728,27.115,96.7,27.115,27.115,27.115,27.115,4.01808,4.014610964428638,4.016033526726038,4.015886485863119,4.018354897358352,4.022074916639805,4.0219746316401395,4.017148164878941
118.9,32.10792,-2.90368,27.0693,96.697,27.0693,27.0693,27.0693,27.0693,4.01349,4.0106668274852435,4.011291289508842,4.0086054022341635,4.011920564779996,4.015131521894401,4.015028569270111,4.0112254208165705
119.0,32.13344,-2.87328,27.1537,96.694,27.1537,27.1537,27.1537,27.1537,4.01668,4.0191022030000445,4.016312118378563,4.0215759876655435,4.018197893312707,4.020472866361762,4.018808219930687,4.01640869831662
119.1,32.09864,-2.86677,27.1331,96.692,27.1331,27.1331,27.1331,27.1331,4.01233,4.009617499956536,4.0090760573713755,4.013791656305723,4.014936486609409,4.01252252713857,4.0111098506438445,4.01627996587717
119.2,32.116,-2.89255,27.194,96.689,27.194,27.194,27.194,27.194,4.0145,4.0169058133483775,4.0166330957047585,4.010726244029115,4.010403930251219,4.015330478980559,4.013354572434936,4.012267808167636
119.3,32.13784,-2.90703,27.2575,96.686,27.2575,27.2575,27.2575,27.2575,4.01723,4.013029079773661,4.015869604622083,4.012264095501202,4.016082923137464,4.020730171198131,4.0149830447101404,4.0132945047602995
119.4,32.09168,-2.89597,27.0796,96.683,27.0796,27.0796,27.0796,27.0796,4.01146,4.012506233325453,4.01279983241016,4.015354379468497,4.014174204419667,4.0122463590229875,4.011780334184899,4.016334349636553
119.5,32.14024,-2.91837,27.1912,96.681,27.1912,27.1912,27.1912,27.1912,4.01753,4.020405923487971,4.0166312421882475,4.019086212669644,4.0185934863488955,4.019679127302763,4.013159837458799,4.016948841467648
119.6,32.12888,-2.91308,27.0639,96.678,27.0639,27.0639,27.0639,27.0639,4.01611,4.019571739280418,4.01576315151086,4.015739884901303,4.019779679029193,4.011803935449157,4.020778176446241,4.01388149906126
119.7,32.1424,-2.92524,27.1825,96.675,27.1825,27.1825,27.1825,27.1825,4.0178,4.02232554622582,4.020773217853654,4.0137834215655435,4.021698496071985,4.015748287579701,4.021588072132056,4.013040361785132
119.8,32.13424,-2.90943,27.0866,96.672,27.0866,27.0866,27.0866,27.0866,4.01678,4.0169828028465915,4.01499825578685,4.0165663499631235,4.012791733745466,4.020954750362038,4.020903964745072,4.018386554842377
119.9,32.16136,-2.91849,27.0767,96.669,27.0767,27.0767,27.0767,27.0767,4.02017,4.018033812368514,4.017444529726091,4.017734484573528,4.024008825450327,4.023048948892279,4.023355305221672,4.024799915454518
120.0,32.13136,-2.89064,27.3111,96.667,27.3111,27.3111,27.3111,27.3111,4.01642,4.018994942939278,4.020216523842496,4.011655336297412,4.015788747518108,4.0197446326523245,4.017513227775536,4.020273228234771
97.2,32.20624,-2.90983,26.9846,97.3,26.9846,26.9846,26.9846,26.9846,4.02578,4.02117435651975,4.028265047289496,4.02189563100945,4.0269417077599154,4.022441265355948,4.024664074699918,4.026565901956238
120.1,32.11784,-2.91124,27.2874,96.664,27.2874,27.2874,27.2874,27.2874,4.01473,4.010038904166089,4.013768132138699,4.01721602820528,4.017335874909758,4.0142350502534585,4.014861889170503,4.01553860251353
120.2,32.1308,-2.89585,27.1166,96.661,27.1166,27.1166,27.1166,27.1166,4.01635,4.017077209932995,4.011995547704816,4.017524569793343,4.011833699828958,4.016614385427896,4.014825130132105,4.02058608923051
120.3,32.14064,-2.88878,27.2737,96.658,27.2737,27.2737,27.2737,27.2737,4.01758,4.01362378092243,4.016504079413043,4.01711155788935,4.021498726581414,4.021658527529187,4.013076317941839,4.019377319401653
120.4,32.12856,-2.88243,27.1578,96.656,27.1578,27.1578,27.1578,27.1578,4.01607,4.015055079431068,4.018603493739265,4.018394272440333,4.016770476058814,4.019723565419634,4.014972780773434,4.0140358423996645
120.5,32.12808,-2.9053,27.0784,96.653,27.0784,27.0784,27.0784,27.0784,4.01601,4.014992281835785,4.020728835883862,4.019462870867956,4.015417666733035,4.0134932957639515,4.012965201871298,4.014497390969984
120.6,32.11,-2.89534,27.2002,96.65,27.2002,27.2002,27.2002,27.2002,4.01375,4.016735863773288,4.010815051513565,4.013485586019381,4.010731402090473,4.01655451347906,4.01335973888281,4.0103004368729325
120.7,32.11072,-2.89486,27.2187,96.647,27.2187,27.2187,27.2187,27.2187,4.01384,4.0105698449436185,4.013621290599939,4.014909718702302,4.0125425440894436,4.0093990017353835,4.014217941899352,4.011528675889951
120.8,32.09272,-2.88092,27.2074,96.644,27.2074,27.2074,27.2074,27.2074,4.01159,4.008259759237486,4.010116493845128,4.007336185984078,4.014539638668554,4.006844477137382,4.0136804538058275,4.011987326728101
120.9,32.16808,-2.88825,27.0614,96.642,27.0614,27.0614,27.0614,27.0614,4.02101,4.024318063695458,4.019481695722049,4.018906787795419,4.024995344067458,4.023378662030285,4.020967074744028,4.018866978104349
121.0,32.096,-2.88045,27.0947,96.639,27.0947,27.0947,27.0947,27.0947,4.012,4.013432245174787,4.016705462888983,4.011539693795233,4.007704148626442,4.011210899399381,4.015870029998382,4.009800680393531
121.1,32.10896,-2.92497,27.22,96.636,27.22,27.22,27.22,27.22,4.01362,4.015638899756809,4.012062246184313,4.015852611478869,4.015689737055066,4.014102100688132,4.014321708942608,4.018590636200652
121.2,32.10808,-2.90996,27.0952,96.633,27.0952,27.0952,27.0952,27.0952,4.01351,4.016809224155703,4.016908686109641,4.014262446358168,4.014793542165973,4.01693176815133,4.012385798431721,4.013832139320432
121.3,32.14656,-2.88452,27.226,96.631,27.226,27.226,27.226,27.226,4.01832,4.01958741347191,4.015179649940145,4.01597232295875,4.014648722342434,4.017633511811568,4.022816102711452,4.014838924895325
121.4,32.11776,-2.89129,27.1436,96.628,27.1436,27.1436,27.1436,27.1436,4.01472,4.015446872186931,4.01751855139412,4.017469602240454,4.010676573513691,4.016607600580108,4.017779299137811,4.014865879009958
121.5,32.15456,-2.90188,27.0672,96.625,27.0672,27.0672,27.0672,27.0672,4.01932,4.021480471882677,4.01469695033853,4.0145799613317035,4.016647627697148,4.017007044502687,4.017065201592606,4.016298505022141
121.6,32.10816,-2.90711,27.0873,96.622,27.0873,27.0873,27.0873,27.0873,4.01352,4.015881331101673,4.009896981699214,4.012926156666439,4.013818652044444,4.014605977703011,4.0170933905807145,4.017644560188472
121.7,32.1308,-2.88817,27.1942,96.619,27.1942,27.1942,27.1942,27.1942,4.01635,4.012249356306708,4.016126474608264,4.016043271226471,4.016595694827757,4.019388909867762,4.019810747975516,4.021213132157791
121.8,32.10376,-2.92969,27.1976,96.617,27.1976,27.1976,27.1976,27.1976,4.01297,4.017285080488457,4.012872948021987,4.01470105843885,4.012678909131612,4.00968344726093,4.010415676433823,4.0123891712334165
121.9,32.17504,-2.88812,27.2617,96.614,27.2617,27.2617,27.2617,27.2617,4.02188,4.018395544409064,4.02260596393928,4.018114144617432,4.021493364939041,4.0173284223758605,4.01909281400349,4.02322999633684
122.0,32.0948,-2.89864,27.1697,96.611,27.1697,27.1697,27.1697,27.1697,4.01185,4.009417701471107,4.013509990567153,4.008701973615951,4.008631433199116,4.010899712013158,4.011647950141819,4.016508510920798
97.3,32.17016,-2.91622,27.0269,97.297,27.0269,27.0269,27.0269,27.0269,4.02127,4.0249135320279485,4.023515995281958,4.023068270774015,4.020151780603589,4.01778911784831,4.0256789279048215,4.02597824731782
122.1,32.13048,-2.90733,27.1571,96.608,27.1571,27.1571,27.1571,27.1571,4.01631,4.014539824549336,4.018566894997211,4.018352434060988,4.018285771154836,4.013655509872199,4.015643114610162,4.018803662791556
122.2,32.138,-2.89246,27.2775,96.606,27.2775,27.2775,27.2775,27.2775,4.01725,4.017490824072216,4.021000031525916,4.0168109104681164,4.019610182018266,4.017126106429296,4.012940929610325,4.014911039078773
122.3,32.13248,-2.90579,27.1198,96.603,27.1198,27.1198,27.1198,27.1198,4.01656,4.015710425587599,4.014615159998014,4.0153502600973034,4.020176646417089,4.016795069081735,4.015771327418528,4.0202211065516025
122.4,32.11784,-2.89956,27.1537,96.6,27.1537,27.1537,27.1537,27.1537,4.01473,4.015863281217465,4.011580354959929,4.017533726339438,4.019061222817926,4.0143544781145675,4.019027678672488,4.013562765326982
122.5,32.11896,-2.90069,27.1997,96.597,27.1997,27.1997,27.1997,27.1997,4.01487,4.010073047471052,4.010416982492948,4.018407528127495,4.01118458782163,4.0186201369498145,4.018163684726555,4.017030931867362
122.6,32.12288,-2.88883,27.118,96.594,27.118,27.118,27.118,27.118,4.01536,4.018226138756784,4.014045925970562,4.014792774884277,4.018170760156012,4.019935498579596,4.0136822554647305,4.0123233066588995
122.7,32.118,-2.89761,27.199,96.592,27.199,27.199,27.199,27.199,4.01475,4.01915120046241,4.014563825696081,4.018970064170346,4.014389503166511,4.0155192814680625,4.015759760131706,4.01391621673933
122.8,32.1444,-2.92864,27.173,96.589,27.173,27.173,27.173,27.173,4.01805,4.022367678135859,4.01698713124099,4.021653539967374,4.0205755078235415,4.013672395782611,4.0173702649366385,4.02102827551777
122.9,32.17408,-2.92088,27.2414,96.586,27.2414,27.2414,27.2414,27.2414,4.02176,4.017483634187535,4.021865127779002,4.018988519068888,4.021461279007355,4.020962675072957,4.022423943638282,4.017749357011017
123.0,32.10744,-2.91626,27.1487,96.583,27.1487,27.1487,27.1487,27.1487,4.01343,4.013064995839072,4.012709293629701,4.012478245807584,4.0086405329547,4.018118551577626,4.0108903184399995,4.011656528465766
123.1,32.08768,-2.89315,27.136,96.581,27.136,27.136,27.136,27.136,4.01096,4.012405724260508,4.013158519567051,4.006008979652255,4.015787863355656,4.011599077414723,4.011113428586367,4.014643960405447
123.2,32.11816,-2.89165,27.29,96.578,27.29,27.29,27.29,27.29,4.01477,4.014828159202153,4.013374827044369,4.013580045657512,4.018042541522515,4.014170401601798,4.010979269600686,4.015370978922434
123.3,32.18192,-2.87494,27.2265,96.575,27.2265,27.2265,27.2265,27.2265,4.02274,4.021136142737313,4.025992287465126,4.027398327960427,4.022197189733106,4.018651801093243,4.021439170181764,4.024416803571062
123.4,32.10048,-2.91522,27.2411,96.572,27.2411,27.2411,27.2411,27.2411,4.01256,4.008473826765122,4.015096412668231,4.014259857699474,4.017206934025914,4.0148806695229275,4.012946197865078,4.012935790541623
123.5,32.15888,-2.88036,27.2266,96.569,27.2266,27.2266,27.2266,27.2266,4.01986,4.015015592084106,4.019870467880966,4.022768592926289,4.0212759993998075,4.019961043106302,4.018513900914171,4.0166878485378215
123.6,32.15952,-2.92907,27.1365,96.567,27.1365,27.1365,27.1365,27.1365,4.01994,4.016039373795355,4.023903073906257,4.017567731822034,4.018075418631869,4.019363160535607,4.018794173564161,4.0165664160556735
123.7,32.10576,-2.89973,27.1199,96.564,27.1199,27.1199,27.1199,27.1199,4.01322,4.017420947960559,4.016872771846271,4.017997500390302,4.017468066863674,4.008505738678475,4.010469849657169,4.016163815422879
123.8,32.1324,-2.89632,27.1211,96.561,27.1211,27.1211,27.1211,27.1211,4.01655,4.0164337868693964,4.015402280417196,4.018409058320965,4.015782488445757,4.013925139792564,4.01550147725804,4.020427629061604
123.9,32.1576,-2.89638,27.144,96.558,27.144,27.144,27.144,27.144,4.0197,4.023316266172011,4.019131357199398,4.018028597507501,4.023917376293603,4.024256233326863,4.019637260248702,4.019089917196616
124.0,32.1092,-2.90464,27.2511,96.556,27.2511,27.2511,27.2511,27.2511,4.01365,4.009845307441206,4.013420210917861,4.013753044692223,4.013397437189444,4.015486608008754,4.015028268159957,4.008859146612023
124.1,32.11312,-2.89823,27.178,96.553,27.178,27.178,27.178,27.178,4.01414,4.013040906710725,4.009656944273202,4.015601199101293,4.011330984036382,4.012276241064809,4.017470109272951,4.018170577629174
124.2,32.10384,-2.91853,27.2365,96.55,27.2365,27.2365,27.2365,27.2365,4.01298,4.016768277303764,4.010223351104493,4.016367718676805,4.017213732467632,4.0153855927606665,4.010210143316055,4.017286070743265
124.3,32.0932,-2.88702,27.23,96.547,27.23,27.23,27.23,27.23,4.01165,4.007756783942605,4.01255639157327,4.009566436577355,4.01085656100069,4.011114529574698,4.0149019657996785,4.009119436201528
124.4,32.10168,-2.89625,27.2773,96.544,27.2773,27.2773,27.2773,27.2773,4.01271,4.0151987430131975,4.010395654230154,4.0124652726963514,4.011465317978111,4.00842020904407,4.010036999179973,4.01364278548013
124.5,32.0876,-2.89457,27.2298,96.542,27.2298,27.2298,27.2298,27.2298,4.01095,4.010139021854228,4.011453160327953,4.013616769349661,4.014182002177547,4.0152969408156425,4.015113012465431,4.010152512050852
124.6,32.1176,-2.90419,27.195,96.539,27.195,27.195,27.195,27.195,4.0147,4.010435396779443,4.014661298353556,4.016142059546437,4.014523500205476,4.015585387987545,4.0191049901439895,4.016974066254712
124.7,32.098,-2.90492,27.1048,96.536,27.1048,27.1048,27.1048,27.1048,4.01225,4.015601265595765,4.009663794195736,4.013767747513673,4.016944017719511,4.009065560941941,4.009118508988667,4.008675314553475
124.8,32.12184,-2.89213,27.2997,96.533,27.2997,27.2997,27.2997,27.2997,4.01523,4.015710655582217,4.017301634086115,4.01733391343789,4.015493418659571,4.013320801757017,4.018124775425326,4.018748418953265
124.9,32.07864,-2.87615,27.2476,96.531,27.2476,27.2476,27.2476,27.2476,4.00983,4.005951996978847,4.007452258249788,4.008984187449549,4.004870675447961,4.01409580217771,4.007489229549099,4.0069867599121
125.0,32.12368,-2.9209,27.2097,96.528,27.2097,27.2097,27.2097,27.2097,4.01546,4.012249539991689,4.0162005125107845,4.0195098515559415,4.019769679698909,4.016321122452951,4.014445336988715,4.018471127303578
125.1,32.13552,-2.92166,27.1976,96.525,27.1976,27.1976,27.1976,27.1976,4.01694,4.020854094016533,4.0184716725809215,4.015737959471079,4.0152738861841035,4.01786712124765,4.020161622671401,4.014406187872552
125.2,32.06736,-2.89601,27.0785,96.522,27.0785,27.0785,27.0785,27.0785,4.00842,4.005861292907782,4.00392486097578,4.0058487614424285,4.004581306665976,4.003939343917883,4.009826382090671,4.00686201729331
125.3,32.124,-2.90498,27.2112,96.519,27.2112,27.2112,27.2112,27.2112,4.0155,4.017431660039514,4.019115473116983,4.010562909393959,4.013358007900435,4.0115111953913605,4.019171463856225,4.013992639801849
125.4,32.14424,-2.89814,27.1546,96.517,27.1546,27.1546,27.1546,27.1546,4.01803,4.01911823543604,4.017282420871031,4.0137884837143485,4.020442844871865,4.015003019235873,4.013689857056769,4.020159284042291
125.5,32.08544,-2.90036,27.0885,96.514,27.0885,27.0885,27.0885,27.0885,4.01068,4.010223504957868,4.007320169485151,4.006130842890157,4.0100477824500365,4.015201861775366,4.013727293589237,4.013731761349385
125.6,32.1544,-2.89067,27.1584,96.511,27.1584,27.1584,27.1584,27.1584,4.0193,4.016034979469543,4.017253935828926,4.020831717872169,4.0170934518296395,4.014463420851179,4.022155721085924,4.015769111606952
125.7,32.124,-2.90429,27.2024,96.508,27.2024,27.2024,27.2024,27.2024,4.0155,4.019588175487645,4.014442635095043,4.02024372726187,4.017261297338714,4.0189447377299095,4.018748174330794,4.0173526398909525
125.8,32.0968,-2.91812,27.2109,96.506,27.2109,27.2109,27.2109,27.2109,4.0121,4.015927718530904,4.0118746521857584,4.0128355656147345,4.008726321202549,4.011996971955296,4.011317972271207,4.0090267822516745
97.4,32.17488,-2.89965,27.0306,97.294,27.0306,27.0306,27.0306,27.0306,4.02186,4.025023801047366,4.02118034511678,4.0222488769366125,4.0195388527675044,4.0236160809230945,4.025018327400918,4.0181249017245415
125.9,32.11216,-2.91185,27.1183,96.503,27.1183,27.1183,27.1183,27.1183,4.01402,4.012309088040401,4.011387204108014,4.013067259765958,4.010547424217796,4.014440433185966,4.013300947418792,4.009314907621259
126.0,32.12664,-2.90241,27.1078,96.5,27.1078,27.1078,27.1078,27.1078,4.01583,4.019657715876856,4.018121584749645,4.01585491656272,4.013154235210129,4.012306713732432,4.015785200717759,4.015207876157696
126.1,32.1148,-2.91882,27.1719,96.497,27.1719,27.1719,27.1719,27.1719,4.01435,4.016735415669406,4.018752200101532,4.01570177312469,4.014754107885189,4.015446938085918,4.009453827274021,4.014114437860715
126.2,32.12568,-2.90055,27.2248,96.494,27.2248,27.2248,27.2248,27.2248,4.01571,4.0201719780397385,4.020005059186694,4.013652885272669,4.011951976573829,4.013817965045481,4.011563629283808,4.018858391560305
126.3,32.0904,-2.89909,27.1435,96.492,27.1435,27.1435,27.1435,27.1435,4.0113,4.011128392286414,4.006721663772014,4.010372599966902,4.007004555608224,4.014080938562791,4.009148958184727,4.01122108258096
126.4,32.11624,-2.90537,27.165,96.489,27.165,27.165,27.165,27.165,4.01453,4.010871336593956,4.010868018071211,4.015848411702927,4.013317995508735,4.011488287321032,4.015433724671113,4.0143091955430945
126.5,32.078,-2.89686,27.2034,96.486,27.2034,27.2034,27.2034,27.2034,4.00975,4.012975049652378,4.011823268566584,4.00783244920617,4.012419692168215,4.01318690868039,4.013692523984139,4.008082766117099
126.6,32.10904,-2.92421,27.1434,96.483,27.1434,27.1434,27.1434,27.1434,4.01363,4.01450912352041,4.018348479730426,4.013519203239519,4.013013578988537,4.0122528087540505,4.009253270981214,4.012675398848924
126.7,32.08976,-2.9143,27.0728,96.481,27.0728,27.0728,27.0728,27.0728,4.01122,4.006699848320581,4.007710928126311,4.015251070875224,4.0116770331397555,4.016211586829218,4.013334746113017,4.013124312309571
126.8,32.09352,-2.91714,27.2124,96.478,27.2124,27.2124,27.2124,27.2124,4.01169,4.010569768908504,4.010104965939845,4.011055756703362,4.011334490285684,4.016356277788699,4.006751758585497,4.015682532567793
126.9,32.14064,-2.8868,27.0894,96.475,27.0894,27.0894,27.0894,27.0894,4.01758,4.0144944493908294,4.01926516219603,4.018816303540053,4.021932647570091,4.012989823748676,4.015077564030838,4.014608327595671
127.0,32.13688,-2.86541,27.2146,96.472,27.2146,27.2146,27.2146,27.2146,4.01711,4.016757458268125,4.019081529150583,4.01217282554587,4.013913288160904,4.013766297298017,4.020378319471412,4.020898832505192
127.1,32.12504,-2.91321,27.182,96.469,27.182,27.182,27.182,27.182,4.01563,4.0115445816655715,4.018482269115038,4.020436020687664,4.011624051103516,4.01065281635789,4.012400094505933,4.018040378467454
127.2,32.084,-2.90353,27.1821,96.467,27.1821,27.1821,27.1821,27.1821,4.0105,4.011827431208249,4.006411804343622,4.013211192771591,4.0152932938310135,4.014126200044375,4.007574306496189,4.014630653177586
127.3,32.10232,-2.9104,27.1302,96.464,27.1302,27.1302,27.1302,27.1302,4.01279,4.012740514924079,4.014407758813215,4.012530710067269,4.012548014001991,4.015970380206644,4.010302021665151,4.013228259896118
127.4,32.1388,-2.89668,27.1769,96.461,27.1769,27.1769,27.1769,27.1769,4.01735,4.013886160048157,4.013610354524029,4.013945688950922,4.02172645106262,4.013969145241068,4.021331689298699,4.014064622875093
127.5,32.1128,-2.90913,27.1447,96.458,27.1447,27.1447,27.1447,27.1447,4.0141,4.010586686325433,4.010146947511894,4.012513618984709,4.013912163953764,4.009182362094868,4.014945920017551,4.011471643404895
127.6,32.16488,-2.89576,27.3688,96.456,27.3688,27.3688,27.3688,27.3688,4.02061,4.017564305840352,4.019206905854742,4.022738322704262,4.02061674541863,4.021108400991492,4.023848292308836,4.01896782190939
127.7,32.1184,-2.89002,27.1502,96.453,27.1502,27.1502,27.1502,27.1502,4.0148,4.013342059694431,4.012909120568257,4.01891094611441,4.016950376106562,4.016309178817038,4.011688424082616,4.018071965611332
127.8,32.11328,-2.91836,27.2613,96.45,27.2613,27.2613,27.2613,27.2613,4.01416,4.015907792617536,4.013146510539285,4.015000283260571,4.0163786188659785,4.012860667554528,4.016092399234232,4.011033353998361
127.9,32.10104,-2.89593,27.1656,96.447,27.1656,27.1656,27.1656,27.1656,4.01263,4.0128623370742496,4.017087863352789,4.016427617357157,4.012072369969078,4.014662253205912,4.008901131045741,4.016614575808348
128.0,32.11136,-2.92691,27.2146,96.444,27.2146,27.2146,27.2146,27.2146,4.01392,4.015447145827675,4.010945155751424,4.015800929158585,4.018725738441346,4.012696509154117,4.018087649070204,4.011335953704014
128.1,32.10424,-2.90385,27.201,96.442,27.201,27.201,27.201,27.201,4.01303,4.014421204441907,4.0129767267656415,4.010865639687454,4.017871588391874,4.010833702361474,4.016837834030643,4.017434597667212
128.2,32.12464,-2.90486,27.1911,96.439,27.1911,27.1911,27.1911,27.1911,4.01558,4.013843415116554,4.011911858790334,4.011806163074787,4.01779640384721,4.0174876887687025,4.017740346373174,4.011794307256089
128.3,32.1304,-2.90344,27.1898,96.436,27.1898,27.1898,27.1898,27.1898,4.0163,4.019213898595669,4.013654767068963,4.0139395035373955,4.015660607667885,4.020839865724574,4.014063298309507,4.018337156461829
128.4,32.08832,-2.90468,27.2169,96.433,27.2169,27.2169,27.2169,27.2169,4.01104,4.010632997614811,4.0139742433761425,4.010073289759392,4.011138274800491,4.013299096866154,4.015481755230682,4.006225049894948
128.5,32.07496,-2.90742,27.2852,96.431,27.2852,27.2852,27.2852,27.2852,4.00937,4.013796812770683,4.010814161863467,4.005159465803038,4.005648856800794,4.012717885870965,4.005069934510443,4.0045001403396245
128.6,32.06256,-2.90399,27.1353,96.428,27.1353,27.1353,27.1353,27.1353,4.00782,4.003670795948829,4.003877313574654,4.00993400609287,4.0039451394135295,4.004479362072599,4.004278085958154,4.007811641796692
128.7,32.11864,-2.89643,27.0976,96.425,27.0976,27.0976,27.0976,27.0976,4.01483,4.018248007001904,4.013974160761285,4.017863608725694,4.016785604333692,4.010968254049852,4.0133830901747105,4.0139416409774675
128.8,32.07968,-2.89601,27.1544,96.422,27.1544,27.1544,27.1544,27.1544,4.00996,4.00818359071875,4.0053101599548855,4.009145607616769,4.008014365674609,4.013450606686942,4.006945646846948,4.008322750901429
128.9,32.05424,-2.89827,27.2124,96.419,27.2124,27.2124,27.2124,27.2124,4.00678,4.006632063696312,4.0052685830198556,4.002327053997356,4.006375029720333,4.003315146638172,4.004446152270183,4.0114990040514416
129.0,32.11496,-2.9086,27.1875,96.417,27.1875,27.1875,27.1875,27.1875,4.01437,4.011089329037017,4.0132170484676255,4.010865258151153,4.017786004544572,4.015586594655768,4.010362994700126,4.0097227627114735
129.1,32.1652,-2.88379,27.2983,96.414,27.2983,27.2983,27.2983,27.2983,4.02065,4.016077537379577,4.016925105930866,4.02115389347183,4.017872779509354,4.018229502074559,4.018633570157331,4.01763957169863
129.2,32.10504,-2.87712,27.2915,96.411,27.2915,27.2915,27.2915,27.2915,4.01313,4.018059159836412,4.009922399795728,4.0157654984200875,4.013500161346801,4.016426198539042,4.016814750660584,4.014319927988241
129.3,32.12504,-2.91933,27.1795,96.408,27.1795,27.1795,27.1795,27.1795,4.01563,4.012365334486657,4.012459959565077,4.010895884438178,4.0203144009746925,4.0132944015746315,4.016160496534578,4.010845915145806
129.4,32.10664,-2.89754,27.3,96.406,27.3,27.3,27.3,27.3,4.01333,4.00889378341448,4.0116044134920354,4.010053175787988,4.017818727908009,4.011497581016654,4.0172897685101825,4.016000249130961
129.5,32.102,-2.90702,27.2331,96.403,27.2331,27.2331,27.2331,27.2331,4.01275,4.015000009082832,4.008837682167177,4.017679407413186,4.014977842854609,4.015129984255446,4.012215126398184,4.009582661289784
129.6,32.12616,-2.88612,27.1646,96.4,27.1646,27.1646,27.1646,27.1646,4.01577,4.011818759142677,4.01156209878608,4.011189269456209,4.013211672263889,4.012210816501736,4.0161292882636905,4.017332653003236
129.7,32.09696,-2.90019,27.2017,96.397,27.2017,27.2017,27.2017,27.2017,4.01212,4.010583193985996,4.0116175429037915,4.016263573495961,4.014664148625784,4.016457111452826,4.01632860193082,4.015621798357571
97.5,32.14,-2.88596,26.9696,97.292,26.9696,26.9696,26.9696,26.9696,4.0175,4.0146237281833415,4.022412719241723,4.0171345791436,4.013165939773273,4.015007208307497,4.013473808776373,4.018224290966685
129.8,32.11008,-2.8992,27.1978,96.394,27.1978,27.1978,27.1978,27.1978,4.01376,4.017044521491596,4.018626738848041,4.017581583603706,4.013318335842181,4.014701631216455,4.015951072612004,4.008979450700372
129.9,32.11112,-2.89258,27.1658,96.392,27.1658,27.1658,27.1658,27.1658,4.01389,4.012494998481625,4.0152371956534125,4.014360354613812,4.011461048172294,4.010768406673918,4.01226564204059,4.0187853722952065
130.0,32.08712,-2.90446,27.1724,96.389,27.1724,27.1724,27.1724,27.1724,4.01089,4.010175948290617,4.012771673342287,4.012236091621169,4.009157890976962,4.008513063523042,4.011054519973154,4.013362839230919
130.1,32.12672,-2.87484,27.2381,96.386,27.2381,27.2381,27.2381,27.2381,4.01584,4.01266246112,4.012800563667865,4.013378573775386,4.020089701310308,4.018336532611058,4.0197760265179605,4.015166306647752
130.2,32.0984,-2.89235,27.1875,96.383,27.1875,27.1875,27.1875,27.1875,4.0123,4.008359845398677,4.016524802897703,4.013982387594698,4.008654732735546,4.014844459149203,4.016731032342782,4.00944580756314
130.3,32.08424,-2.88603,27.1951,96.381,27.1951,27.1951,27.1951,27.1951,4.01053,4.01114712964421,4.01548927908128,4.015335156010038,4.010470269751456,4.014504734513591,4.013243762816434,4.007915451452468
130.4,32.11496,-2.90331,27.2001,96.378,27.2001,27.2001,27.2001,27.2001,4.01437,4.013989165451221,4.015908981407151,4.018485918192792,4.018178962529483,4.015972712709315,4.017530586047452,4.015892911487222
130.5,32.08032,-2.90184,27.203,96.375,27.203,27.203,27.203,27.203,4.01004,4.005543921563201,4.0137449581176385,4.009663049318901,4.014001656865078,4.014817321374703,4.008372379230047,4.006030546082017
130.6,32.10232,-2.88783,27.2688,96.372,27.2688,27.2688,27.2688,27.2688,4.01279,4.01449396908596,4.0174335143401825,4.01367280500789,4.017364165764297,4.012710903396108,4.015869905142648,4.011226117358234
130.7,32.10112,-2.88933,27.1645,96.369,27.1645,27.1645,27.1645,27.1645,4.01264,4.008641081580726,4.017165071840193,4.011846595697985,4.014117591972898,4.0169155321835275,4.007776154446593,4.016027307380055
130.8,32.1272,-2.91873,27.2285,96.367,27.2285,27.2285,27.2285,27.2285,4.0159,4.0141738268569345,4.011461116226535,4.019670025589574,4.01384157099106,4.0163487975526415,4.013399958815165,4.016596557106509
130.9,32.11224,-2.89809,27.1244,96.364,27.1244,27.1244,27.1244,27.1244,4.01403,4.012615594770935,4.014427013997119,4.009866153512602,4.010969240296375,4.012120995964082,4.0125419453077935,4.017556111686429
131.0,32.1,-2.89289,27.1844,96.361,27.1844,27.1844,27.1844,27.1844,4.0125,4.0075753504063885,4.011358502862504,4.0137274450030205,4.014055917398109,4.009819606433013,4.013435994395785,4.014633857014855
131.1,32.12,-2.90195,27.1377,96.358,27.1377,27.1377,27.1377,27.1377,4.015,4.012565839262704,4.0174454341814645,4.0189346403944395,4.010254436823336,4.010934401430442,4.012060160213774,4.015232994286039
131.2,32.13344,-2.89432,27.3138,96.356,27.3138,27.3138,27.3138,27.3138,4.01668,4.015298495818164,4.019608980725185,4.019389158747201,4.020993441191603,4.01170826538595,4.019717316580354,4.018838125197463
131.3,32.1132,-2.90132,27.2253,96.353,27.2253,27.2253,27.2253,27.2253,4.01415,4.015734745736105,4.014930526181251,4.015522522050614,4.016728997732556,4.009769999746339,4.017091490950001,4.009265848750472
131.4,32.09984,-2.9337,27.1922,96.35,27.1922,27.1922,27.1922,27.1922,4.01248,4.014386553379844,4.014190124052791,4.008790222789221,4.016803231346539,4.015492082258669,4.015416245080139,4.01198442580148
131.5,32.06784,-2.91966,27.1141,96.347,27.1141,27.1141,27.1141,27.1141,4.00848,4.0113956287678905,4.00655944599995,4.004836885389919,4.010845901328053,4.007579700574252,4.010180260454888,4.007678813580003
131.6,32.07352,-2.88538,27.1384,96.344,27.1384,27.1384,27.1384,27.1384,4.00919,4.010326978256543,4.012458940702025,4.0114236306793565,4.014026710411873,4.011498463600461,4.01112410642312,4.007416565261108
131.7,32.09152,-2.90367,27.2704,96.342,27.2704,27.2704,27.2704,27.2704,4.01144,4.008605878741364,4.01142971443216,4.007397513281495,4.014118278777918,4.011613960139751,4.007595944419373,4.0132673008345074
131.8,32.084,-2.89715,27.2411,96.339,27.2411,27.2411,27.2411,27.2411,4.0105,4.014467572625768,4.00717822792317,4.01487727611782,4.007176490182626,4.010365577577626,4.009474485769361,4.010581665240021
131.9,32.09384,-2.90005,27.1339,96.336,27.1339,27.1339,27.1339,27.1339,4.01173,4.012698787807257,4.011932254752708,4.013413686096641,4.010633656429565,4.008023798970797,4.014185311531973,4.010078388981902
132.0,32.09944,-2.91238,27.1347,96.333,27.1347,27.1347,27.1347,27.1347,4.01243,4.01590133630237,4.0136942966592635,4.014328845441843,4.014528598271071,4.014766726948437,4.014124463488209,4.014268986553577
132.1,32.11056,-2.90701,27.3323,96.331,27.3323,27.3323,27.3323,27.3323,4.01382,4.012610841162573,4.009693684224801,4.010548088823733,4.00965149597207,4.0152089957554224,4.015407304940913,4.016034464379392
132.2,32.09592,-2.89507,27.3033,96.328,27.3033,27.3033,27.3033,27.3033,4.01199,4.015940413525361,4.013388703903103,4.008850149240751,4.009458855003402,4.015556018868778,4.015203811356417,4.013859338802909
132.3,32.10904,-2.89354,27.2402,96.325,27.2402,27.2402,27.2402,27.2402,4.01363,4.015621151756898,4.015965725975758,4.010870146122934,4.017722801310641,4.011589893908286,4.018237423968001,4.013644340042864
132.4,32.09864,-2.86717,27.2299,96.322,27.2299,27.2299,27.2299,27.2299,4.01233,4.007545450245457,4.012766616585175,4.011233341743379,4.008480735813461,4.008042163137055,4.015265617089999,4.011027688399244
132.5,32.04944,-2.90717,27.2134,96.319,27.2134,27.2134,27.2134,27.2134,4.00618,4.002737768413261,4.008096573061197,4.009138681457939,4.001508934248587,4.007715877762403,4.007753952186778,4.002061994710655
132.6,32.074,-2.87494,27.1486,96.317,27.1486,27.1486,27.1486,27.1486,4.00925,4.008370437037162,4.012552891866207,4.005866702344008,4.01054443825488,4.0083374118582515,4.007165678544237,4.006761308067435
132.7,32.09288,-2.91291,27.2762,96.314,27.2762,27.2762,27.2762,27.2762,4.01161,4.014456218670221,4.016525029426585,4.012435271977179,4.0131787470550195,4.009230137116324,4.010195688324334,4.009074602849081
132.8,32.06704,-2.89267,27.2133,96.311,27.2133,27.2133,27.2133,27.2133,4.00838,4.007309894571703,4.011829306104559,4.007701645843112,4.010128264131222,4.012672620485836,4.011310783942095,4.006798393309506
132.9,32.11024,-2.89733,27.2694,96.308,27.2694,27.2694,27.2694,27.2694,4.01378,4.0145537804209255,4.011289583225748,4.009422801801034,4.012551107243001,4.0168140573001745,4.018460973314341,4.009168771563285
133.0,32.13232,-2.90189,27.2019,96.306,27.2019,27.2019,27.2019,27.2019,4.01654,4.020363329809612,4.016265794903404,4.01641749043239,4.020004396272729,4.01546664028772,4.013328259684479,4.015713464209918
133.1,32.12456,-2.90008,27.2484,96.303,27.2484,27.2484,27.2484,27.2484,4.01557,4.014175246038951,4.015242677006144,4.017120812665604,4.0140948509172425,4.014191837695243,4.017967244074263,4.018319203002471
133.2,32.08992,-2.90934,27.1983,96.3,27.1983,27.1983,27.1983,27.1983,4.01124,4.010266575213169,4.006397860130099,4.008554286352039,4.006975424496159,4.013957558750291,4.011127704733366,4.013032252637453
133.3,32.13056,-2.88644,27.2318,96.297,27.2318,27.2318,27.2318,27.2318,4.01632,4.0148411332465965,4.0122561520177715,4.014445779711165,4.013545579701782,4.01338429459012,4.012270941830029,4.0185014740623295
133.4,32.09816,-2.91264,27.276,96.294,27.276,27.276,27.276,27.276,4.01227,4.01047026170814,4.009408845622996,4.009797131881815,4.0165634292931625,4.010178717176168,4.013659896423847,4.00742034256236
133.5,32.08624,-2.89524,27.1966,96.292,27.1966,27.1966,27.1966,27.1966,4.01078,4.009265361495878,4.010667820749405,4.007175897275555,4.010429978569743,4.0120739774487255,4.015740615851531,4.0083075900141845
133.6,32.07936,-2.88866,27.3504,96.289,27.3504,27.3504,27.3504,27.3504,4.00992,4.007577281948513,4.010741863000809,4.013884088687319,4.009262805370372,4.010017318659416,4.011030467225213,4.013303537200453
133.7,32.08656,-2.87924,27.1951,96.286,27.1951,27.1951,27.1951,27.1951,4.01082,4.006290945888521,4.010326293553181,4.0076945259848165,4.00754050708903,4.010426749332846,4.01085318078663,4.009189708495005
133.8,32.08424,-2.88542,27.2385,96.283,27.2385,27.2385,27.2385,27.2385,4.01053,4.007127596863111,4.014142923018974,4.012177944952321,4.012834283803701,4.013196878544738,4.015211075070434,4.014436427412493
133.9,32.09736,-2.89141,27.3137,96.281,27.3137,27.3137,27.3137,27.3137,4.01217,4.01162793359884,4.0135774304613685,4.007943078872995,4.008760200087846,4.013934196538186,4.012702972592449,4.013497730637415
134.0,32.09688,-2.90957,27.3183,96.278,27.3183,27.3183,27.3183,27.3183,4.01211,4.015719149988724,4.012150018173513,4.007144970505604,4.013561166152365,4.009438640373263,4.01254219023253,4.014142871199672
134.1,32.09288,-2.91179,27.2599,96.275,27.2599,27.2599,27.2599,27.2599,4.01161,4.011164637364131,4.007869850923073,4.011644359878169,4.006789324871339,4.012536957524709,4.011542171423524,4.014356320236849
97.6,32.17424,-2.89851,26.9587,97.289,26.9587,26.9587,26.9587,26.9587,4.02178,4.017964927979522,4.023473638418812,4.021501145439631,4.017344424547974,4.0206124212255725,4.0188236879914925,4.0263344516826365
134.2,32.10304,-2.91708,27.2485,96.272,27.2485,27.2485,27.2485,27.2485,4.01288,4.017228276251368,4.012714281586987,4.013636677554281,4.011211581699042,4.015035728462062,4.016318523492884,4.010708740925438
134.3,32.12088,-2.91851,27.237,96.269,27.237,27.237,27.237,27.237,4.01511,4.011572656027801,4.01562515554955,4.017201416307107,4.017214177007596,4.014171400762983,4.018622500892102,4.01494439009631
134.4,32.1148,-2.90002,27.3148,96.267,27.3148,27.3148,27.3148,27.3148,4.01435,4.01494231433097,4.014448732029521,4.017988344780064,4.019049928865368,4.012590800094135,4.015414539019767,4.018235962345632
134.5,32.05616,-2.91091,27.2914,96.264,27.2914,27.2914,27.2914,27.2914,4.00702,4.00578594436431,4.011275213614586,4.009343710720799,4.002639069062341,4.002086693630101,4.002020700889776,4.004620542781046
134.6,32.03024,-2.88201,27.2998,96.261,27.2998,27.2998,27.2998,27.2998,4.00378,4.007321301678014,3.998957330444607,4.000855335070629,4.006677567324728,3.9996192718752335,4.00031474991649,4.001801014911271
134.7,32.11368,-2.90868,27.333,96.258,27.333,27.333,27.333,27.333,4.01421,4.013552547476055,4.0185841591148455,4.014826288954794,4.0135163228336665,4.013918344914254,4.017323248892774,4.016549360848778
134.8,32.05824,-2.89859,27.263,96.256,27.263,27.263,27.263,27.263,4.00728,4.004080702655923,4.012131744425051,4.002604058790313,4.002521986092672,4.006144045386926,4.0088952073430075,4.010459429750484
134.9,32.08536,-2.90397,27.2116,96.253,27.2116,27.2116,27.2116,27.2116,4.01067,4.011949163711627,4.006430029873419,4.006416087133332,4.015369994220879,4.010418182642962,4.00771814887636,4.006909640531115
135.0,32.06248,-2.92106,27.2576,96.25,27.2576,27.2576,27.2576,27.2576,4.00781,4.011916180621885,4.003531325712147,4.0103657395258505,4.00832406755858,4.0104246687197165,4.012516637996833,4.004875587324235
135.1,32.04704,-2.88366,27.2404,96.247,27.2404,27.2404,27.2404,27.2404,4.00588,4.005791163146653,4.005107582525693,4.002448307032608,4.009246703293068,4.002254369890691,4.002188976647354,4.006216150889712
135.2,32.10304,-2.88957,27.2262,96.244,27.2262,27.2262,27.2262,27.2262,4.01288,4.01170435948367,4.012544386998999,4.008702233380104,4.0173105315924795,4.009008019710609,4.0130161030054206,4.0093692735377395
135.3,32.108,-2.88784,27.2138,96.242,27.2138,27.2138,27.2138,27.2138,4.0135,4.015407771848061,4.015391238063048,4.0121629183644165,4.008513843537076,4.012835431384315,4.017189366109063,4.01616517758168
135.4,32.07568,-2.89108,27.2715,96.239,27.2715,27.2715,27.2715,27.2715,4.00946,4.013623476440552,4.004573011629245,4.009139461491973,4.008880289303879,4.013555046145691,4.007484384117731,4.0133487984729035
135.5,32.02712,-2.91139,27.2774,96.236,27.2774,27.2774,27.2774,27.2774,4.00339,4.008348053801097,4.000860961934557,4.003772583111702,4.004403706969092,4.004179064922629,4.005596544137072,4.001125799410948
135.6,32.07592,-2.9111,27.1979,96.233,27.1979,27.1979,27.1979,27.1979,4.00949,4.0106236024590425,4.01385450977386,4.009091214856002,4.012143237325443,4.014075316769488,4.005605530717744,4.012582858774089
135.7,32.09816,-2.89322,27.2591,96.231,27.2591,27.2591,27.2591,27.2591,4.01227,4.014269415991461,4.012822981103688,4.012073000574806,4.013644516706955,4.009602416089012,4.009070133738146,4.009160944674774
135.8,32.05304,-2.87686,27.3381,96.228,27.3381,27.3381,27.3381,27.3381,4.00663,4.003734926053908,4.002460578505456,4.0058837156910085,4.006839146681001,4.006637126379003,4.011217223548524,4.0031317658445
135.9,32.09264,-2.89421,27.1964,96.225,27.1964,27.1964,27.1964,27.1964,4.01158,4.0156562797008375,4.007799562500994,4.013035233023218,4.007413641629091,4.009264968613996,4.012929582320181,4.0135012965033585
136.0,32.0876,-2.88532,27.3239,96.222,27.3239,27.3239,27.3239,27.3239,4.01095,4.015203669383492,4.0120149411138835,4.007620641204424,4.006306757474524,4.012891749835233,4.006915576763097,4.015486324311557
136.1,32.10168,-2.90789,27.1898,96.219,27.1898,27.1898,27.1898,27.1898,4.01271,4.01141073782112,4.0095287692137065,4.008453567546961,4.012913761303872,4.011097026955314,4.012852763858911,4.014246491092197
136.2,32.0904,-2.88353,27.2645,96.217,27.2645,27.2645,27.2645,27.2645,4.0113,4.007983065245264,4.011438388192788,4.013132212497412,4.0129477364629995,4.011570177584241,4.0111083723650545,4.010725234146451
136.3,32.06392,-2.90629,27.1364,96.214,27.1364,27.1364,27.1364,27.1364,4.00799,4.007455444552251,4.0127497980733615,4.012108634688558,4.006113423596743,4.004067626866069,4.012130580865674,4.005000120015114
136.4,32.11568,-2.8964,27.2822,96.211,27.2822,27.2822,27.2822,27.2822,4.01446,4.016297912059607,4.016178383112345,4.014180473117055,4.015192545141042,4.012301259913647,4.009902750408742,4.011767290877717
136.5,32.08296,-2.90549,27.2311,96.208,27.2311,27.2311,27.2311,27.2311,4.01037,4.012643935786153,4.006553193427924,4.015184183058884,4.014658711054307,4.011381557328985,4.010513688657967,4.0146614770870945
136.6,32.08584,-2.88666,27.1402,96.206,27.1402,27.1402,27.1402,27.1402,4.01073,4.005791931423007,4.014749470901189,4.005931484738713,4.015071999548532,4.012145629674367,4.011516906892903,4.01041948875974
136.7,32.06384,-2.88646,27.2171,96.203,27.2171,27.2171,27.2171,27.2171,4.00798,4.011210773794798,4.006708837021369,4.006850007414022,4.007073570225734,4.008351935875985,4.011971256424676,4.009297819250557
136.8,32.07536,-2.92215,27.3519,96.2,27.3519,27.3519,27.3519,27.3519,4.00942,4.004937030841029,4.005026629156597,4.009746293026333,4.008116324253185,4.013507105606698,4.006777085019074,4.0071895574153045
136.9,32.06448,-2.88012,27.2806,96.197,27.2806,27.2806,27.2806,27.2806,4.00806,4.004826811787389,4.010737510747463,4.005629436387243,4.004274226146067,4.010863720664981,4.009553576066754,4.005161981097787
137.0,32.08136,-2.86435,27.2537,96.194,27.2537,27.2537,27.2537,27.2537,4.01017,4.005344070753225,4.011539598308894,4.005375735116972,4.011480439886974,4.008442949905752,4.005873518455119,4.005423299322864
137.1,32.12632,-2.90533,27.2793,96.192,27.2793,27.2793,27.2793,27.2793,4.01579,4.016321457317575,4.012624144637607,4.0167355942572875,4.020489805491684,4.016806378162055,4.0200111253057536,4.0123807755975545
137.2,32.05208,-2.9019,27.3086,96.189,27.3086,27.3086,27.3086,27.3086,4.00651,4.002469141756494,4.005142171539701,4.002329147591985,4.004090220841244,4.011368872094143,4.008934620150253,4.009248752208722
137.3,32.046,-2.88141,27.3399,96.186,27.3399,27.3399,27.3399,27.3399,4.00575,4.009270924426636,4.001085108118002,4.0097766016116685,4.0074254466890356,4.002779091701897,4.004600116196672,4.004842309229624
137.4,32.11976,-2.899,27.2316,96.183,27.2316,27.2316,27.2316,27.2316,4.01497,4.015196264635306,4.0114172786225675,4.016528638470755,4.015890836397047,4.015091037733557,4.013671950912837,4.018233679801948
137.5,32.0792,-2.90006,27.2851,96.181,27.2851,27.2851,27.2851,27.2851,4.0099,4.009654604053161,4.005271446350443,4.008923533948258,4.008301200414936,4.01066067264192,4.014188617224851,4.006081272086837
137.6,32.06792,-2.87155,27.2786,96.178,27.2786,27.2786,27.2786,27.2786,4.00849,4.006153580297515,4.0054787538793075,4.00366004072203,4.006541210223077,4.003898564842968,4.010623628924774,4.009875495992508
137.7,32.10872,-2.92031,27.257,96.175,27.257,27.257,27.257,27.257,4.01359,4.01495624796287,4.009852856931006,4.014678626843409,4.008878645291344,4.01177223276166,4.0094978398169845,4.0147452075802805
137.8,32.06896,-2.91183,27.2399,96.172,27.2399,27.2399,27.2399,27.2399,4.00862,4.013231800460386,4.01116964605004,4.005137781896598,4.004810999678254,4.008639403279304,4.009974546492712,4.008927641757796
137.9,32.12704,-2.89373,27.3478,96.169,27.3478,27.3478,27.3478,27.3478,4.01588,4.017945708927566,4.01116716640259,4.014769588566642,4.018190861661403,4.013450319583907,4.01808265034782,4.01460362073339
138.0,32.09928,-2.92429,27.2679,96.167,27.2679,27.2679,27.2679,27.2679,4.01241,4.016580313323663,4.011948648476129,4.017255834900879,4.011905203310843,4.009926149420944,4.015210965110972,4.013679903534339
138.1,32.07104,-2.9056,27.1796,96.164,27.1796,27.1796,27.1796,27.1796,4.00888,4.004787034879511,4.0050395144745785,4.0068466706514885,4.012625666386502,4.0113378365851196,4.004433515174299,4.011788054511265
138.2,32.13424,-2.90573,27.0789,96.161,27.0789,27.0789,27.0789,27.0789,4.01678,4.0157275011371345,4.014297790718261,4.02013022439871,4.0202122932846995,4.017575804591703,4.018187041860474,4.012452165268438
138.3,32.06768,-2.88557,27.3109,96.158,27.3109,27.3109,27.3109,27.3109,4.00846,4.004444189426017,4.003508878989454,4.012054810924294,4.008963454906285,4.004063293578434,4.004011451440991,4.008692039032449
138.4,32.09976,-2.88961,27.2284,96.156,27.2284,27.2284,27.2284,27.2284,4.01247,4.012353638383517,4.014192934449047,4.015082263569818,4.012886598906002,4.008407506769108,4.011576697128298,4.017418134273277
138.5,32.08888,-2.92525,27.2456,96.153,27.2456,27.2456,27.2456,27.2456,4.01111,4.007794702342737,4.01153986988924,4.009663763902981,4.010106088607471,4.015197810327775,4.014311226338849,4.012443215074958
97.7,32.12664,-2.90537,26.9888,97.286,26.9888,26.9888,26.9888,26.9888,4.01583,4.014289732490306,4.020138141379662,4.011558877591365,4.019078925481842,4.013673461040117,4.016982603191278,4.01345014031581
138.6,32.11272,-2.9104,27.2797,96.15,27.2797,27.2797,27.2797,27.2797,4.01409,4.018840374351199,4.018782862747926,4.017590003002771,4.014518139464859,4.0124518186856974,4.01251148393849,4.012819181457585
138.7,32.11872,-2.91035,27.4034,96.147,27.4034,27.4034,27.4034,27.4034,4.01484,4.010849055378078,4.010607021009522,4.014010729314426,4.018438016335329,4.0154171732759485,4.015780836275501,4.014260103224344
138.8,32.08176,-2.90325,27.3375,96.144,27.3375,27.3375,27.3375,27.3375,4.01022,4.008447299331596,4.0122054310864685,4.012785668173813,4.01180314555128,4.0132830596554925,4.014263668391828,4.005232417936789
138.9,32.06264,-2.91646,27.2432,96.142,27.2432,27.2432,27.2432,27.2432,4.00783,4.008590043172411,4.00885008154015,4.007740284962882,4.007179733265307,4.008998815122593,4.008892394319153,4.008515989172165
139.0,32.09152,-2.89323,27.3012,96.139,27.3012,27.3012,27.3012,27.3012,4.01144,4.008204955504939,4.01030508392127,4.010981099606769,4.011042877315133,4.0146463986067396,4.014372298939761,4.00956286305001
139.1,32.06392,-2.91041,27.2217,96.136,27.2217,27.2217,27.2217,27.2217,4.00799,4.010788054823969,4.007757620482228,4.012075155248025,4.008119929163551,4.012320884589089,4.00452734952023,4.012359788287778
139.2,32.12824,-2.89117,27.3048,96.133,27.3048,27.3048,27.3048,27.3048,4.01603,4.016189607931557,4.013228281319434,4.015890819772988,4.018750560370883,4.018402105144314,4.0177103627483675,4.013691867232485
139.3,32.08296,-2.90004,27.2095,96.131,27.2095,27.2095,27.2095,27.2095,4.01037,4.007684077857638,4.011164261639698,4.010687929903894,4.0115680596669945,4.014606066840064,4.014558722219387,4.00829859891961
139.4,32.07064,-2.9146,27.2704,96.128,27.2704,27.2704,27.2704,27.2704,4.00883,4.008335823474991,4.01359485145479,4.008823489849447,4.010307894150945,4.011199667444513,4.005663260093439,4.0077555224098
139.5,32.0836,-2.87918,27.2729,96.125,27.2729,27.2729,27.2729,27.2729,4.01045,4.009888025202012,4.014640738689462,4.007960913487634,4.010037323465599,4.006880173393738,4.008312982935317,4.009550205008273
139.6,32.04664,-2.87873,27.1973,96.122,27.1973,27.1973,27.1973,27.1973,4.00583,4.0080556580315205,4.001029192090064,4.001598053928836,4.001902422848753,4.009877822746144,4.004161031820972,4.004606168629053
139.7,32.05536,-2.89564,27.2256,96.119,27.2256,27.2256,27.2256,27.2256,4.00692,4.0060447142649105,4.0039031087505474,4.010412604572122,4.004751491444207,4.003851676705788,4.01124366087555,4.004812184399403
139.8,32.10728,-2.90359,27.131,96.117,27.131,27.131,27.131,27.131,4.01341,4.0112229259839625,4.015274827352304,4.012500548844439,4.010389297615115,4.015712749278018,4.016421962126664,4.014219877263316
139.9,32.0624,-2.91584,27.2392,96.114,27.2392,27.2392,27.2392,27.2392,4.0078,4.007562784036167,4.007565777096699,4.009146778462922,4.007035860254021,4.009999687786417,4.004215550674397,4.004821643702462
140.0,32.0528,-2.88393,27.3294,96.111,27.3294,27.3294,27.3294,27.3294,4.0066,4.004652211126539,4.00290637584718,4.0024411425842645,4.004320565073916,4.010751543745273,4.010032224118629,4.003150805823525
140.1,32.09056,-2.88766,27.383,96.108,27.383,27.383,27.383,27.383,4.01132,4.009716397940432,4.011221002585812,4.011211190376248,4.01156828123491,4.013725783631899,4.008722194332211,4.013708221573574
140.2,32.10592,-2.91221,27.353,96.106,27.353,27.353,27.353,27.353,4.01324,4.0090389053659,4.015200618600391,4.018153229141886,4.017705523152098,4.011143232798444,4.013465597380209,4.010063916336719
140.3,32.0944,-2.9103,27.2409,96.103,27.2409,27.2409,27.2409,27.2409,4.0118,4.008646617189227,4.015235591628605,4.010751512828925,4.015409855675759,4.014989659406494,4.016153865454849,4.008313024183385
140.4,32.1008,-2.89315,27.2642,96.1,27.2642,27.2642,27.2642,27.2642,4.0126,4.010748192780448,4.010439199456823,4.016210569938025,4.011690243632886,4.010418678113616,4.015529051745568,4.016572866059602
140.5,32.05848,-2.91763,27.2608,96.097,27.2608,27.2608,27.2608,27.2608,4.00731,4.003326687357226,4.004430937442391,4.005744349525139,4.008496152765118,4.008222879772195,4.0073029090486925,4.005633623837433
140.6,32.04232,-2.90939,27.2531,96.094,27.2531,27.2531,27.2531,27.2531,4.00529,4.006950113897791,4.005485966568332,4.00367361720693,4.004803166832582,4.005626042091489,4.006515449841415,4.005398576742647
140.7,32.11224,-2.91561,27.3246,96.092,27.3246,27.3246,27.3246,27.3246,4.01403,4.009400205606954,4.012022451036142,4.0122847084829445,4.010056782634156,4.0115691530629745,4.018200992588513,4.01774317444447
140.8,32.06816,-2.91513,27.2336,96.089,27.2336,27.2336,27.2336,27.2336,4.00852,4.008168246919914,4.008877806874503,4.00780231754787,4.008593585111833,4.0050232138746065,4.013250356438579,4.005165261857445
140.9,32.06968,-2.9108,27.3543,96.086,27.3543,27.3543,27.3543,27.3543,4.00871,4.012888858205476,4.011063486700723,4.00465994243965,4.008267493107951,4.006518909426948,4.003825681928918,4.007984107502449
141.0,32.10728,-2.88641,27.276,96.083,27.276,27.276,27.276,27.276,4.01341,4.012396799254756,4.011059681653847,4.016859251202623,4.016188989902682,4.015891193177884,4.015319328952358,4.008488121858667
141.1,32.08848,-2.92632,27.1983,96.081,27.1983,27.1983,27.1983,27.1983,4.01106,4.015321702351213,4.0064134569763405,4.011002688046113,4.009851633946926,4.006191330597113,4.007253483784702,4.012399776138802
97.8,32.14656,-2.88115,27.1005,97.283,27.1005,27.1005,27.1005,27.1005,4.01832,4.019854525178095,4.013456019991926,4.021657685761051,4.020082866680358,4.017030304413818,4.021295659922076,4.017413612345316
141.2,32.08584,-2.8935,27.2629,96.078,27.2629,27.2629,27.2629,27.2629,4.01073,4.0134438439234055,4.013274028249192,4.0147337022300755,4.010025159231789,4.006790602904842,4.007102697893275,4.011757756288072
141.3,32.12664,-2.89613,27.298,96.075,27.298,27.298,27.298,27.298,4.01583,4.015503948688998,4.014686703801905,4.01640644702389,4.012731870291337,4.012375548299489,4.019524734027655,4.011964718187808
141.4,32.05896,-2.88547,27.3284,96.072,27.3284,27.3284,27.3284,27.3284,4.00737,4.012339764387318,4.002551475752195,4.00841269131339,4.007306012848184,4.009900142159254,4.005329352558478,4.00369179854135
141.5,32.0964,-2.89614,27.3155,96.069,27.3155,27.3155,27.3155,27.3155,4.01205,4.011603094146601,4.007851911139769,4.01618984547731,4.013267886716056,4.013460392470854,4.0120259392058815,4.0137835719312465
141.6,32.07528,-2.90568,27.2518,96.067,27.2518,27.2518,27.2518,27.2518,4.00941,4.005619536824661,4.013557696610336,4.009095198456305,4.014000440015115,4.010666472496467,4.0047735054313085,4.00480394478773
141.7,32.08008,-2.91223,27.2402,96.064,27.2402,27.2402,27.2402,27.2402,4.01001,4.008508981319632,4.014888357675779,4.007337418949662,4.008389367784325,4.008612688625325,4.0059620699831315,4.01085701670061
141.8,32.11008,-2.88514,27.3757,96.061,27.3757,27.3757,27.3757,27.3757,4.01376,4.0102767872351555,4.018120570745801,4.008857744834414,4.0118889947799445,4.013172519595161,4.015268650995857,4.013627609053545
141.9,32.08536,-2.89255,27.274,96.058,27.274,27.274,27.274,27.274,4.01067,4.014932591304267,4.013282890881793,4.012994440199066,4.015590439439662,4.009817004444171,4.010464407835385,4.008343355297817
142.0,32.08584,-2.9074,27.2049,96.056,27.2049,27.2049,27.2049,27.2049,4.01073,4.011555060680035,4.008930690115822,4.013695227143974,4.0097280655609175,4.011480494578732,4.0119189513386,4.006694225227829
142.1,32.0984,-2.88637,27.2383,96.053,27.2383,27.2383,27.2383,27.2383,4.0123,4.013794330398292,4.009076510963836,4.00796640794796,4.016362797637928,4.009464104394953,4.015348054586884,4.014363122143483
142.2,32.06368,-2.90669,27.1562,96.05,27.1562,27.1562,27.1562,27.1562,4.00796,4.007024881034448,4.010331574702831,4.0092404266692805,4.0128465673077205,4.011350911303705,4.006514281222818,4.007265170970804
142.3,32.052,-2.90001,27.1767,96.047,27.1767,27.1767,27.1767,27.1767,4.0065,4.004219428909836,4.001552978430234,4.006473306806074,4.007697053926844,4.009983856150548,4.007934836566179,4.009281266843763
142.4,32.0468,-2.90907,27.2432,96.044,27.2432,27.2432,27.2432,27.2432,4.00585,4.0027250325144355,4.009320111013889,4.004266128388578,4.005058406677471,4.003822400015065,4.010441223540976,4.001370840603044
142.5,32.02448,-2.89199,27.2277,96.042,27.2277,27.2277,27.2277,27.2277,4.00306,4.0002847335716405,4.006108090091313,4.004647472346324,4.0003164074040285,4.005621528998504,4.003751249767822,4.003864863095776
142.6,32.12072,-2.91491,27.2348,96.039,27.2348,27.2348,27.2348,27.2348,4.01509,4.01887599681722,4.018393829498791,4.013826516320914,4.013870691227339,4.010544283377915,4.015165592202219,4.01250234341983
142.7,32.04464,-2.90448,27.3227,96.036,27.3227,27.3227,27.3227,27.3227,4.00558,4.001535351555517,4.0067787295336235,4.002898752981448,4.007026592036696,4.001161732411794,4.007973875319325,4.006606888014226
142.8,32.0656,-2.90982,27.3295,96.033,27.3295,27.3295,27.3295,27.3295,4.0082,4.01021809893088,4.010487724434025,4.012660443024303,4.007972080435727,4.010605878753104,4.005611826224646,4.004783631274388
142.9,32.064,-2.89604,27.2077,96.031,27.2077,27.2077,27.2077,27.2077,4.008,4.0086108791925605,4.004088261552883,4.005962218211905,4.008150195595102,4.003711015046394,4.012003627143147,4.010412604940088
143.0,32.07776,-2.89417,27.3916,96.028,27.3916,27.3916,27.3916,27.3916,4.00972,4.004951306532455,4.011820817156114,4.010043962861627,4.010977391622522,4.011925526615019,4.0113760709471595,4.008477211710917
143.1,32.08968,-2.91656,27.2846,96.025,27.2846,27.2846,27.2846,27.2846,4.01121,4.010537204080135,4.009932447981881,4.006452050002975,4.011734547314337,4.007652469578768,4.010661666860545,4.006649452802376
143.2,32.09056,-2.8939,27.2796,96.022,27.2796,27.2796,27.2796,27.2796,4.01132,4.0065601125628465,4.0130601529753465,4.011382547534597,4.014685168819068,4.007252858100312,4.01231923633303,4.012937110850591
143.3,32.0556,-2.92215,27.2321,96.019,27.2321,27.2321,27.2321,27.2321,4.00695,4.007283088847136,4.002091384444186,4.008055875873305,4.010426428178977,4.00890037146398,4.0102624064787005,4.004017491286394
143.4,32.06536,-2.86712,27.2621,96.017,27.2621,27.2621,27.2621,27.2621,4.00817,4.008672970831585,4.00786752512819,4.010921428991728,4.008896787061656,4.012773163949402,4.006488497643201,4.01065171025374
143.5,32.07592,-2.90767,27.4024,96.014,27.4024,27.4024,27.4024,27.4024,4.00949,4.010765676947964,4.012428759920327,4.0121197690866826,4.005929465311825,4.0080643108264855,4.01356936734597,4.010466697159104
143.6,32.06288,-2.88426,27.2163,96.011,27.2163,27.2163,27.2163,27.2163,4.00786,4.00705630508271,4.0075591534467225,4.003901976392905,4.010709921912872,4.009920953127003,4.003858440066581,4.004845297771479
143.7,32.1072,-2.89698,27.2977,96.008,27.2977,27.2977,27.2977,27.2977,4.0134,4.01692337870844,4.012005719443828,4.010706798229785,4.010827263304362,4.014668379468757,4.014969668443469,4.012811256617789
143.8,32.08016,-2.89637,27.2497,96.006,27.2497,27.2497,27.2497,27.2497,4.01002,4.011269567624037,4.009969409400303,4.0141715947323835,4.014303071488916,4.009671583678803,4.011664410608485,4.011176625328982
143.9,32.08576,-2.91749,27.1741,96.003,27.1741,27.1741,27.1741,27.1741,4.01072,4.015352304588117,4.009283722843783,4.006400678606518,4.010111370630543,4.00908117909021,4.007063233740428,4.006797999271486
97.9,32.20256,-2.89207,27.1991,97.281,27.1991,27.1991,27.1991,27.1991,4.02532,4.0233613091462015,4.027529275513327,4.0230518096837145,4.0226265594838475,4.024564697883856,4.0241458253868885,4.02914992472839
144.0,32.08376,-2.88735,27.1911,96.0,27.1911,27.1911,27.1911,27.1911,4.01047,4.008861596282714,4.015243848546355,4.007010161636896,4.009822116265917,4.007217756211283,4.009406115711598,4.009324583900532
144.1,32.09576,-2.89927,27.3204,95.997,27.3204,27.3204,27.3204,27.3204,4.01197,4.01111996617741,4.016470225913967,4.01455840935789,4.0072558140799925,4.011620245669295,4.009204211158853,4.010758475800116
144.2,32.07168,-2.89295,27.1809,95.994,27.1809,27.1809,27.1809,27.1809,4.00896,4.012516738441996,4.010609146382467,4.005485968120374,4.00663185564979,4.007793203889431,4.008833512809664,4.0111155740776745
144.3,32.036,-2.90136,27.2107,95.992,27.2107,27.2107,27.2107,27.2107,4.0045,4.00244193055709,4.00385832163867,4.005568497026175,4.002342121686283,4.000617921885921,4.004162749038298,4.000689797385659
144.4,32.07648,-2.89805,27.3346,95.989,27.3346,27.3346,27.3346,27.3346,4.00956,4.008477637674059,4.013754047424231,4.005820981727045,4.013450670363867,4.01218757134111,4.0107350926802665,4.012329960255623
144.5,32.05096,-2.91331,27.3279,95.986,27.3279,27.3279,27.3279,27.3279,4.00637,4.0073680997049825,4.003351181933987,4.0111012090602625,4.0109670303535285,4.010710507663957,4.003888741817153,4.002309387448317
144.6,32.05368,-2.90229,27.2899,95.983,27.2899,27.2899,27.2899,27.2899,4.00671,4.005075667303195,4.005485736313934,4.005175621680062,4.006412598966732,4.008272623223374,4.0077459517886265,4.004586544361379
144.7,32.08016,-2.9063,27.2162,95.981,27.2162,27.2162,27.2162,27.2162,4.01002,4.007843031155157,4.013906079885433,4.014861758145486,4.009755263331592,4.0073385909412655,4.012602894470341,4.01351397905353
144.8,32.0956,-2.91058,27.2165,95.978,27.2165,27.2165,27.2165,27.2165,4.01195,4.014730751937559,4.0126723245275056,4.00826398332985,4.016473765495673,4.015520108964214,4.008115476670019,4.007571959883617
144.9,32.06608,-2.89798,27.2084,95.975,27.2084,27.2084,27.2084,27.2084,4.00826,4.01113153041309,4.008395442195227,4.006283412492109,4.0130236906186605,4.009687934010838,4.007127792139473,4.010178933394902
145.0,32.0728,-2.89455,27.2804,95.972,27.2804,27.2804,27.2804,27.2804,4.0091,4.005042165466426,4.006817968985092,4.007081326877204,4.011882517480705,4.009550884472409,4.006001204118027,4.012829589152143
145.1,32.10592,-2.89624,27.3274,95.969,27.3274,27.3274,27.3274,27.3274,4.01324,4.016895524720974,4.011689076711768,4.009600167753712,4.012677346135679,4.013019283105716,4.013850304916606,4.014678184599583
145.2,32.07064,-2.90153,27.264,95.967,27.264,27.264,27.264,27.264,4.00883,4.005999417221886,4.00717440133598,4.004810672180445,4.007770017512513,4.004284538995624,4.007865549387074,4.003884679954406
145.3,32.12704,-2.89383,27.343,95.964,27.343,27.343,27.343,27.343,4.01588,4.014493193636516,4.016589195124449,4.015858815031913,4.020413250914783,4.013080135071266,4.018101232157854,4.019050189614146
145.4,32.07792,-2.89637,27.3871,95.961,27.3871,27.3871,27.3871,27.3871,4.00974,4.006982044106716,4.009417135026641,4.011326403592423,4.0114477984726475,4.0134208049785896,4.006383321001872,4.004802574964378
145.5,32.02184,-2.89854,27.3145,95.958,27.3145,27.3145,27.3145,27.3145,4.00273,3.9995066423392767,4.003052872763001,3.9996692397789806,4.004310139539577,4.0039505285517505,3.9979705703788495,4.000619199633386
145.6,32.08192,-2.89751,27.2163,95.956,27.2163,27.2163,27.2163,27.2163,4.01024,4.0102257929831024,4.007806369984979,4.009148193344747,4.006863477340981,4.008644221883334,4.0126225163172276,4.011975393616626
145.7,32.07272,-2.88225,27.2972,95.953,27.2972,27.2972,27.2972,27.2972,4.00909,4.006545517617965,4.0075558923922445,4.010821773861727,4.004454046403854,4.01347215727887,4.005439086405927,4.012733577526466
145.8,32.09432,-2.91808,27.3738,95.95,27.3738,27.3738,27.3738,27.3738,4.01179,4.010183812986567,4.009052705357659,4.0149911110560375,4.00789766841997,4.0114764793854985,4.009315923522461,4.013011223027649
145.9,32.07928,-2.90478,27.2552,95.947,27.2552,27.2552,27.2552,27.2552,4.00991,4.007406491226824,4.010205645852717,4.010995165431776,4.007845668918747,4.009622210375356,4.0071452635203695,4.011729058316236
146.0,32.05952,-2.89493,27.2541,95.944,27.2541,27.2541,27.2541,27.2541,4.00744,4.009391011935904,4.0043360869091575,4.0110879217048865,4.008413045631389,4.005224513358407,4.002692369446784,4.010525929949573
146.1,32.0332,-2.92374,27.3625,95.942,27.3625,27.3625,27.3625,27.3625,4.00415,4.007427070568769,4.006948444719244,4.007871437061112,4.002637739549123,3.9997613076504543,4.007421008090815,4.003107528160775
146.2,32.05736,-2.87926,27.2084,95.939,27.2084,27.2084,27.2084,27.2084,4.00717,4.009081658551719,4.006395510701241,4.002574764474073,4.011706108850329,4.007935509276211,4.002386281184163,4.009458116702946
146.3,32.04168,-2.89618,27.307,95.936,27.307,27.307,27.307,27.307,4.00521,4.001887279186598,4.0045642358699425,4.004720906603399,4.010158126806587,4.007370839314755,4.00499165141186,4.009754989297978
146.4,32.04792,-2.88565,27.2586,95.933,27.2586,27.2586,27.2586,27.2586,4.00599,4.00603211590067,4.009569869480827,4.003753062827472,4.0083769607818684,4.003762407281689,4.006172582786489,4.006940903975986
146.5,32.07568,-2.8832,27.2702,95.931,27.2702,27.2702,27.2702,27.2702,4.00946,4.012653798871624,4.010109087493409,4.005516415563113,4.012754128053808,4.009074210851534,4.011889587835286,4.013605583466212
146.6,32.10144,-2.89381,27.3989,95.928,27.3989,27.3989,27.3989,27.3989,4.01268,4.014017025545469,4.008062173354681,4.00844722565367,4.011958306581724,4.017132442108288,4.008458162549612,4.014375935808064
146.7,32.07056,-2.93349,27.2683,95.925,27.2683,27.2683,27.2683,27.2683,4.00882,4.007147574447788,4.013462103300436,4.00701975126699,4.005440470190211,4.00700913526612,4.011749453819907,4.013368698746257
146.8,32.03216,-2.89778,27.305,95.922,27.305,27.305,27.305,27.305,4.00402,4.004694223904148,4.006329985583863,4.00894036403882,4.007552835552958,4.007062833385294,4.0049651026188835,4.007701477392471
146.9,32.07128,-2.89682,27.3601,95.919,27.3601,27.3601,27.3601,27.3601,4.00891,4.013643814082034,4.012644904797697,4.0057865873105865,4.006338671864818,4.009335052784181,4.0138234700199025,4.013239826242355
147.0,32.08904,-2.9163,27.2218,95.917,27.2218,27.2218,27.2218,27.2218,4.01113,4.012397115069732,4.0088190858887875,4.008598267956809,4.014559735653015,4.0112603680960195,4.006178241559749,4.007371399359486
147.1,32.04544,-2.92685,27.3494,95.914,27.3494,27.3494,27.3494,27.3494,4.00568,4.004509388949493,4.004709128418016,4.005532406102786,4.002868658998284,4.005309498026371,4.007128377073478,4.006428471021511
147.2,32.05664,-2.89307,27.2729,95.911,27.2729,27.2729,27.2729,27.2729,4.00708,4.004811499585099,4.010842086603873,4.007689019356522,4.007981238788302,4.004215998450943,4.010082516878646,4.007180644216108
147.3,32.05992,-2.91874,27.2235,95.908,27.2235,27.2235,27.2235,27.2235,4.00749,4.008697801473943,4.012179645570675,4.0036854964412525,4.0034987487943985,4.010042701089057,4.00836708007507,4.009634459745614
147.4,32.04048,-2.86908,27.2713,95.906,27.2713,27.2713,27.2713,27.2713,4.00506,4.002645557856684,4.007131120164697,4.005451870565529,4.003731178969543,4.008291384391358,4.006886180276507,4.001582916435788
147.5,32.07464,-2.89605,27.305,95.903,27.305,27.305,27.305,27.305,4.00933,4.011097688031495,4.007602744720965,4.013547029344588,4.004461993695432,4.0081602808260675,4.005427969657712,4.010686652413781
147.6,32.05592,-2.87973,27.3162,95.9,27.3162,27.3162,27.3162,27.3162,4.00699,4.005044860500532,4.0108904522767075,4.003507431298581,4.00357589849879,4.011004568425608,4.0118228774200935,4.011048765190402
147.7,32.06864,-2.89953,27.2574,95.897,27.2574,27.2574,27.2574,27.2574,4.00858,4.01290404975671,4.0120870613448965,4.007762780674312,4.0052203609495045,4.011021479336452,4.008410998415981,4.0088340627076455
147.8,32.03704,-2.88873,27.2899,95.894,27.2899,27.2899,27.2899,27.2899,4.00463,4.002080652996069,4.009586887451262,4.003994063284467,4.0015275008658575,4.003548042948884,4.005614009639289,4.002769193980209
147.9,32.0476,-2.8992,27.2198,95.892,27.2198,27.2198,27.2198,27.2198,4.00595,4.005943369146068,4.007353067191947,4.001577219391585,4.006465287358875,4.0011919995671335,4.00167948489298,4.007986717743965
148.0,32.07512,-2.88492,27.2614,95.889,27.2614,27.2614,27.2614,27.2614,4.00939,4.00902891292298,4.00474986587259,4.0056875376311805,4.010375761234256,4.0125949846165305,4.011827665846493,4.0095783856560585
148.1,32.04864,-2.93057,27.2227,95.886,27.2227,27.2227,27.2227,27.2227,4.00608,4.007937764313138,4.006939007442522,4.008843917558206,4.007741009802168,4.009874066700427,4.003462416613132,4.00407080828176
148.2,32.0988,-2.88668,27.3002,95.883,27.3002,27.3002,27.3002,27.3002,4.01235,4.013160351201763,4.016035119490604,4.011076370077681,4.014199370699735,4.007833051400293,4.015049593757582,4.015488080317294
148.3,32.04744,-2.88997,27.2552,95.881,27.2552,27.2552,27.2552,27.2552,4.00593,4.004690758685218,4.004623504793695,4.003620166044649,4.0081435913982535,4.004381717332186,4.009188257469414,4.005351127394172
148.4,32.06224,-2.90231,27.4304,95.878,27.4304,27.4304,27.4304,27.4304,4.00778,4.011772031488964,4.006830380341963,4.003377468348746,4.010726641237502,4.011377274554709,4.00729355444435,4.004419407134467
148.5,32.07896,-2.90614,27.3295,95.875,27.3295,27.3295,27.3295,27.3295,4.00987,4.014156369651712,4.005106658547785,4.010090961921953,4.011931120222939,4.012718004597322,4.011986407978077,4.011066371793201
148.6,32.02224,-2.90449,27.2094,95.872,27.2094,27.2094,27.2094,27.2094,4.00278,4.005208175337015,3.998211109242482,4.002198949622353,4.000336526008462,3.998680439146694,4.002605552915763,4.002219091291257
148.7,32.01376,-2.89576,27.2627,95.869,27.2627,27.2627,27.2627,27.2627,4.00172,3.9998330999550813,4.000452515564223,3.998254000409366,4.002195758791868,4.0010751763672046,4.000789947177514,4.004968321617146
148.8,32.0192,-2.88179,27.3502,95.867,27.3502,27.3502,27.3502,27.3502,4.0024,4.006227440559048,4.000461826739411,4.004189131820616,4.006142828840294,4.0044319329305935,4.001522479529736,4.006308571209096
98.0,32.20288,-2.9017,27.129,97.278,27.129,27.129,27.129,27.129,4.02536,4.021089389236108,4.029457554982939,4.023888894930736,4.02961030041264,4.022074921054869,4.020669237644665,4.022743083439833
148.9,32.08584,-2.90801,27.3232,95.864,27.3232,27.3232,27.3232,27.3232,4.01073,4.008396792702534,4.015368574020657,4.0152155416930695,4.009186945347883,4.007027863911225,4.00627461485968,4.011358117925858
149.0,32.04208,-2.92553,27.2148,95.861,27.2148,27.2148,27.2148,27.2148,4.00526,4.008650860836046,4.002972531884107,4.0065899900863595,4.003503063281711,4.001115582034212,4.004438913172702,4.003418438346412
149.1,32.11648,-2.86273,27.2623,95.858,27.2623,27.2623,27.2623,27.2623,4.01456,4.015004724354282,4.014414690460126,4.018351078524887,4.016738292877073,4.0146798809894495,4.013897241986693,4.017410385132254
149.2,32.04128,-2.88993,27.3487,95.856,27.3487,27.3487,27.3487,27.3487,4.00516,4.005943520933091,4.009460482227156,4.0029778604759105,4.0037851442804175,4.010094526688576,4.0045841176406896,4.0087421630231
149.3,32.05896,-2.90587,27.3329,95.853,27.3329,27.3329,27.3329,27.3329,4.00737,4.005076712211161,4.011511803257601,4.011728819463933,4.003042271123948,4.00842268482617,4.011324113416467,4.009747643970009
149.4,32.09128,-2.88217,27.3457,95.85,27.3457,27.3457,27.3457,27.3457,4.01141,4.015808554039328,4.0135314405055755,4.013298876036201,4.007015803098618,4.014370705512042,4.010513699669429,4.010113240248724
149.5,32.10216,-2.88599,27.2948,95.847,27.2948,27.2948,27.2948,27.2948,4.01277,4.007907147330522,4.011519680914381,4.01616050409812,4.017589450650834,4.014437634906604,4.015331698264464,4.009973271075586
149.6,32.10328,-2.89262,27.2608,95.844,27.2608,27.2608,27.2608,27.2608,4.01291,4.016401555919181,4.014531160358085,4.0087350255605765,4.010914641782552,4.009466905859713,4.009505734903252,4.0125160062873
149.7,32.08256,-2.90716,27.2361,95.842,27.2361,27.2361,27.2361,27.2361,4.01032,4.00690459281852,4.014434144658846,4.014050874073805,4.00793720147912,4.007411293237137,4.011295167934387,4.008999356820673
149.8,32.07784,-2.88999,27.3702,95.839,27.3702,27.3702,27.3702,27.3702,4.00973,4.014485314657477,4.009444057945993,4.013427247528439,4.007486246796175,4.012078930005822,4.01078445112372,4.010906394839973
149.9,32.06728,-2.88366,27.4303,95.836,27.4303,27.4303,27.4303,27.4303,4.00841,4.005065136551501,4.0084646647938715,4.006945196595493,4.010132320025931,4.008838514902905,4.010233104752349,4.009084737011329
150.0,32.07144,-2.9258,27.3308,95.833,27.3308,27.3308,27.3308,27.3308,4.00893,4.008647762394052,4.009843609215777,4.01253759783646,4.013911986432608,4.012204995792907,4.007463338461477,4.011171821367247
150.1,32.03928,-2.89663,27.3709,95.831,27.3709,27.3709,27.3709,27.3709,4.00491,4.0032330942639875,4.008308547458005,4.004991188381949,4.003308712557687,4.006332791347132,4.003946045390466,4.007643654812996
150.2,32.03264,-2.89553,27.2673,95.828,27.2673,27.2673,27.2673,27.2673,4.00408,4.008544640304282,4.00722996840522,4.002898651606313,3.999581681055323,4.004542323323377,4.003794766714752,4.004683348971549
150.3,32.052,-2.89601,27.3145,95.825,27.3145,27.3145,27.3145,27.3145,4.0065,4.0026131920103385,4.0026098794437095,4.006680489469443,4.0071773847728895,4.006535750816968,4.0037300693771405,4.005391823422892
150.4,32.04768,-2.89931,27.3125,95.822,27.3125,27.3125,27.3125,27.3125,4.00596,4.002857346738065,4.004811114290974,4.002078387605246,4.010808317693429,4.0044076609869075,4.003098583757085,4.010522164531945
150.5,32.04064,-2.88221,27.3399,95.819,27.3399,27.3399,27.3399,27.3399,4.00508,4.0041051555613105,4.00612093471129,4.009853211911967,4.004218979642861,4.007563749422894,4.008594054784695,4.004981981078001
150.6,32.068,-2.90317,27.322,95.817,27.322,27.322,27.322,27.322,4.0085,4.007394597610039,4.0101689182511375,4.004881557602157,4.009811968709351,4.004394826876218,4.011096839189217,4.004480708443369
150.7,32.074,-2.90004,27.4844,95.814,27.4844,27.4844,27.4844,27.4844,4.00925,4.008468645465161,4.0103187650413545,4.011900076506552,4.0066867962939785,4.0123361037240866,4.013503375778632,4.007466565844474
150.8,32.05288,-2.89527,27.3663,95.811,27.3663,27.3663,27.3663,27.3663,4.00661,4.006939069269665,4.005266857733718,4.004988988596833,4.009983429452276,4.004969388678199,4.009572945072981,4.009272343740129
150.9,32.086,-2.90267,27.3968,95.808,27.3968,27.3968,27.3968,27.3968,4.01075,4.010089958364962,4.011891123886179,4.015215137819667,4.009399074573293,4.015585126454367,4.01060339295113,4.015061255694761
151.0,32.02288,-2.92079,27.3356,95.806,27.3356,27.3356,27.3356,27.3356,4.00286,3.9981389359282273,4.005024521147681,4.0074858667019875,4.0040764427159745,4.0068257299702985,4.003899977705874,4.007442424961731
151.1,32.04536,-2.89679,27.1923,95.803,27.1923,27.1923,27.1923,27.1923,4.00567,4.002183324361248,4.0025731858872025,4.005034060727718,4.002109915217592,4.010172155822704,4.006116884575156,4.004939766161868
151.2,32.03256,-2.89662,27.3473,95.8,27.3473,27.3473,27.3473,27.3473,4.00407,4.0016851221379035,4.000654488848995,4.002567078531867,4.001885866988924,4.00059418111657,4.005786641649612,4.000236668054313
151.3,32.00472,-2.90548,27.3866,95.797,27.3866,27.3866,27.3866,27.3866,4.00059,4.000091506596401,3.9966888449572977,3.996364731088176,3.99567811046446,4.00546822232161,4.003996460644708,4.001210809742438
98.1,32.194,-2.9115,27.0205,97.275,27.0205,27.0205,27.0205,27.0205,4.02425,4.020778796162105,4.021038838383172,4.027143882806863,4.021472782588247,4.026116252165486,4.022166506077564,4.023805725914899
151.4,32.04728,-2.90198,27.405,95.794,27.405,27.405,27.405,27.405,4.00591,4.002531648080496,4.002956586848771,4.001563451522552,4.005620044103424,4.008837631173586,4.001940921587904,4.008544108634335
151.5,32.04608,-2.9477,27.3179,95.792,27.3179,27.3179,27.3179,27.3179,4.00576,4.003705110618562,4.000876966844702,4.006791688432978,4.0074164047916,4.010319960107682,4.0078435753679225,4.001064403417266
151.6,32.08512,-2.88187,27.2363,95.789,27.2363,27.2363,27.2363,27.2363,4.01064,4.015532535943622,4.011175265786154,4.010872449172733,4.0064996048093215,4.012496715315826,4.01347532348855,4.010932163822079
151.7,32.06368,-2.88648,27.3056,95.786,27.3056,27.3056,27.3056,27.3056,4.00796,4.006962344618836,4.00540635179265,4.003356447225617,4.006648905245043,4.00948668471838,4.004442577563188,4.007547742863712
151.8,32.02368,-2.92007,27.2365,95.783,27.2365,27.2365,27.2365,27.2365,4.00296,4.001002878708431,4.006730646532164,4.003657683526776,4.007474324485677,4.005645101720143,4.005177023638741,4.0038937618369355
151.9,32.09256,-2.91013,27.4012,95.781,27.4012,27.4012,27.4012,27.4012,4.01157,4.015656349112636,4.012146049619969,4.0161281048862945,4.0158873095119025,4.010422715421668,4.007001386966462,4.010113143765835
152.0,32.07704,-2.87827,27.3517,95.778,27.3517,27.3517,27.3517,27.3517,4.00963,4.012376827888615,4.010653629906108,4.0110775242113395,4.00657730516786,4.0052402325331755,4.009109898366091,4.009108806347956
152.1,32.06152,-2.91732,27.2943,95.775,27.2943,27.2943,27.2943,27.2943,4.00769,4.00385122043036,4.0066807956968695,4.004826183719219,4.0115916346284095,4.003813782684695,4.011087648638623,4.009268591160708
152.2,32.04184,-2.89282,27.3701,95.772,27.3701,27.3701,27.3701,27.3701,4.00523,4.009136014624059,4.0040046959040145,4.0057008789199084,4.005575240674012,4.010190264549181,4.001626755693673,4.008533558753893
152.3,32.024,-2.90738,27.4142,95.769,27.4142,27.4142,27.4142,27.4142,4.003,4.003635153025785,4.000649385001804,4.0018308881104,4.00107685423451,4.007634641864088,4.00485358307981,4.001620267139769
152.4,32.03784,-2.89385,27.3736,95.767,27.3736,27.3736,27.3736,27.3736,4.00473,4.00260586417084,4.0071530120280165,4.002437284358674,4.0007114829213135,4.004073829030529,4.006946742125625,4.006862518473558
152.5,32.07264,-2.89925,27.4471,95.764,27.4471,27.4471,27.4471,27.4471,4.00908,4.010006528834519,4.004609121390988,4.004655946927236,4.008621416966933,4.007554866154911,4.008815575582726,4.004553393774661
152.6,32.09152,-2.90425,27.2745,95.761,27.2745,27.2745,27.2745,27.2745,4.01144,4.007724963098038,4.012499976403975,4.01128126882626,4.008861639667004,4.0073526112505204,4.013685641921156,4.006966750643487
152.7,32.08304,-2.89417,27.3865,95.758,27.3865,27.3865,27.3865,27.3865,4.01038,4.009426090316882,4.013215146819707,4.014530352950523,4.010980937749545,4.005762289255624,4.007526149687994,4.013477232150638
152.8,32.034,-2.9074,27.2411,95.756,27.2411,27.2411,27.2411,27.2411,4.00425,3.999607539694237,4.005068676247956,3.999700396941511,4.009146549822077,4.003140378275738,4.004000920981932,4.0060089104730086
152.9,32.01864,-2.92676,27.4428,95.753,27.4428,27.4428,27.4428,27.4428,4.00233,4.005382401225515,4.003603538197609,3.9982894031268934,4.001831801554717,3.997503503771968,4.004666770386187,4.002779864257988
153.0,32.04864,-2.91392,27.3733,95.75,27.3733,27.3733,27.3733,27.3733,4.00608,4.0051313114332325,4.003503673058045,4.001877121387077,4.0080136640010755,4.010647759101455,4.009081372060664,4.001317558140207
153.1,32.00256,-2.91572,27.3078,95.747,27.3078,27.3078,27.3078,27.3078,4.00032,3.9984023554885333,4.002512885161977,3.996521218581697,3.999275770087655,4.001438245692905,4.00236615025192,3.996855782953233
153.2,32.05248,-2.92406,27.2613,95.744,27.2613,27.2613,27.2613,27.2613,4.00656,4.009120200341714,4.003509385875001,4.00619492102325,4.008856785214722,4.0048435881914175,4.009636355179941,4.007724532329531
153.3,32.04096,-2.89446,27.2988,95.742,27.2988,27.2988,27.2988,27.2988,4.00512,4.00065681681603,4.005148060096084,4.000847896922539,4.005113152027586,4.000664789903633,4.004960083397812,4.00039085833359
153.4,32.03304,-2.90259,27.3161,95.739,27.3161,27.3161,27.3161,27.3161,4.00413,4.00690849441889,4.001544795903983,4.006451820251252,4.005544625890403,4.006052503462662,3.9994846977511203,4.007800576090989
153.5,32.00576,-2.89469,27.3452,95.736,27.3452,27.3452,27.3452,27.3452,4.00072,4.004923405760071,3.9959298090085205,3.9975204843218055,4.004335296131382,4.003850747661057,4.00533759234348,4.002667513083861
153.6,32.05608,-2.89219,27.3317,95.733,27.3317,27.3317,27.3317,27.3317,4.00701,4.010753188148909,4.008618419894031,4.003222897326829,4.00246886292263,4.0040474562927955,4.0107743587426405,4.005937009609266
153.7,32.03072,-2.88865,27.2952,95.731,27.2952,27.2952,27.2952,27.2952,4.00384,4.007838337927338,3.9996286275529904,4.000428383683157,4.008196014472978,4.001282919768814,4.004853360882916,4.00846018271854
153.8,32.0152,-2.8939,27.4032,95.728,27.4032,27.4032,27.4032,27.4032,4.0019,4.001732858420147,4.002513646744037,4.003864020479253,3.9988343379165645,3.9983144596950044,4.001631262128825,4.003209721298471
98.2,32.16032,-2.90382,27.0675,97.272,27.0675,27.0675,27.0675,27.0675,4.02004,4.01787765856408,4.023558525231825,4.020521663421624,4.022666629146795,4.024667960765201,4.015135308097842,4.017001020682464
153.9,31.97408,-2.91469,27.2323,95.725,27.2323,27.2323,27.2323,27.2323,3.99676,3.9925135083907546,3.999256288053876,3.9923291129307485,3.9921157432599643,4.000622490786503,3.9994818547978843,4.000326772495352
154.0,32.04208,-2.89131,27.3692,95.722,27.3692,27.3692,27.3692,27.3692,4.00526,4.001213038488301,4.008733719911557,4.000684639095799,4.006275457681748,4.005903922901904,4.00599407927092,4.001342342068123
154.1,32.08504,-2.89667,27.3464,95.719,27.3464,27.3464,27.3464,27.3464,4.01063,4.01112441029992,4.012254072409567,4.014463699519706,4.008029574534773,4.006480811256525,4.011872446318611,4.01015420920805
154.2,32.08216,-2.86715,27.3354,95.717,27.3354,27.3354,27.3354,27.3354,4.01027,4.01292098054993,4.008779955566885,4.015085778103153,4.009141919095295,4.006365496742581,4.012442208302923,4.006191280262738
154.3,32.03104,-2.89988,27.3741,95.714,27.3741,27.3741,27.3741,27.3741,4.00388,4.007823996314814,4.006728904574795,4.005348901047411,4.008403092933419,4.008390904047223,4.001956431857794,4.00150480149944
154.4,32.02728,-2.89426,27.2968,95.711,27.2968,27.2968,27.2968,27.2968,4.00341,3.999287794249306,4.003557754309139,4.0077850289800265,4.006431191641855,4.00401964143186,3.9990226117885137,4.001894950108062
154.5,32.05272,-2.90142,27.2912,95.708,27.2912,27.2912,27.2912,27.2912,4.00659,4.00873710743038,4.011319768628062,4.00785860085217,4.011259344366285,4.007133704586063,4.005255859220188,4.011431130946756
154.6,32.01728,-2.89927,27.3205,95.706,27.3205,27.3205,27.3205,27.3205,4.00216,4.003537323809432,4.006932723383208,3.998610333822684,4.002311244229118,4.004455114333891,4.001547011700067,4.006551844921804
154.7,32.04824,-2.90028,27.3068,95.703,27.3068,27.3068,27.3068,27.3068,4.00603,4.005868502211668,4.002117649725721,4.005650051638664,4.010937606042875,4.009755111242284,4.009173309501991,4.010888693659733
154.8,32.05912,-2.90652,27.3247,95.7,27.3247,27.3247,27.3247,27.3247,4.00739,4.005710809540269,4.012314136420039,4.010465783179691,4.009180490599246,4.005177954052234,4.01180051324699,4.012264992271575
154.9,32.06992,-2.89734,27.3826,95.697,27.3826,27.3826,27.3826,27.3826,4.00874,4.009183217963138,4.012005998717212,4.010081385989221,4.006685125361516,4.010382293886375,4.0081621622337655,4.005799727223453
155.0,32.03784,-2.89067,27.3466,95.694,27.3466,27.3466,27.3466,27.3466,4.00473,4.001853424641237,4.005741601090147,4.003951124421657,4.001436025919519,4.006438043146302,4.003207151412193,4.00139491360573
155.1,32.03512,-2.90629,27.3422,95.692,27.3422,27.3422,27.3422,27.3422,4.00439,4.007967168167665,4.004164719786435,4.004270414008341,4.003955180554037,3.9999742181843785,4.003877620843478,4.001116725391974
155.2,32.01864,-2.88747,27.3548,95.689,27.3548,27.3548,27.3548,27.3548,4.00233,4.006230080994017,4.006548467007382,3.999863447241765,4.005908316880345,4.002805870525068,4.0026418381580715,3.998654312857854
155.3,32.01968,-2.88929,27.3217,95.686,27.3217,27.3217,27.3217,27.3217,4.00246,4.003890779613879,4.003790108829883,4.0054621284484755,4.0063150369485125,3.9977897085767813,4.00071271932444,4.000034936286977
155.4,32.03384,-2.9132,27.3962,95.683,27.3962,27.3962,27.3962,27.3962,4.00423,4.008387079556908,4.006285079904884,4.005848417576913,4.001086249409841,4.001618215704969,4.006180538196223,4.004577755046218
155.5,32.04784,-2.91446,27.3764,95.681,27.3764,27.3764,27.3764,27.3764,4.00598,4.010387588596251,4.010590154226054,4.00839278555138,4.004908594215516,4.009290934987281,4.003747659862848,4.003473194605417
155.6,32.06064,-2.89328,27.3433,95.678,27.3433,27.3433,27.3433,27.3433,4.00758,4.0100543492676,4.004067671689152,4.01245424706202,4.0087783119009215,4.008166345506012,4.01140875120934,4.007772459231442
155.7,32.0192,-2.90881,27.2756,95.675,27.2756,27.2756,27.2756,27.2756,4.0024,3.9977450486855615,3.99879102800103,4.004006434882948,4.002476326515463,4.006856665958943,4.006967690538616,4.000415914197131
155.8,32.07408,-2.91569,27.4226,95.672,27.4226,27.4226,27.4226,27.4226,4.00926,4.012506143928958,4.0055163840900505,4.004922337651813,4.006220872387124,4.011637969039555,4.012208715278223,4.009100928291922
155.9,32.03152,-2.87425,27.3844,95.669,27.3844,27.3844,27.3844,27.3844,4.00394,4.0083460670390725,4.002178102323427,4.005476732005036,3.999531239260383,4.0052111226600715,3.999726466216468,4.003378378180879
156.0,32.0372,-2.91449,27.3791,95.667,27.3791,27.3791,27.3791,27.3791,4.00465,4.005349493991667,4.00630358544995,4.00093045764261,4.00498052822589,4.008508291754667,4.00013659248395,4.006284454803581
156.1,32.01952,-2.92285,27.4475,95.664,27.4475,27.4475,27.4475,27.4475,4.00244,4.000228083656952,4.00539486483988,4.005445134903072,4.0070835030832255,4.002927947286865,4.002880810272129,4.00434294165664
156.2,31.97904,-2.91176,27.3878,95.661,27.3878,27.3878,27.3878,27.3878,3.99738,4.0017626997066005,3.9964160580903267,3.9978951025471545,3.9989532452439716,3.995871496310966,3.995114660532088,4.000790808476202
156.3,32.05824,-2.89653,27.3437,95.658,27.3437,27.3437,27.3437,27.3437,4.00728,4.008576261949958,4.002487744562139,4.0089308442896785,4.005497637322403,4.010067871281029,4.008959060884255,4.011337133565474
156.4,32.0544,-2.8989,27.3165,95.656,27.3165,27.3165,27.3165,27.3165,4.0068,4.0040891280485535,4.007089107307887,4.003686688691116,4.006304301711954,4.003927976017574,4.006692090204272,4.003414594281129
156.5,32.02976,-2.87169,27.3146,95.653,27.3146,27.3146,27.3146,27.3146,4.00372,4.006610127861458,4.003095964667243,4.001579292583585,4.001675439339914,3.9996336934248897,4.000604191854531,4.003182806973384
156.6,32.03784,-2.91153,27.3647,95.65,27.3647,27.3647,27.3647,27.3647,4.00473,4.009703137429109,4.006318856648756,4.0096285662514495,4.004559483301292,4.003813642015067,3.9998309582491403,4.006337621986622
98.3,32.18216,-2.89291,27.0429,97.269,27.0429,27.0429,27.0429,27.0429,4.02277,4.022356704308258,4.021125344894702,4.024112911372311,4.024035647423687,4.019168967018768,4.017770935586193,4.024917462117936
156.7,32.0484,-2.89646,27.4067,95.647,27.4067,27.4067,27.4067,27.4067,4.00605,4.002743576488341,4.005067985720762,4.002406791093667,4.010594665204692,4.004099932992813,4.010980448858639,4.003572356085858
156.8,31.99824,-2.88307,27.4078,95.644,27.4078,27.4078,27.4078,27.4078,3.99978,4.003902963978978,4.004360587868818,4.003792008124557,3.9963713044984464,4.003700256657463,3.9998033849771932,3.997623331420147
156.9,32.0228,-2.90989,27.2668,95.642,27.2668,27.2668,27.2668,27.2668,4.00285,4.005058852183265,3.998743466008063,4.001280974093369,4.002429992919738,4.007238413152647,4.002789901115288,4.003970143143431
157.0,32.05432,-2.88944,27.4057,95.639,27.4057,27.4057,27.4057,27.4057,4.00679,4.0089603841272226,4.011056939010749,4.0027195455987705,4.011679767051531,4.006866815324366,4.004871717765033,4.00603248286836
157.1,32.00488,-2.92748,27.3329,95.636,27.3329,27.3329,27.3329,27.3329,4.00061,4.002713858104859,4.004320145858084,3.9995669951347526,3.996789067152752,3.996010799844599,3.997081743730139,3.996367690757628
157.2,32.04176,-2.87362,27.3159,95.633,27.3159,27.3159,27.3159,27.3159,4.00522,4.002409391007716,4.00533402982961,4.00796360027398,4.005928481127383,4.003583098267643,4.001130062568866,4.007392730731806
157.3,32.00192,-2.88508,27.3737,95.631,27.3737,27.3737,27.3737,27.3737,4.00024,4.000372639183166,4.0036883998390405,3.9967113748249843,4.004953616849224,3.9980380251341305,4.002721118557596,4.001666351637389
157.4,32.04544,-2.91021,27.3995,95.628,27.3995,27.3995,27.3995,27.3995,4.00568,4.009217040567278,4.000815993018848,4.003218540780801,4.0037489520225265,4.001345684911734,4.00958650914776,4.003636035506753
157.5,32.03312,-2.88755,27.2788,95.625,27.2788,27.2788,27.2788,27.2788,4.00414,4.008702229899535,4.0036657903757575,4.004132784838805,4.008246533141377,4.007484391496446,4.002564569727754,4.004741699148482
157.6,31.99496,-2.8803,27.3663,95.622,27.3663,27.3663,27.3663,27.3663,3.99937,4.004141075065907,4.0000951428774805,3.995511960040984,4.00336336784465,3.9970924624310196,4.0041180803480465,3.9945856855222592
157.7,32.06144,-2.91933,27.2565,95.619,27.2565,27.2565,27.2565,27.2565,4.00768,4.0074522032357365,4.003494584359293,4.010867188007263,4.012006257965429,4.008639328765091,4.005269458211596,4.003927235441789
157.8,32.0156,-2.909,27.4018,95.617,27.4018,27.4018,27.4018,27.4018,4.00195,3.998345319279147,3.9977116441072735,4.002648816877242,4.004194105755775,4.002025669685348,4.000173865174377,3.9990537430062982
157.9,32.01352,-2.87981,27.2882,95.614,27.2882,27.2882,27.2882,27.2882,4.00169,4.0061278841735115,3.997890072313607,4.002706301282096,3.9990625024225253,4.005766307698306,3.997820225191665,3.997606068064098
158.0,32.03752,-2.89899,27.3668,95.611,27.3668,27.3668,27.3668,27.3668,4.00469,4.0091099391213945,4.00045265619307,4.001125868598708,3.9999616026727174,4.002916712484422,4.008856918795074,4.002506899971529
158.1,32.06008,-2.89346,27.3338,95.608,27.3338,27.3338,27.3338,27.3338,4.00751,4.0048166036086315,4.011148311542641,4.010228035579862,4.006635883844816,4.007947077143492,4.0077162284364745,4.010261748843305
158.2,32.00784,-2.89895,27.3221,95.606,27.3221,27.3221,27.3221,27.3221,4.00098,4.003024119307588,3.9997714495376724,4.002584031186172,4.004427396198411,4.002104965602546,4.001089031175658,4.001236184256463
158.3,32.03344,-2.88663,27.2368,95.603,27.2368,27.2368,27.2368,27.2368,4.00418,4.00212473759609,4.006328818420772,4.0026225538691715,4.005136584046399,4.000398385786328,4.000638931055827,4.004945930036775
158.4,32.042,-2.89231,27.2734,95.6,27.2734,27.2734,27.2734,27.2734,4.00525,4.009705555952611,4.005184833356462,4.002814856969583,4.009520962534842,4.004436681925118,4.00568550068422,4.005608049044389
158.5,32.04808,-2.89841,27.3534,95.597,27.3534,27.3534,27.3534,27.3534,4.00601,4.004682539074741,4.007442753801527,4.001516002223652,4.008508028327821,4.007332945762529,4.003537535153495,4.0100385843828015
158.6,32.03544,-2.93153,27.3026,95.594,27.3026,27.3026,27.3026,27.3026,4.00443,4.0022012160367595,4.007473081917378,4.003789958506246,4.0078733125717,4.005704515216851,4.008171073788896,4.0022258698709265
158.7,32.02216,-2.8904,27.3398,95.592,27.3398,27.3398,27.3398,27.3398,4.00277,4.002354993573774,4.001848016554751,4.000813970941094,3.9990818647776316,4.000848511522486,4.005415020551269,4.001408009480549
158.8,32.01088,-2.88906,27.3122,95.589,27.3122,27.3122,27.3122,27.3122,4.00136,4.004004442058376,3.996765722544164,3.9994062976812583,4.0040601807343394,3.9965503554659,4.000795959587697,3.99966040682311
158.9,32.03256,-2.91859,27.3432,95.586,27.3432,27.3432,27.3432,27.3432,4.00407,4.003428989373597,4.007255011116416,4.00840875995541,4.000996345365446,4.0009073483324356,4.002696109215379,3.9991550479707407
159.0,32.00448,-2.91757,27.2883,95.583,27.2883,27.2883,27.2883,27.2883,4.00056,3.9955625567618607,3.999646126361541,4.0007217290943125,4.00298387322465,4.000231037368628,3.9990397825115362,3.9989088849620966
159.1,31.95984,-2.89224,27.3324,95.581,27.3324,27.3324,27.3324,27.3324,3.99498,3.9945818172861136,3.996240416217589,3.9931412597721554,3.9988229875837917,3.9942907258879106,3.9975685109876236,3.9948984000676333
159.2,32.04016,-2.89709,27.3454,95.578,27.3454,27.3454,27.3454,27.3454,4.00502,4.003884141493,4.000345972555119,4.008403343395925,4.002944616296662,4.001835730384827,4.005001154447733,4.004481759772123
159.3,32.0512,-2.92962,27.3637,95.575,27.3637,27.3637,27.3637,27.3637,4.0064,4.007436781551139,4.002908646925984,4.006562436879151,4.005598075054808,4.003080687387216,4.00305516869396,4.009357314909542
159.4,31.97248,-2.91233,27.253,95.572,27.253,27.253,27.253,27.253,3.99656,3.99854712908163,3.9998254718823207,3.9925548053384743,4.0008364867823065,3.9922646292119324,3.992301776926558,4.000497760793986
159.5,32.00472,-2.89529,27.3661,95.569,27.3661,27.3661,27.3661,27.3661,4.00059,4.004581029674051,4.003830272031689,3.997593965351172,3.9968682751758613,3.996893429249313,4.004425999448299,4.003501868037644
159.6,32.0436,-2.88985,27.2968,95.567,27.2968,27.2968,27.2968,27.2968,4.00545,4.001621378171281,4.008519417627914,4.003035466486735,4.003288922583432,4.0066546355844075,4.008288725450613,4.009445180089413
159.7,32.07784,-2.90876,27.2821,95.564,27.2821,27.2821,27.2821,27.2821,4.00973,4.007292149342905,4.010250254493118,4.011998859061898,4.008662461985914,4.008036594802396,4.006544169766396,4.010882696676158
159.8,32.02872,-2.90221,27.4384,95.561,27.4384,27.4384,27.4384,27.4384,4.00359,4.0002474323090444,4.007283393671938,4.006165440823635,4.006948767812958,4.000149569508077,4.003994303874065,4.008526084999008
159.9,32.01048,-2.91319,27.4088,95.558,27.4088,27.4088,27.4088,27.4088,4.00131,3.9990520914021097,3.999820004896606,3.997605283237178,4.005503606148185,4.002264637747886,4.004861037619057,4.002757096094721
160.0,32.02336,-2.88014,27.3986,95.556,27.3986,27.3986,27.3986,27.3986,4.00292,4.000835907696472,3.999733414139456,4.006802476921291,4.003648176218937,4.0038562803449675,4.007061540492931,3.9982209061279383
160.1,32.06048,-2.89738,27.3528,95.553,27.3528,27.3528,27.3528,27.3528,4.00756,4.01071816062505,4.0043498061207385,4.003384975905868,4.007359892026246,4.0083413885021315,4.007643206369824,4.010540407863126
98.4,32.18296,-2.91171,27.035,97.267,27.035,27.035,27.035,27.035,4.02287,4.024361707409567,4.02314329436698,4.019926671497047,4.024961294363503,4.027717063806773,4.020339023758609,4.020157066990634
160.2,32.01168,-2.91002,27.3317,95.55,27.3317,27.3317,27.3317,27.3317,4.00146,4.000885741983201,4.000769793464919,4.006431610516708,3.99872988843022,3.9986839322747865,4.000189697822829,4.00179930403951
160.3,32.00776,-2.91734,27.4563,95.547,27.4563,27.4563,27.4563,27.4563,4.00097,4.000369515728941,3.999572820390231,3.999444363079576,4.00116190295282,4.005540731111103,3.996482052105628,4.001450956653141
160.4,32.01512,-2.919,27.3757,95.544,27.3757,27.3757,27.3757,27.3757,4.00189,4.004593022892124,4.001722810093419,4.004750177367064,4.0015061497851745,3.9981326733237728,4.001461524733269,3.999644788747809
160.5,32.0036,-2.87283,27.3142,95.542,27.3142,27.3142,27.3142,27.3142,4.00045,4.002742937770359,4.0035099512669845,3.9975141113688197,3.998723785504407,4.003800696577196,4.004150421050778,4.001453000647958
160.6,32.02912,-2.9026,27.3089,95.539,27.3089,27.3089,27.3089,27.3089,4.00364,4.000161049432867,4.000401839855922,4.005573958719178,4.007918444840044,4.003094792005068,4.001413858240871,4.005001739617442
160.7,32.06496,-2.90599,27.3878,95.536,27.3878,27.3878,27.3878,27.3878,4.00812,4.006290553115654,4.003415921223008,4.012988663695253,4.011212651807044,4.005013649936172,4.007631288362611,4.004489724246663
160.8,32.03344,-2.9032,27.3488,95.533,27.3488,27.3488,27.3488,27.3488,4.00418,4.006386921669269,4.0051135207976705,4.006149940895813,4.0011692738882605,4.006230896405294,3.9993282613135586,4.001529094627533
160.9,32.01944,-2.90945,27.4322,95.531,27.4322,27.4322,27.4322,27.4322,4.00243,3.99814564286928,4.005568556801613,3.9981034226265013,3.9998938644221917,4.006314593561584,3.999361069748187,4.003034075561602
161.0,32.01824,-2.90161,27.375,95.528,27.375,27.375,27.375,27.375,4.00228,4.001481076583727,4.001273652217703,4.003154622171179,4.001948988351553,4.006746859389291,4.003603608783249,4.004576588922602
161.1,31.98744,-2.89948,27.2991,95.525,27.2991,27.2991,27.2991,27.2991,3.99843,4.001002159420573,3.999583789570312,4.002604855272318,3.9984570780111532,3.999626381855752,3.9981657861709206,3.9987651713812493
161.2,32.04592,-2.89977,27.4834,95.522,27.4834,27.4834,27.4834,27.4834,4.00574,4.008630337265562,4.005525775413838,4.009789679207074,4.0025692949418135,4.004431600370694,4.008558160632242,4.009538589337227
161.3,32.02256,-2.91894,27.311,95.519,27.311,27.311,27.311,27.311,4.00282,4.00170074385491,4.003011922091706,4.000720049580813,4.003721168738679,4.007210936740007,4.004605704124386,3.9990275191367077
161.4,32.01984,-2.88661,27.2994,95.517,27.2994,27.2994,27.2994,27.2994,4.00248,4.0045562584497985,4.005495349443552,3.999058570580455,3.9983348406656827,4.003622372424275,4.0047470726303365,4.0060005976419415
161.5,32.10056,-2.90829,27.3682,95.514,27.3682,27.3682,27.3682,27.3682,4.01257,4.014351058210565,4.007960058672556,4.008054566404257,4.0075798763507136,4.015546150959547,4.0125591720087765,4.015847592684859
161.6,32.03088,-2.90988,27.4017,95.511,27.4017,27.4017,27.4017,27.4017,4.00386,4.007716922352283,4.003267692085432,4.003799746004843,4.007609758057612,4.008140183593192,4.000653406401228,4.000141130629335
161.7,32.00544,-2.91056,27.3203,95.508,27.3203,27.3203,27.3203,27.3203,4.00068,4.0039257967781765,4.005317844560201,4.003644628107626,3.999829400568836,4.003871161803479,4.001672724629071,3.9967302907190243
161.8,32.01296,-2.91579,27.4165,95.506,27.4165,27.4165,27.4165,27.4165,4.00162,3.999088216307524,4.005887088822716,3.9982743181987357,4.003790222181205,3.998969596064531,4.001114729888249,3.998668896709567
161.9,32.05056,-2.89598,27.3457,95.503,27.3457,27.3457,27.3457,27.3457,4.00632,4.009393137067586,4.003200085263394,4.002827164614484,4.001872048770536,4.00656585960119,4.00163423207126,4.002157595375475
162.0,32.02544,-2.88658,27.5225,95.5,27.5225,27.5225,27.5225,27.5225,4.00318,4.0074529193028265,4.00294921570778,4.004487404692304,4.0079785408897015,3.9988823032896237,3.998723980393028,4.007584811303115
162.1,31.98792,-2.91084,27.3963,95.497,27.3963,27.3963,27.3963,27.3963,3.99849,3.994802507330131,3.998866354631525,3.993912410020617,3.995166341735766,3.9958720082125248,3.9970189046150817,4.000931432714149
162.2,32.04424,-2.92765,27.3117,95.494,27.3117,27.3117,27.3117,27.3117,4.00553,4.00534665950628,4.007330921553024,4.006724180721662,4.010180560151168,4.004369616716879,4.006783941264834,4.010176576643417
162.3,32.00592,-2.91541,27.3351,95.492,27.3351,27.3351,27.3351,27.3351,4.00074,3.9957928830286806,4.000894842904933,4.003017941277414,3.998453899796912,3.9987746543164917,3.999469986443051,4.002885496887773
162.4,32.06664,-2.90672,27.4074,95.489,27.4074,27.4074,27.4074,27.4074,4.00833,4.011132719473535,4.005338853491807,4.005124490807535,4.010149331784438,4.009387133577609,4.004349101726659,4.011435498424279
162.5,32.04736,-2.91847,27.3296,95.486,27.3296,27.3296,27.3296,27.3296,4.00592,4.004425592784099,4.002687199458786,4.005795317204287,4.010676796845925,4.002849346021567,4.007625714808374,4.005981636182986
162.6,32.01048,-2.90898,27.3743,95.483,27.3743,27.3743,27.3743,27.3743,4.00131,4.000395985852342,4.000590943582613,3.9990477043701116,4.004515145129929,3.9967132537449777,4.004263098019423,4.000656914076435
162.7,32.05168,-2.90827,27.4975,95.481,27.4975,27.4975,27.4975,27.4975,4.00646,4.009531754346199,4.005862308386083,4.010674991202866,4.004271711575965,4.0037285516115615,4.008097793400602,4.011253608291645
162.8,32.02232,-2.90023,27.4183,95.478,27.4183,27.4183,27.4183,27.4183,4.00279,4.00334893854648,3.9987448375540193,4.007697470403954,4.001687502862954,4.004121162042944,4.002092328187884,4.007353834259273
162.9,32.04096,-2.92182,27.4161,95.475,27.4161,27.4161,27.4161,27.4161,4.00512,4.009720161913699,4.004472788881899,4.001659844653958,4.0091759011685655,4.002132246038203,4.003481384882207,4.009681268115831
163.0,32.03184,-2.8913,27.4999,95.472,27.4999,27.4999,27.4999,27.4999,4.00398,4.0025528222532545,4.00073314905024,4.002818399470895,4.000948269820642,4.002623123714283,4.0035955229480535,4.008232804302797
163.1,31.99968,-2.87509,27.3359,95.469,27.3359,27.3359,27.3359,27.3359,3.99996,3.99810495345358,4.003369744711499,4.003830060665533,4.000761718169821,4.003616464226614,3.9986867641391433,4.00156073470106
163.2,32.00424,-2.87856,27.3809,95.467,27.3809,27.3809,27.3809,27.3809,4.00053,3.9964430024414273,4.002307631599187,4.005074986498102,3.997803116708632,3.995930012104594,3.995711385712192,4.000615196944336
163.3,32.04416,-2.90876,27.3642,95.464,27.3642,27.3642,27.3642,27.3642,4.00552,4.00993363111091,4.0087320396556745,4.000860853971664,4.0096037818808234,4.0012298633860235,4.004861773625866,4.00573913138023
163.4,32.0112,-2.88997,27.3453,95.461,27.3453,27.3453,27.3453,27.3453,4.0014,3.999442880900581,3.9992535691914988,4.002207504519514,3.997533821758633,4.004659251277453,4.005442524938578,3.997911764929088
163.5,32.00928,-2.89175,27.3681,95.458,27.3681,27.3681,27.3681,27.3681,4.00116,4.0006435791715305,3.9993667540185958,3.9999269283498013,4.003595549084823,3.996852586742362,4.00500720273553,4.005119795535567
163.6,31.99576,-2.90065,27.3566,95.456,27.3566,27.3566,27.3566,27.3566,3.99947,4.0003290358812755,4.00286495743394,3.9964036565557652,3.997334720663164,3.9977176335091418,4.000799974566497,4.002552191161924
163.7,32.02864,-2.89734,27.345,95.453,27.345,27.345,27.345,27.345,4.00358,4.00242738002154,3.9999561306880578,4.002442464002827,4.006558580522528,3.9986535978018143,4.001665012014338,4.003061225332316
163.8,32.06768,-2.88975,27.3672,95.45,27.3672,27.3672,27.3672,27.3672,4.00846,4.0061166159708925,4.004469240593879,4.00445939314865,4.006424021654103,4.005863047203756,4.009476530860463,4.003684981588537
163.9,31.99232,-2.88675,27.3462,95.447,27.3462,27.3462,27.3462,27.3462,3.99904,3.996821855236421,4.002841237232509,3.995073415550983,3.9990486344112557,4.001998343685367,3.9966994638399864,4.002647842316509
164.0,32.01832,-2.91218,27.4054,95.444,27.4054,27.4054,27.4054,27.4054,4.00229,3.999648648730813,4.003383053292103,3.9979704771702824,3.999117568792842,4.006586008363309,4.007270758730842,4.003965535420284
164.1,32.05136,-2.88878,27.3292,95.442,27.3292,27.3292,27.3292,27.3292,4.00642,4.005969268522308,4.005152102476648,4.0036680154326305,4.0046941740293,4.010945133840522,4.004127814108207,4.0047038637309065
98.5,32.15496,-2.9185,27.0507,97.264,27.0507,27.0507,27.0507,27.0507,4.01937,4.021081697091171,4.016617254913669,4.022947576781534,4.022905115528445,4.018390633383351,4.01578633472954,4.021795383076661
164.2,32.01528,-2.875,27.448,95.439,27.448,27.448,27.448,27.448,4.00191,3.997165251451511,3.99997659161666,4.000729018291114,3.99818645769329,4.001357011552665,3.999760424687964,4.00669867367026
164.3,32.02784,-2.88677,27.4311,95.436,27.4311,27.4311,27.4311,27.4311,4.00348,3.9995771988429754,4.006881942338053,4.0011139406981355,4.008477629952292,4.000108586901461,4.003269601070313,4.005984674449886
164.4,31.9912,-2.87695,27.4148,95.433,27.4148,27.4148,27.4148,27.4148,3.9989,4.00244255048916,4.0030037537895025,3.995984120573346,4.002769901572746,3.994050093357962,3.9987958276743436,3.9987749112841775
164.5,32.02672,-2.93875,27.361,95.431,27.361,27.361,27.361,27.361,4.00334,4.003630375546023,4.0059434907230465,4.005683560719156,4.005191265315942,4.003196078795565,4.005482361184049,4.002933555144128
164.6,32.01168,-2.89106,27.3917,95.428,27.3917,27.3917,27.3917,27.3917,4.00146,4.002106054206562,4.001570563154016,4.005810179770893,4.001544097394855,3.9992741122018054,3.996550020976198,4.0020735145381305
164.7,32.0396,-2.89604,27.3821,95.425,27.3821,27.3821,27.3821,27.3821,4.00495,4.001874509412228,4.000510760358949,4.000374883168672,4.00756489711885,4.005588575848474,4.004657733848184,4.000046034769676
164.8,32.04424,-2.88459,27.3917,95.422,27.3917,27.3917,27.3917,27.3917,4.00553,4.004223137277396,4.003103562242066,4.00210389490745,4.00560214508654,4.002214122592401,4.005323676147586,4.0081697234510925
164.9,32.0776,-2.91688,27.3102,95.419,27.3102,27.3102,27.3102,27.3102,4.0097,4.005133033404897,4.012629513845364,4.006409583514707,4.006110835940469,4.005951879213666,4.005362916046577,4.010362846330115
165.0,32.02912,-2.90759,27.3974,95.417,27.3974,27.3974,27.3974,27.3974,4.00364,3.999760379125549,4.004903069999801,3.999773079347834,4.00222745592529,4.000188621776279,4.006690861721615,4.007057489858092
165.1,32.0228,-2.88649,27.4111,95.414,27.4111,27.4111,27.4111,27.4111,4.00285,3.998928191135252,4.00490588001625,4.001381536226791,4.006029751124777,4.0031910739084084,4.005742156795977,3.9989588179498394
165.2,32.01936,-2.9159,27.4788,95.411,27.4788,27.4788,27.4788,27.4788,4.00242,4.002715615703494,4.005493724129591,4.004753949422761,4.005049710145912,4.004097261704818,3.9997585511164035,4.007308279913797
165.3,32.006,-2.89637,27.3322,95.408,27.3322,27.3322,27.3322,27.3322,4.00075,4.002307640894911,4.0015389211170564,3.9980450532454284,4.003328399514507,4.001065487941987,4.004417794849912,3.997732549555538
165.4,32.02232,-2.90025,27.322,95.406,27.322,27.322,27.322,27.322,4.00279,4.0051764196363155,4.005159748294348,4.003531167122214,4.002741523996598,4.004079169896934,4.000271616320377,3.9980575776950262
165.5,32.00688,-2.90294,27.4527,95.403,27.4527,27.4527,27.4527,27.4527,4.00086,3.9972319131032865,3.9958815228828444,4.001416187092739,4.00120935082271,4.0007574018555125,3.996341402145471,3.9994138353592206
165.6,32.01776,-2.89141,27.3034,95.4,27.3034,27.3034,27.3034,27.3034,4.00222,3.998376181162511,4.006770430685001,4.000102645102822,4.00191661588288,3.9983081368343854,4.006197077604641,4.002957501615865
165.7,32.04504,-2.91673,27.482,95.397,27.482,27.482,27.482,27.482,4.00563,4.005134809019921,4.007582885275705,4.005190670580692,4.007782025965872,4.002695264673563,4.00796067243017,4.002916344089595
165.8,31.98904,-2.9117,27.4662,95.394,27.4662,27.4662,27.4662,27.4662,3.99863,3.9979273023637676,3.996368418527915,3.9987842100496924,4.000383401082407,3.9993899295589235,3.9949636971868907,4.002410597149442
165.9,32.04032,-2.90209,27.4306,95.392,27.4306,27.4306,27.4306,27.4306,4.00504,4.009012484078487,4.001932811630829,4.008309150421673,4.0009590784279965,4.000331402187139,4.001163415261422,4.0100007276655125
166.0,32.04432,-2.91802,27.3052,95.389,27.3052,27.3052,27.3052,27.3052,4.00554,4.0014604605493185,4.008437392616835,4.002424495205122,4.009902232623427,4.001667085786113,4.002455763315473,4.005023197746629
166.1,32.0096,-2.88154,27.3871,95.386,27.3871,27.3871,27.3871,27.3871,4.0012,3.9974702347625386,3.99872264100495,4.000404276402708,4.005915433687734,4.002797649479744,4.005511279454519,3.9967499511554037
166.2,31.96128,-2.91198,27.3941,95.383,27.3941,27.3941,27.3941,27.3941,3.99516,3.993121952312101,3.9991162303303387,4.000005516667858,3.9950403081927273,3.9976514675117283,3.993905277004487,3.9998682903547933
166.3,31.99736,-2.88821,27.4151,95.381,27.4151,27.4151,27.4151,27.4151,3.99967,3.998546094806741,3.9979577477048185,3.994833443043944,3.9989551097431435,3.9961453742311033,3.999124318829672,4.001870743487582
166.4,32.0428,-2.91313,27.4315,95.378,27.4315,27.4315,27.4315,27.4315,4.00535,4.0072667087228755,4.001016448545572,4.008776582746756,4.00585685668748,4.009614947449949,4.005157126822391,4.009755090619764
166.5,32.01088,-2.88944,27.3538,95.375,27.3538,27.3538,27.3538,27.3538,4.00136,3.9967655331854197,4.003707604574844,4.0054510636724805,4.001035136433016,4.00193282097355,4.000506731552484,4.003752781911914
166.6,31.9872,-2.92413,27.4629,95.372,27.4629,27.4629,27.4629,27.4629,3.9984,3.9969411012647336,3.998283788722785,3.9951296665739435,3.9937051672130677,3.9979154018261758,3.996184190214571,3.996679102148389
166.7,31.9988,-2.87887,27.431,95.369,27.431,27.431,27.431,27.431,3.99985,4.003992495304863,3.9970868623589704,4.001490932240799,4.000683520003098,3.9957612412983274,4.002041983388366,3.9995218197353353
166.8,32.03088,-2.88297,27.4309,95.367,27.4309,27.4309,27.4309,27.4309,4.00386,4.007384484043479,4.008225572571848,4.000028867980743,4.003396918508416,4.0068586490662845,3.9994498135218457,4.0015757333942075
166.9,32.0236,-2.90829,27.3874,95.364,27.3874,27.3874,27.3874,27.3874,4.00295,4.007510084615119,4.003727793801682,3.9999386891946838,4.005769656737161,4.003836845166478,3.9988983473358495,4.002096595548708
167.0,32.00448,-2.91238,27.4246,95.361,27.4246,27.4246,27.4246,27.4246,4.00056,3.999376639059555,4.003861676357074,3.9991056099491735,3.9996528938925637,4.002572461020093,4.002705582966403,3.995691057381439
167.1,32.00112,-2.89313,27.2732,95.358,27.2732,27.2732,27.2732,27.2732,4.00014,3.9989344573444345,3.9978367958381242,3.9982183730331355,3.996123638504031,3.9984284013584834,3.9965139681880983,3.9965976800698475
167.2,32.00032,-2.92289,27.4262,95.356,27.4262,27.4262,27.4262,27.4262,4.00004,4.0006108169457875,4.003839774148714,3.9961905119548535,4.000806570199057,3.99927236101365,3.9986601520923033,4.001932537699245
167.3,31.98728,-2.89948,27.5023,95.353,27.5023,27.5023,27.5023,27.5023,3.99841,3.9964423161496683,3.9988637759071333,3.9991420552060712,4.000221134619732,3.995274899765259,3.9944862591386485,4.002936054942395
167.4,32.048,-2.91211,27.4502,95.35,27.4502,27.4502,27.4502,27.4502,4.006,4.009458926457696,4.004503425697402,4.006643999356263,4.006799778054315,4.010159204444601,4.007337911040405,4.003446907290595
167.5,32.0012,-2.90381,27.4437,95.347,27.4437,27.4437,27.4437,27.4437,4.00015,4.000678048992152,3.997320077053305,3.9998823824286673,4.0008830948753245,4.004136333743819,4.002580928388121,3.9994945976596266
167.6,32.03792,-2.90966,27.4507,95.344,27.4507,27.4507,27.4507,27.4507,4.00474,4.0020159247250255,4.000737510399405,4.007986311128309,4.006253251163876,4.006652435303872,4.008315788933949,4.000166822706341
167.7,32.04496,-2.91198,27.4774,95.342,27.4774,27.4774,27.4774,27.4774,4.00562,4.010391802612072,4.00290942693241,4.0099902783202195,4.00487225211411,4.008608069366711,4.004747862474136,4.00843441540051
167.8,32.03216,-2.87443,27.3934,95.339,27.3934,27.3934,27.3934,27.3934,4.00402,4.006577544969594,4.002313766368932,4.008789623292912,4.000362289199273,4.005160521320712,4.007094320732163,4.005167176721303
167.9,31.9976,-2.88829,27.465,95.336,27.465,27.465,27.465,27.465,3.9997,4.004412120280237,3.9996517458223684,4.002656788493553,3.9947961582707308,3.9948205692401593,3.9970216761444926,4.004436504475066
168.0,32.01736,-2.9222,27.4338,95.333,27.4338,27.4338,27.4338,27.4338,4.00217,4.0059708864841825,4.002360467300871,4.004937183101944,4.002485960655827,4.005956624775949,4.0027469876980675,4.003780314472066
168.1,32.00688,-2.91314,27.4108,95.331,27.4108,27.4108,27.4108,27.4108,4.00086,4.000675331498968,4.0022377453542,4.001807641396898,3.997227427127705,4.001862957485973,3.9961442570033334,3.996550296705567
168.2,31.98552,-2.88714,27.4884,95.328,27.4884,27.4884,27.4884,27.4884,3.99819,3.9995330507756397,4.001254622308306,4.002676080497691,3.998230745664945,3.9977417341092716,3.9963603157622196,4.00182527482034
168.3,32.01472,-2.88547,27.3666,95.325,27.3666,27.3666,27.3666,27.3666,4.00184,3.999102835379466,4.00670267459721,3.998702120875498,3.9981623074699755,4.001179430808031,4.004421390763769,4.00114822236096
168.4,31.9784,-2.92078,27.3694,95.322,27.3694,27.3694,27.3694,27.3694,3.9973,4.000613126307403,3.9990921224124456,3.995325570142291,3.9947643964706305,3.999932209954801,3.995318347006665,4.001879751661368
168.5,32.03496,-2.88952,27.2675,95.319,27.2675,27.2675,27.2675,27.2675,4.00437,4.002347577806649,4.007599287281599,4.0022908957117185,3.999669423169593,4.00870638289834,4.001788807016675,4.008028825958545
168.6,31.99504,-2.89602,27.3537,95.317,27.3537,27.3537,27.3537,27.3537,3.99938,3.9943960919552954,3.9974416911038433,4.001046783730405,3.996459119395623,4.001226191522713,4.001490717400862,3.9995192698724864
98.6,32.21864,-2.9072,27.0613,97.261,27.0613,27.0613,27.0613,27.0613,4.02733,4.028031407990936,4.029744746503409,4.029633336039369,4.022469522173215,4.025186861770726,4.023072514650027,4.024120974598144
168.7,32.0108,-2.92913,27.3835,95.314,27.3835,27.3835,27.3835,27.3835,4.00135,4.0054194397362926,4.002376409792525,3.9985476553609214,4.0030701698460724,4.00436911798507,3.998066583684986,4.005043674592448
168.8,32.01248,-2.90605,27.4074,95.311,27.4074,27.4074,27.4074,27.4074,4.00156,3.999004026482484,3.9972162008736873,4.006104104527413,4.003787599870564,3.9967988950611355,4.002524179201973,3.9998446137133254
168.9,31.99928,-2.90204,27.4379,95.308,27.4379,27.4379,27.4379,27.4379,3.99991,3.9953473253070433,4.002587184389519,3.996150983552509,4.0026823086895265,3.997963895685544,3.9955874055637906,3.9953414789145834
169.0,32.01928,-2.89927,27.4643,95.306,27.4643,27.4643,27.4643,27.4643,4.00241,4.006324419531742,4.000371480920476,3.9986565564194594,4.005013006685628,4.003402040065842,3.998684202262652,4.005552939809902
169.1,31.99352,-2.91981,27.3322,95.303,27.3322,27.3322,27.3322,27.3322,3.99919,3.9969164944651325,3.994471200658032,3.9981577441975595,3.999435878266015,4.003091671334058,3.99979066329877,4.000765099499205
169.2,32.0256,-2.91145,27.4191,95.3,27.4191,27.4191,27.4191,27.4191,4.0032,3.9999704826160154,3.998266674213028,3.9992191769715837,3.998728358157082,4.007286516536595,4.004694061616295,4.005032004267088
169.3,31.97216,-2.90934,27.354,95.297,27.354,27.354,27.354,27.354,3.99652,3.994351276701024,3.998253405702309,4.001159280262876,3.993973543933118,3.9971415222191755,3.993355531541903,3.9964361570229765
169.4,32.00728,-2.90804,27.3337,95.294,27.3337,27.3337,27.3337,27.3337,4.00091,4.002264251249032,4.003208136907618,4.000396454254974,4.00495378497031,3.9997645970918403,4.0035737018492075,4.005194422990924
169.5,32.05048,-2.90778,27.4335,95.292,27.4335,27.4335,27.4335,27.4335,4.00631,4.008864949133603,4.001919131938664,4.006364330307616,4.004156230812686,4.003921180181115,4.0112549388917556,4.003344475938048
169.6,31.97968,-2.90199,27.4206,95.289,27.4206,27.4206,27.4206,27.4206,3.99746,4.001637590475899,3.998170097707376,3.9938214898393634,3.995882351553555,3.9998580433969884,3.9982808793155558,3.998987682143563
169.7,31.9872,-2.89536,27.4446,95.286,27.4446,27.4446,27.4446,27.4446,3.9984,3.9938866363455876,3.998861412165835,4.002436201297091,3.999448844447781,3.9941858324112562,3.9959847623575153,3.9981669154037975
169.8,32.01552,-2.87339,27.4503,95.283,27.4503,27.4503,27.4503,27.4503,4.00194,4.006808171884416,4.001029088272737,3.999735943377791,4.004301155582841,3.997629274030001,3.9971748771031628,4.001351395972137
169.9,32.00728,-2.88694,27.3871,95.281,27.3871,27.3871,27.3871,27.3871,4.00091,4.0018995407242395,4.004515072084966,4.001107852215188,3.9974051116396585,4.004758645236076,4.0017516795770325,3.9963817772967274
170.0,32.01112,-2.88025,27.4822,95.278,27.4822,27.4822,27.4822,27.4822,4.00139,4.004197119921412,3.9990169963865148,3.999746274956868,3.997551681087173,4.000639324950837,4.005501239962395,4.000957539302462
170.1,32.01424,-2.90721,27.3619,95.275,27.3619,27.3619,27.3619,27.3619,4.00178,4.003470515993331,3.999299484881643,4.00284645372199,4.002827961553603,3.9997430979579085,4.006287850723727,4.005376784819163
170.2,32.01744,-2.91506,27.3542,95.272,27.3542,27.3542,27.3542,27.3542,4.00218,4.00712997149061,4.007070069903127,4.0032659603031275,4.0041112164091,4.001359906584101,3.9973218624122873,4.00379326067743
170.3,32.02856,-2.88798,27.442,95.269,27.442,27.442,27.442,27.442,4.00357,4.0084730960635,4.001058630654202,4.003284731696821,4.008548481298983,3.99944495350865,4.0047950921541515,4.003537870118022
170.4,32.01152,-2.90024,27.4315,95.267,27.4315,27.4315,27.4315,27.4315,4.00144,4.006235569315996,3.998700079916055,3.9996524290974103,4.005864834752653,4.003851734940824,3.9972774371120603,4.000895933474018
170.5,31.99568,-2.88905,27.3705,95.264,27.3705,27.3705,27.3705,27.3705,3.99946,4.0020817627371565,4.0042296643686965,3.995291736656886,3.9995806571991936,3.99846834036333,4.003086801094148,3.9974298215237885
170.6,32.01736,-2.91323,27.3696,95.261,27.3696,27.3696,27.3696,27.3696,4.00217,4.000335614751261,4.00474408203857,4.0066321762946195,4.005084508340374,4.003413795185211,4.001796928198037,4.0025460041575895
170.7,32.04656,-2.89027,27.4429,95.258,27.4429,27.4429,27.4429,27.4429,4.00582,4.005006745141448,4.005257713587275,4.003811590959848,4.002696531941336,4.009951075450333,4.005371713619968,4.001240219650587
170.8,31.99752,-2.90263,27.4356,95.256,27.4356,27.4356,27.4356,27.4356,3.99969,4.002043182760837,4.002634429910776,4.003664254675081,4.004026487585242,3.9992598227078946,3.998062864512456,3.9949087772382414
170.9,31.97704,-2.90691,27.3588,95.253,27.3588,27.3588,27.3588,27.3588,3.99713,3.9974245073211887,3.995850559450755,3.9923940018764585,3.992315922382594,3.9981532543753677,3.998235315296167,3.9945192215711374
171.0,32.0268,-2.9055,27.383,95.25,27.383,27.383,27.383,27.383,4.00335,3.9984015478492716,3.999623964784861,4.0074072899407716,4.007595626101277,4.007843459532805,4.004646181762829,4.0083333205165435
171.1,31.99704,-2.89264,27.3675,95.247,27.3675,27.3675,27.3675,27.3675,3.99963,3.997086806106803,3.994908134257593,3.997020568023946,3.997252117715271,4.001948671011476,3.9977694965307613,4.001410811449046
171.2,31.9476,-2.88839,27.2955,95.244,27.2955,27.2955,27.2955,27.2955,3.99345,3.996507389338698,3.990588172957668,3.9938539882143496,3.995767787218842,3.9918683005701534,3.9946813056758437,3.994146266630625
171.3,32.01984,-2.9055,27.505,95.242,27.505,27.505,27.505,27.505,4.00248,4.001496505112336,4.005771062548649,3.9979461418673865,4.003562684017448,4.004621060749159,4.000304316496018,4.006038751375621
171.4,31.9864,-2.89484,27.438,95.239,27.438,27.438,27.438,27.438,3.9983,3.9951992654509763,3.994793927500123,3.993322179866698,3.9986485522936657,3.9947386615261093,3.9971831556922006,3.9957060115692316
171.5,31.9968,-2.89489,27.4937,95.236,27.4937,27.4937,27.4937,27.4937,3.9996,4.00210296507074,3.9998125448272033,4.003338909751127,3.9991602643264543,4.00380355200464,4.001958473176267,3.9957407825880273
171.6,32.00672,-2.88892,27.4063,95.233,27.4063,27.4063,27.4063,27.4063,4.00084,3.9960805382367677,3.9996351940173365,4.004835119852901,3.9961130376499288,4.002445846497356,3.9962355440114625,4.004789450443756
171.7,32.00304,-2.8852,27.3669,95.231,27.3669,27.3669,27.3669,27.3669,4.00038,4.005315857306349,4.001988705201527,4.003677296617358,4.003118876631614,3.998699076583995,4.000803879195211,3.9960373468746706
171.8,32.01528,-2.87283,27.3732,95.228,27.3732,27.3732,27.3732,27.3732,4.00191,4.001869411188229,4.002575911000358,4.006621080239165,4.002167750724898,4.000125270448228,4.001780416947135,4.0027068510341515
171.9,31.98752,-2.90698,27.3737,95.225,27.3737,27.3737,27.3737,27.3737,3.99844,3.9936345853689335,3.9978325675306707,4.001047493459952,3.997516161924185,3.9938463025436235,3.9951285051386325,3.9959987760564086
172.0,32.01,-2.8781,27.3956,95.222,27.3956,27.3956,27.3956,27.3956,4.00125,4.003879536081493,3.9970811269942983,4.004890326090252,3.9998664442235414,4.000422706142181,4.005445524804053,4.002003438997649
172.1,31.9912,-2.89824,27.3344,95.219,27.3344,27.3344,27.3344,27.3344,3.9989,3.9947720829254116,4.001839170628445,3.9967839578653837,4.002474889980338,3.995981101037621,3.994852307842401,3.998637608712398
172.2,32.01496,-2.91642,27.4045,95.217,27.4045,27.4045,27.4045,27.4045,4.00187,4.0052448559295,4.004775471213461,4.00481454616465,3.9993285656054356,3.9988450710600945,3.999048861613396,3.9986714829604795
172.3,32.01176,-2.90976,27.3938,95.214,27.3938,27.3938,27.3938,27.3938,4.00147,3.9978409130479036,4.00374054006674,4.005728589714935,3.9973692646387784,3.9992667884503925,4.005018964682599,3.997433232843854
172.4,31.97424,-2.89301,27.4811,95.211,27.4811,27.4811,27.4811,27.4811,3.99678,3.9970618851976445,3.996571376627756,3.9939920744494635,4.000995051926033,3.996817722701371,3.9975704360536617,3.9951599922589742
172.5,32.02256,-2.88914,27.4615,95.208,27.4615,27.4615,27.4615,27.4615,4.00282,4.005035579884693,4.006685342991775,4.002914896720243,4.000684917522846,4.00357672009852,4.000173524164316,4.001532281087592
172.6,31.98336,-2.91524,27.4068,95.206,27.4068,27.4068,27.4068,27.4068,3.99792,3.99431783427347,3.996938009543116,4.000402603884932,3.993963519300934,4.002278374053833,4.001588626181579,3.9932726628285935
172.7,32.01536,-2.91146,27.4588,95.203,27.4588,27.4588,27.4588,27.4588,4.00192,3.9971309035469695,4.002488214832274,3.9982907187311456,3.9998003959824437,4.002385056637219,4.006768201637881,4.00422907152952
172.8,32.00456,-2.908,27.365,95.2,27.365,27.365,27.365,27.365,4.00057,4.001863768573519,3.997823172934281,4.003200531231222,3.995829706448473,4.004521968496122,4.000847983351173,4.0035785816861615
172.9,32.0396,-2.91295,27.3555,95.197,27.3555,27.3555,27.3555,27.3555,4.00495,4.0064454739459086,4.000392666802515,4.00284597759574,4.005007605072059,4.003693326892545,4.0020844281882715,4.005327703944924
173.0,31.98984,-2.9282,27.4261,95.194,27.4261,27.4261,27.4261,27.4261,3.99873,3.999660129834901,3.999960271687657,3.995384286933237,3.9981129866465306,4.0012763045681625,4.002776401386287,3.994419580024894
173.1,31.98656,-2.93329,27.4384,95.192,27.4384,27.4384,27.4384,27.4384,3.99832,3.9957597385545585,3.9937202138819634,4.002027988159631,3.994907658143501,3.9985504545594064,3.9941871819700014,3.993839803476912
173.2,31.99424,-2.90573,27.4244,95.189,27.4244,27.4244,27.4244,27.4244,3.99928,4.002073930089106,4.002233180185283,3.9993646190325816,4.000638059776653,3.998716882068258,3.9994401168458484,4.004092496488044
173.3,31.9872,-2.89622,27.5147,95.186,27.5147,27.5147,27.5147,27.5147,3.9984,3.9967250408977653,4.0013835000927145,3.9982886498024435,3.9936415744619875,4.000085773339224,4.002286879530736,3.9965868426107045
173.4,32.01344,-2.89017,27.475,95.183,27.475,27.475,27.475,27.475,4.00168,4.004773852073727,3.9969958260534693,4.005880722506459,4.000284168583164,4.002585369526787,4.002554655319473,3.999488345637313
173.5,31.9552,-2.92044,27.4964,95.181,27.4964,27.4964,27.4964,27.4964,3.9944,3.996666879078687,3.993125106418128,3.9947688644441604,3.9949762848184793,3.9912445662226643,3.998882801736143,3.9914412646206996
173.6,31.9684,-2.92018,27.4016,95.178,27.4016,27.4016,27.4016,27.4016,3.99605,3.9934390327935065,3.9984421170927793,3.9923679545540396,4.000793551169715,3.9937860934077656,3.992278564063756,3.9964696227739682
173.7,31.96784,-2.90792,27.4553,95.175,27.4553,27.4553,27.4553,27.4553,3.99598,3.99986310692674,3.9979314141575903,4.000158083734655,3.9973664264837696,3.997754251966899,3.999537097012383,3.9917603994481126
173.8,32.016,-2.89995,27.3732,95.172,27.3732,27.3732,27.3732,27.3732,4.002,3.9973972948535397,4.005573373996562,4.005010570150885,4.002925907090419,4.003226552644606,4.004302103754425,4.000370360755207
173.9,32.034,-2.88487,27.3925,95.169,27.3925,27.3925,27.3925,27.3925,4.00425,4.004780500577245,4.002711719638795,4.007064677574239,4.006585091442638,4.0074434811968676,4.0062088267775335,4.005090809658364
174.0,31.99024,-2.88923,27.4567,95.167,27.4567,27.4567,27.4567,27.4567,3.99878,4.002234384422246,4.003639607623195,4.00212873836916,3.9952597713558977,4.002964582380682,4.003493008309455,3.999924739636629
98.7,32.20336,-2.90074,26.9404,97.258,26.9404,26.9404,26.9404,26.9404,4.02542,4.021398921168454,4.030089624779609,4.029301993068754,4.022187750153197,4.02516892829064,4.022984234415821,4.021235494301807
174.1,31.9884,-2.90552,27.384,95.164,27.384,27.384,27.384,27.384,3.99855,3.995141885354371,3.9955745140814147,4.002851419725584,3.9956806227926456,3.9974202468912083,4.000147013216662,3.9980504714779053
174.2,31.99392,-2.8946,27.3904,95.161,27.3904,27.3904,27.3904,27.3904,3.99924,4.002361176253801,3.9987314163281846,4.000003606872966,4.000314337311026,4.002717482248793,3.9948575148501893,3.995306818065591
174.3,32.01984,-2.91265,27.4642,95.158,27.4642,27.4642,27.4642,27.4642,4.00248,4.000978087544031,4.003346994622123,4.002820525092351,3.9992230344793307,4.002501184889413,3.9999481774535353,4.003989340536174
174.4,31.96944,-2.89888,27.393,95.156,27.393,27.393,27.393,27.393,3.99618,3.99835133464761,3.995568592005061,3.9934873356723726,3.999440920997008,3.9940943326036407,4.000590267110233,3.996190227503964
174.5,31.9972,-2.90094,27.4971,95.153,27.4971,27.4971,27.4971,27.4971,3.99965,4.0028743135294915,3.9954666107499865,3.9987322721476004,3.9978736032115476,3.997907015814366,3.996216756115163,3.9965887233898165
174.6,32.01464,-2.87894,27.427,95.15,27.427,27.427,27.427,27.427,4.00183,4.005912299650777,4.001555246444527,3.9983669334486307,4.005204528129275,4.002864814896898,4.000456823851229,4.002076495203868
174.7,32.00304,-2.8926,27.43,95.147,27.43,27.43,27.43,27.43,4.00038,3.9968176561652093,3.9986729852874228,4.005119463697237,4.004936844017966,3.9980006773138337,4.002797068072664,3.99975000506773
174.8,31.99528,-2.91156,27.456,95.144,27.456,27.456,27.456,27.456,3.99941,3.9964834570595427,3.9996797941627493,4.002014479569329,3.9952895045485572,3.99696922201664,3.9976381983725755,3.996384148212722
174.9,32.01448,-2.91141,27.4333,95.142,27.4333,27.4333,27.4333,27.4333,4.00181,3.998477593865692,3.9997030246939644,4.006173904985112,3.9974721181358874,3.9978264558250007,3.9971864485081965,4.000034753598728
175.0,31.92536,-2.905,27.4587,95.139,27.4587,27.4587,27.4587,27.4587,3.99067,3.9920280576366043,3.9954142181263808,3.9871609358692224,3.988382467518463,3.9937092857107825,3.990780711076847,3.9874438757569965
175.1,32.00624,-2.92347,27.3874,95.136,27.3874,27.3874,27.3874,27.3874,4.00078,4.000632045831031,4.002335030387686,4.001285159918121,3.9980204125275765,4.000252992934564,3.9974878505648497,3.999811080366259
175.2,31.974,-2.90345,27.2797,95.133,27.2797,27.2797,27.2797,27.2797,3.99675,3.9967960573202226,3.993443908137948,3.997272432762429,3.9942494176224352,3.997800063582224,3.9937855935561637,3.9932278327755895
175.3,31.94552,-2.90215,27.3587,95.131,27.3587,27.3587,27.3587,27.3587,3.99319,3.9946824039964217,3.996287564877326,3.9927701246991445,3.9902541957191007,3.995249001525399,3.991672956033056,3.996831920700039
175.4,32.00152,-2.893,27.4166,95.128,27.4166,27.4166,27.4166,27.4166,4.00019,3.998945113807068,4.003172520331857,3.9956966257509645,4.001129298506852,3.997884416047296,4.002330645013324,3.9957830965949044
175.5,32.02192,-2.89082,27.4739,95.125,27.4739,27.4739,27.4739,27.4739,4.00274,4.003075367403284,4.003938707991466,4.00649846564108,4.002077238240132,4.006830221734141,4.004366528855219,4.003610038674896
175.6,31.98544,-2.89852,27.5745,95.122,27.5745,27.5745,27.5745,27.5745,3.99818,3.994921651653103,3.9965862057917194,4.002491382343202,3.999643187614297,4.001067350963811,4.001220118451305,3.997574633902168
175.7,32.01136,-2.92445,27.4099,95.119,27.4099,27.4099,27.4099,27.4099,4.00142,4.004626247507571,4.0063902374494935,4.004285973793834,3.997092170936003,4.00064582651681,4.002996074977047,3.9966372462571877
175.8,32.02696,-2.91832,27.4067,95.117,27.4067,27.4067,27.4067,27.4067,4.00337,3.998487835238112,3.9999211332062052,3.9989606466402656,4.007803746852435,4.00077336172707,4.000728566487654,4.0056522414560725
175.9,32.01952,-2.90908,27.4667,95.114,27.4667,27.4667,27.4667,27.4667,4.00244,4.006722338204439,4.006212941729533,4.000006960635326,3.9985980589648884,3.9976060257304655,4.002145694932064,4.00396503270074
176.0,32.02712,-2.89022,27.4603,95.111,27.4603,27.4603,27.4603,27.4603,4.00339,4.003489756021272,4.007125253408127,4.007094019686771,4.007216487338509,3.9988493406632326,4.004885470652648,4.008229010809356
176.1,32.00528,-2.89072,27.4628,95.108,27.4628,27.4628,27.4628,27.4628,4.00066,4.001680415666238,4.005550405376442,4.002811220381316,4.004124789781908,4.004428107442566,4.003669667486547,4.0041344532969845
176.2,31.98904,-2.90374,27.4326,95.106,27.4326,27.4326,27.4326,27.4326,3.99863,4.000168556533991,3.997299679133376,3.998228211876634,3.9953644846242287,3.998780299671069,3.9988072576244056,3.9994574909054608
176.3,31.94856,-2.8646,27.3297,95.103,27.3297,27.3297,27.3297,27.3297,3.99357,3.9960649491953912,3.9966560395992485,3.997817266283044,3.9930821954178897,3.9915895560692194,3.988959411321529,3.9937900359476677
176.4,31.98088,-2.87658,27.4608,95.1,27.4608,27.4608,27.4608,27.4608,3.99761,4.000005854475916,4.002107474795269,4.002108747281839,3.993765965545204,3.993852390944808,3.9949842535368743,3.9975001194158546
176.5,31.96624,-2.8814,27.4467,95.097,27.4467,27.4467,27.4467,27.4467,3.99578,3.9976478666158157,3.991996579593643,3.998074806378424,4.0003897619175,3.9969801619618393,3.9979507038933395,3.9911002028142777
176.6,32.03832,-2.88949,27.3547,95.094,27.3547,27.3547,27.3547,27.3547,4.00479,4.00487986834314,4.000693180583264,4.004394621861079,4.006030304547785,4.000088491326997,4.003608502548224,4.001184646463371
176.7,31.98176,-2.89312,27.4854,95.092,27.4854,27.4854,27.4854,27.4854,3.99772,4.000610380221482,3.995884187208428,3.9973925942691646,4.001316344261705,3.99980687240693,3.9954173967147146,3.99550268273461
176.8,31.98872,-2.89422,27.4948,95.089,27.4948,27.4948,27.4948,27.4948,3.99859,3.9959390585989953,4.001888836729115,3.995655436804413,3.998209117754265,4.00172017202677,3.9977836281235954,4.002870944850504
176.9,31.99872,-2.92708,27.485,95.086,27.485,27.485,27.485,27.485,3.99984,3.9999549722979326,3.996232415779131,4.000474995971471,3.996444962638311,3.996985078313162,3.998525851623622,3.9963118228878907
177.0,31.98632,-2.91577,27.4276,95.083,27.4276,27.4276,27.4276,27.4276,3.99829,3.994334562446073,3.9942887883654192,4.000887633614817,4.002227148722092,3.9991852748764587,4.001287842247608,3.996249448832834
177.1,32.02568,-2.90333,27.4658,95.081,27.4658,27.4658,27.4658,27.4658,4.00321,4.000378212198974,3.99860793017862,4.007881430894716,4.0036729780529825,4.004822899542172,4.008099823153722,4.004920740497845
177.2,31.96984,-2.89808,27.3992,95.078,27.3992,27.3992,27.3992,27.3992,3.99623,3.9994166739661297,3.9940915529578227,3.9990324147596317,3.993974210491279,3.9937937280714104,3.993762990412039,3.9996368652163508
177.3,31.9892,-2.90187,27.3704,95.075,27.3704,27.3704,27.3704,27.3704,3.99865,3.9987894164547173,3.99945644306777,4.003185401497243,3.9964429997143025,3.994585671268255,3.996413735643272,4.003282626746924
177.4,31.9664,-2.89592,27.4481,95.072,27.4481,27.4481,27.4481,27.4481,3.9958,4.000630323655264,3.9976467572273737,3.9992273789494805,3.9926273945106936,3.9939266530023088,3.9954465733488282,3.99588705550892
177.5,31.95232,-2.93155,27.3644,95.069,27.3644,27.3644,27.3644,27.3644,3.99404,3.99564252004822,3.9929441500298033,3.9962846104338796,3.9948946226843214,3.994329822429086,3.992300789770889,3.9989507573350367
177.6,31.96904,-2.89242,27.4471,95.067,27.4471,27.4471,27.4471,27.4471,3.99613,3.9918605352625622,3.997775657844944,3.999015931605098,3.995397460236756,3.996758922521626,3.9944299656188753,3.9948672705873287
177.7,31.98264,-2.89907,27.4525,95.064,27.4525,27.4525,27.4525,27.4525,3.99783,3.993237641070822,3.999395347224331,4.002533148792477,4.001967526690346,3.995899810483954,4.000962982809294,3.9952703993711993
177.8,31.97296,-2.90281,27.407,95.061,27.407,27.407,27.407,27.407,3.99662,3.993051983277553,3.9930116324965645,3.994752311085666,3.993285918155315,3.995149691079534,3.996017960840181,3.9917290013685203
177.9,31.9664,-2.88609,27.573,95.058,27.573,27.573,27.573,27.573,3.9958,3.994622256174052,3.993993976128918,4.0002776913407105,3.9909773189660656,3.992620319590325,4.00059594452098,3.991877372933889
178.0,31.94904,-2.91568,27.4212,95.056,27.4212,27.4212,27.4212,27.4212,3.99363,3.9907780998958087,3.9943371000161147,3.9979661923926644,3.9917835067734337,3.991090991989022,3.9976850772996158,3.9938789286435235
178.1,31.98048,-2.90355,27.4703,95.053,27.4703,27.4703,27.4703,27.4703,3.99756,4.00155188729901,3.9960006545922675,4.0007502129195105,3.998855803499814,4.002199297734391,4.001657521410772,3.998114652896661
178.2,31.94616,-2.89573,27.4466,95.05,27.4466,27.4466,27.4466,27.4466,3.99327,3.9935369960827414,3.9945362081700555,3.991658450586455,3.993497968307722,3.995361853766971,3.9898164260683897,3.992769483616158
178.3,32.00024,-2.9128,27.515,95.047,27.515,27.515,27.515,27.515,4.00003,4.004465659246304,3.9984908433000306,4.000900731948809,3.999899654284774,4.000732183248001,4.002472957714373,3.999181310481197
178.4,31.98376,-2.93005,27.439,95.044,27.439,27.439,27.439,27.439,3.99797,3.996722207541015,4.000394957869917,3.9943897705880396,3.9940325282043956,3.9974987355976457,4.002336952117586,3.9992472389390215
178.5,31.94656,-2.9173,27.3836,95.042,27.3836,27.3836,27.3836,27.3836,3.99332,3.9901943150158763,3.990320811268594,3.994456028998817,3.996082586411492,3.9910610471586976,3.9892901445722986,3.998166559911705
178.6,31.97384,-2.90097,27.485,95.039,27.485,27.485,27.485,27.485,3.99673,3.9935182431044205,3.9933915740270187,3.996884230291367,3.9987271112550054,3.9952593602559063,3.9926292257396003,3.9953718414200474
178.7,31.96296,-2.90374,27.3705,95.036,27.3705,27.3705,27.3705,27.3705,3.99537,3.9945539065602937,3.995307149045558,3.9919224224852825,4.000151112972595,3.994634053920382,3.991857669393296,3.992692152709695
178.8,31.9884,-2.90027,27.4102,95.033,27.4102,27.4102,27.4102,27.4102,3.99855,4.002540279102577,3.996757508045236,3.995094248481752,4.001098390071846,3.999899734950716,3.9967058422974797,3.999276061645045
178.9,32.01272,-2.90989,27.431,95.031,27.431,27.431,27.431,27.431,4.00159,3.9994422291082463,4.0045575122636095,4.0061467523939704,3.998150687134138,4.004795744411632,4.002286817215368,4.002870005339805
98.8,32.17672,-2.87955,27.0086,97.256,27.0086,27.0086,27.0086,27.0086,4.02209,4.025077333096519,4.019773612221528,4.018098434645363,4.017175924644096,4.025273813744445,4.0223402262972705,4.019503028065317
179.0,31.93528,-2.91968,27.4338,95.028,27.4338,27.4338,27.4338,27.4338,3.99191,3.9880063621266775,3.990508622765397,3.989542695194471,3.994582145064752,3.990800105252913,3.991473628786878,3.996631630982702
179.1,31.9828,-2.89794,27.4419,95.025,27.4419,27.4419,27.4419,27.4419,3.99785,3.998745811801894,3.999262141551228,3.9949667224352847,4.0017580807693305,3.9932983638335866,3.9982916459425786,3.999764245559582
179.2,31.97592,-2.9025,27.4376,95.022,27.4376,27.4376,27.4376,27.4376,3.99699,3.999034543551922,4.001676597116393,3.9984011284239567,4.001706831877415,3.9951096038662617,4.001862450164223,4.000238643281859
179.3,31.9956,-2.89043,27.4712,95.019,27.4712,27.4712,27.4712,27.4712,3.99945,3.9996610995398783,3.9988680663396496,3.998960252555583,3.9989120797199513,4.0005499226136365,3.9974444686845816,3.9989107098285355
179.4,31.9844,-2.91122,27.4234,95.017,27.4234,27.4234,27.4234,27.4234,3.99805,3.9973430107914862,3.9961773066759863,3.999195446247412,4.00005748174855,3.994116715748165,3.9949028734669594,3.993401604695958
179.5,31.96096,-2.93031,27.4908,95.014,27.4908,27.4908,27.4908,27.4908,3.99512,3.994752025056823,3.9947644942147944,3.993892069669876,3.9936640304483606,3.9968314197246997,3.990983168172848,3.9999180792908073
179.6,31.97112,-2.93907,27.4147,95.011,27.4147,27.4147,27.4147,27.4147,3.99639,3.9955043778611197,3.998052025507644,3.99176953797454,3.998192550561241,3.991491852581708,3.993312814805262,3.9960963917465526
179.7,31.95944,-2.90602,27.3895,95.008,27.3895,27.3895,27.3895,27.3895,3.99493,3.9916384996384,3.997118443584009,3.9997241961918095,3.993035854538364,3.9939794187268975,3.998841661625219,3.99428487000782
179.8,32.00408,-2.89808,27.3983,95.006,27.3983,27.3983,27.3983,27.3983,4.00051,3.99686864295192,4.00264167902652,3.997168701395594,3.9964007823774508,4.001427336459713,4.004885738327315,4.000996557327371
179.9,31.97856,-2.90348,27.442,95.003,27.442,27.442,27.442,27.442,3.99732,3.994221638446002,3.993759088962406,3.9998317423462315,3.9938812119367646,3.993342772708082,3.9943921755606264,3.997406895545196
180.0,32.02344,-2.90848,27.5255,95.0,27.5255,27.5255,27.5255,27.5255,4.00293,4.006441535801868,4.002595193211365,4.002580491526282,4.00697628574868,3.998255902237363,3.9979607548790828,4.006197715305911
180.1,31.97608,-2.92387,27.466,94.997,27.466,27.466,27.466,27.466,3.99701,4.001030846817268,3.99512133803763,3.9957856039404036,4.000670511309366,4.001526896866129,3.9984233160243434,3.9966154841876027
180.2,31.96032,-2.92834,27.4405,94.994,27.4405,27.4405,27.4405,27.4405,3.99504,3.997036256728105,3.9989612411007958,3.992411339415797,3.995328633537169,3.9935238114367575,3.9931871485180213,3.9917812051398984
180.3,31.94072,-2.89449,27.4663,94.992,27.4663,27.4663,27.4663,27.4663,3.99259,3.991548493146919,3.98802607972514,3.995161472229939,3.9957710575294403,3.9920293527634687,3.9888796721811706,3.9888223111900993
180.4,31.93352,-2.90341,27.3966,94.989,27.3966,27.3966,27.3966,27.3966,3.99169,3.9959399567242833,3.9918068230721113,3.992248177613116,3.992568931019315,3.9937812277217786,3.992865256693754,3.995990585997243
180.5,31.93856,-2.90545,27.3673,94.986,27.3673,27.3673,27.3673,27.3673,3.99232,3.9970253593811744,3.9906072228761413,3.989498166821096,3.990614983053877,3.994079468259456,3.9890783630915263,3.98894612583861
180.6,31.98272,-2.92313,27.411,94.983,27.411,27.411,27.411,27.411,3.99784,4.002170178602849,3.9987286647087052,3.9992250323085834,3.9955009946618807,4.001626701249793,3.994191303287426,3.9998895765582567
180.7,31.98824,-2.91449,27.4078,94.981,27.4078,27.4078,27.4078,27.4078,3.99853,3.9990206608832253,3.9946790740685882,3.9967094033460495,4.000840388224432,4.000366383888328,3.99542835038175,3.9951110654205593
180.8,31.93784,-2.89932,27.6152,94.978,27.6152,27.6152,27.6152,27.6152,3.99223,3.989017089368094,3.989144734474718,3.9907249500894855,3.994766010440193,3.99538285330977,3.9947508029285883,3.99638799864533
180.9,31.99704,-2.89573,27.587,94.975,27.587,27.587,27.587,27.587,3.99963,3.9997805831621718,3.9973384425290868,4.0036620049508675,3.9974401713516383,4.004034095624647,3.9969430562279675,4.002735933213121
181.0,31.96368,-2.90246,27.5869,94.972,27.5869,27.5869,27.5869,27.5869,3.99546,3.9926793160773726,3.998681244942431,3.9950809166814,3.9996629199228884,3.99824799505559,3.999619586542865,4.0001698070699625
181.1,31.97856,-2.87931,27.3998,94.969,27.3998,27.3998,27.3998,27.3998,3.99732,4.002003082220716,3.9999792819941313,4.002083441388848,3.9923790589566526,3.9935127986472554,4.000407188213291,3.9961606440902693
181.2,32.01352,-2.90863,27.5785,94.967,27.5785,27.5785,27.5785,27.5785,4.00169,4.002612358609876,3.9990424653526,4.006179755027892,3.9971792038679443,4.004668520289167,4.001399217448933,3.998017958842831
181.3,31.99608,-2.8807,27.431,94.964,27.431,27.431,27.431,27.431,3.99951,4.003618264046175,3.997456598005423,3.9998591798485728,4.000781336309903,3.9979548474767816,3.999458739575252,3.994662897994986
181.4,31.96784,-2.89675,27.573,94.961,27.573,27.573,27.573,27.573,3.99598,3.9938962593038205,3.9944747321890723,3.9962003791312535,4.000549838632531,3.9982780701569336,3.995915847367117,3.9986786184761844
181.5,31.95264,-2.89838,27.5011,94.958,27.5011,27.5011,27.5011,27.5011,3.99408,3.993468038293623,3.9920966137104665,3.9891558194804335,3.9949112198575043,3.9983544223272784,3.9969105965617815,3.9905591924655743
181.6,31.92216,-2.88601,27.4157,94.956,27.4157,27.4157,27.4157,27.4157,3.99027,3.9867832752715304,3.990064985716278,3.9920061432255793,3.9892904777092006,3.9927593333483937,3.9867155218786925,3.987760891813801
181.7,31.95632,-2.90936,27.5751,94.953,27.5751,27.5751,27.5751,27.5751,3.99454,3.9898112873397102,3.997339609345018,3.9971459020638864,3.995249870402672,3.9930145992622115,3.996985968617456,3.995819062662844
181.8,31.96824,-2.90494,27.5732,94.95,27.5732,27.5732,27.5732,27.5732,3.99603,3.99468769625933,3.996088683478167,3.9936381262736775,4.00079188656738,3.9995609563099186,3.9957452564094806,3.992049628904497
181.9,31.94936,-2.91835,27.4131,94.947,27.4131,27.4131,27.4131,27.4131,3.99367,3.993434630028851,3.9900101809823467,3.9956714546207257,3.9925989365671986,3.9894881942621176,3.9984539926736993,3.996192290081654
182.0,31.96968,-2.88597,27.4968,94.944,27.4968,27.4968,27.4968,27.4968,3.99621,3.9932872869111016,3.9992689679623905,4.001008998208962,3.99792948986084,4.0008322742605245,3.9913673521500725,3.9944517495950507
182.1,31.9744,-2.89497,27.3616,94.942,27.3616,27.3616,27.3616,27.3616,3.9968,3.997286643406436,3.9998259593871124,3.9931223415196597,3.997413399840043,4.00041915628246,3.9960315751516586,3.9952697026198374
182.2,31.96688,-2.88353,27.4546,94.939,27.4546,27.4546,27.4546,27.4546,3.99586,3.9962172881422644,3.9981215548015023,3.9933082437302865,3.997852594615766,3.995405342641814,3.9934114180087747,3.9964145320056645
182.3,31.95648,-2.89693,27.4555,94.936,27.4555,27.4555,27.4555,27.4555,3.99456,3.9971222875949555,3.991899899980791,3.995557939859029,3.9949450560961504,3.9910707300402968,3.9910821747018224,3.9995354869436537
182.4,31.97584,-2.88345,27.4548,94.933,27.4548,27.4548,27.4548,27.4548,3.99698,3.9965208480109946,4.000337270874389,4.000537652035288,3.993976116915727,3.999643415412013,4.000823225135522,3.9921478778374846
182.5,31.98216,-2.91121,27.5765,94.931,27.5765,27.5765,27.5765,27.5765,3.99777,4.001660598264054,3.9976590084696175,4.000283315727043,4.002042954319723,3.9981182959951886,3.993142403830472,3.997091400722918
182.6,31.94512,-2.88519,27.4002,94.928,27.4002,27.4002,27.4002,27.4002,3.99314,3.9945866836415096,3.9885037947195983,3.9977273711137773,3.995871250064086,3.992979807882038,3.9901482272918645,3.996255183333942
182.7,32.00496,-2.90597,27.4674,94.925,27.4674,27.4674,27.4674,27.4674,4.00062,4.002905861356964,4.003841026483564,3.998116617106046,4.004655916668609,4.000738944717701,3.997530388667226,4.000688579558355
182.8,31.96848,-2.89996,27.5266,94.922,27.5266,27.5266,27.5266,27.5266,3.99606,3.994737361426891,3.993583680299517,3.9947305823338675,3.9913181640588578,3.9944521962146884,3.996732939674332,4.0000860158749925
182.9,31.97104,-2.88907,27.4029,94.919,27.4029,27.4029,27.4029,27.4029,3.99638,3.9940049903731185,3.9945441724769966,3.9937855940642595,3.99906849042533,4.00072062151727,3.999743326637468,4.00068266934529
183.0,31.98736,-2.86508,27.4293,94.917,27.4293,27.4293,27.4293,27.4293,3.99842,3.993467056518345,3.998239412091397,3.996410633720454,4.001095319969719,3.9987812868647548,3.999594062973917,3.9982167237831505
183.1,31.97568,-2.8877,27.5497,94.914,27.5497,27.5497,27.5497,27.5497,3.99696,3.9979529152454947,3.998847312924061,3.9949605292398624,3.995330162428735,3.994566260476279,4.000321291024302,3.9972225177305547
183.2,31.99272,-2.88628,27.564,94.911,27.564,27.564,27.564,27.564,3.99909,4.001256053519945,3.9943354489551512,4.000068366114478,4.000061245952515,4.00069973125089,3.9995788293650913,3.9987995313804623
183.3,31.97648,-2.90818,27.4578,94.908,27.4578,27.4578,27.4578,27.4578,3.99706,3.9955913476140466,3.9951992364149063,3.9957612063403003,3.992330393784584,3.99787453114619,3.9931404771620627,3.9968091302222573
183.4,31.95464,-2.89765,27.5358,94.906,27.5358,27.5358,27.5358,27.5358,3.99433,3.9984983636757616,3.9901907123874176,3.9922415629062082,3.9950768723425965,3.998591803723942,3.9939812515998394,3.9912278985040337
98.9,32.1824,-2.9174,27.0437,97.253,27.0437,27.0437,27.0437,27.0437,4.0228,4.026001728143334,4.021588502874947,4.025959727649004,4.019691242977406,4.019899532959606,4.026919995067273,4.022888842517132
183.5,31.97776,-2.90144,27.5782,94.903,27.5782,27.5782,27.5782,27.5782,3.99722,3.9923425143711957,3.9942519180126363,3.9976081143016384,3.9967217175106367,3.999268896359899,4.001144142601824,3.9971704164267794
183.6,31.94136,-2.87889,27.4609,94.9,27.4609,27.4609,27.4609,27.4609,3.99267,3.996106269041678,3.994543620336734,3.9906618653716133,3.9923707390877996,3.9925092523399797,3.995279765065938,3.988209519842163
183.7,31.9712,-2.90219,27.5333,94.897,27.5333,27.5333,27.5333,27.5333,3.9964,3.995232626655245,3.9980443167825763,3.99324886965865,3.9925522346727473,3.9919952824563305,3.998829411694581,3.999972811038589
183.8,31.96752,-2.88007,27.461,94.894,27.461,27.461,27.461,27.461,3.99594,3.9968542966090284,3.9931878063164823,3.9932295709627224,3.99931952661219,3.995746267479648,4.000557984938416,3.99655631569605
183.9,31.96312,-2.91952,27.4057,94.892,27.4057,27.4057,27.4057,27.4057,3.99539,3.9911873684300208,3.9944664257798723,3.9967980391074356,3.998262697266254,3.99587095603134,3.9970039320655157,3.999592468872194
184.0,31.96472,-2.87902,27.4876,94.889,27.4876,27.4876,27.4876,27.4876,3.99559,3.997089556883141,3.990674240966774,3.9960090388127845,3.995867334971032,3.9954743994989035,3.9954008258457523,3.9986730989942534
184.1,31.9224,-2.91292,27.4732,94.886,27.4732,27.4732,27.4732,27.4732,3.9903,3.986976843791505,3.9897571654428665,3.994891243054597,3.987893611035749,3.9918016243672794,3.986025065839141,3.987932245406352
184.2,31.95416,-2.88719,27.4328,94.883,27.4328,27.4328,27.4328,27.4328,3.99427,3.9958747678813147,3.9929980405310204,3.99371580070523,3.998731376539779,3.995642368715059,3.9970258130147838,3.9973931945892485
184.3,31.96936,-2.91296,27.4685,94.881,27.4685,27.4685,27.4685,27.4685,3.99617,3.9939904614993167,3.992833963966869,3.9947925969108207,3.994501150815036,3.9926394974306976,3.999916813939954,3.9924993308899848
184.4,31.97072,-2.89072,27.4758,94.878,27.4758,27.4758,27.4758,27.4758,3.99634,3.993171638753692,3.993168074926911,3.996920890556381,3.991379576273436,3.995738981363165,4.000745018516974,3.9973625774173818
184.5,31.94192,-2.91444,27.5066,94.875,27.5066,27.5066,27.5066,27.5066,3.99274,3.995557156107663,3.99432879660608,3.989259688616563,3.9895899158940185,3.9965094296890453,3.990417489088731,3.9887034151512073
184.6,31.99672,-2.88445,27.5527,94.872,27.5527,27.5527,27.5527,27.5527,3.99959,4.001278275519602,3.999439922119484,3.9947969218801505,4.001473703072542,3.9974284814708922,3.9985137709198937,3.9967032546546144
184.7,31.94528,-2.88732,27.5533,94.869,27.5533,27.5533,27.5533,27.5533,3.99316,3.993338101385048,3.997354427941816,3.9904993944579767,3.997368615947903,3.9886053365209513,3.9963551928158307,3.992661486936664
184.8,31.98912,-2.90901,27.4862,94.867,27.4862,27.4862,27.4862,27.4862,3.99864,4.002044035550425,3.9962060643606265,3.9958624716787985,3.993974274670104,3.9940748290334045,4.001020013564118,3.9956203636526384
184.9,31.97584,-2.89133,27.4591,94.864,27.4591,27.4591,27.4591,27.4591,3.99698,3.993441955456597,3.9927086095753648,4.000462860665894,3.99447995213719,3.9940027249794188,3.996940099272664,3.998292795633812
185.0,31.94984,-2.88579,27.5728,94.861,27.5728,27.5728,27.5728,27.5728,3.99373,3.995137291953883,3.991797383197834,3.988732144079445,3.9899751855099996,3.994645598140995,3.9950541791694865,3.9961723452803724
185.1,32.00768,-2.91385,27.4869,94.858,27.4869,27.4869,27.4869,27.4869,4.00096,3.9971853612162165,4.003833564384502,3.998264731622735,4.0039189894471034,4.003628292338856,3.999309370904695,4.000931530678704
185.2,31.93624,-2.91551,27.4576,94.856,27.4576,27.4576,27.4576,27.4576,3.99203,3.9939899267933674,3.987586423504718,3.987415675865653,3.9879522276255583,3.987603062069913,3.9909860723383117,3.9929791765540656
185.3,31.98664,-2.91607,27.5041,94.853,27.5041,27.5041,27.5041,27.5041,3.99833,3.99373851145492,3.9973946014486006,3.9967856759725513,4.001975323863033,3.993960534919252,3.9990837981327165,4.002322735415681
185.4,31.9884,-2.9182,27.3849,94.85,27.3849,27.3849,27.3849,27.3849,3.99855,3.9978935639199187,3.9959910992530254,3.999311519934951,3.9963999003576793,3.994485477046941,4.002294098031535,4.0021571212075155
185.5,31.948,-2.91614,27.4667,94.847,27.4667,27.4667,27.4667,27.4667,3.9935,3.9960228518708623,3.9974918266245325,3.995077850228658,3.9910676481970895,3.9946532917404975,3.9931094263726887,3.9979420130797534
185.6,31.99728,-2.88613,27.4632,94.844,27.4632,27.4632,27.4632,27.4632,3.99966,3.9995027920132835,4.003759115278739,3.998768346569505,3.997816962953731,4.003320892712331,3.9947892751857292,3.9983664257710467
185.7,31.9576,-2.89163,27.4485,94.842,27.4485,27.4485,27.4485,27.4485,3.9947,3.996647868460179,3.9901322475183347,3.9945747546046175,3.9942222802243794,3.990461547414823,3.9906507343014908,3.992111711489453
185.8,31.97032,-2.92544,27.5192,94.839,27.5192,27.5192,27.5192,27.5192,3.99629,3.993508089213693,3.9999025069522314,3.9953631085004253,3.992911407790547,3.994589141157402,3.9941413378804262,3.9955835181420554
185.9,31.96936,-2.90765,27.5616,94.836,27.5616,27.5616,27.5616,27.5616,3.99617,3.9963593162662514,4.000082786498753,3.9915151741154364,3.9948506806536845,3.998001868116508,3.9981668100930836,3.9957626974115645
186.0,31.95968,-2.91737,27.599,94.833,27.599,27.599,27.599,27.599,3.99496,3.9933630619743687,3.993285311041662,3.994310844910586,3.993075988548968,3.9947151587403833,3.991050277872908,3.996594810970766
186.1,31.98208,-2.88708,27.4682,94.831,27.4682,27.4682,27.4682,27.4682,3.99776,3.9986271394713357,3.993987581579808,3.9944706945321737,4.0010209350263155,3.9929127525404535,3.99527621964536,3.9942341353859687
186.2,31.98144,-2.90674,27.4815,94.828,27.4815,27.4815,27.4815,27.4815,3.99768,3.9977946103016895,3.9962068131185764,3.9933744307955488,4.0001764207578505,3.993717589524706,3.994523052798983,3.9933647835023334
186.3,31.92016,-2.92317,27.4581,94.825,27.4581,27.4581,27.4581,27.4581,3.99002,3.985863280872423,3.9879838473818574,3.986584635081704,3.9861615521868763,3.9887374871059955,3.9940320842120425,3.9875197032618583
186.4,31.9932,-2.89745,27.5317,94.822,27.5317,27.5317,27.5317,27.5317,3.99915,3.9996235679333685,3.9974596546165655,4.003784809585798,3.9992404235324597,3.9965560060266263,4.003733645401852,4.0031481315083655
186.5,31.92176,-2.8909,27.3879,94.819,27.3879,27.3879,27.3879,27.3879,3.99022,3.985798815560451,3.9901404306736628,3.9856147289027364,3.992198337321076,3.987278737751425,3.9925897985254193,3.9858460942535667
186.6,31.98616,-2.91431,27.4771,94.817,27.4771,27.4771,27.4771,27.4771,3.99827,4.002170791924971,3.9987088466284573,3.997209911959441,3.996815581904101,3.9994515964939987,3.993932022625759,3.9934118438197816
99.0,32.18648,-2.8966,27.1898,97.25,27.1898,27.1898,27.1898,27.1898,4.02331,4.024651583265199,4.0209185085583625,4.022985986666956,4.027607233410675,4.027903365318581,4.022313106315658,4.020404375263973
187
186.8,31.93472,-2.91354,27.464,94.811,27.464,27.464,27.464,27.464,3.99184,3.996614710878577,3.9906123001183764,3.9953754694912833,3.9901792741950395,3.988549998343823,3.991206582418482,3.9923520603163327
186.9,31.9508,-2.88134,27.4762,94.808,27.4762,27.4762,27.4762,27.4762,3.99385,3.9914695851722928,3.9951022564593255,3.991071208668915,3.995535689114508,3.9956189729248113,3.9890391893163715,3.9985954397482963
187.0,31.93384,-2.90647,27.5619,94.806,27.5619,27.5619,27.5619,27.5619,3.99173,3.9908710748247476,3.993349125203499,3.9936039836931863,3.9940786967053046,3.991901016690967,3.9883239364938836,3.9925411772810953
187.1,31.95496,-2.91083,27.4995,94.803,27.4995,27.4995,27.4995,27.4995,3.99437,3.9916019665659057,3.998316629995657,3.9959488462543393,3.996245966679014,3.9904515110418566,3.996153541568272,3.99438143978174
187.2,31.95248,-2.90077,27.5751,94.8,27.5751,27.5751,27.5751,27.5751,3.99406,3.9917869337981124,3.998999681058068,3.998912995086627,3.9931632002872943,3.9935734319254363,3.9954708510611456,3.994944876083028
187.3,31.97832,-2.90311,27.6022,94.797,27.6022,27.6022,27.6022,27.6022,3.99729,3.9925844847047998,4.001591352976859,3.9964940095545876,3.9968297747742993,3.9963803175402783,3.994020131550477,4.0020221673942284
187.4,31.99088,-2.88967,27.5363,94.794,27.5363,27.5363,27.5363,27.5363,3.99886,4.003480971028097,3.996583297907488,4.002255732856722,3.9947110279985436,4.002738789618823,4.003219274923223,3.9940663649929853
187.5,31.99264,-2.88176,27.4875,94.792,27.4875,27.4875,27.4875,27.4875,3.99908,4.0040277709436625,4.003944979142813,3.9993156803478334,3.999269112364585,4.003816072765611,3.995404172393479,4.003278327828326
187.6,31.94544,-2.88165,27.6004,94.789,27.6004,27.6004,27.6004,27.6004,3.99318,3.9921595313178866,3.9887258692399823,3.9971672597343315,3.997466245392885,3.9906589518533964,3.9905357641841457,3.990108267464552
187.7,31.9536,-2.90573,27.3544,94.786,27.3544,27.3544,27.3544,27.3544,3.9942,3.9896632971879686,3.994484552522055,3.998771497471855,3.9986455140082855,3.991779892457124,3.9953279067579146,3.997753841390164
187.8,31.918,-2.89542,27.4134,94.783,27.4134,27.4134,27.4134,27.4134,3.98975,3.9881460974487477,3.9909843582195728,3.9945058457232436,3.990530309357919,3.988069580019554,3.9899421230260064,3.99449029185237
187.9,31.9388,-2.87767,27.5532,94.781,27.5532,27.5532,27.5532,27.5532,3.99235,3.992092249626947,3.9909254344905407,3.994243566549848,3.9924974616522544,3.989396683381658,3.995041803311562,3.995894944696384
188.0,31.98104,-2.8771,27.6559,94.778,27.6559,27.6559,27.6559,27.6559,3.99763,3.9992417974842267,3.9964608770540933,3.9946532757147963,3.9993598632845395,3.9999998866163455,3.999805340315975,3.9996969191715306
188.1,31.9964,-2.91314,27.5489,94.775,27.5489,27.5489,27.5489,27.5489,3.99955,4.001422825970026,4.004048696396699,4.003913301780875,3.9988571006775087,3.9984772281183987,4.004193603782355,4.002389814461236
188.2,31.92776,-2.89112,27.5195,94.772,27.5195,27.5195,27.5195,27.5195,3.99097,3.987851862236373,3.994042266834538,3.993459972617711,3.9886393035892773,3.987015599735825,3.986574544140822,3.9918403167664396
188.3,31.94296,-2.89365,27.481,94.769,27.481,27.481,27.481,27.481,3.99287,3.9913608982431024,3.9970969813541677,3.99704225567749,3.995084239042786,3.994341911784853,3.9923597319990445,3.9893191481571715
188.4,31.95632,-2.8861,27.5428,94.767,27.5428,27.5428,27.5428,27.5428,3.99454,3.9916925651532362,3.9902876648384136,3.9986735294549236,3.9932211828148305,3.991056453093181,3.990730907467461,3.995814438947063
188.5,31.96336,-2.88135,27.5795,94.764,27.5795,27.5795,27.5795,27.5795,3.99542,3.9939191291964127,3.991165751793065,3.9926520134044825,3.9976387861700595,4.000280007878082,3.9975033582462793,3.994944872353669
188.6,31.93696,-2.91561,27.5554,94.761,27.5554,27.5554,27.5554,27.5554,3.99212,3.996993091592766,3.991345413187857,3.995203801449882,3.988945220514525,3.9970960456562628,3.995057533857261,3.992732028776757
188.7,31.96632,-2.91036,27.5147,94.758,27.5147,27.5147,27.5147,27.5147,3.99579,3.9955541247606194,3.998473804322808,3.9933628623596986,4.000548168450901,3.9916197815089465,3.9979437698958664,3.9963771294659245
188.8,31.94456,-2.88639,27.5735,94.756,27.5735,27.5735,27.5735,27.5735,3.99307,3.997577640996945,3.9902876459542855,3.9895822985643377,3.9948152550792067,3.992614745096766,3.9948449458297666,3.9950520546347033
188.9,31.95536,-2.89778,27.5303,94.753,27.5303,27.5303,27.5303,27.5303,3.99442,3.989724175104804,3.9901019252111705,3.9954783668196425,3.9921596451157524,3.9934304595605634,3.990224868083839,3.9947504055207452
189.0,31.96856,-2.93341,27.5431,94.75,27.5431,27.5431,27.5431,27.5431,3.99607,4.000703802750224,3.9938868445335296,3.994585895629416,3.996890005782305,4.000797756031517,3.997059834258928,3.9918333121821754
189.1,31.95536,-2.92499,27.5712,94.747,27.5712,27.5712,27.5712,27.5712,3.99442,3.993690396605403,3.9945951608443497,3.994646903086614,3.990132349541408,3.9904969787444564,3.993361174510654,3.997902518456661
189.2,31.94448,-2.89006,27.4574,94.744,27.4574,27.4574,27.4574,27.4574,3.99306,3.9929465357554066,3.9926981127001424,3.9898191456553933,3.98818535967215,3.9977014642460755,3.990381969973313,3.992425646098018
189.3,31.95208,-2.88741,27.5126,94.742,27.5126,27.5126,27.5126,27.5126,3.99401,3.993844229991551,3.9983673189819653,3.996841634220244,3.990547483327108,3.996908014939845,3.991954558510614,3.9909730420330485
189.4,31.95232,-2.92024,27.5213,94.739,27.5213,27.5213,27.5213,27.5213,3.99404,3.990052656403615,3.993140080393076,3.9978307993256137,3.989953534549933,3.9907773516057765,3.9914335533526364,3.989724602609289
189.5,31.94528,-2.88351,27.4429,94.736,27.4429,27.4429,27.4429,27.4429,3.99316,3.9891316390566365,3.990301360673409,3.9905058336220134,3.993669561023541,3.9922028824308833,3.9883962914102047,3.998058908525942
189.6,31.94776,-2.90296,27.4501,94.733,27.4501,27.4501,27.4501,27.4501,3.99347,3.9968868905326,3.991686251901529,3.988868177404082,3.989052074579109,3.996160694494725,3.9945706073319993,3.994320088149656
189.7,31.99208,-2.91534,27.4784,94.731,27.4784,27.4784,27.4784,27.4784,3.99901,3.995256631021507,4.000780280480835,3.9952931493172987,4.000179863988452,3.995896503285794,4.000605726917948,3.9965533208501864
189.8,31.96688,-2.9084,27.579,94.728,27.579,27.579,27.579,27.579,3.99586,3.996018903417452,3.9995772611677562,4.00019170826063,4.0004181180384,3.992535150431913,3.9929127243311324,3.993948004743046
189.9,31.94608,-2.91834,27.5052,94.725,27.5052,27.5052,27.5052,27.5052,3.99326,3.9961466276509476,3.9964727643582827,3.9918543951151944,3.991866134302738,3.993271719492268,3.992609737185816,3.9901890669938407
190.0,31.96968,-2.90924,27.5253,94.722,27.5253,27.5253,27.5253,27.5253,3.99621,3.9991320318383403,3.9950144072258214,3.9925544651266627,3.9993453853618424,3.99927347194418,3.9955714517336065,3.9933651137318247
190.1,31.94472,-2.92803,27.5365,94.719,27.5365,27.5365,27.5365,27.5365,3.99309,3.9969763950061554,3.9924104168504373,3.9937673099813242,3.9953114238029466,3.9938419580739524,3.9912677141146506,3.990305544296666
190.2,31.98064,-2.90111,27.5564,94.717,27.5564,27.5564,27.5564,27.5564,3.99758,3.99972921403714,3.9983156370786235,3.999763567176324,4.000339207777669,3.993338012571778,3.998187696707208,3.9931040438725267
190.3,31.96104,-2.89119,27.5491,94.714,27.5491,27.5491,27.5491,27.5491,3.99513,3.9957188729381894,3.99834086340976,3.9952140683512933,3.990500983224094,3.9982598541300156,3.9983834077720766,3.991935848719006
190.4,31.94936,-2.92021,27.5235,94.711,27.5235,27.5235,27.5235,27.5235,3.99367,3.991165086569075,3.9976097644053152,3.9904170023158554,3.9950965523257103,3.998643086080283,3.990218365088206,3.997622302119244
190.5,31.96248,-2.89974,27.5117,94.708,27.5117,27.5117,27.5117,27.5117,3.99531,3.9914528270823944,3.9904713800156943,3.997773145831652,3.993438403436268,3.9933667157549846,3.9918705742905254,3.9985680415013816
190.6,31.91376,-2.91207,27.5862,94.706,27.5862,27.5862,27.5862,27.5862,3.98922,3.993335753397619,3.9923625665927363,3.99221350216621,3.9922166317248498,3.9874808762200376,3.9931252401024935,3.9891622473843817
190.7,31.92416,-2.88997,27.4914,94.703,27.4914,27.4914,27.4914,27.4914,3.99052,3.9900712705185883,3.9927689572428084,3.988904718443151,3.9905250551477156,3.9883930490829713,3.986468273216616,3.9895133013759008
190.8,31.92232,-2.93472,27.6031,94.7,27.6031,27.6031,27.6031,27.6031,3.99029,3.988580846303207,3.9942345792127694,3.994073500420317,3.9862025441614497,3.991280565950826,3.9943207598754835,3.9880928809845173
190.9,31.95416,-2.88932,27.4878,94.697,27.4878,27.4878,27.4878,27.4878,3.99427,3.993106393195408,3.99105370084223,3.990334058651002,3.9972314028272753,3.9972458363050416,3.993813068212924,3.99911636265292
191.0,31.99208,-2.92727,27.5055,94.694,27.5055,27.5055,27.5055,27.5055,3.99901,3.997942654569983,4.0033410384752965,3.996433379537739,3.9996973279790202,4.002302161985612,4.003238697439871,3.9997031492935236
191.1,32.00376,-2.90315,27.5655,94.692,27.5655,27.5655,27.5655,27.5655,4.00047,3.9993398321075904,3.9957268669606893,3.9992158620490494,4.002700814990544,3.999377113609738,3.9961285185204454,4.001562549518572
191.2,31.96528,-2.91063,27.6654,94.689,27.6654,27.6654,27.6654,27.6654,3.99566,3.996654735208626,3.99911869085926,3.998025484336659,3.9990524027990735,3.9999209905925044,3.9945258199645455,3.9972034278049673
191.3,31.96176,-2.90541,27.4078,94.686,27.4078,27.4078,27.4078,27.4078,3.99522,3.9971254235986318,3.9932830097833496,3.9933757022383776,3.991611490659804,3.991665524140916,3.9927977065088647,3.9905389095404913
191.4,31.90624,-2.92294,27.5765,94.683,27.5765,27.5765,27.5765,27.5765,3.98828,3.984975465040466,3.9860331863554923,3.9900763087077356,3.992420937515857,3.988537660474624,3.992064213574915,3.9848699141132204
191.5,31.93624,-2.8751,27.5534,94.681,27.5534,27.5534,27.5534,27.5534,3.99203,3.9948951788208897,3.9906280806489223,3.9930608895144912,3.996994772182179,3.9873079036921517,3.996014845408482,3.9912114008120105
191.6,31.93008,-2.9193,27.4983,94.678,27.4983,27.4983,27.4983,27.4983,3.99126,3.9943621101943028,3.9915628887321724,3.988805335088903,3.9897987410409446,3.9870522524205336,3.9896671568426973,3.9867565136288023
191.7,31.93384,-2.91811,27.5476,94.675,27.5476,27.5476,27.5476,27.5476,3.99173,3.9962905352999845,3.988590343123445,3.988925268093451,3.993873591745152,3.9887399305920432,3.9962892538019337,3.9914033601875123
191.8,31.94448,-2.87308,27.4545,94.672,27.4545,27.4545,27.4545,27.4545,3.99306,3.9921823776633683,3.9915236245138397,3.9922535549522555,3.9958627123505064,3.994550280935262,3.9947925490557976,3.9896344309803182
99.1,32.13224,-2.90416,27.0855,97.247,27.0855,27.0855,27.0855,27.0855,4.01653,4.012542320108891,4.019112729320253,4.014432287696934,4.015669936368473,4.019320960919428,4.016186376047693,4.01934958341625
191.9,31.93688,-2.89516,27.4794,94.669,27.4794,27.4794,27.4794,27.4794,3.99211,3.9968806349455814,3.9913737283816277,3.994193004850071,3.9959693286306153,3.9872220517038515,3.992841379551076,3.9940933932067133
192.0,31.90048,-2.91881,27.5532,94.667,27.5532,27.5532,27.5532,27.5532,3.98756,3.98959936760868,3.9915915702814035,3.985087182882145,3.983506517604373,3.992463093786575,3.990791500846198,3.9877251586284332
192.1,31.96568,-2.90193,27.4675,94.664,27.4675,27.4675,27.4675,27.4675,3.99571,3.9955859762338566,3.9960002135468606,3.997050390871888,3.9944338154059422,3.9942345736988383,3.9998750348722414,3.9933414292785248
192.2,31.92176,-2.90354,27.5376,94.661,27.5376,27.5376,27.5376,27.5376,3.99022,3.9935180732849482,3.991722296423181,3.9892549061688594,3.9867597216519703,3.9854748444830213,3.9938248877922735,3.9872240346122223
192.3,31.95296,-2.92531,27.4892,94.658,27.4892,27.4892,27.4892,27.4892,3.99412,3.993672701732937,3.996303847403965,3.993062245706231,3.997305729902927,3.996974915066743,3.9950424442248202,3.994209470647911
192.4,31.9968,-2.91137,27.5023,94.656,27.5023,27.5023,27.5023,27.5023,3.9996,3.9986813674120487,4.002515438963384,3.9989664637591136,3.9994556397824583,3.998891945168369,3.9998505597354828,3.9958004976515418
192.5,31.92472,-2.9004,27.5946,94.653,27.5946,27.5946,27.5946,27.5946,3.99059,3.9892182084021246,3.9885849788775753,3.9948940954315915,3.988189715465681,3.988912134813811,3.9955114801441796,3.9955039138238857
192.6,31.88576,-2.881,27.4606,94.65,27.4606,27.4606,27.4606,27.4606,3.98572,3.985920057449055,3.98496135933343,3.982695531092554,3.981603535210316,3.9900643225232977,3.9813537115208026,3.9860860437610297
192.7,31.93936,-2.90283,27.529,94.647,27.529,27.529,27.529,27.529,3.99242,3.993939160208684,3.997058901870643,3.993382909326666,3.9928963867977174,3.997073845952428,3.9969715965593258,3.9928611528354647
192.8,31.9724,-2.9017,27.5602,94.644,27.5602,27.5602,27.5602,27.5602,3.99655,3.998207632307803,3.993622947010173,4.00063947290441,4.0003627992494675,3.9968173068491497,3.999166745669534,3.9916481004809117
192.9,31.9928,-2.91223,27.5475,94.642,27.5475,27.5475,27.5475,27.5475,3.9991,3.9946920118356415,3.994249324986338,3.9995878820036785,4.00185779482017,3.9997622228506877,3.998361161957105,4.00233743189395
193.0,31.916,-2.88356,27.497,94.639,27.497,27.497,27.497,27.497,3.9895,3.9883178185341963,3.98982333634976,3.990529214432561,3.993070004525345,3.9855977602815154,3.989910420297084,3.989402726474485
193.1,31.9572,-2.88647,27.5549,94.636,27.5549,27.5549,27.5549,27.5549,3.99465,3.9969741672186547,3.992733716789161,3.9935030330768564,3.9920467260190127,3.99395662916869,3.9917182822256336,3.9995032131117223
193.2,31.93384,-2.88816,27.4717,94.633,27.4717,27.4717,27.4717,27.4717,3.99173,3.9954304870725657,3.9909261763585233,3.9875868345110392,3.9879570183131596,3.991008923161823,3.9932292451172047,3.9897930298409454
193.3,31.94224,-2.89832,27.5048,94.631,27.5048,27.5048,27.5048,27.5048,3.99278,3.992406165833261,3.9931490449033182,3.9961298407390955,3.9940423077205214,3.995047859798853,3.9884837159286595,3.9929129730738726
193.4,32.008,-2.92398,27.63,94.628,27.63,27.63,27.63,27.63,4.001,3.996812804384577,4.003894872275794,4.004115498974523,3.9975556794802554,4.001099654916158,4.003154838439808,3.9984705715916533
193.5,31.90824,-2.8837,27.5734,94.625,27.5734,27.5734,27.5734,27.5734,3.98853,3.9913689061770943,3.9918849592497585,3.9885627880455203,3.985186658216996,3.9877834336894478,3.986106933015951,3.9903097043241025
193.6,31.95016,-2.89914,27.5357,94.622,27.5357,27.5357,27.5357,27.5357,3.99377,3.9974371500319172,3.994773100377016,3.989729323402483,3.9917831815116687,3.996037737054105,3.9960837288083106,3.9923207251969344
193.7,31.95504,-2.90463,27.563,94.619,27.563,27.563,27.563,27.563,3.99438,3.9968232249277262,3.993446609099272,3.9905867013008756,3.993377927443308,3.99570436052632,3.9899073005542856,3.9918741906740807
193.8,31.9696,-2.89327,27.4881,94.617,27.4881,27.4881,27.4881,27.4881,3.9962,3.9912262295953624,3.998535376139804,3.9957172298789336,3.999056670917161,3.997545079707927,3.995029334533044,3.9934709971256903
193.9,31.94568,-2.89664,27.5539,94.614,27.5539,27.5539,27.5539,27.5539,3.99321,3.989495947209209,3.992895911643958,3.9900172966587277,3.9908769238853408,3.9930769320560215,3.996912763416586,3.993704680191158
194.0,31.9504,-2.91604,27.5104,94.611,27.5104,27.5104,27.5104,27.5104,3.9938,3.9937758023315664,3.9946774880859377,3.993785069672537,3.995219718347728,3.9912470757708607,3.9931521787021107,3.989956529948673
194.1,31.93336,-2.90481,27.5032,94.608,27.5032,27.5032,27.5032,27.5032,3.99167,3.988730129287546,3.993279094258289,3.993923896785805,3.9900515516403905,3.9903913615762123,3.9947277422523375,3.9910638478140323
194.2,31.94904,-2.92856,27.5311,94.606,27.5311,27.5311,27.5311,27.5311,3.99363,3.997041168975566,3.9951379795993134,3.990095522044879,3.989422121368409,3.9894406032022443,3.9928439480405657,3.9920953682913507
194.3,31.93408,-2.89871,27.5029,94.603,27.5029,27.5029,27.5029,27.5029,3.99176,3.9963434993545195,3.9960372421113917,3.9881171679489085,3.9965328270150438,3.9912063093168073,3.9963540047702537,3.992169643237191
194.4,31.95696,-2.88005,27.548,94.6,27.548,27.548,27.548,27.548,3.99462,3.9932848301962323,3.993547552600853,3.998612937155839,3.9903445165156843,3.998308811898687,3.9961204266744694,3.9901127208652873
194.5,31.93296,-2.92693,27.565,94.597,27.565,27.565,27.565,27.565,3.99162,3.987967240826056,3.9870379697706806,3.9880339903942623,3.993260425044081,3.9936358137940644,3.9912931563896485,3.9902792667986486
194.6,31.95064,-2.89807,27.5241,94.594,27.5241,27.5241,27.5241,27.5241,3.99383,3.9919218171693736,3.998143858336382,3.9970095364483798,3.9895725520077994,3.9914402433429923,3.9987600365839002,3.9960844998433314
194.7,31.94064,-2.88997,27.3699,94.592,27.3699,27.3699,27.3699,27.3699,3.99258,3.988215601472789,3.9933877292676976,3.99715770810906,3.9886123403413904,3.988332853834977,3.9947163299326856,3.9880494911958824
194.8,31.96808,-2.88775,27.4894,94.589,27.4894,27.4894,27.4894,27.4894,3.99601,3.994716990792707,3.994566876386389,3.997758207338066,3.9950706141914556,3.9911692469663733,3.9965536306373086,4.00028900432333
99.2,32.17504,-2.90342,27.114,97.244,27.114,27.114,27.114,27.114,4.02188,4.0246436059805335,4.024526517421752,4.026328946098002,4.023404199692531,4.017090741879626,4.020534413490086,4.024057242666336
194.9,31.9396,-2.91119,27.4771,94.586,27.4771,27.4771,27.4771,27.4771,3.99245,3.995280379201025,3.9898628130631693,3.989606729165782,3.9921866923368796,3.989499582148281,3.9923268962126928,3.991887242974601
195.0,31.898,-2.91653,27.5647,94.583,27.5647,27.5647,27.5647,27.5647,3.98725,3.985535779329308,3.9908696322315023,3.9870957112279823,3.984808564066976,3.9829625034625034,3.9875860897388753,3.983048161982654
195.1,31.97064,-2.90881,27.4992,94.581,27.4992,27.4992,27.4992,27.4992,3.99633,4.000978736160148,3.999739345032925,3.992047689804145,3.9984103730027227,3.99892736119828,3.9924378235557536,3.9949319790805395
195.2,31.91832,-2.88214,27.5135,94.578,27.5135,27.5135,27.5135,27.5135,3.98979,3.9848870804297993,3.993143352022144,3.98568317562223,3.9926088695339494,3.9920513895297236,3.992021392384229,3.9902450801888962
195.3,31.92416,-2.92564,27.5944,94.575,27.5944,27.5944,27.5944,27.5944,3.99052,3.9922840408450946,3.9863444005772943,3.987955208166164,3.986454298764316,3.988848905514177,3.9871166154958355,3.9872443802855377
195.4,31.92528,-2.91824,27.4977,94.572,27.4977,27.4977,27.4977,27.4977,3.99066,3.99502863301758,3.9955401177811227,3.9898595236654493,3.990067260534535,3.987116756753685,3.9903772985870463,3.9871396676244144
195.5,31.97232,-2.90688,27.5572,94.569,27.5572,27.5572,27.5572,27.5572,3.99654,3.9915642614173317,3.9957455258134664,3.9926299507477663,3.99918357595232,3.99502133481645,3.996869648175255,3.9926916861356183
195.6,31.88784,-2.91464,27.5084,94.567,27.5084,27.5084,27.5084,27.5084,3.98598,3.984815452388343,3.986512821731411,3.990022888793079,3.9884897963914625,3.987275808604086,3.9854774961998864,3.9888872200393912
195.7,32.01416,-2.90063,27.5177,94.564,27.5177,27.5177,27.5177,27.5177,4.00177,4.001149478235384,4.001663071076531,4.000874745421952,4.0001817150804495,3.998526593198529,4.006647036151831,4.004835830735078
195.8,31.96392,-2.87878,27.4767,94.561,27.4767,27.4767,27.4767,27.4767,3.99549,3.9934320589493373,3.9989826224699403,3.9942601892452667,3.999580740482291,3.997811512026541,3.993961699926838,3.999299970782539
195.9,31.94368,-2.91806,27.5157,94.558,27.5157,27.5157,27.5157,27.5157,3.99296,3.9979359822004246,3.989274785514425,3.98830902137284,3.9882894076720548,3.9942743883388228,3.9958494830493354,3.9932439826428747
196.0,31.9368,-2.9022,27.578,94.556,27.578,27.578,27.578,27.578,3.9921,3.9889222141446337,3.991328714615725,3.994064550543028,3.988338801670801,3.990841365906378,3.9899382623400843,3.9952537903705028
196.1,31.94472,-2.90012,27.4901,94.553,27.4901,27.4901,27.4901,27.4901,3.99309,3.9953235979584987,3.989064822571273,3.9963509881822272,3.9967026377232644,3.994240931407494,3.995342880139966,3.9910660125241995
196.2,31.95008,-2.90502,27.5056,94.55,27.5056,27.5056,27.5056,27.5056,3.99376,3.991508823175069,3.998716132673076,3.9906432776831173,3.9912332262668007,3.9972977557971463,3.9941090008157842,3.991214594866186
196.3,31.9528,-2.92368,27.6804,94.547,27.6804,27.6804,27.6804,27.6804,3.9941,3.99837765175368,3.997907319012794,3.9894327194995443,3.992303545554622,3.999013219061584,3.991410296182474,3.9896612826755353
196.4,31.95048,-2.90957,27.5649,94.544,27.5649,27.5649,27.5649,27.5649,3.99381,3.9929311791386426,3.994760933849165,3.994466084262564,3.9918497230714896,3.990841644201625,3.9933294303621287,3.989689425825666
196.5,31.93904,-2.90952,27.5703,94.542,27.5703,27.5703,27.5703,27.5703,3.99238,3.9913163218927497,3.9937681548327,3.992169225053757,3.9929873329527776,3.994865814874123,3.990419246361599,3.9973150701027897
196.6,31.93184,-2.8905,27.5129,94.539,27.5129,27.5129,27.5129,27.5129,3.99148,3.9949107362574385,3.98729682976246,3.987668608953169,3.9900850851545138,3.9957513799694238,3.994542532402662,3.9941011531620343
196.7,31.93272,-2.89371,27.6135,94.536,27.6135,27.6135,27.6135,27.6135,3.99159,3.995375393641379,3.9924167185102477,3.996237711592533,3.992132438983146,3.986770877535793,3.9903207102616176,3.993435260255599
196.8,31.93144,-2.92328,27.6238,94.533,27.6238,27.6238,27.6238,27.6238,3.99143,3.9954883571570323,3.991672825915094,3.9961758277210904,3.9884987678126813,3.9877049571979075,3.9886028227625423,3.9933193453591493
196.9,31.96312,-2.90581,27.5157,94.531,27.5157,27.5157,27.5157,27.5157,3.99539,3.9932399969047503,3.9976433213660436,3.994021501926689,3.9922012172579726,3.99289372421533,3.9988040179519264,4.000343702715233
197.0,31.94984,-2.9075,27.6166,94.528,27.6166,27.6166,27.6166,27.6166,3.99373,3.9953868195175564,3.9917640210696907,3.992867867189916,3.994067724376577,3.9931987538088585,3.993147082526711,3.990910484323383
197.1,31.8648,-2.87068,27.6334,94.525,27.6334,27.6334,27.6334,27.6334,3.9831,3.9797329265712857,3.9832519097928794,3.980229014632457,3.982022760709727,3.982504149088044,3.9802926852027563,3.9874395529007702
197.2,31.95088,-2.89562,27.4294,94.522,27.4294,27.4294,27.4294,27.4294,3.99386,3.998687673395454,3.997654444940822,3.995834180548374,3.9921326527057444,3.9940719033116183,3.9928521996314914,3.993244949210705
197.3,31.93952,-2.91616,27.6056,94.519,27.6056,27.6056,27.6056,27.6056,3.99244,3.9925545210122975,3.993995311384774,3.991369707808428,3.9968116972243433,3.987741433454902,3.9879605886034777,3.9908603077502227
197.4,31.93416,-2.91165,27.5086,94.517,27.5086,27.5086,27.5086,27.5086,3.99177,3.9943671321725294,3.98903101511186,3.9965389175039925,3.993610547113315,3.9937145807307877,3.991683023026426,3.99307189352504
197.5,31.92504,-2.90568,27.6345,94.514,27.6345,27.6345,27.6345,27.6345,3.99063,3.9859826355799255,3.9871346627676467,3.9901148512648086,3.9895033595189497,3.991001182609807,3.9931390738883583,3.9878371790513336
197.6,31.96112,-2.89456,27.5075,94.511,27.5075,27.5075,27.5075,27.5075,3.99514,3.99494801565679,3.9983654633468544,3.9950455295227303,3.9923434628511374,3.993111323436101,3.9904247399542374,3.992409334538207
197.7,31.95664,-2.89273,27.5924,94.508,27.5924,27.5924,27.5924,27.5924,3.99458,3.991413841848862,3.9962178911512014,3.990975139235849,3.994442544981433,3.9959175583406292,3.9959775658626917,3.9978246675290308
197.8,31.91512,-2.89699,27.4509,94.506,27.4509,27.4509,27.4509,27.4509,3.98939,3.9930434921697575,3.986306109911563,3.99179382229156,3.9877324994130956,3.9905549935229527,3.9877214067244964,3.9869501036299244
197.9,31.9432,-2.90315,27.6239,94.503,27.6239,27.6239,27.6239,27.6239,3.9929,3.9917239592870746,3.9913860002414636,3.9975833660364373,3.99414946086465,3.9881127224387694,3.9945019523425516,3.992366908126989
198.0,31.90984,-2.90204,27.5619,94.5,27.5619,27.5619,27.5619,27.5619,3.98873,3.983786751401216,3.9845112032574783,3.9936668637805415,3.9931008453090433,3.988128551676907,3.985805321856576,3.9858196005058146
198.1,31.89976,-2.90193,27.6355,94.497,27.6355,27.6355,27.6355,27.6355,3.98747,3.989777257787917,3.987563224505208,3.9845520931338307,3.9872789791161427,3.982928884083082,3.9917991341521666,3.984928725807939
198.2,31.9176,-2.92674,27.5155,94.494,27.5155,27.5155,27.5155,27.5155,3.9897,3.9852651540029034,3.987601565607164,3.9854025899025447,3.9861020838970918,3.9921974868168606,3.993487904497858,3.9920766840509367
198.3,31.95312,-2.90092,27.5718,94.492,27.5718,27.5718,27.5718,27.5718,3.99414,3.994087869382325,3.9950972660877815,3.996219454439421,3.9966471054583903,3.9958702761622176,3.99906582201515,3.9894286487975417
198.4,31.95504,-2.90866,27.6506,94.489,27.6506,27.6506,27.6506,27.6506,3.99438,3.9901120519002755,3.9973800289512735,3.991225908723886,3.9940183665556415,3.9898275683127298,3.9976833373241263,3.9942816330809237
198.5,31.94424,-2.92479,27.5584,94.486,27.5584,27.5584,27.5584,27.5584,3.99303,3.9893375977260783,3.9906962933860584,3.988431585424081,3.991232330366671,3.9902686510230176,3.9949557250600134,3.992393913842857
198.6,31.94904,-2.86373,27.5863,94.483,27.5863,27.5863,27.5863,27.5863,3.99363,3.992312318740971,3.9940263161581884,3.9966864180907047,3.9939464602262658,3.994141862305969,3.997891994636553,3.9891692472923115
198.7,31.94384,-2.89533,27.6029,94.481,27.6029,27.6029,27.6029,27.6029,3.99298,3.9950803308289924,3.990757870958258,3.993327216539477,3.990040808733662,3.9971683726490843,3.992773542559398,3.99768161481198
198.8,31.91576,-2.8998,27.4683,94.478,27.4683,27.4683,27.4683,27.4683,3.98947,3.989263807659565,3.991221209857921,3.98800392826714,3.985667862134759,3.994025640536791,3.9848742966977286,3.988772612549528
198.9,31.94128,-2.90557,27.5307,94.475,27.5307,27.5307,27.5307,27.5307,3.99266,3.990557976862419,3.992992885369202,3.9915229089264748,3.995595475968948,3.997480746114625,3.987794558620647,3.99537200028566
199.0,31.94992,-2.88905,27.6307,94.472,27.6307,27.6307,27.6307,27.6307,3.99374,3.990557239393363,3.993545911539951,3.9967177707864834,3.9946132797694625,3.9913656900501238,3.9963484134324654,3.993250356823112
199.1,31.94856,-2.91743,27.4401,94.469,27.4401,27.4401,27.4401,27.4401,3.99357,3.9895305272247965,3.9952742276977773,3.9977496960030514,3.988913787259101,3.9969261118771215,3.995240015805706,3.9954370894967868
199.2,31.95872,-2.90469,27.6305,94.467,27.6305,27.6305,27.6305,27.6305,3.99484,3.9918980065435585,3.9930090353010343,3.995420515073991,3.995508369257101,3.991991780105059,3.999067646068154,3.99054251084332
99.3,32.1644,-2.87691,27.0418,97.242,27.0418,27.0418,27.0418,27.0418,4.02055,4.021157425964452,4.017737548342603,4.019865144099694,4.022912507145844,4.0217417689531185,4.020656452349415,4.023597178430681
199.3,31.94696,-2.91428,27.5286,94.464,27.5286,27.5286,27.5286,27.5286,3.99337,3.9967001494396337,3.9980291232375937,3.9956829527178193,3.997642134519494,3.998318512970732,3.991725572656076,3.9899480702791297
199.4,31.93816,-2.88918,27.6878,94.461,27.6878,27.6878,27.6878,27.6878,3.99227,3.993091573459227,3.993104779579812,3.994452756984401,3.9914255977869835,3.9896695880380877,3.9942056204861585,3.993879505006216
199.5,31.95512,-2.9124,27.5912,94.458,27.5912,27.5912,27.5912,27.5912,3.99439,3.9962969771884636,3.9985506126515595,3.993269044188219,3.9927393101990862,3.9927672755381654,3.993074325544915,3.997974375693865
199.6,31.92856,-2.88348,27.5174,94.456,27.5174,27.5174,27.5174,27.5174,3.99107,3.9944657774948675,3.9889264380099774,3.9913105628932386,3.9950926193372966,3.989520169148768,3.9914683019776733,3.9918212789686836
199.7,31.90776,-2.90149,27.6247,94.453,27.6247,27.6247,27.6247,27.6247,3.98847,3.988463969914016,3.992342752547068,3.990982625532973,3.9844106284078395,3.9925228873611345,3.9848007662307854,3.9902100043709097
199.8,31.9248,-2.88838,27.6524,94.45,27.6524,27.6524,27.6524,27.6524,3.9906,3.9863966170657372,3.994428279452203,3.9927652148773123,3.9912377200720472,3.986663789775812,3.9904513641383286,3.9879428043776515
199.9,31.91056,-2.894,27.6032,94.447,27.6032,27.6032,27.6032,27.6032,3.98882,3.986672939358331,3.9917590636599902,3.98738917910023,3.992786400971176,3.993702061830525,3.991325137813927,3.9870698108523763
200.0,31.912,-2.88411,27.5407,94.444,27.5407,27.5407,27.5407,27.5407,3.989,3.9929492959990807,3.9850520276116335,3.9885567002633255,3.993927631534645,3.993265251505771,3.9863135153771014,3.984140096420525
200.1,31.92448,-2.91403,27.6542,94.442,27.6542,27.6542,27.6542,27.6542,3.99056,3.991647527415642,3.9907491024406663,3.9942798772843475,3.987593065298198,3.995446920563882,3.9863882761023195,3.9936268397281536
200.2,31.90872,-2.88642,27.5127,94.439,27.5127,27.5127,27.5127,27.5127,3.98859,3.9891693936725283,3.9921920911828526,3.988132761036278,3.984846909846357,3.988654764516683,3.9875093233354044,3.992377093265924
200.3,31.92008,-2.92794,27.6332,94.436,27.6332,27.6332,27.6332,27.6332,3.99001,3.989899096532032,3.9928279158477156,3.99316538957811,3.9912010960479596,3.9931460897928788,3.988968120105147,3.986115386375257
200.4,31.88176,-2.89935,27.4249,94.433,27.4249,27.4249,27.4249,27.4249,3.98522,3.988440472186032,3.987752807722588,3.984625101701036,3.988849832771359,3.9856188010781586,3.986560394978114,3.9866629276665284
200.5,31.93208,-2.90819,27.577,94.431,27.577,27.577,27.577,27.577,3.99151,3.9962590312136417,3.9948525091587905,3.9892563049716405,3.98969935386374,3.9932885509143383,3.9891368623816277,3.986817506960802
200.6,31.9268,-2.92107,27.5369,94.428,27.5369,27.5369,27.5369,27.5369,3.99085,3.986056231233887,3.9883677476265333,3.987182161298822,3.989181525976258,3.9928002196903445,3.9886574067540117,3.9915140087866243
200.7,31.90688,-2.9134,27.4886,94.425,27.4886,27.4886,27.4886,27.4886,3.98836,3.993293712625726,3.9909651865560174,3.9852193633225177,3.9875985100264684,3.9891827843830816,3.9915172137564605,3.9849474370960905
200.8,31.94208,-2.90961,27.6497,94.422,27.6497,27.6497,27.6497,27.6497,3.99276,3.997540183305804,3.9885764421740633,3.9922040370936913,3.9974737744609623,3.9939000176743895,3.9906151313633003,3.988755909041749
200.9,31.94848,-2.90295,27.4431,94.419,27.4431,27.4431,27.4431,27.4431,3.99356,3.9909692215302623,3.9902904258571614,3.9930135473062167,3.9897599225390534,3.988835317067685,3.9966371508392773,3.9941495619014824
201.0,31.8872,-2.90787,27.6555,94.417,27.6555,27.6555,27.6555,27.6555,3.9859,3.988189407843809,3.9821090373523034,3.984252043604742,3.9809577872416924,3.9888921165667464,3.9831997990821617,3.986099903539529
201.1,31.9072,-2.8988,27.481,94.414,27.481,27.481,27.481,27.481,3.9884,3.9931198457808463,3.98984925180096,3.9918961448675443,3.9930121494486217,3.98528107217318,3.992647325084203,3.9918585356510627
201.2,31.9068,-2.91245,27.6366,94.411,27.6366,27.6366,27.6366,27.6366,3.98835,3.989273962641545,3.9846938708611384,3.988164134635761,3.9891101493348557,3.9931657454248892,3.98864208512332,3.989454321773223
201.3,31.90248,-2.90715,27.5272,94.408,27.5272,27.5272,27.5272,27.5272,3.98781,3.9834562430676925,3.9900054456899854,3.9841730148648886,3.9832419802230894,3.985648055896062,3.9897344925497706,3.9873621226693987
201.4,31.94464,-2.90434,27.4572,94.406,27.4572,27.4572,27.4572,27.4572,3.99308,3.9965260565023786,3.9943293682701713,3.990567272660629,3.99764561702153,3.9899693214219405,3.988316341100427,3.9887523825850124
201.5,31.91984,-2.89727,27.5477,94.403,27.5477,27.5477,27.5477,27.5477,3.98998,3.9888080466024434,3.992560320124499,3.9905871752646243,3.9930380402288796,3.9920750939456737,3.993162659286629,3.989821347895448
201.6,31.91792,-2.88727,27.6092,94.4,27.6092,27.6092,27.6092,27.6092,3.98974,3.985488232255683,3.9941292897621086,3.9937448112818696,3.9944334775127204,3.986564036659152,3.9854287837962645,3.9852101952704237
201.7,31.87592,-2.8872,27.522,94.397,27.522,27.522,27.522,27.522,3.98449,3.9805896616358614,3.9827085276785485,3.9800913301662315,3.98048538247286,3.983993171437193,3.9884005442304775,3.9873035758662456
201.8,31.93904,-2.89644,27.592,94.394,27.592,27.592,27.592,27.592,3.99238,3.9885474627086728,3.9892605927727853,3.9902654840336913,3.9876386957469716,3.9883475007897995,3.9908278779595756,3.988089594711166
201.9,31.89376,-2.89355,27.6183,94.392,27.6183,27.6183,27.6183,27.6183,3.98672,3.9872877863435603,3.989503919888188,3.988052619892248,3.9894025169158422,3.990950724963339,3.9859000318248055,3.982774970514526
202.0,31.92472,-2.89532,27.667,94.389,27.667,27.667,27.667,27.667,3.99059,3.9886915984325966,3.988876768015742,3.987264833651664,3.9943914657460704,3.9899174120037677,3.989908164988503,3.994841772819576
99.4,32.15648,-2.89878,27.1353,97.239,27.1353,27.1353,27.1353,27.1353,4.01956,4.023187765637598,4.0229675762233175,4.02213988101544,4.016186484161143,4.022885483327706,4.02386566125095,4.018845329988777
202.1,31.92968,-2.90472,27.5817,94.386,27.5817,27.5817,27.5817,27.5817,3.99121,3.990487469439969,3.9932118608767833,3.9897568833903088,3.9931827129957136,3.989525645008649,3.9913317814202998,3.9942138477921914
202.2,31.95544,-2.88649,27.6483,94.383,27.6483,27.6483,27.6483,27.6483,3.99443,3.9924176096873847,3.9898128370102737,3.996594212467954,3.9913163793281607,3.991639537217204,3.9946497985978175,3.989876744657689
202.3,31.89112,-2.91372,27.6298,94.381,27.6298,27.6298,27.6298,27.6298,3.98639,3.983287928013156,3.991048818954074,3.9842079161303134,3.9898491479175444,3.9848723875799634,3.9889930981994364,3.9856762082429245
202.4,31.84984,-2.93072,27.5738,94.378,27.5738,27.5738,27.5738,27.5738,3.98123,3.9784099773202244,3.984277300062019,3.983151505611884,3.980608128635452,3.9799362082648253,3.9837791283174515,3.9814267095028
202.5,31.92648,-2.91562,27.6487,94.375,27.6487,27.6487,27.6487,27.6487,3.99081,3.9868469395398956,3.992105224739249,3.9883287895770807,3.987504314951047,3.991473793081672,3.986547205444545,3.992851665939612
202.6,31.96504,-2.87895,27.634,94.372,27.634,27.634,27.634,27.634,3.99563,3.9979772460964282,3.990638339173793,3.9907460126221714,3.996894406219095,3.9944346958307824,3.997878698737586,4.000004233477115
202.7,31.95128,-2.90443,27.5709,94.369,27.5709,27.5709,27.5709,27.5709,3.99391,3.9939273553785877,3.9967013284606425,3.996880976593148,3.9983558944668185,3.9935605484871233,3.9923024139032512,3.9976432768438923
202.8,31.92632,-2.89589,27.6242,94.367,27.6242,27.6242,27.6242,27.6242,3.99079,3.99554056405994,3.993110375312074,3.9915197935369737,3.990444250942959,3.9864293965911846,3.9876256178560925,3.9952708597734157
202.9,31.90928,-2.90411,27.5982,94.364,27.5982,27.5982,27.5982,27.5982,3.98866,3.9837765097038975,3.993619636345876,3.9904215902882134,3.9877777981287146,3.9900202347885347,3.988110319282311,3.989563924085912
203.0,31.94016,-2.89158,27.6152,94.361,27.6152,27.6152,27.6152,27.6152,3.99252,3.995110455497327,3.9879575618432015,3.9900445204806525,3.9929427452060313,3.994096096173775,3.9893536887102328,3.994939738216686
203.1,31.8972,-2.89894,27.6958,94.358,27.6958,27.6958,27.6958,27.6958,3.98715,3.988169861997491,3.984311457270172,3.9904639015066534,3.9921076496066177,3.9904513434473055,3.990818427430532,3.9836057891800216
203.2,31.93176,-2.90103,27.5351,94.356,27.5351,27.5351,27.5351,27.5351,3.99147,3.9949526451982265,3.987274752345162,3.9953184199540765,3.990450129032256,3.991153813988398,3.990215402461611,3.9864738835138036
203.3,31.93224,-2.89079,27.5991,94.353,27.5991,27.5991,27.5991,27.5991,3.99153,3.9895224160704377,3.993451586324406,3.9945131705745127,3.9868763405167895,3.9926642126349834,3.989977722127025,3.987118588852277
203.4,31.94528,-2.90699,27.5862,94.35,27.5862,27.5862,27.5862,27.5862,3.99316,3.9958101752823003,3.9929364828423437,3.990649635712999,3.98910853578385,3.9883793765022926,3.9919678053939562,3.99316109016775
203.5,31.98584,-2.89442,27.6321,94.347,27.6321,27.6321,27.6321,27.6321,3.99823,3.999636599879494,3.9955240286953093,3.9988626364222575,4.001436793973285,3.9949647772863535,3.996859951679732,3.996087248622003
203.6,31.92872,-2.90262,27.5582,94.344,27.5582,27.5582,27.5582,27.5582,3.99109,3.9870954417943563,3.988479727168975,3.994410917032463,3.9945281620222652,3.988392136878428,3.991550068839653,3.9926176770551223
203.7,31.90688,-2.90161,27.5519,94.342,27.5519,27.5519,27.5519,27.5519,3.98836,3.992911789895908,3.986969598521232,3.9874506441543063,3.986625361269162,3.98414002259852,3.985042705822302,3.991871984880632
203.8,31.91824,-2.91228,27.5825,94.339,27.5825,27.5825,27.5825,27.5825,3.98978,3.9877112681467555,3.9932455599446657,3.9922588189233372,3.994640378373739,3.9867597919063273,3.993038480406516,3.987719876952366
203.9,31.87616,-2.90324,27.6153,94.336,27.6153,27.6153,27.6153,27.6153,3.98452,3.988895233494078,3.9838478758572133,3.9853357504933697,3.9801685753449796,3.9889756600857194,3.9893634472879396,3.987307354177104
204.0,31.90168,-2.90812,27.5599,94.333,27.5599,27.5599,27.5599,27.5599,3.98771,3.98355650231224,3.9919731919935986,3.9910982230480485,3.9872389436638542,3.9884976389510065,3.9895639089772224,3.984881164228333
204.1,31.90832,-2.88305,27.4286,94.331,27.4286,27.4286,27.4286,27.4286,3.98854,3.9896632186426673,3.989262752245522,3.99269814303585,3.9887253668192666,3.992340351749923,3.988531134730147,3.99005405308675
204.2,31.90528,-2.92526,27.5312,94.328,27.5312,27.5312,27.5312,27.5312,3.98816,3.9908062271089038,3.9892312204282505,3.9883103013109333,3.9876086061310674,3.984975624187273,3.986110978072448,3.987692549722873
204.3,31.92128,-2.88666,27.6737,94.325,27.6737,27.6737,27.6737,27.6737,3.99016,3.994797778295627,3.9854557047920873,3.9909869491087813,3.9940697532164813,3.9930695870776267,3.9938022469404606,3.9935248580952045
204.4,31.8976,-2.92616,27.6821,94.322,27.6821,27.6821,27.6821,27.6821,3.9872,3.991781839034887,3.9872371941273927,3.9887779616544132,3.988848395445645,3.9898727778720033,3.983858815641775,3.983994264269851
204.5,31.944,-2.89194,27.56,94.319,27.56,27.56,27.56,27.56,3.993,3.9951955375075423,3.989552373431721,3.997415559542172,3.9898743029474346,3.9896950461545195,3.9936385730417383,3.99361226787908
204.6,31.91688,-2.91257,27.6982,94.317,27.6982,27.6982,27.6982,27.6982,3.98961,3.9895019587523746,3.9886374416118113,3.9905825724661015,3.9945453434339355,3.984799278834295,3.990998538550135,3.9887744339293465
204.7,31.9164,-2.89151,27.5712,94.314,27.5712,27.5712,27.5712,27.5712,3.98955,3.9873129155457017,3.988599673134946,3.9918830956033147,3.9914094466578103,3.9932811034827123,3.9930333047356035,3.9859337450880843
204.8,31.90848,-2.90182,27.4992,94.311,27.4992,27.4992,27.4992,27.4992,3.98856,3.98972327100162,3.985084075773065,3.9903114761667067,3.990185456828726,3.989773725907463,3.9899821609742863,3.9842577989567176
204.9,31.91984,-2.92149,27.5734,94.308,27.5734,27.5734,27.5734,27.5734,3.98998,3.989042545987272,3.9907739356016014,3.9927604133789814,3.9924037053934107,3.9849899525689936,3.985270888601386,3.9932678570286337
205.0,31.93568,-2.87962,27.6358,94.306,27.6358,27.6358,27.6358,27.6358,3.99196,3.994463777590728,3.989406537546598,3.9919793088799436,3.9895163803757097,3.9931315239055944,3.995265651069624,3.9911643443539475
205.1,31.8948,-2.88835,27.5589,94.303,27.5589,27.5589,27.5589,27.5589,3.98685,3.9911476874033536,3.9880928462157694,3.9820833007456966,3.98401835353373,3.98828214452939,3.9916070263769665,3.990547307841816
205.2,31.8996,-2.89245,27.6295,94.3,27.6295,27.6295,27.6295,27.6295,3.98745,3.9897351533290366,3.9851862799543953,3.9878812630161464,3.9835097766841003,3.9862273783675746,3.98885813878558,3.9841650437900356
205.3,31.90784,-2.90961,27.6098,94.297,27.6098,27.6098,27.6098,27.6098,3.98848,3.989703935470355,3.9920984958882775,3.986346080895596,3.9886748153431286,3.9863982794454254,3.989111535573736,3.983602748650226
205.4,31.88264,-2.88783,27.5771,94.294,27.5771,27.5771,27.5771,27.5771,3.98533,3.9889049995051744,3.981319056279096,3.9842020781861187,3.9878288135347097,3.9815156803802556,3.982715600937569,3.9891510621760076
205.5,31.89496,-2.91925,27.6414,94.292,27.6414,27.6414,27.6414,27.6414,3.98687,3.9830788397777317,3.9845431265607165,3.989336216198239,3.990169581373917,3.990469989279099,3.982802542623384,3.987015435551016
205.6,31.90296,-2.93341,27.669,94.289,27.669,27.669,27.669,27.669,3.98787,3.984155668992636,3.9916223665112396,3.983624779214378,3.989671477913775,3.992201223868329,3.9922971048620606,3.991099968023577
99.5,32.17352,-2.9137,27.0665,97.236,27.0665,27.0665,27.0665,27.0665,4.02169,4.0261102105451245,4.025200781569029,4.017675091750507,4.022381697421651,4.023110817598245,4.026357043643707,4.019571187542799
205.7,31.93512,-2.92343,27.6067,94.286,27.6067,27.6067,27.6067,27.6067,3.99189,3.9882295527989147,3.9919154789351117,3.9922039689928375,3.99405383615992,3.988014867945638,3.987495088448123,3.99269844640376
205.8,31.92024,-2.91383,27.6316,94.283,27.6316,27.6316,27.6316,27.6316,3.99003,3.9897735668420027,3.9869491063984777,3.9910297314213836,3.994629590130982,3.9907467087461246,3.9910856368775556,3.98914085686142
205.9,31.91832,-2.91132,27.5094,94.281,27.5094,27.5094,27.5094,27.5094,3.98979,3.9907016043141113,3.9851403216103174,3.99026071454319,3.986160704672114,3.9882054088683976,3.9941145194160588,3.9896773064010675
206.0,31.93384,-2.90652,27.6807,94.278,27.6807,27.6807,27.6807,27.6807,3.99173,3.988532166568868,3.9899561547875786,3.9895918068706027,3.991632531201926,3.9886249048970432,3.992015940665331,3.9905217191551308
206.1,31.90992,-2.90586,27.5658,94.275,27.5658,27.5658,27.5658,27.5658,3.98874,3.9923922815359476,3.990863012082054,3.984847421239021,3.99341569328216,3.988518593707601,3.984102388021745,3.992603296920404
206.2,31.92232,-2.90975,27.5465,94.272,27.5465,27.5465,27.5465,27.5465,3.99029,3.9930676743739046,3.9897478449049806,3.9915109426937074,3.9920993270263536,3.989444977831267,3.9926318368744855,3.9861548238611126
206.3,31.91024,-2.93174,27.6519,94.269,27.6519,27.6519,27.6519,27.6519,3.98878,3.993519066208055,3.985679026246844,3.9852229767108294,3.990892128280798,3.985929100803669,3.9924594694758047,3.9879432967229334
206.4,31.9188,-2.89712,27.5762,94.267,27.5762,27.5762,27.5762,27.5762,3.98985,3.985238648854038,3.9926499978191803,3.992154800767064,3.9875223694427673,3.9863961191054744,3.9935940928863776,3.9944913309100225
206.5,31.89824,-2.90397,27.5581,94.264,27.5581,27.5581,27.5581,27.5581,3.98728,3.9828878943532904,3.991559212115286,3.9922404402368983,3.9878533188296004,3.986122508864751,3.989642266955999,3.9852011870795665
206.6,31.85344,-2.91045,27.5826,94.261,27.5826,27.5826,27.5826,27.5826,3.98168,3.985030362177308,3.9803956593607888,3.984722007288036,3.981212053545086,3.9792197507855365,3.9844905754226265,3.985028838702179
206.7,31.90848,-2.87903,27.5278,94.258,27.5278,27.5278,27.5278,27.5278,3.98856,3.9878973254201964,3.9850258909881693,3.991534857269139,3.993304690253675,3.992986257279144,3.98633126373682,3.9931883720759425
206.8,31.9456,-2.90363,27.5589,94.256,27.5589,27.5589,27.5589,27.5589,3.9932,3.988948859656682,3.9917608893851044,3.988234239730339,3.989975818909424,3.9976866167420444,3.9926137911516753,3.990395844764093
206.9,31.93344,-2.89912,27.6631,94.253,27.6631,27.6631,27.6631,27.6631,3.99168,3.99481404572517,3.99353274804068,3.991443358603747,3.9890553924222325,3.9869849851126076,3.9956433559243454,3.989287587426227
207.0,31.93416,-2.88806,27.6722,94.25,27.6722,27.6722,27.6722,27.6722,3.99177,3.9877503810255073,3.9876837183488543,3.9917500612179775,3.990702542939761,3.992900938741232,3.988189801073424,3.9935839800507424
207.1,31.9404,-2.92235,27.6066,94.247,27.6066,27.6066,27.6066,27.6066,3.99255,3.994805458783099,3.9877320525491147,3.993358666623842,3.990341454585589,3.9920576430941574,3.9911488099610217,3.9924812510432535
207.2,31.91264,-2.90034,27.5624,94.244,27.5624,27.5624,27.5624,27.5624,3.98908,3.9846642431551182,3.990521252107718,3.9846350976482374,3.988109084948029,3.9906804109859384,3.9940254113198264,3.988551139039781
207.3,31.91496,-2.88811,27.6285,94.242,27.6285,27.6285,27.6285,27.6285,3.98937,3.992530500298871,3.9887347444984655,3.993084719780979,3.988380580175188,3.9882522257242927,3.9874011978054384,3.9892470141151164
207.4,31.89512,-2.90137,27.4904,94.239,27.4904,27.4904,27.4904,27.4904,3.98689,3.988721122020515,3.988251981128436,3.9842710086919584,3.986293658508794,3.9874111687250458,3.9889467042630256,3.9873988897954744
207.5,31.90216,-2.91955,27.6749,94.236,27.6749,27.6749,27.6749,27.6749,3.98777,3.984623382173031,3.989043648788,3.990108345412625,3.992614936551218,3.9887771064380924,3.9888804065082173,3.9851398125147672
207.6,31.92424,-2.90724,27.601,94.233,27.601,27.601,27.601,27.601,3.99053,3.9919732025397887,3.9889404418312893,3.9909337262247244,3.9900750618922722,3.988605605750201,3.985706675484617,3.9953789778522935
207.7,31.93816,-2.89717,27.5436,94.231,27.5436,27.5436,27.5436,27.5436,3.99227,3.987380721521001,3.989383121979852,3.9929437075357552,3.989853710439577,3.992059176088764,3.9968364143439166,3.9911104179498045
207.8,31.90568,-2.9316,27.6954,94.228,27.6954,27.6954,27.6954,27.6954,3.98821,3.991617644450698,3.989393299375667,3.992746307590295,3.984589209122626,3.985538528338555,3.9916163707661267,3.9907890855906833
207.9,31.89792,-2.92029,27.6092,94.225,27.6092,27.6092,27.6092,27.6092,3.98724,3.9910103352133937,3.9844258762140967,3.9879042008264145,3.988914827461072,3.9883231699619968,3.982378136115754,3.989801574328844
208.0,31.90856,-2.8704,27.5816,94.222,27.5816,27.5816,27.5816,27.5816,3.98857,3.9931684769154807,3.9838441614961373,3.989375201646305,3.9839462722004533,3.9883489063298447,3.986303097266578,3.9857680528899104
208.1,31.92272,-2.89273,27.7306,94.219,27.7306,27.7306,27.7306,27.7306,3.99034,3.986051851501815,3.987459188152082,3.993968753775624,3.9871242557519424,3.9858028983002245,3.9930136060378674,3.9935753723444956
208.2,31.87336,-2.87775,27.5766,94.217,27.5766,27.5766,27.5766,27.5766,3.98417,3.9833185572090777,3.987380356735193,3.9803149273149816,3.9810605064546998,3.9795007138248133,3.9883547406744864,3.986212320009729
208.3,31.85264,-2.88701,27.6536,94.214,27.6536,27.6536,27.6536,27.6536,3.98158,3.979744140321833,3.981433848074081,3.9817558681992717,3.985953790978924,3.9797280514258158,3.980192438292982,3.9857464463587067
208.4,31.89432,-2.89409,27.6507,94.211,27.6507,27.6507,27.6507,27.6507,3.98679,3.98491979546971,3.9883960759178714,3.9872955798499183,3.9826901696994796,3.9917247041721584,3.990040158036206,3.984460349631062
208.5,31.878,-2.90464,27.5588,94.208,27.5588,27.5588,27.5588,27.5588,3.98475,3.9826465003906826,3.9875208129280924,3.98121305607898,3.9860660358389004,3.9828652746662048,3.988789535810281,3.9892705443609207
208.6,31.8948,-2.89428,27.6018,94.206,27.6018,27.6018,27.6018,27.6018,3.98685,3.9895041708804313,3.983836905300452,3.9825749232731,3.9877877645272806,3.983982592942153,3.9887568454876225,3.9854588949781165
208.7,31.90328,-2.87825,27.5955,94.203,27.5955,27.5955,27.5955,27.5955,3.98791,3.9848248696560082,3.9927998506191766,3.988349041831474,3.987635817905845,3.992010395037516,3.986782959187792,3.9854157124189418
208.8,31.89568,-2.88762,27.5051,94.2,27.5051,27.5051,27.5051,27.5051,3.98696,3.9889847883628073,3.982090661756139,3.9900879377423153,3.983605710582417,3.9908554336360478,3.9887573797200337,3.9871025307063443
208.9,31.94112,-2.8975,27.4938,94.197,27.4938,27.4938,27.4938,27.4938,3.99264,3.993280687915952,3.996283724215604,3.9936961492381595,3.9908802129704997,3.9968161883489848,3.99717644487918,3.9901897619242126
209.0,31.91392,-2.90259,27.4816,94.194,27.4816,27.4816,27.4816,27.4816,3.98924,3.987107912117805,3.990041413571405,3.9914259502078933,3.984725848288342,3.986368557417013,3.9870240750249644,3.9885668212489716
209.1,31.91304,-2.89253,27.5856,94.192,27.5856,27.5856,27.5856,27.5856,3.98913,3.9880100379443735,3.988737460056762,3.9844588521172613,3.988225561079873,3.984795711921571,3.9872892671561835,3.993958629251699
209.2,31.92048,-2.90798,27.5535,94.189,27.5535,27.5535,27.5535,27.5535,3.99006,3.993113822216302,3.985183527892449,3.9937903591470105,3.9934667913761825,3.9928359864591165,3.9939193940375333,3.99197284898083
209.3,31.878,-2.89252,27.5577,94.186,27.5577,27.5577,27.5577,27.5577,3.98475,3.981826393826238,3.9827888735616694,3.9897206779281253,3.985421349236473,3.9837271367717113,3.9890881016835094,3.984857814469478
209.4,31.93,-2.91047,27.5888,94.183,27.5888,27.5888,27.5888,27.5888,3.99125,3.9894810394221967,3.9873895884362605,3.989237739363001,3.9957997442392528,3.991372671116598,3.994698962548397,3.9864863919554723
209.5,31.90304,-2.90531,27.6148,94.181,27.6148,27.6148,27.6148,27.6148,3.98788,3.987024965292845,3.9892431679507467,3.985875436336058,3.9917975732374225,3.9883807052996523,3.9897169923874847,3.9843629711300843
209.6,31.92064,-2.91542,27.5963,94.178,27.5963,27.5963,27.5963,27.5963,3.99008,3.989168170617782,3.994538785404454,3.98753280772354,3.9945070164886793,3.986520800186659,3.985623876239506,3.9914547168705004
209.7,31.87864,-2.9066,27.5733,94.175,27.5733,27.5733,27.5733,27.5733,3.98483,3.985146975507965,3.98814218176909,3.9820255546086116,3.9817257014828793,3.9821352309794085,3.981984016866777,3.9832079962759592
209.8,31.8668,-2.91026,27.7319,94.172,27.7319,27.7319,27.7319,27.7319,3.98335,3.9845000007760274,3.9878742568370913,3.988206227331637,3.9852655931193715,3.9830098702032304,3.97961296632095,3.9802652716144666
209.9,31.92344,-2.87462,27.6045,94.169,27.6045,27.6045,27.6045,27.6045,3.99043,3.99466512447871,3.9870174424725358,3.9916971797000462,3.990191719895962,3.9864453708957446,3.9938483795737207,3.9875170566823557
210.0,31.91264,-2.91342,27.677,94.167,27.677,27.677,27.677,27.677,3.98908,3.9885212584462866,3.985221653726605,3.9919660354029634,3.9892113099969655,3.992111080894422,3.987317247480623,3.993780561667727
99.6,32.22312,-2.88667,27.0995,97.233,27.0995,27.0995,27.0995,27.0995,4.02789,4.031773820472439,4.02648212981425,4.0304980043821335,4.030887596936051,4.023034486078719,4.024801407396496,4.028027044731903
210.1,31.88168,-2.89423,27.5434,94.164,27.5434,27.5434,27.5434,27.5434,3.98521,3.9875447355127656,3.9844997671704134,3.980248072985108,3.9833570256672424,3.9821116070216886,3.9885800290967834,3.9813142187245623
210.2,31.88224,-2.9142,27.6982,94.161,27.6982,27.6982,27.6982,27.6982,3.98528,3.988567305500978,3.986474362980456,3.9892039277610563,3.981478847594002,3.987040379038268,3.984957283089495,3.982614060496756
210.3,31.92984,-2.8993,27.5856,94.158,27.5856,27.5856,27.5856,27.5856,3.99123,3.9934454437621354,3.986778126808814,3.992108829468785,3.989044085162869,3.992581373716452,3.990566280269558,3.9890364725336007
210.4,31.87408,-2.89565,27.7871,94.156,27.7871,27.7871,27.7871,27.7871,3.98426,3.9822056003617794,3.983339276153726,3.9816900325093574,3.9885056203710416,3.9858489284390957,3.9817051536167933,3.9801366617426757
210.5,31.94176,-2.92777,27.5408,94.153,27.5408,27.5408,27.5408,27.5408,3.99272,3.995445193455279,3.9928350624311886,3.995610563094368,3.992831689291276,3.9969410745877565,3.9966663535523175,3.992416907180208
210.6,31.88048,-2.92097,27.556,94.15,27.556,27.556,27.556,27.556,3.98506,3.9876159335113335,3.9836955820629747,3.9883226271631664,3.980472338840447,3.982943866590791,3.9861161765241886,3.9891781457885913
210.7,31.9172,-2.91432,27.6092,94.147,27.6092,27.6092,27.6092,27.6092,3.98965,3.986402158134709,3.98746109369028,3.993037809864799,3.985329020437766,3.9932789321629283,3.9940600196579843,3.99129768650598
210.8,31.89376,-2.91955,27.5997,94.144,27.5997,27.5997,27.5997,27.5997,3.98672,3.9889489230996253,3.9890161950202154,3.9898000238986113,3.98182212856065,3.9902161336555513,3.982907130547503,3.9878786186464956
210.9,31.91584,-2.89874,27.5511,94.142,27.5511,27.5511,27.5511,27.5511,3.98948,3.990331450918106,3.9871190212501686,3.9874139806275015,3.99303714957911,3.9934306033885956,3.985922328788571,3.987962669400468
211.0,31.88808,-2.89636,27.7104,94.139,27.7104,27.7104,27.7104,27.7104,3.98601,3.985912598588118,3.98110258624632,3.9870032892780736,3.9888757922088445,3.981382114963833,3.9876931964803233,3.9862749266884143
211.1,31.89696,-2.91595,27.7046,94.136,27.7046,27.7046,27.7046,27.7046,3.98712,3.9855442664301717,3.98337307450661,3.9870979414327374,3.9894104406627435,3.9892259692775074,3.9907856083564686,3.985133066706651
211.2,31.9016,-2.89814,27.6026,94.133,27.6026,27.6026,27.6026,27.6026,3.9877,3.987196358297909,3.990181637458353,3.98270414686069,3.9844678529305066,3.991317137638224,3.9894195991447687,3.9871350307939015
211.3,31.87632,-2.90636,27.6841,94.131,27.6841,27.6841,27.6841,27.6841,3.98454,3.981298840386564,3.9801185876287954,3.9875180170309608,3.9814892891089366,3.98716286893261,3.9798786512302886,3.983475512578113
211.4,31.91792,-2.90149,27.7093,94.128,27.7093,27.7093,27.7093,27.7093,3.98974,3.9908617372173496,3.9924175674840594,3.9915427170103275,3.990947721981944,3.987920161619822,3.9895069894061415,3.986814792747666
211.5,31.8876,-2.90943,27.6239,94.125,27.6239,27.6239,27.6239,27.6239,3.98595,3.9867443826722107,3.988871363561987,3.981529209357827,3.9851351594735163,3.986480897227265,3.9812618047199955,3.9872419466502134
211.6,31.89416,-2.89269,27.5848,94.122,27.5848,27.5848,27.5848,27.5848,3.98677,3.9902921938841267,3.990346868524613,3.9843461001007836,3.9885218135808853,3.983067306682709,3.990913939430905,3.981952360709694
211.7,31.87552,-2.87548,27.7024,94.119,27.7024,27.7024,27.7024,27.7024,3.98444,3.9813234932458363,3.9861273304432805,3.982876821400739,3.9829832472486224,3.9808080588240378,3.983002504690287,3.9884693421583144
211.8,31.83768,-2.88838,27.6935,94.117,27.6935,27.6935,27.6935,27.6935,3.97971,3.978436755166879,3.9755630253138285,3.9809954705982182,3.9794147312291606,3.9797981244990335,3.975306427397851,3.977365518648936
211.9,31.89432,-2.8791,27.5512,94.114,27.5512,27.5512,27.5512,27.5512,3.98679,3.990522434627243,3.9828697741997594,3.9880493932653747,3.9915008526102826,3.9873803082367094,3.987269022697791,3.989444619440446
212.0,31.95656,-2.92104,27.7119,94.111,27.7119,27.7119,27.7119,27.7119,3.99457,3.99089812929004,3.9897726793979875,3.9927055379936283,3.993908462677788,3.995334283843452,3.9992572363401973,3.993187471857645
212.1,31.91728,-2.91014,27.5662,94.108,27.5662,27.5662,27.5662,27.5662,3.98966,3.986530651585429,3.992877358178194,3.9876401160549113,3.9871263144380578,3.9943395539255486,3.992584827384121,3.9932350569439263
212.2,31.89776,-2.89152,27.6507,94.106,27.6507,27.6507,27.6507,27.6507,3.98722,3.9826318252378985,3.9877136609705133,3.9834541612150947,3.9906033684372226,3.985591017027271,3.984505590268475,3.98765852001094
212.3,31.8916,-2.87738,27.5795,94.103,27.5795,27.5795,27.5795,27.5795,3.98645,3.990631570360088,3.9879631886919427,3.9859683182423264,3.9826874031461013,3.984603168428433,3.987636025481736,3.9862875136317912
212.4,31.89824,-2.89024,27.6388,94.1,27.6388,27.6388,27.6388,27.6388,3.98728,3.9845360304000352,3.985477747956375,3.9885182705483655,3.985255111504118,3.983533588806832,3.9833384227260993,3.990090703718189
212.5,31.91056,-2.91539,27.6363,94.097,27.6363,27.6363,27.6363,27.6363,3.98882,3.9910474346595803,3.9855198465880948,3.9838330904738952,3.9892883187574157,3.989882384860405,3.9914669424536404,3.9911059826663267
212.6,31.86888,-2.90652,27.7638,94.094,27.7638,27.7638,27.7638,27.7638,3.98361,3.9853367338250085,3.9838289803511167,3.9802946286716074,3.9810179915060218,3.984380525766452,3.978657045875886,3.9853342306903023
212.7,31.92368,-2.895,27.5331,94.092,27.5331,27.5331,27.5331,27.5331,3.99046,3.9954527466582475,3.986869695990871,3.9929083524289144,3.9894275918264155,3.986937387474515,3.987947460999597,3.988840769024991
212.8,31.91392,-2.90247,27.5847,94.089,27.5847,27.5847,27.5847,27.5847,3.98924,3.9845277374083046,3.9919948899476365,3.9887314263301197,3.9907829616619384,3.99050325926175,3.9899931776062965,3.9889075676813697
212.9,31.91368,-2.91198,27.6035,94.086,27.6035,27.6035,27.6035,27.6035,3.98921,3.989259088978823,3.9849774181713578,3.990023233400674,3.987937892593125,3.9914746776044483,3.9866421584329883,3.988705714495642
213.0,31.90672,-2.90435,27.6516,94.083,27.6516,27.6516,27.6516,27.6516,3.98834,3.989996149733931,3.9841752160654633,3.9834007574092207,3.9924497329073274,3.9874461308716938,3.983347373954111,3.990999201488297
213.1,31.89648,-2.90022,27.6136,94.081,27.6136,27.6136,27.6136,27.6136,3.98706,3.989843634945152,3.982288710687435,3.988084788458519,3.9908262950308173,3.9905745562333177,3.9909247811893365,3.9841760992005697
213.2,31.91192,-2.91627,27.501,94.078,27.501,27.501,27.501,27.501,3.98899,3.9901152963568918,3.992388707747166,3.987942177139038,3.985205673334911,3.9867694211890505,3.985498239192415,3.9872756002249616
213.3,31.90968,-2.88523,27.6776,94.075,27.6776,27.6776,27.6776,27.6776,3.98871,3.9873342987770175,3.993372208264021,3.985037881488069,3.9873611859549745,3.9856113962987907,3.991204271003381,3.9850103075591945
213.4,31.88672,-2.90659,27.7139,94.072,27.7139,27.7139,27.7139,27.7139,3.98584,3.9821281443882346,3.98212377797259,3.98996591526252,3.986633555448194,3.9832285543244574,3.9809410650518715,3.9828771239258383
213.5,31.8812,-2.90109,27.6603,94.069,27.6603,27.6603,27.6603,27.6603,3.98515,3.985058450221023,3.98106484889259,3.980909829881267,3.980746355630031,3.987233224116853,3.9886509073372727,3.987576542623829
213.6,31.8972,-2.88447,27.6074,94.067,27.6074,27.6074,27.6074,27.6074,3.98715,3.987462663820898,3.988006922619181,3.985855122190681,3.9830404365182606,3.9836131178115304,3.9865907613975957,3.987141383734224
213.7,31.93168,-2.90187,27.6476,94.064,27.6476,27.6476,27.6476,27.6476,3.99146,3.9927668888735353,3.993829528459063,3.987464191408487,3.986969923450596,3.990196747139561,3.9963583121396904,3.9961922014949263
213.8,31.86456,-2.88529,27.5628,94.061,27.5628,27.5628,27.5628,27.5628,3.98307,3.9854655071257032,3.9811098070920754,3.985452343881826,3.983733206962998,3.9789299354563963,3.9879962459563236,3.982919663149418
213.9,31.8588,-2.91544,27.7,94.058,27.7,27.7,27.7,27.7,3.98235,3.977866746920636,3.978831020729698,3.983547411016174,3.977370969282385,3.9855571742420683,3.983013550138953,3.9782607427113317
214.0,31.89776,-2.89351,27.6667,94.056,27.6667,27.6667,27.6667,27.6667,3.98722,3.991461567375109,3.984204854769964,3.98672939286352,3.984034562558333,3.9836314525519785,3.9910373399006778,3.98956882615071
214.1,31.89472,-2.88741,27.6053,94.053,27.6053,27.6053,27.6053,27.6053,3.98684,3.9862253187418846,3.9913843846055506,3.9870773547682266,3.9883004752110978,3.989232986338173,3.9830755273953486,3.9913857491100186
214.2,31.89744,-2.91245,27.6427,94.05,27.6427,27.6427,27.6427,27.6427,3.98718,3.989370152088117,3.990909598030149,3.9899662372159246,3.991999706771123,3.9878277348060407,3.9911396010253952,3.9897554583182586
214.3,31.89888,-2.90268,27.7002,94.047,27.7002,27.7002,27.7002,27.7002,3.98736,3.9900675225314695,3.985865510567117,3.9899860656665695,3.991894185390221,3.986585225689926,3.9889040419718316,3.9921345556418144
214.4,31.88744,-2.90237,27.7086,94.044,27.7086,27.7086,27.7086,27.7086,3.98593,3.983693681176982,3.9846853614349156,3.9817120521916465,3.9863454942507404,3.9891081419534986,3.983201042611315,3.9900331511206573
214.5,31.92832,-2.89686,27.6348,94.042,27.6348,27.6348,27.6348,27.6348,3.99104,3.989348418181583,3.9947348288717297,3.995660581061199,3.9946511459644465,3.9894535479727473,3.9927259732811557,3.9913486916080605
214.6,31.85392,-2.89288,27.7686,94.039,27.7686,27.7686,27.7686,27.7686,3.98174,3.985015278349047,3.9865757381419726,3.9841925549745194,3.981889503750331,3.9798347810158696,3.9833625411348677,3.9854419614513232
214.7,31.87216,-2.91367,27.7223,94.036,27.7223,27.7223,27.7223,27.7223,3.98402,3.9806754828263364,3.9872834360457814,3.9849778758284606,3.988775706491217,3.982222251708872,3.9805852311030803,3.984530338232251
214.8,31.88936,-2.9009,27.6724,94.033,27.6724,27.6724,27.6724,27.6724,3.98617,3.9847047602293735,3.9819893326189,3.9861465716345306,3.983066204646012,3.9892589561341443,3.9854507668854553,3.9825369976889724
214.9,31.85216,-2.87613,27.6175,94.031,27.6175,27.6175,27.6175,27.6175,3.98152,3.979191071863867,3.9810386514476583,3.9858956695479,3.985897407032682,3.982599767887083,3.9826842940909053,3.9856658721904465
215.0,31.88712,-2.88419,27.6198,94.028,27.6198,27.6198,27.6198,27.6198,3.98589,3.98823755975829,3.983966662156079,3.981846686752724,3.9895653012055736,3.98732652710707,3.9896416148680705,3.98412131799723
215.1,31.93096,-2.88809,27.6543,94.025,27.6543,27.6543,27.6543,27.6543,3.99137,3.9877276575124747,3.990335354601595,3.992469161766887,3.988629517376234,3.994880298097176,3.994880568696089,3.9879846150717255
215.2,31.89136,-2.90289,27.6361,94.022,27.6361,27.6361,27.6361,27.6361,3.98642,3.9896863351922267,3.990404613154861,3.981583549942684,3.9866341950532065,3.9816598864117885,3.987807215997769,3.9823560033922063
99.7,32.19512,-2.88777,27.061,97.231,27.061,27.061,27.061,27.061,4.02439,4.021160648326397,4.024281919294099,4.022089154379523,4.028453469845669,4.021120592361674,4.020726961270631,4.02171087951759
215.3,31.89616,-2.86807,27.7452,94.019,27.7452,27.7452,27.7452,27.7452,3.98702,3.991875690401881,3.9919179336587107,3.984985401253616,3.987611754181624,3.9900891366396083,3.9822153002433334,3.982856277388931
215.4,31.86008,-2.88455,27.5875,94.017,27.5875,27.5875,27.5875,27.5875,3.98251,3.986526039516275,3.981383725199218,3.9869205538059895,3.983187498200889,3.9795189693556563,3.9856628960228746,3.985141284431396
215.5,31.87528,-2.89944,27.6745,94.014,27.6745,27.6745,27.6745,27.6745,3.98441,3.9836671228053575,3.9804356835858017,3.9829969285924567,3.9880653731446976,3.9837984330695635,3.986059965353034,3.9865473222298613
215.6,31.88088,-2.89669,27.5246,94.011,27.5246,27.5246,27.5246,27.5246,3.98511,3.9827685105850597,3.9830063703374794,3.988613689038069,3.9821224322857263,3.98777308341767,3.988112143519838,3.983628332915468
215.7,31.882,-2.90688,27.6678,94.008,27.6678,27.6678,27.6678,27.6678,3.98525,3.983917750233236,3.98405929053865,3.9872322156079862,3.984398834283435,3.983730267745735,3.9832088812078554,3.985719406097687
215.8,31.92016,-2.8941,27.698,94.006,27.698,27.698,27.698,27.698,3.99002,3.9916448134293243,3.985547563237576,3.990274050740781,3.994839576322301,3.9869612014920577,3.9907204248540613,3.9863233324628347
215.9,31.90248,-2.8911,27.7326,94.003,27.7326,27.7326,27.7326,27.7326,3.98781,3.992092783117535,3.989223680059884,3.9839023769943527,3.9866654155956542,3.9850583331276423,3.9859330962227233,3.9901472548205366
216.0,31.86224,-2.88946,27.6112,94.0,27.6112,27.6112,27.6112,27.6112,3.98278,3.9842514483185,3.9796732363582117,3.978329444216713,3.9843269799013283,3.982561995272906,3.9839870809691442,3.9875043385043023
216.1,31.89456,-2.90271,27.6044,93.997,27.6044,27.6044,27.6044,27.6044,3.98682,3.9842762722908045,3.9885297627847587,3.9874878830763,3.9859135189429606,3.9831919181314035,3.989720368494545,3.988978765654191
216.2,31.90032,-2.92211,27.709,93.994,27.709,27.709,27.709,27.709,3.98754,3.9924305172018175,3.98372087899318,3.984535497904067,3.9828297482909876,3.9837764615644238,3.9842134296553473,3.9894283491292555
216.3,31.91552,-2.89637,27.7198,93.992,27.7198,27.7198,27.7198,27.7198,3.98944,3.989846345567949,3.991881343323968,3.990973857701994,3.9938926208858194,3.987714923434307,3.989977320459491,3.9918557354625275
216.4,31.92584,-2.8894,27.635,93.989,27.635,27.635,27.635,27.635,3.99073,3.993897410536685,3.9927239117221514,3.986461038575881,3.9936973459851255,3.987339874069449,3.9889332270215383,3.9872664792909434
216.5,31.86328,-2.91468,27.5316,93.986,27.5316,27.5316,27.5316,27.5316,3.98291,3.9865007410914997,3.9785974576008125,3.9828870548592987,3.9805043510130673,3.9872371157758213,3.9833112964445783,3.981721673267337
216.6,31.86792,-2.90136,27.5861,93.983,27.5861,27.5861,27.5861,27.5861,3.98349,3.980537209015473,3.9808341587091896,3.9860148722621127,3.9795419807293633,3.9857650076348747,3.9797495711654323,3.983473749355585
216.7,31.85696,-2.87988,27.6446,93.981,27.6446,27.6446,27.6446,27.6446,3.98212,3.9859275640642373,3.9778325825629453,3.9813638435668133,3.9849355150415504,3.9774216450128876,3.9862820296358894,3.9790290034023506
216.8,31.88128,-2.91805,27.5655,93.978,27.5655,27.5655,27.5655,27.5655,3.98516,3.9883443716556246,3.9808417840551495,3.9809620938189365,3.9808700238350476,3.9803669780606987,3.984962776532486,3.9854816182106747
216.9,31.89784,-2.90426,27.6948,93.975,27.6948,27.6948,27.6948,27.6948,3.98723,3.9851433373582603,3.99058170549502,3.9854711539183345,3.9870549240967064,3.9885205796292063,3.984375452439734,3.9920915969143174
217.0,31.91016,-2.87769,27.6052,93.972,27.6052,27.6052,27.6052,27.6052,3.98877,3.993513018164157,3.9890738535204506,3.9845833786584492,3.9858837004205427,3.9896304666923235,3.985599787055463,3.986977486517566
217.1,31.8844,-2.89763,27.6477,93.969,27.6477,27.6477,27.6477,27.6477,3.98555,3.990167145573909,3.9862251849656074,3.9875171116300434,3.9866306807507117,3.982400260234693,3.987441989833162,3.983214541497513
217.2,31.87824,-2.90789,27.7183,93.967,27.7183,27.7183,27.7183,27.7183,3.98478,3.987262178493734,3.9855879144419326,3.9883593259912438,3.9890624187620976,3.9851584347703732,3.9836227017925503,3.9811758209481627
217.3,31.88936,-2.90011,27.6751,93.964,27.6751,27.6751,27.6751,27.6751,3.98617,3.9860711266863174,3.983433346902826,3.9905985251203417,3.986491605718507,3.9861446564903185,3.9823231650990496,3.981245681875619
217.4,31.86544,-2.88761,27.7702,93.961,27.7702,27.7702,27.7702,27.7702,3.98318,3.9796788636993674,3.981581956716744,3.981487482265781,3.9863824854180563,3.981108500158804,3.9856998898609652,3.9843611223866175
217.5,31.93536,-2.90305,27.7379,93.958,27.7379,27.7379,27.7379,27.7379,3.99192,3.9873166296049334,3.9933225776329606,3.995808849018335,3.996517188718783,3.988851749814997,3.98930169920814,3.9888667285931056
217.6,31.8464,-2.89104,27.5922,93.956,27.5922,27.5922,27.5922,27.5922,3.9808,3.9768628054642354,3.9829327630828573,3.9839646493424654,3.978906508214424,3.9801878029637656,3.9833367926546837,3.976749638152558
217.7,31.88912,-2.89648,27.6906,93.953,27.6906,27.6906,27.6906,27.6906,3.98614,3.9890821960718656,3.9875062915365542,3.988996545490336,3.9868635977207556,3.9827037988072402,3.9866188902109423,3.9905932506573136
217.8,31.93304,-2.89524,27.6647,93.95,27.6647,27.6647,27.6647,27.6647,3.99163,3.9873483024088765,3.9955196560991664,3.996379789581325,3.990568434711216,3.9889079532770224,3.9912070857135364,3.9945132703597612
217.9,31.8844,-2.89008,27.7272,93.947,27.7272,27.7272,27.7272,27.7272,3.98555,3.980950032407844,3.9843659309575923,3.988348553053536,3.9877209790136607,3.9847514448060597,3.981993455726306,3.980916341315429
218.0,31.87944,-2.90442,27.6879,93.944,27.6879,27.6879,27.6879,27.6879,3.98493,3.988900897546909,3.9870243544249955,3.984783428270433,3.987642971196618,3.9832191739072744,3.9870390186901634,3.9863255184012925
218.1,31.8752,-2.91417,27.627,93.942,27.627,27.627,27.627,27.627,3.9844,3.9866832760053375,3.9845771480884924,3.98579461463635,3.9887950861402897,3.983622341519294,3.9817015502165627,3.987838917340265
218.2,31.8792,-2.89288,27.6861,93.939,27.6861,27.6861,27.6861,27.6861,3.9849,3.9874559865363546,3.9817893864009433,3.983928874882373,3.986439807122334,3.981655766604223,3.98021851880225,3.9804347789435868
218.3,31.91624,-2.90199,27.6358,93.936,27.6358,27.6358,27.6358,27.6358,3.98953,3.9877876242073365,3.988665341814946,3.992416003941073,3.9857835159236883,3.99181402293051,3.992427063039719,3.9929810166839537
218.4,31.82992,-2.90672,27.6197,93.933,27.6197,27.6197,27.6197,27.6197,3.97874,3.9818414430196767,3.9833141987064,3.978085434368705,3.9796946449094808,3.9754489356225107,3.9739671140438215,3.9750244771108636
218.5,31.9196,-2.8921,27.6523,93.931,27.6523,27.6523,27.6523,27.6523,3.98995,3.9929578743440026,3.9926742707928664,3.9946048763641695,3.9916635583235442,3.993857093087084,3.988216422096725,3.9883258509639963
99.8,32.16576,-2.91502,27.0842,97.228,27.0842,27.0842,27.0842,27.0842,4.02072,4.025405096724435,4.017104484418107,4.021124085805403,4.016176812509342,4.018920979174242,4.018969726325083,4.019578874855888
218.6,31.84832,-2.88084,27.6744,93.928,27.6744,27.6744,27.6744,27.6744,3.98104,3.9823984110873654,3.9823038428154462,3.983444514762713,3.9795958082863514,3.9792673458544243,3.9858029908293027,3.983434498602676
218.7,31.87584,-2.90232,27.738,93.925,27.738,27.738,27.738,27.738,3.98448,3.981518163234572,3.9837941148060265,3.9808490185449528,3.983526423769143,3.9825897193566355,3.980029190115265,3.987338756944341
218.8,31.87176,-2.89987,27.6306,93.922,27.6306,27.6306,27.6306,27.6306,3.98397,3.983532622551639,3.9825988196558666,3.9836005785578905,3.98282650974262,3.9831703067544337,3.9875473754709994,3.9793171769264086
218.9,31.89592,-2.91773,27.5459,93.919,27.5459,27.5459,27.5459,27.5459,3.98699,3.9845180697562594,3.989770334490521,3.987240269306251,3.989994106483414,3.982364338274655,3.991919094135847,3.9889947429404153
219.0,31.8432,-2.90334,27.6496,93.917,27.6496,27.6496,27.6496,27.6496,3.9804,3.9762634483170025,3.9758013481126047,3.9781327402752784,3.978841277347905,3.979200315132027,3.9829395286866798,3.9819934708423665
219.1,31.8924,-2.89668,27.6773,93.914,27.6773,27.6773,27.6773,27.6773,3.98655,3.9883526867299643,3.984479634150697,3.989413932663473,3.9904198347127,3.9886465637273307,3.9828374720564037,3.9830312974198074
219.2,31.9296,-2.90031,27.6733,93.911,27.6733,27.6733,27.6733,27.6733,3.9912,3.990911707492535,3.9941675911237065,3.994708373575644,3.9863430348618167,3.9907722345031567,3.9936084725075225,3.9941990101473435
219.3,31.84808,-2.90543,27.6477,93.908,27.6477,27.6477,27.6477,27.6477,3.98101,3.9798620505710054,3.983677206184792,3.976528697523651,3.9763990453862235,3.98275646158219,3.985324901386832,3.9859816944156248
219.4,31.88512,-2.88911,27.7204,93.906,27.7204,27.7204,27.7204,27.7204,3.98564,3.9899037658486165,3.983602322389445,3.9874889094263044,3.9896635973430654,3.9874818478793705,3.9904038601012353,3.985342164268778
219.5,31.8644,-2.89913,27.6826,93.903,27.6826,27.6826,27.6826,27.6826,3.98305,3.980351352719232,3.9806577560056833,3.9788101036529198,3.978431688122105,3.9800439987833753,3.982945876275201,3.978560886095281
219.6,31.89032,-2.86117,27.7005,93.9,27.7005,27.7005,27.7005,27.7005,3.98629,3.99008402917533,3.9897293056418333,3.990255416041431,3.985544587649128,3.98247993425911,3.9833082537519804,3.9878356540885607
219.7,31.88032,-2.89688,27.5546,93.897,27.5546,27.5546,27.5546,27.5546,3.98504,3.9851417403778657,3.9855872321372794,3.982312032160255,3.9893578260804086,3.98760674718916,3.985446107383873,3.9847359043231263
219.8,31.86416,-2.9412,27.6549,93.894,27.6549,27.6549,27.6549,27.6549,3.98302,3.9792604675772894,3.978814313512936,3.9821617254029458,3.9842113562558925,3.9872473324609117,3.9869938984115754,3.9838238553760763
219.9,31.89104,-2.91668,27.6575,93.892,27.6575,27.6575,27.6575,27.6575,3.98638,3.9881186717211206,3.9884493397627256,3.9830192543713867,3.9883378217573706,3.987844076153574,3.983387995338944,3.9879036396623486
220.0,31.9224,-2.89202,27.7674,93.889,27.7674,27.7674,27.7674,27.7674,3.9903,3.987919630513881,3.992588940539403,3.994344595372868,3.9932644231058503,3.9888248735162635,3.9916429732644674,3.98760776708001
220.1,31.87424,-2.90965,27.6605,93.886,27.6605,27.6605,27.6605,27.6605,3.98428,3.982934730026668,3.984449509379661,3.985599817503514,3.9808167885118344,3.9866674623294043,3.988628557567976,3.9832064794988336
220.2,31.89592,-2.90872,27.6277,93.883,27.6277,27.6277,27.6277,27.6277,3.98699,3.9834937520855993,3.984153634274706,3.9872299997445797,3.990832910162898,3.982980813119384,3.9847761792041285,3.9822306247760015
220.3,31.84736,-2.91859,27.6247,93.881,27.6247,27.6247,27.6247,27.6247,3.98092,3.980888423093746,3.9856446478510046,3.985452265346702,3.9777774884134462,3.984879964372145,3.9846106600551656,3.981683435774508
220.4,31.8552,-2.90715,27.727,93.878,27.727,27.727,27.727,27.727,3.9819,3.982169689445645,3.979198805377222,3.9837018484122266,3.985945123720906,3.9864124348912306,3.979385701386644,3.980694445796305
220.5,31.8892,-2.89709,27.634,93.875,27.634,27.634,27.634,27.634,3.98615,3.9910796692947486,3.9902372834688156,3.9842938888715462,3.9896518282198845,3.9896369762801296,3.9888024640611563,3.9873342304160486
220.6,31.91328,-2.89421,27.6181,93.872,27.6181,27.6181,27.6181,27.6181,3.98916,3.9937093655889098,3.984985913687996,3.9919798607079944,3.9908547612513465,3.9893709951983265,3.988200257758305,3.991584490296129
220.7,31.88592,-2.9153,27.7248,93.869,27.7248,27.7248,27.7248,27.7248,3.98574,3.9882648910122684,3.9833673165452024,3.9878766160412673,3.989472920003081,3.982349332554333,3.9864150132460416,3.9832110467848874
220.8,31.8696,-2.88792,27.6938,93.867,27.6938,27.6938,27.6938,27.6938,3.9837,3.9872567852116,3.9850440430033998,3.9849512293287788,3.9788246840908967,3.98695506672401,3.9809350224164453,3.9865637256832045
220.9,31.87688,-2.91787,27.6566,93.864,27.6566,27.6566,27.6566,27.6566,3.98461,3.9822676530558803,3.9852008755547157,3.9860004875634774,3.98384410455026,3.9801732623160286,3.986672109223346,3.982746185373444
221.0,31.84664,-2.89343,27.5916,93.861,27.5916,27.5916,27.5916,27.5916,3.98083,3.982280934289007,3.977771380795535,3.9803128785514197,3.983770383487187,3.9807274396740366,3.9806229563616564,3.9826533994024294
221.1,31.89096,-2.89494,27.705,93.858,27.705,27.705,27.705,27.705,3.98637,3.983252202920033,3.9884453272510694,3.984743099613619,3.9833190353902346,3.9903377629194443,3.9851280676958365,3.9870047404634805
221.2,31.89736,-2.91402,27.7218,93.856,27.7218,27.7218,27.7218,27.7218,3.98717,3.9902950581097345,3.9906550460833112,3.9837495939392573,3.9879221006409913,3.9878231066099348,3.98384343636605,3.9856461483154764
221.3,31.86504,-2.9158,27.6155,93.853,27.6155,27.6155,27.6155,27.6155,3.98313,3.9788204101412012,3.9792407989660825,3.9818927170548557,3.987909831283867,3.981251718926242,3.9829884375425024,3.9803644397397346
221.4,31.8644,-2.89427,27.6951,93.85,27.6951,27.6951,27.6951,27.6951,3.98305,3.9856851356053276,3.98209475009243,3.987086550171547,3.9851417789140675,3.981886596840224,3.9837154163218136,3.9850845358186535
221.5,31.88184,-2.9084,27.6677,93.847,27.6677,27.6677,27.6677,27.6677,3.98523,3.9830370493878733,3.987294441926021,3.989336686387093,3.984866338608423,3.9877648625161366,3.984750390159501,3.9875049508219815
221.6,31.86472,-2.90286,27.6211,93.844,27.6211,27.6211,27.6211,27.6211,3.98309,3.9875135654743548,3.9836415721936267,3.97900271238154,3.9816869388637004,3.9817850417285467,3.9852370117687363,3.9822931078661843
221.7,31.87336,-2.88969,27.648,93.842,27.648,27.648,27.648,27.648,3.98417,3.9844787080084028,3.9826826061612417,3.9869332605922465,3.989046485310515,3.9831811968768207,3.9799027416878467,3.982468658471358
221.8,31.92512,-2.89281,27.6723,93.839,27.6723,27.6723,27.6723,27.6723,3.99064,3.9894156889476533,3.990243439319108,3.990788837851424,3.9882837116171483,3.987264431705438,3.9864466977741326,3.9878417310889276
221.9,31.86856,-2.91374,27.5966,93.836,27.5966,27.5966,27.5966,27.5966,3.98357,3.9830832972049115,3.9806692897675995,3.979092528691823,3.9821511129798024,3.982425225348851,3.9879792350340386,3.980768401795285
99.9,32.19296,-2.91789,27.023,97.225,27.023,27.023,27.023,27.023,4.02412,4.023980761058062,4.022502720942818,4.029005135939599,4.020152913597855,4.024302757696487,4.028998094225875,4.020855860221546
222.0,31.8656,-2.9008,27.7104,93.833,27.7104,27.7104,27.7104,27.7104,3.9832,3.984513561795205,3.9791680669651286,3.9878924175087955,3.98722596799823,3.9785288906630836,3.9861256530397933,3.9854537047274947
222.1,31.8584,-2.91402,27.634,93.831,27.634,27.634,27.634,27.634,3.9823,3.977730379187925,3.9777819419444254,3.9869901347477055,3.9826437087622066,3.9795156246127554,3.9866844165250304,3.985979093072638
222.2,31.8916,-2.88695,27.6369,93.828,27.6369,27.6369,27.6369,27.6369,3.98645,3.9897275347545023,3.986066161800251,3.9908253442908337,3.9854612927715163,3.9853924020134226,3.9886191785486607,3.988587261118272
222.3,31.86912,-2.87695,27.708,93.825,27.708,27.708,27.708,27.708,3.98364,3.98239271675286,3.98332230677546,3.9809249471883654,3.987855880915485,3.9815367305344056,3.97874355792171,3.9856678279460938
222.4,31.85768,-2.91268,27.6509,93.822,27.6509,27.6509,27.6509,27.6509,3.98221,3.9810997532059433,3.985859305753831,3.9861966407230303,3.979592270315756,3.9854598955683604,3.986610079864895,3.9801321877518725
222.5,31.90472,-2.90047,27.6657,93.819,27.6657,27.6657,27.6657,27.6657,3.98809,3.988252695989631,3.9871258927744244,3.991024933503195,3.9883222039055983,3.985293032003489,3.986634876678557,3.990856296261356
222.6,31.9068,-2.88624,27.6728,93.817,27.6728,27.6728,27.6728,27.6728,3.98835,3.988626820346267,3.984827722541762,3.9904862946567694,3.9849469159524413,3.9881379348978117,3.9849003723210923,3.991914704532354
222.7,31.85808,-2.89964,27.6331,93.814,27.6331,27.6331,27.6331,27.6331,3.98226,3.9785802008808338,3.9778840008642056,3.98533869956473,3.986353666974017,3.9864185415631033,3.9844434038589673,3.9795291045036083
222.8,31.82744,-2.89158,27.649,93.811,27.649,27.649,27.649,27.649,3.97843,3.9824645444597695,3.973720917866138,3.9793868856812624,3.9749449932590166,3.975357460978661,3.975273540459671,3.9756630362267393
222.9,31.89624,-2.89923,27.6795,93.808,27.6795,27.6795,27.6795,27.6795,3.98703,3.9830375352040877,3.9885659554293094,3.982438679945182,3.9835193428044677,3.986300690814841,3.9877968709304956,3.9886733063180464
223.0,31.85536,-2.91585,27.6801,93.806,27.6801,27.6801,27.6801,27.6801,3.98192,3.9805365543584537,3.978643303125919,3.9804342853136903,3.9770630547481773,3.9856348804050437,3.9774428273116453,3.9841059961557272
223.1,31.89048,-2.89822,27.7132,93.803,27.7132,27.7132,27.7132,27.7132,3.98631,3.984245153599148,3.9870993111223414,3.9885366091668515,3.983444307309588,3.9864903296093273,3.9877490646976446,3.9856264476822973
223.2,31.824,-2.88309,27.7163,93.8,27.7163,27.7163,27.7163,27.7163,3.978,3.9790175532591396,3.9812876769614243,3.979628508263395,3.9805117315284457,3.982423335749032,3.9799367947424256,3.9818188297043156
223.3,31.89248,-2.89529,27.7556,93.797,27.7556,27.7556,27.7556,27.7556,3.98656,3.988347020870659,3.9837474227048504,3.986909468000155,3.9858769940531102,3.9861301316203215,3.98670147054206,3.9873321007771843
223.4,31.84176,-2.87564,27.5926,93.794,27.5926,27.5926,27.5926,27.5926,3.98022,3.976607650826489,3.980701442866852,3.983946141012512,3.9805916418176577,3.9799204448134793,3.981571870636059,3.976035866942089
223.5,31.88808,-2.92657,27.7383,93.792,27.7383,27.7383,27.7383,27.7383,3.98601,3.9832843301460676,3.986913345147551,3.9865436771091884,3.9860541858985172,3.9906780863368323,3.9893301922962827,3.985418372430876
223.6,31.87064,-2.89431,27.6636,93.789,27.6636,27.6636,27.6636,27.6636,3.98383,3.9873907326821176,3.9827125540295847,3.9835906763463105,3.983955902825416,3.9822721013176854,3.985396652604473,3.9797046435591126
223.7,31.8472,-2.90972,27.724,93.786,27.724,27.724,27.724,27.724,3.9809,3.980675326625305,3.9794846148948086,3.981444080900503,3.9822709108921504,3.9777934828464487,3.9807868728111377,3.9838191406515318
223.8,31.86008,-2.91313,27.7053,93.783,27.7053,27.7053,27.7053,27.7053,3.98251,3.987423822239715,3.979121329322911,3.979287923951203,3.9811170134382468,3.982991454795759,3.9845221761574883,3.983223543243961
223.9,31.88608,-2.87998,27.6508,93.781,27.6508,27.6508,27.6508,27.6508,3.98576,3.987800594380165,3.985844118305757,3.9847605085950066,3.986650075056926,3.9849348633930854,3.9902971161317273,3.9845167194950157
224.0,31.87192,-2.90383,27.7772,93.778,27.7772,27.7772,27.7772,27.7772,3.98399,3.9873384923286865,3.9817516007481264,3.983864132113843,3.9823168673881235,3.9863473802864973,3.9794126034001023,3.979165986080088
224.1,31.88312,-2.90527,27.7321,93.775,27.7321,27.7321,27.7321,27.7321,3.98539,3.990036528064927,3.9823037235496153,3.987583317202496,3.983799125453244,3.986459567505343,3.9886428624323886,3.98919775585786
224.2,31.91632,-2.89485,27.7122,93.772,27.7122,27.7122,27.7122,27.7122,3.98954,3.990559483721991,3.9909260609965944,3.9863655688701467,3.9912681856803394,3.9889013652481236,3.990938680595417,3.98643271632823
224.3,31.83104,-2.93229,27.8188,93.769,27.8188,27.8188,27.8188,27.8188,3.97888,3.9807638508737684,3.979921655168774,3.974042848227297,3.978248769419732,3.9802512559445744,3.983593626050585,3.974545419018409
224.4,31.9072,-2.87968,27.6294,93.767,27.6294,27.6294,27.6294,27.6294,3.9884,3.9872728040643115,3.98783743705077,3.983752349156984,3.9878240066569037,3.9931562936004976,3.9921034082697395,3.9875118671511403
224.5,31.87064,-2.87143,27.6899,93.764,27.6899,27.6899,27.6899,27.6899,3.98383,3.9822325049052822,3.9842497702541833,3.9863742602866954,3.9840131639151233,3.9865248415511396,3.985323880106584,3.9851648379830595
224.6,31.84632,-2.88627,27.7226,93.761,27.7226,27.7226,27.7226,27.7226,3.98079,3.9796355203854468,3.977438045897262,3.9780482531022288,3.9850898327048627,3.9799282534280933,3.984302686106527,3.980386263803907
224.7,31.83568,-2.89382,27.6254,93.758,27.6254,27.6254,27.6254,27.6254,3.97946,3.974781121688166,3.9790912538813354,3.9752199790329397,3.977916373220054,3.9818554772533403,3.97660754974816,3.9790258628245954
224.8,31.86288,-2.90325,27.65,93.756,27.65,27.65,27.65,27.65,3.98286,3.987149146058905,3.987668711230825,3.9834860833673065,3.9813263118160327,3.9809471238303575,3.9872429904219175,3.9858890700573824
224.9,31.88928,-2.91613,27.7502,93.753,27.7502,27.7502,27.7502,27.7502,3.98616,3.9838845864589647,3.991017102465097,3.9823215772792837,3.9889219760026555,3.9855136704747096,3.9894064190327923,3.9905170796053415
225.0,31.86384,-2.88209,27.6611,93.75,27.6611,27.6611,27.6611,27.6611,3.98298,3.9818260972506114,3.985934858222227,3.9863091125228483,3.983846915879026,3.980656483058369,3.980589594353367,3.9859590133546354
225.1,31.90296,-2.88625,27.7436,93.747,27.7436,27.7436,27.7436,27.7436,3.98787,3.990322254401132,3.988740766761893,3.992401177005692,3.986618346169724,3.9903321720052607,3.9895838531396315,3.9838688654692924
225.2,31.8316,-2.89325,27.654,93.744,27.654,27.654,27.654,27.654,3.97895,3.9818365265258633,3.9817468143598806,3.9804155044627865,3.982224375134657,3.98180775088141,3.9782081721350337,3.975788435165382
225.3,31.86592,-2.895,27.8135,93.742,27.8135,27.8135,27.8135,27.8135,3.98324,3.9869675579482373,3.98098649883646,3.979352349493073,3.9845336126981423,3.984467266634015,3.9834225264543495,3.9876937015929057
225.4,31.83584,-2.89549,27.5522,93.739,27.5522,27.5522,27.5522,27.5522,3.97948,3.9759907034070125,3.9808260870794996,3.9756999826188193,3.9763529457107447,3.976544808512165,3.9820454132605883,3.9781940251655787
225.5,31.8744,-2.90789,27.7538,93.736,27.7538,27.7538,27.7538,27.7538,3.9843,3.980046233113764,3.9867480122192527,3.9857639083241034,3.986585301479766,3.9869131561262963,3.985278569908336,3.981904561534157
225.6,31.88672,-2.86248,27.7088,93.733,27.7088,27.7088,27.7088,27.7088,3.98584,3.9818501762644156,3.9854952047229673,3.9899138722633136,3.988072092053985,3.983239606248874,3.9866439632523307,3.9882871653408416
225.7,31.85512,-2.90428,27.6024,93.731,27.6024,27.6024,27.6024,27.6024,3.98189,3.9858789573001343,3.9803604462567357,3.986842631833385,3.984745855427486,3.9828640541663813,3.982939336689244,3.984708668605786
225.8,31.80248,-2.9064,27.6814,93.728,27.6814,27.6814,27.6814,27.6814,3.97531,3.972021304142649,3.978848697049608,3.9712625001190567,3.9767181960756166,3.974440456296645,3.9717963713058135,3.978818836293477
225.9,31.86952,-2.88319,27.5797,93.725,27.5797,27.5797,27.5797,27.5797,3.98369,3.9796344557134686,3.986138195984645,3.9871264382732488,3.9824588833143864,3.983233300631554,3.982158177626267,3.9845775651780952
226.0,31.87496,-2.90044,27.7169,93.722,27.7169,27.7169,27.7169,27.7169,3.98437,3.988570598857072,3.983901351062321,3.9854691844866417,3.980936603950657,3.9811569947249428,3.980381874865401,3.9834709001275876
226.1,31.87392,-2.90028,27.6604,93.719,27.6604,27.6604,27.6604,27.6604,3.98424,3.9833051052298383,3.9841469541633634,3.9794540265069855,3.9827393328960023,3.988910416571056,3.9839329797488388,3.98622991078556
226.2,31.89368,-2.87878,27.5797,93.717,27.5797,27.5797,27.5797,27.5797,3.98671,3.9871838379278137,3.9827501139781876,3.9909650127495597,3.9818777882859617,3.9820153603952306,3.9832591082717586,3.990470732948253
226.3,31.838,-2.88982,27.7071,93.714,27.7071,27.7071,27.7071,27.7071,3.97975,3.979133622729088,3.982142886541673,3.9831183560481946,3.980878784986215,3.9756430493121133,3.977198231738681,3.975507424059844
226.4,31.87984,-2.88906,27.7064,93.711,27.7064,27.7064,27.7064,27.7064,3.98498,3.9804402633453297,3.9822796989623424,3.9813582491037685,3.9890807438789087,3.9846726889239523,3.985061558119147,3.9837487065753314
100.0,32.21256,-2.89384,27.1619,97.222,27.1619,27.1619,27.1619,27.1619,4.02657,4.0234067386840895,4.028018346812529,4.023797127495785,4.027706578309923,4.027174984453036,4.030696608231206,4.028486068717655
226.5,31.89184,-2.92127,27.8246,93.708,27.8246,27.8246,27.8246,27.8246,3.98648,3.983936882604243,3.981710538212793,3.9819532224645426,3.98273231476199,3.9830503990950183,3.988960179612019,3.984377398956973
226.6,31.82032,-2.89399,27.7483,93.706,27.7483,27.7483,27.7483,27.7483,3.97754,3.9794979115295654,3.975882139380947,3.980676710771353,3.980348490985624,3.9759876792670816,3.976100767261334,3.981069500071831
226.7,31.8704,-2.91508,27.5559,93.703,27.5559,27.5559,27.5559,27.5559,3.9838,3.983321540128512,3.9813692339995876,3.9869377292591346,3.9871191734616933,3.982734123315787,3.988710736231903,3.9830232661781775
226.8,31.8504,-2.90682,27.6679,93.7,27.6679,27.6679,27.6679,27.6679,3.9813,3.9777661108121545,3.98490288759779,3.9805990578680577,3.982895749273293,3.9776621245761015,3.9811488920377625,3.978355604936811
226.9,31.86032,-2.89737,27.7664,93.697,27.7664,27.7664,27.7664,27.7664,3.98254,3.982647137630159,3.9869420502357804,3.9844579448276893,3.9837837841919264,3.980814466691567,3.984814134501434,3.9819204465484765
227.0,31.8704,-2.90054,27.603,93.694,27.603,27.603,27.603,27.603,3.9838,3.9790509457898318,3.979103340698002,3.981174835033415,3.9804297834333884,3.9816742816838424,3.9875244310023,3.984168848700426
227.1,31.85008,-2.89019,27.6548,93.692,27.6548,27.6548,27.6548,27.6548,3.98126,3.9824166805453203,3.983063917727483,3.986118472953915,3.978208260355777,3.9843708735121828,3.9784551585577916,3.9823864088811325
227.2,31.84536,-2.88844,27.7017,93.689,27.7017,27.7017,27.7017,27.7017,3.98067,3.9808352311180664,3.9824825426091612,3.9773580614032067,3.981050473109739,3.976196012514128,3.985150437587467,3.9765832007665276
227.3,31.86216,-2.88732,27.6704,93.686,27.6704,27.6704,27.6704,27.6704,3.98277,3.978150478783415,3.9828800051352498,3.9871493684454764,3.979183728652609,3.978449953176623,3.9811327159655505,3.9792493372772486
227.4,31.83496,-2.92016,27.798,93.683,27.798,27.798,27.798,27.798,3.97937,3.9830814042711253,3.9814895632869587,3.978636200325923,3.981192309505439,3.9769054684629013,3.9840859675243974,3.9781992030799684
227.5,31.8348,-2.86456,27.7141,93.681,27.7141,27.7141,27.7141,27.7141,3.97935,3.9750391599517276,3.9824523545443022,3.9793990185856645,3.9801836716387786,3.975294001816277,3.982909676020915,3.9802283243586976
227.6,31.87688,-2.90037,27.7056,93.678,27.7056,27.7056,27.7056,27.7056,3.98461,3.9883608380253666,3.984316097917107,3.9818376813415415,3.9830032689475154,3.980379851077044,3.983884022424315,3.9868545731427876
227.7,31.8328,-2.88181,27.649,93.675,27.649,27.649,27.649,27.649,3.9791,3.981340402417196,3.980321064096575,3.97725994029857,3.977519373567038,3.983150614049423,3.976306738868896,3.980298189656198
227.8,31.87608,-2.93771,27.6384,93.672,27.6384,27.6384,27.6384,27.6384,3.98451,3.9806722909640135,3.9880963239187257,3.9850358149331138,3.9878781127342062,3.987615402539559,3.984430259913412,3.986147793319506
227.9,31.87096,-2.90398,27.7113,93.669,27.7113,27.7113,27.7113,27.7113,3.98387,3.9838964306282616,3.981365549289196,3.9853022501527717,3.98126176009059,3.9825420049293734,3.980212635657722,3.9875617710644624
228.0,31.81816,-2.92191,27.7007,93.667,27.7007,27.7007,27.7007,27.7007,3.97727,3.9803472338327897,3.9786550622175008,3.9729491711658973,3.97432274679743,3.9726038997252693,3.977871193052867,3.978351481104939
228.1,31.84312,-2.91292,27.633,93.664,27.633,27.633,27.633,27.633,3.98039,3.9827532216229065,3.976264022154777,3.97769487014339,3.976076653438307,3.982130101635358,3.9837873221745523,3.981485689740381
228.2,31.88776,-2.89924,27.7205,93.661,27.7205,27.7205,27.7205,27.7205,3.98597,3.9849679308422603,3.9897736771215393,3.9853354523129294,3.989244087298446,3.9831297507740904,3.9839618779729604,3.988849169366488
228.3,31.83536,-2.90502,27.7104,93.658,27.7104,27.7104,27.7104,27.7104,3.97942,3.978721952676103,3.9814172847542837,3.9843795761256677,3.9769004573310522,3.9826843181480998,3.9829695531522438,3.980475654170173
228.4,31.84752,-2.88029,27.689,93.656,27.689,27.689,27.689,27.689,3.98094,3.9816209322118628,3.9822879953180585,3.984729101912966,3.9843076887252113,3.9811468868263873,3.9773748724858606,3.9803479384062306
228.5,31.86952,-2.87347,27.7795,93.653,27.7795,27.7795,27.7795,27.7795,3.98369,3.9870603870905583,3.9849156662833307,3.9814438265813306,3.9797236882399143,3.9820752988806243,3.981020940120488,3.9796905983956115
228.6,31.87696,-2.9145,27.7077,93.65,27.7077,27.7077,27.7077,27.7077,3.98462,3.9888194403539603,3.9816671691735817,3.9814768579535604,3.983918411940694,3.9825849092809293,3.988706373139996,3.98368308023096
228.7,31.85184,-2.90732,27.6946,93.647,27.6946,27.6946,27.6946,27.6946,3.98148,3.9823566547302653,3.985524573978719,3.978612360304023,3.9824014416530256,3.9812744840256844,3.9820842943247334,3.9853991429466173
228.8,31.84336,-2.91547,27.7773,93.644,27.7773,27.7773,27.7773,27.7773,3.98042,3.9771387534357716,3.980883234745591,3.985058356942954,3.9763219339679696,3.9808801702697503,3.97814000470769,3.9840163416048333
228.9,31.89152,-2.88266,27.7008,93.642,27.7008,27.7008,27.7008,27.7008,3.98644,3.9869938013226833,3.9828179833371764,3.986036655602378,3.9849432405450274,3.9858080301643692,3.9836898596257275,3.990138635223369
229.0,31.89888,-2.89761,27.6863,93.639,27.6863,27.6863,27.6863,27.6863,3.98736,3.9858323692501485,3.9845156043831556,3.987837384045274,3.9900273581591,3.988281470345687,3.9918635185335796,3.990802802014206
229.1,31.8804,-2.89952,27.6407,93.636,27.6407,27.6407,27.6407,27.6407,3.98505,3.9868385357301253,3.9855831880564336,3.986019384667372,3.9862352397320975,3.9863676248652093,3.984226071454222,3.98410692191318
229.2,31.85872,-2.89531,27.715,93.633,27.715,27.715,27.715,27.715,3.98234,3.9849858917084044,3.9861166944044824,3.987323040352695,3.982813102699544,3.9790743016166776,3.9822007136392257,3.985149491275121
229.3,31.83704,-2.90467,27.7678,93.631,27.7678,27.7678,27.7678,27.7678,3.97963,3.9775872504188823,3.980093525553478,3.9790519300517095,3.9841103117209777,3.978282932988451,3.9792063009477463,3.9836236905654996
229.4,31.83624,-2.91285,27.6873,93.628,27.6873,27.6873,27.6873,27.6873,3.97953,3.9808263641195016,3.977866734881479,3.978022281365873,3.9800086665075676,3.981215045393311,3.9764858887588876,3.9791557222083798
229.5,31.86848,-2.89923,27.6331,93.625,27.6331,27.6331,27.6331,27.6331,3.98356,3.9870211480513755,3.9856846654503344,3.9847658294803985,3.979299285362578,3.985042944595444,3.9809169339818276,3.9843424861614083
229.6,31.86576,-2.90401,27.774,93.622,27.774,27.774,27.774,27.774,3.98322,3.9803421525533462,3.9875140315573425,3.9879023542883467,3.9847036580242654,3.9806419412850094,3.981953521429103,3.984427917983312
229.7,31.88912,-2.89479,27.7768,93.619,27.7768,27.7768,27.7768,27.7768,3.98614,3.9826667842961485,3.9820202970788796,3.9891422633563596,3.9872001582827616,3.9880806411781813,3.9892322598524155,3.984059283533324
229.8,31.87088,-2.92448,27.7494,93.617,27.7494,27.7494,27.7494,27.7494,3.98386,3.9794310331146554,3.982244086458007,3.9836048813735885,3.9872744959789235,3.9806205230094154,3.982823750642047,3.9848404848106282
229.9,31.81888,-2.8972,27.7205,93.614,27.7205,27.7205,27.7205,27.7205,3.97736,3.9819743235631826,3.979698322147862,3.977505265025441,3.979116283062997,3.9805182926643594,3.979413177987229,3.9817660377433866
100.1,32.20096,-2.90049,27.0237,97.219,27.0237,27.0237,27.0237,27.0237,4.02512,4.025189381812133,4.020896874999387,4.028017457836069,4.0241408992373335,4.020536923263256,4.027657570356941,4.02089743800084
230.0,31.88,-2.91034,27.7405,93.611,27.7405,27.7405,27.7405,27.7405,3.985,3.9807248570600247,3.9899954098335804,3.989817851662129,3.9846996057820374,3.9823197732262603,3.986876727139904,3.9815051608024596
230.1,31.83056,-2.89773,27.6227,93.608,27.6227,27.6227,27.6227,27.6227,3.97882,3.983708899404458,3.9795370766746276,3.9790612795693656,3.978723487821265,3.9803844226908747,3.9791950991773426,3.9762117255648537
230.2,31.84504,-2.88642,27.6813,93.606,27.6813,27.6813,27.6813,27.6813,3.98063,3.9773552218352664,3.976693126481131,3.9767145006705413,3.9781023609144466,3.9808350932217125,3.9830206727886934,3.982253296318159
230.3,31.86,-2.90834,27.7573,93.603,27.7573,27.7573,27.7573,27.7573,3.9825,3.981998038754656,3.985731544760644,3.982243203124191,3.981748537681782,3.9859422716698334,3.9786625627167163,3.980711468951504
230.4,31.90168,-2.88205,27.7375,93.6,27.7375,27.7375,27.7375,27.7375,3.98771,3.9855486730311434,3.983833965009698,3.9873415386596287,3.9922093143709425,3.986255204554345,3.986310208900907,3.983602188187293
230.5,31.92816,-2.92611,27.7719,93.597,27.7719,27.7719,27.7719,27.7719,3.99102,3.994851387561852,3.9905305729589,3.993593249794639,3.987387702940363,3.9897320315529594,3.9878887769968383,3.992747443644573
230.6,31.86784,-2.87684,27.8102,93.594,27.8102,27.8102,27.8102,27.8102,3.98348,3.9842972401251595,3.984401598919755,3.9798594902284843,3.9788341190702234,3.981528295791265,3.9801596690554892,3.9880941729498907
230.7,31.84864,-2.88142,27.6446,93.592,27.6446,27.6446,27.6446,27.6446,3.98108,3.983571270988569,3.9793493835360807,3.981995281897309,3.980596910466573,3.9795210141503694,3.9805044678926786,3.9768136670903464
230.8,31.8656,-2.9133,27.7482,93.589,27.7482,27.7482,27.7482,27.7482,3.9832,3.982185562269201,3.9841411638943547,3.9800121786876543,3.9793127473721652,3.980982601373102,3.9862908186098283,3.9863180705534194
230.9,31.87384,-2.91317,27.7042,93.586,27.7042,27.7042,27.7042,27.7042,3.98423,3.9826155681147704,3.9807094790410082,3.986840367471385,3.9831931469392496,3.9889632179721954,3.9859909754096834,3.9834205695100433
231.0,31.84464,-2.92242,27.6934,93.583,27.6934,27.6934,27.6934,27.6934,3.98058,3.9852691619126155,3.9805103189291984,3.976695969931748,3.9761728836392893,3.9784200288057585,3.9765526633862542,3.975647664329185
231.1,31.8952,-2.88618,27.8689,93.581,27.8689,27.8689,27.8689,27.8689,3.9869,3.9872320234258924,3.984117276020613,3.984741271023263,3.9908447243163154,3.983598411780567,3.989878680677776,3.9845947852064767
231.2,31.85736,-2.90496,27.6269,93.578,27.6269,27.6269,27.6269,27.6269,3.98217,3.9855554687779566,3.9798028221588684,3.9818003159257924,3.9794980892971226,3.979307953269663,3.980443917673198,3.983027961562442
231.3,31.86352,-2.90606,27.7107,93.575,27.7107,27.7107,27.7107,27.7107,3.98294,3.981216984923781,3.985891267367699,3.9804803362853964,3.98393793736056,3.9852204154753434,3.9794348936814936,3.980623966381243
231.4,31.86736,-2.91684,27.7079,93.572,27.7079,27.7079,27.7079,27.7079,3.98342,3.9792632951374776,3.98540803953379,3.9830571985886545,3.98820750212192,3.980447819026662,3.9791796229550154,3.9828877233494167
231.5,31.8612,-2.87282,27.7254,93.569,27.7254,27.7254,27.7254,27.7254,3.98265,3.9865435259461535,3.980168938605498,3.9859250658385914,3.9806232072571963,3.98555129285174,3.985030024517231,3.9849826476279664
231.6,31.87104,-2.91459,27.6047,93.567,27.6047,27.6047,27.6047,27.6047,3.98388,3.988678130426242,3.982904378480213,3.986055663587811,3.983439019989257,3.9869670758222044,3.988297347681874,3.988673261432317
100.2,32.17992,-2.90706,26.9963,97.217,26.9963,26.9963,26.9963,26.9963,4.02249,4.024224441493441,4.024724217330765,4.02142000459185,4.020143668016058,4.020631561931922,4.020127044483659,4.025895605609991
231.7,31.83584,-2.89964,27.6647,93.564,27.6647,27.6647,27.6647,27.6647,3.97948,3.9792234011388,3.9815004662450173,3.9844041452436487,3.976874092575725,3.983198478672707,3.9842793286112577,3.9772026572597503
231.8,31.83696,-2.89676,27.727,93.561,27.727,27.727,27.727,27.727,3.97962,3.977164153172382,3.977041153862726,3.9824499186246882,3.978449561296368,3.9814524497521666,3.9785749479609342,3.982493818194844
231.9,31.82376,-2.90598,27.6408,93.558,27.6408,27.6408,27.6408,27.6408,3.97797,3.9823327014003014,3.978298599209141,3.982750454570396,3.9819139534984056,3.9823197686420384,3.974014997625814,3.9786069788365217
232.0,31.86048,-2.90901,27.7822,93.556,27.7822,27.7822,27.7822,27.7822,3.98256,3.986424552910984,3.9818254148809213,3.979665882279422,3.981005792278267,3.982151563494874,3.9858220825422785,3.9815609622129093
232.1,31.86832,-2.90554,27.7603,93.553,27.7603,27.7603,27.7603,27.7603,3.98354,3.9870654664484126,3.9881698413481006,3.9799645148270786,3.9795482219192713,3.98018553289577,3.987361888360839,3.9815613696948535
232.2,31.8604,-2.89152,27.6308,93.55,27.6308,27.6308,27.6308,27.6308,3.98255,3.9814839910461854,3.9784377898039147,3.9785572508694056,3.983612029360551,3.9789260901186796,3.9784256560640205,3.9807492152347437
232.3,31.88936,-2.90521,27.7127,93.547,27.7127,27.7127,27.7127,27.7127,3.98617,3.9811754336210794,3.985083183702084,3.989706124689584,3.988191095607118,3.9880457937140315,3.987757195722467,3.9876024913361654
232.4,31.8488,-2.87562,27.7495,93.544,27.7495,27.7495,27.7495,27.7495,3.9811,3.9790815425455803,3.9791864136530726,3.980721625026821,3.9856643157838425,3.9830037253710247,3.981276676244253,3.984563204793475
232.5,31.86472,-2.91166,27.6449,93.542,27.6449,27.6449,27.6449,27.6449,3.98309,3.9840440754098,3.9871093496067282,3.981281912173527,3.9871288601947668,3.9842515939878296,3.9875090892008465,3.9829543267503973
232.6,31.82224,-2.88869,27.6333,93.539,27.6333,27.6333,27.6333,27.6333,3.97778,3.973480442879888,3.9798710732382014,3.9799982063284998,3.9821259718865187,3.9816175882187332,3.9763470792328417,3.9751064994227896
232.7,31.83888,-2.92635,27.671,93.536,27.671,27.671,27.671,27.671,3.97986,3.9847866078384504,3.982818134560062,3.978721403551887,3.9760999491831828,3.982311127640419,3.976910603514741,3.9821983826943925
232.8,31.86464,-2.91165,27.8902,93.533,27.8902,27.8902,27.8902,27.8902,3.98308,3.986202809761556,3.983155270188411,3.978530837112726,3.9875558714370243,3.9858408987223592,3.984191986444434,3.9863174352311996
232.9,31.86808,-2.91224,27.7951,93.531,27.7951,27.7951,27.7951,27.7951,3.98351,3.9832957801423015,3.980350789973185,3.9820723234589805,3.9825372932624816,3.98097232079969,3.982218561794242,3.9796383846880876
233.0,31.8404,-2.91656,27.6934,93.528,27.6934,27.6934,27.6934,27.6934,3.98005,3.981721748301516,3.980198064866019,3.9772871307781252,3.9788397269196363,3.982890026041167,3.9837889376414344,3.975511335498089
233.1,31.84552,-2.89575,27.6505,93.525,27.6505,27.6505,27.6505,27.6505,3.98069,3.983292909149399,3.976940947773203,3.9818585846338688,3.975746796490515,3.9785813368599836,3.9847940609747843,3.9758901207313486
233.2,31.81056,-2.90165,27.6813,93.522,27.6813,27.6813,27.6813,27.6813,3.97632,3.9769514669963026,3.978205039898691,3.971408170592503,3.9791219073253465,3.9720098367026337,3.97550677202357,3.9744730981056473
233.3,31.83816,-2.93418,27.8227,93.519,27.8227,27.8227,27.8227,27.8227,3.97977,3.9777377090707824,3.9784386237573086,3.9782512435441526,3.982687625599342,3.979419944583786,3.9807933738433663,3.9809693223448956
233.4,31.86784,-2.87007,27.8539,93.517,27.8539,27.8539,27.8539,27.8539,3.98348,3.979309748463812,3.985462760123509,3.9867286047812827,3.983069573822045,3.9804383126981926,3.9832985618751318,3.978584430718675
233.5,31.86008,-2.89736,27.6836,93.514,27.6836,27.6836,27.6836,27.6836,3.98251,3.982148362154474,3.978008370495535,3.9856276909016466,3.981579307552359,3.978999701044536,3.9807471501385163,3.980176266090886
233.6,31.858,-2.89998,27.7515,93.511,27.7515,27.7515,27.7515,27.7515,3.98225,3.9809782248228323,3.9796908696722686,3.9826760552930676,3.986061611474204,3.9834927168912513,3.977939092604036,3.979522293805004
233.7,31.84696,-2.88035,27.7176,93.508,27.7176,27.7176,27.7176,27.7176,3.98087,3.979675397353848,3.98567948176931,3.9854107773076435,3.9801527821104696,3.9842680499887586,3.9835206162014134,3.983920736637902
233.8,31.84568,-2.88517,27.81,93.506,27.81,27.81,27.81,27.81,3.98071,3.978171409535717,3.980996279309081,3.9766332681967516,3.9837270700254908,3.977323979955865,3.9845655124823947,3.976667753820316
233.9,31.82944,-2.90447,27.6686,93.503,27.6686,27.6686,27.6686,27.6686,3.97868,3.9787008007706155,3.9801369335752192,3.9796566889393192,3.9794644994405686,3.977569784415856,3.9747285925087255,3.9770605509914247
234.0,31.86184,-2.92929,27.7935,93.5,27.7935,27.7935,27.7935,27.7935,3.98273,3.9780536488278333,3.9822710225443387,3.978525077788351,3.986341207276529,3.978800931427869,3.9849303667907896,3.983262062114785
234.1,31.85488,-2.89153,27.6548,93.497,27.6548,27.6548,27.6548,27.6548,3.98186,3.982708220862776,3.983478766188311,3.9840639558592663,3.9821249505055936,3.983417029638968,3.9791243631660764,3.9827105310264437
234.2,31.8564,-2.91444,27.7926,93.494,27.7926,27.7926,27.7926,27.7926,3.98205,3.978962741186751,3.982557384983973,3.9827021764183,3.9835009216288135,3.986384099307421,3.9841420859832386,3.9771003088965133
234.3,31.83168,-2.88141,27.6852,93.492,27.6852,27.6852,27.6852,27.6852,3.97896,3.981240803975277,3.9793442159259134,3.974857355459305,3.9827228242024817,3.9784180957428315,3.976991801647747,3.983631286547568
234.4,31.7924,-2.91164,27.7178,93.489,27.7178,27.7178,27.7178,27.7178,3.97405,3.977778927655207,3.97167312856933,3.977201286827604,3.978172829661114,3.974396624119048,3.976920640991636,3.976791425400758
234.5,31.87016,-2.90678,27.6985,93.486,27.6985,27.6985,27.6985,27.6985,3.98377,3.9810122528538914,3.986710983383781,3.986555152354948,3.9883822303677867,3.986814809970394,3.984964009851693,3.9880996744484265
234.6,31.83208,-2.92015,27.8553,93.483,27.8553,27.8553,27.8553,27.8553,3.97901,3.9825628847799677,3.9835329948210005,3.980258698245737,3.9815481403913076,3.9804797865075847,3.982768660599116,3.9801445359361654
234.7,31.82264,-2.91893,27.7978,93.481,27.7978,27.7978,27.7978,27.7978,3.97783,3.9745067533372076,3.978064061894809,3.9776839700532634,3.9780980204778613,3.9749017351002847,3.974567034461884,3.978384412736301
234.8,31.85976,-2.90164,27.714,93.478,27.714,27.714,27.714,27.714,3.98247,3.985164944200244,3.9828926112491785,3.984955220927741,3.9806676699842884,3.9829062793867793,3.978323554067079,3.977521966779946
234.9,31.83344,-2.90303,27.6896,93.475,27.6896,27.6896,27.6896,27.6896,3.97918,3.976582040986579,3.978513611722098,3.9840116939831853,3.9797301239862786,3.978923916499299,3.977759386256341,3.9802286595658525
235.0,31.86808,-2.90714,27.8184,93.472,27.8184,27.8184,27.8184,27.8184,3.98351,3.9801718488135034,3.979358406212062,3.986306286989044,3.979554324759607,3.9825332635611623,3.978847752808967,3.983423770111724
235.1,31.8572,-2.8692,27.5362,93.469,27.5362,27.5362,27.5362,27.5362,3.98215,3.983102637695777,3.982417157767104,3.9860216018109784,3.9819074493825055,3.977905378509143,3.9783609146140533,3.9781343349466236
235.2,31.85856,-2.89095,27.7693,93.467,27.7693,27.7693,27.7693,27.7693,3.98232,3.9851473876825225,3.9825699557748084,3.982646297201302,3.9852685048459286,3.97736443379126,3.985187203666543,3.983624366074157
235.3,31.80912,-2.89985,27.6835,93.464,27.6835,27.6835,27.6835,27.6835,3.97614,3.9775826657057007,3.978941236916254,3.9717114340470685,3.977494793327289,3.9753056234781163,3.978101685349819,3.9796582049164915
235.4,31.87072,-2.94136,27.8768,93.461,27.8768,27.8768,27.8768,27.8768,3.98384,3.987141595949285,3.9884283998870433,3.988818399756706,3.987176397667968,3.9821380488073888,3.9870935069320317,3.9868668219620593
235.5,31.84768,-2.88761,27.9059,93.458,27.9059,27.9059,27.9059,27.9059,3.98096,3.98361659234137,3.981299815768005,3.984000488532681,3.979852509173439,3.980055505650427,3.981602124304244,3.979772826724361
235.6,31.83232,-2.85508,27.7444,93.456,27.7444,27.7444,27.7444,27.7444,3.97904,3.9789833923707514,3.9742288807720727,3.9828194369045407,3.9787050645145228,3.974335056661786,3.9809560053303628,3.982814879678388
235.7,31.8444,-2.90282,27.7211,93.453,27.7211,27.7211,27.7211,27.7211,3.98055,3.981730585065441,3.9809873787238987,3.980320056341526,3.976080122376208,3.9848581356624106,3.9819285260352224,3.977633740340894
235.8,31.79808,-2.91216,27.7476,93.45,27.7476,27.7476,27.7476,27.7476,3.97476,3.970513959349743,3.9713961693893336,3.9750251524124685,3.973179939353705,3.977633570305799,3.979752805313913,3.97583249100135
100.3,32.16272,-2.88416,27.0633,97.214,27.0633,27.0633,27.0633,27.0633,4.02034,4.022099416278526,4.019900461530037,4.019500536317974,4.019073117983458,4.023032847111566,4.022041525686343,4.019384546818856
235.9,31.85024,-2.89755,27.7067,93.447,27.7067,27.7067,27.7067,27.7067,3.98128,3.9833935600906765,3.983977751033003,3.977042344745678,3.9839635832838,3.9774953479718227,3.977446995117119,3.9822556164986462
236.0,31.81552,-2.92147,27.6968,93.444,27.6968,27.6968,27.6968,27.6968,3.97694,3.974743588339234,3.9782341973932467,3.9785481416113955,3.976953259294913,3.9805756764841913,3.9788559599972255,3.9740727465418604
236.1,31.80752,-2.89307,27.759,93.442,27.759,27.759,27.759,27.759,3.97594,3.973203194374528,3.97155658811245,3.9779208394951424,3.9779559783478677,3.977254040017829,3.9745307687220115,3.9751540893635835
236.2,31.8032,-2.8775,27.7829,93.439,27.7829,27.7829,27.7829,27.7829,3.9754,3.978361324402501,3.971807142941257,3.9752960990394612,3.976613643181199,3.973347994038075,3.976268809473667,3.9723913362838044
236.3,31.86616,-2.91006,27.7539,93.436,27.7539,27.7539,27.7539,27.7539,3.98327,3.9804099448090122,3.987992580241734,3.9854389060840427,3.9865641939997434,3.986514150828531,3.982738222525288,3.979633943768345
236.4,31.82416,-2.90958,27.7638,93.433,27.7638,27.7638,27.7638,27.7638,3.97802,3.980181646780725,3.982562234748492,3.973432226711284,3.9800483904517043,3.975380880378186,3.973274397851403,3.974612324966411
236.5,31.87584,-2.9012,27.7089,93.431,27.7089,27.7089,27.7089,27.7089,3.98448,3.983651129452836,3.981530906656005,3.982397893332249,3.9887860861790356,3.9805063737212607,3.979597137131929,3.9880759934740007
236.6,31.82592,-2.90752,27.6914,93.428,27.6914,27.6914,27.6914,27.6914,3.97824,3.9771894027136647,3.981557226959856,3.9743752805440193,3.9807581503034624,3.979126797985832,3.9748003144939696,3.975421570855879
236.7,31.79752,-2.92268,27.6913,93.425,27.6913,27.6913,27.6913,27.6913,3.97469,3.976594421925978,3.975220368003687,3.973252563062303,3.9750233815663734,3.974084218300212,3.9721629745707348,3.976540390531438
236.8,31.81152,-2.90578,27.7947,93.422,27.7947,27.7947,27.7947,27.7947,3.97644,3.976681024255748,3.976626498691447,3.9752915759494973,3.977017934292551,3.971739846124669,3.9772164808878476,3.9791194517866506
236.9,31.86768,-2.90881,27.7536,93.419,27.7536,27.7536,27.7536,27.7536,3.98346,3.97989615920001,3.9837872840333186,3.9802151025613495,3.9785275515051355,3.9821539643312107,3.9819827483476025,3.982354353600782
237.0,31.83408,-2.8795,27.7614,93.417,27.7614,27.7614,27.7614,27.7614,3.97926,3.97985384721236,3.978119948431853,3.9770782801408613,3.9795213004640755,3.9743385001735496,3.9756520985510733,3.9786555170400577
237.1,31.8244,-2.88267,27.7703,93.414,27.7703,27.7703,27.7703,27.7703,3.97805,3.978027266978888,3.978831635151416,3.9745112025659872,3.9773989686389983,3.9749376452592156,3.976684890753383,3.977721370063121
237.2,31.84112,-2.87904,27.7468,93.411,27.7468,27.7468,27.7468,27.7468,3.98014,3.984637363310067,3.9840313166331307,3.9793658151503917,3.978499933252121,3.9782532937017643,3.97590546866536,3.983338428353279
237.3,31.84912,-2.88797,27.7573,93.408,27.7573,27.7573,27.7573,27.7573,3.98114,3.9855675148785945,3.9813644350785893,3.980512410557791,3.9813147118697043,3.979916695305938,3.9792640237499692,3.9848992375164993
237.4,31.86368,-2.89691,27.829,93.406,27.829,27.829,27.829,27.829,3.98296,3.9876214789375735,3.9837091897976484,3.979726997064739,3.986481152680079,3.983796072486339,3.9823517747424773,3.9855989972306483
237.5,31.87136,-2.91312,27.7984,93.403,27.7984,27.7984,27.7984,27.7984,3.98392,3.985581282911227,3.982559911795918,3.9793174842271335,3.9809584986388917,3.981249060238011,3.9878664668598747,3.987832078246052
237.6,31.82768,-2.88011,27.7419,93.4,27.7419,27.7419,27.7419,27.7419,3.97846,3.9756380071661255,3.9808578269612362,3.9768411048545262,3.975046110333604,3.978994114060672,3.9832153760571662,3.979582584684302
237.7,31.80424,-2.89478,27.7244,93.397,27.7244,27.7244,27.7244,27.7244,3.97553,3.977570348568628,3.9707414513002566,3.9741748276087256,3.979609222204754,3.971158368073629,3.973665165451848,3.9804688292122243
237.8,31.82592,-2.91872,27.8148,93.394,27.8148,27.8148,27.8148,27.8148,3.97824,3.9778808180347145,3.9744043347885136,3.981713296300598,3.974129201643403,3.979187987405916,3.977905977322328,3.983216343567272
237.9,31.84184,-2.91371,27.7737,93.392,27.7737,27.7737,27.7737,27.7737,3.98023,3.9793487283709195,3.9814338366163082,3.9800067706971114,3.976852609209896,3.976102570460659,3.985155546739837,3.978525355840553
238.0,31.81224,-2.91896,27.7357,93.389,27.7357,27.7357,27.7357,27.7357,3.97653,3.980381734951987,3.972773287579864,3.977820525565589,3.98027594323702,3.9782982569790057,3.9765024324211153,3.98064581181085
238.1,31.81216,-2.93078,27.6772,93.386,27.6772,27.6772,27.6772,27.6772,3.97652,3.9780431162906718,3.9732025404839373,3.9741832505830765,3.98083088320514,3.978709683574924,3.977678396112175,3.975209304856185
238.2,31.84312,-2.89417,27.8568,93.383,27.8568,27.8568,27.8568,27.8568,3.98039,3.982127857292534,3.980752260786794,3.976312688878835,3.9834557045914374,3.9766213360013882,3.981491940706816,3.982040882280953
238.3,31.83352,-2.91857,27.688,93.381,27.688,27.688,27.688,27.688,3.97919,3.9827718220113026,3.97485365621309,3.982969191953849,3.976810074899911,3.974584040886487,3.983698953976695,3.983349172272095
100.4,32.19472,-2.90888,27.1666,97.211,27.1666,27.1666,27.1666,27.1666,4.02434,4.0198971490679725,4.021698267968416,4.025719302242729,4.028961351468363,4.02545150693447,4.025953638060802,4.025574774555531
238.4,31.8352,-2.91134,27.7732,93.378,27.7732,27.7732,27.7732,27.7732,3.9794,3.9802152285522827,3.9799132956247436,3.9763552792158614,3.9795446402722043,3.976076522527882,3.978914328494522,3.975749182029814
238.5,31.816,-2.89942,27.8661,93.375,27.8661,27.8661,27.8661,27.8661,3.977,3.980933970482808,3.977689750493581,3.974000037670956,3.9778779060584535,3.9744553331226613,3.9750977862147985,3.9742836220660775
238.6,31.8284,-2.90282,27.7366,93.372,27.7366,27.7366,27.7366,27.7366,3.97855,3.9785492738156174,3.982928777622646,3.9744303784713253,3.9777576904674525,3.978972797321867,3.979792853145746,3.976128759274169
238.7,31.81152,-2.9107,27.7548,93.369,27.7548,27.7548,27.7548,27.7548,3.97644,3.9770947791175937,3.9768011891496844,3.9788824909576483,3.9767251677186826,3.973241920716833,3.975005508057965,3.9776152571611565
238.8,31.8548,-2.87722,27.8093,93.367,27.8093,27.8093,27.8093,27.8093,3.98185,3.978424145232659,3.9811858247477323,3.9782660075646437,3.9789117946080417,3.9848929663212576,3.9826094851952525,3.98554191289387
238.9,31.85808,-2.9229,27.687,93.364,27.687,27.687,27.687,27.687,3.98226,3.9835267533311742,3.9826364096303086,3.9821008101303024,3.9775738938900336,3.977745406111148,3.9816578512478658,3.9784419703450697
239.0,31.78864,-2.92225,27.6588,93.361,27.6588,27.6588,27.6588,27.6588,3.97358,3.9704382722904903,3.9777789914349513,3.9752450701767024,3.971209432469918,3.9717393618746004,3.970272979885234,3.977015445020538
239.1,31.8104,-2.89313,27.7381,93.358,27.7381,27.7381,27.7381,27.7381,3.9763,3.9804506835981828,3.976831518104102,3.973260035242572,3.974562551381205,3.97955197633787,3.9804471567290394,3.973391981850677
239.2,31.79656,-2.90939,27.7648,93.356,27.7648,27.7648,27.7648,27.7648,3.97457,3.9744629567869354,3.971570243402661,3.970266523720198,3.9772894888376173,3.9786696046609937,3.9745068428474535,3.978426856069343
239.3,31.81664,-2.90998,27.7646,93.353,27.7646,27.7646,27.7646,27.7646,3.97708,3.9733092583164704,3.974586388600424,3.9756130873084192,3.978972481017711,3.9806843708091573,3.9737569173716203,3.979794414361554
239.4,31.83,-2.91619,27.846,93.35,27.846,27.846,27.846,27.846,3.97875,3.9795633917822517,3.9752787762784263,3.9755777984379455,3.978867495148289,3.9807683091336528,3.981962391946684,3.9755883610181724
239.5,31.79696,-2.89493,27.7047,93.347,27.7047,27.7047,27.7047,27.7047,3.97462,3.9772482874308843,3.976806151998652,3.9756735423429297,3.976794685709481,3.9750506680804416,3.9763264430123386,3.975290435052622
239.6,31.80936,-2.89662,27.7533,93.344,27.7533,27.7533,27.7533,27.7533,3.97617,3.9772939522385533,3.9754646240173805,3.979044146716349,3.9806931814349333,3.9737791014619934,3.975484042790604,3.9756838370635914
239.7,31.8072,-2.89821,27.8529,93.342,27.8529,27.8529,27.8529,27.8529,3.9759,3.9765686174579704,3.973819232293822,3.9799187147331394,3.9793983690129555,3.9783360543285244,3.978552548305354,3.9738484730587094
239.8,31.836,-2.90874,27.7462,93.339,27.7462,27.7462,27.7462,27.7462,3.9795,3.9792924066246624,3.9765085968958056,3.980491923033301,3.983510510508052,3.975773044382498,3.983823445113518,3.976611452327901
239.9,31.83248,-2.91127,27.8826,93.336,27.8826,27.8826,27.8826,27.8826,3.97906,3.9791453532360768,3.9798678805445498,3.974889675825904,3.9803948334893486,3.982021966341699,3.9778703959131483,3.9830718590803027
240.0,31.8132,-2.90245,27.7498,93.333,27.7498,27.7498,27.7498,27.7498,3.97665,3.97414532445082,3.973750937345174,3.977801484717378,3.975396480029945,3.979446719369696,3.9726869023682267,3.977247290189433
240.1,31.83456,-2.8855,27.7227,93.331,27.7227,27.7227,27.7227,27.7227,3.97932,3.978109606369899,3.9786356969743717,3.982868788368928,3.9758831565187593,3.981425131322081,3.9808655487548243,3.9762775923447378
240.2,31.81696,-2.87648,27.7625,93.328,27.7625,27.7625,27.7625,27.7625,3.97712,3.973542128283903,3.9793867815279764,3.9769643674616972,3.9799463572311673,3.9749032614162756,3.976506146137915,3.97314122403036
240.3,31.82328,-2.88333,27.7809,93.325,27.7809,27.7809,27.7809,27.7809,3.97791,3.973490677916065,3.9757106357482574,3.981923116349612,3.9814343962840373,3.9779823238871237,3.9731398684983805,3.976537984685002
240.4,31.86976,-2.89241,27.7411,93.322,27.7411,27.7411,27.7411,27.7411,3.98372,3.985506167246882,3.9800313488631653,3.9822263671539266,3.985694474469597,3.979707993250982,3.983237282889307,3.9883517086921705
240.5,31.86152,-2.88527,27.7902,93.319,27.7902,27.7902,27.7902,27.7902,3.98269,3.978027310461207,3.986390016602884,3.983523653953052,3.9825125695286467,3.9782274904415638,3.9853185260428714,3.982679260038569
240.6,31.79792,-2.91773,27.7578,93.317,27.7578,27.7578,27.7578,27.7578,3.97474,3.971061600502467,3.969803414205885,3.9774600668749995,3.97747583836149,3.978724589884679,3.9746878937904615,3.9795659243581643
240.7,31.8488,-2.91071,27.8434,93.314,27.8434,27.8434,27.8434,27.8434,3.9811,3.978959566935242,3.982966740993807,3.983446989330515,3.978679500847733,3.9772898883848815,3.985144772881704,3.977700645306804
240.8,31.84808,-2.89213,27.7982,93.311,27.7982,27.7982,27.7982,27.7982,3.98101,3.985637577654658,3.98089202138139,3.979447780036463,3.980718453378837,3.9815257608318686,3.9854196038707648,3.977028726136951
240.9,31.8008,-2.90177,27.7689,93.308,27.7689,27.7689,27.7689,27.7689,3.9751,3.972082745591556,3.9729669026308216,3.9725042252900673,3.977411615324645,3.9783357282516274,3.979241088031376,3.9800203305651918
241.0,31.84776,-2.89494,27.7497,93.306,27.7497,27.7497,27.7497,27.7497,3.98097,3.9800716484599,3.9813386089770546,3.98400173007994,3.978919080345631,3.9822094939601986,3.9843636105271583,3.9770441531725655
241.1,31.8648,-2.88531,27.8174,93.303,27.8174,27.8174,27.8174,27.8174,3.9831,3.9837355450607994,3.9840673879926825,3.9873548316415386,3.9867705813340897,3.984480803305285,3.981001331045442,3.9834815856292947
241.2,31.80072,-2.88764,27.7716,93.3,27.7716,27.7716,27.7716,27.7716,3.97509,3.9760728811717336,3.977425144368586,3.9718283156226537,3.974340768574239,3.974677948106145,3.9752208265570173,3.975252104563858
241.3,31.80544,-2.91636,27.743,93.297,27.743,27.743,27.743,27.743,3.97568,3.9740031732436867,3.9708020121749934,3.9770258852475515,3.9737456732124077,3.9779708037930273,3.9753454550724587,3.9771946413205277
241.4,31.8516,-2.89982,27.7273,93.294,27.7273,27.7273,27.7273,27.7273,3.98145,3.982298795849758,3.9767039464777527,3.9833141594780184,3.9768264504411492,3.9805684667455647,3.985657327034454,3.9777483586550515
241.5,31.83344,-2.91381,27.8131,93.292,27.8131,27.8131,27.8131,27.8131,3.97918,3.979049382108438,3.9751431390964087,3.9760547827632706,3.9775580463256452,3.9797589793293784,3.9813233818676887,3.979023488351761
241.6,31.83992,-2.91166,27.7433,93.289,27.7433,27.7433,27.7433,27.7433,3.97999,3.9808472807825734,3.9823270959847568,3.980198257330879,3.9752077212087085,3.9763010312475244,3.984633448790693,3.9787423854600132
241.7,31.83464,-2.92566,27.7541,93.286,27.7541,27.7541,27.7541,27.7541,3.97933,3.9743339497036647,3.981403385726623,3.975673090565431,3.9791778766403882,3.983975450866332,3.9808322133404492,3.975916943770162
241.8,31.8356,-2.898,27.8058,93.283,27.8058,27.8058,27.8058,27.8058,3.97945,3.97506254279242,3.9821306842674247,3.980369892808486,3.976131661885007,3.9813809013683157,3.9808536644742047,3.975518106445463
241.9,31.79416,-2.92677,27.8373,93.281,27.8373,27.8373,27.8373,27.8373,3.97427,3.9705916431934876,3.97087534781164,3.978397437343737,3.9780967505773903,3.9745778209653615,3.975039918129868,3.97192240081638
242.0,31.85088,-2.89409,27.8093,93.278,27.8093,27.8093,27.8093,27.8093,3.98136,3.978015864509817,3.985651247570847,3.9808775686065685,3.9807630414849267,3.981138425899537,3.983681970105991,3.9824125499366216
242.1,31.8536,-2.87962,27.8252,93.275,27.8252,27.8252,27.8252,27.8252,3.9817,3.9783601732613096,3.9866146904799575,3.9799419757394876,3.9837912425926016,3.9771201141853747,3.98334811940173,3.9768398412721253
242.2,31.81976,-2.89204,27.8171,93.272,27.8171,27.8171,27.8171,27.8171,3.97747,3.9755571391927544,3.9729058222139724,3.974362409350858,3.9777259319670497,3.975012167808484,3.9778414810735594,3.9795093749834596
242.3,31.824,-2.89922,27.7755,93.269,27.7755,27.7755,27.7755,27.7755,3.978,3.975268260176541,3.9781453648581793,3.9746412176904604,3.9820354855006475,3.974031044614764,3.9737009809674255,3.9789295068091377
242.4,31.788,-2.87698,27.7992,93.267,27.7992,27.7992,27.7992,27.7992,3.9735,3.9689546354950225,3.970677492999125,3.9717917833661387,3.9696596822445147,3.9713980919295575,3.973959552235308,3.975699059866485
242.5,31.83688,-2.89509,27.8855,93.264,27.8855,27.8855,27.8855,27.8855,3.97961,3.979482286023172,3.98442245671467,3.9752676079134073,3.982826411041991,3.9801159382997824,3.9814052496626786,3.9843397644320633
242.6,31.838,-2.91294,27.7647,93.261,27.7647,27.7647,27.7647,27.7647,3.97975,3.979621968789635,3.9764467864379345,3.9791144407405246,3.981044567063471,3.975684404522337,3.9764837374260327,3.9787691625894133
242.7,31.82256,-2.89812,27.7114,93.258,27.7114,27.7114,27.7114,27.7114,3.97782,3.9768123560630704,3.9795930701679136,3.9813523593526807,3.978228336651282,3.9729382969003275,3.9761537447266844,3.977254257809998
242.8,31.8508,-2.8706,27.6258,93.256,27.6258,27.6258,27.6258,27.6258,3.98135,3.9798518594633796,3.976867463093789,3.981060204107438,3.979340655208018,3.985176338516053,3.981433887970275,3.98330051934956
242.9,31.81552,-2.91639,27.894,93.253,27.894,27.894,27.894,27.894,3.97694,3.9742471800003183,3.97410717794391,3.9723191059289165,3.9770897674262047,3.9804941671341068,3.9787418726768324,3.9764061170280844
100.5,32.18712,-2.89368,27.0138,97.208,27.0138,27.0138,27.0138,27.0138,4.02339,4.023163989256812,4.020621963813036,4.02717656967566,4.0237793502942125,4.02139116971325,4.0245371513334245,4.0211908652008965
243.0,31.83688,-2.9207,27.8972,93.25,27.8972,27.8972,27.8972,27.8972,3.97961,3.9767542702884384,3.9782972081491734,3.9835102408084793,3.9825224040546066,3.9759651483053515,3.9779509001942506,3.9839261409977613
243.1,31.79864,-2.89078,27.7194,93.247,27.7194,27.7194,27.7194,27.7194,3.97483,3.9763211559058287,3.9731589761973143,3.9786258749124164,3.9787117192749726,3.970842620296975,3.9731802442264863,3.978550264027495
243.2,31.82232,-2.90336,27.8565,93.244,27.8565,27.8565,27.8565,27.8565,3.97779,3.980479632664949,3.9791769892189928,3.9799831745508896,3.9793332960535337,3.9749463368400417,3.976299633654756,3.978785085705996
243.3,31.8184,-2.90798,27.8418,93.242,27.8418,27.8418,27.8418,27.8418,3.9773,3.9731973005692667,3.9794932140325914,3.9806863772478605,3.9764953454045844,3.9754859179584257,3.974534301474501,3.9803278662052657
243.4,31.82776,-2.91889,27.8188,93.239,27.8188,27.8188,27.8188,27.8188,3.97847,3.9825212194214843,3.9834065841150754,3.97608085329371,3.982287034558043,3.976881202359805,3.982645447116371,3.9810227763406068
243.5,31.81328,-2.92925,27.811,93.236,27.811,27.811,27.811,27.811,3.97666,3.9789879718413195,3.981336297277439,3.9753966384015786,3.9790748321895792,3.9757193185461164,3.980049800100423,3.9777914651839823
243.6,31.81872,-2.92185,27.7366,93.233,27.7366,27.7366,27.7366,27.7366,3.97734,3.9760652421301943,3.9739356668455765,3.981523927681236,3.9766345827743996,3.9741704146205117,3.9760005447162494,3.9752627102923817
243.7,31.84144,-2.87578,27.7895,93.231,27.7895,27.7895,27.7895,27.7895,3.98018,3.975930885562396,3.976775926225411,3.980346404476289,3.9761431000226195,3.9764149077286355,3.9806149311906736,3.9799099324989236
243.8,31.81096,-2.90013,27.8031,93.228,27.8031,27.8031,27.8031,27.8031,3.97637,3.971492934267557,3.97548754945147,3.9738618588155408,3.9784194242818023,3.977173085169366,3.9729279845670487,3.977634885578392
243.9,31.78264,-2.92944,27.7869,93.225,27.7869,27.7869,27.7869,27.7869,3.97283,3.9706979700064022,3.970844844855157,3.9716378995464745,3.9734750302958703,3.9753292586778715,3.974015295922627,3.9691286720270638
244.0,31.86288,-2.88224,27.7799,93.222,27.7799,27.7799,27.7799,27.7799,3.98286,3.981713012603701,3.979810075546428,3.983592382668383,3.983755096594888,3.9783857839749075,3.9795458208611545,3.985855582031537
244.1,31.85384,-2.88148,27.8617,93.219,27.8617,27.8617,27.8617,27.8617,3.98173,3.9770453330928754,3.979294580734731,3.982290872724488,3.9802349121038505,3.9812902087968736,3.9860778513516615,3.9823284801585332
244.2,31.78944,-2.88156,27.8451,93.217,27.8451,27.8451,27.8451,27.8451,3.97368,3.9702699088275395,3.9765044573736086,3.975284595006215,3.9694294165013337,3.97620605477204,3.9742192353931043,3.9700380524132144
244.3,31.83672,-2.90634,27.8371,93.214,27.8371,27.8371,27.8371,27.8371,3.97959,3.978255177676217,3.9797164862676393,3.975801776834293,3.9761387176394436,3.9790625675313103,3.9764080539960576,3.976229753997642
244.4,31.80792,-2.90403,27.8411,93.211,27.8411,27.8411,27.8411,27.8411,3.97599,3.975716601519883,3.9712074979284444,3.974521936698685,3.9735259190754277,3.979513304715252,3.9721775840032696,3.974182313952835
244.5,31.82608,-2.89794,27.7994,93.208,27.7994,27.7994,27.7994,27.7994,3.97826,3.9748191205401633,3.9790195247250093,3.975604363265473,3.9826600945792543,3.9816433463293635,3.9806667411727723,3.9754072892169487
244.6,31.82656,-2.87898,27.8561,93.206,27.8561,27.8561,27.8561,27.8561,3.97832,3.9790859940718923,3.9759537064145873,3.981048048050524,3.9799377292227014,3.9822015806623092,3.9814918294696695,3.9747423668976416
244.7,31.8136,-2.90832,27.7147,93.203,27.7147,27.7147,27.7147,27.7147,3.9767,3.974630300776091,3.974402733057979,3.97958305819428,3.981244065966682,3.97212595651472,3.9807837184519155,3.972029192022277
244.8,31.80016,-2.91132,27.7913,93.2,27.7913,27.7913,27.7913,27.7913,3.97502,3.979274978728256,3.973225842584412,3.9797455521369183,3.971482665241949,3.97923643419578,3.979776716066255,3.973600548206821
244.9,31.80216,-2.88956,27.83,93.197,27.83,27.83,27.83,27.83,3.97527,3.9795257772711152,3.9789122254493745,3.97578477142573,3.978196540583967,3.972270150131342,3.9726108272355294,3.9706090180603795
245.0,31.79656,-2.88186,27.8207,93.194,27.8207,27.8207,27.8207,27.8207,3.97457,3.9721560784934713,3.976884874420927,3.9710012536516768,3.9750471132733147,3.975724148502417,3.9776653254168655,3.976301992487373
245.1,31.79832,-2.90079,27.811,93.192,27.811,27.811,27.811,27.811,3.97479,3.972683409001858,3.978090162759794,3.9793548987484195,3.9709035422651238,3.9775901036191197,3.9762981247721685,3.9732797257693035
245.2,31.8164,-2.88994,27.8446,93.189,27.8446,27.8446,27.8446,27.8446,3.97705,3.9748689832601203,3.9723747775944993,3.9762655917498932,3.972707946110855,3.9780543673331756,3.9737264269523385,3.9732785834762843
245.3,31.80064,-2.89831,27.876,93.186,27.876,27.876,27.876,27.876,3.97508,3.9786026713717617,3.972651655915046,3.9785079043028895,3.9705573349666574,3.977208676796194,3.974372613002314,3.9738113975749525
245.4,31.83392,-2.90377,27.7262,93.183,27.7262,27.7262,27.7262,27.7262,3.97924,3.983336583186971,3.9787164748750925,3.979733418957864,3.982247023873213,3.9764884046921343,3.97563018308596,3.983336525965805
100.6,32.19896,-2.88238,27.0444,97.206,27.0444,27.0444,27.0444,27.0444,4.02487,4.026059202992315,4.022658670196578,4.0200009626972095,4.026082629636431,4.02229576626578,4.028202545836747,4.028073631422949
245.5,31.85304,-2.91244,27.8085,93.181,27.8085,27.8085,27.8085,27.8085,3.98163,3.9805362742944133,3.9784438981358123,3.9786498207687333,3.980541496641727,3.9855049844109294,3.9851597204527778,3.9841474663626237
245.6,31.80312,-2.91731,27.7476,93.178,27.7476,27.7476,27.7476,27.7476,3.97539,3.9788948038928087,3.9752884278955465,3.977266545491803,3.9756722823906956,3.97173324752227,3.976286226094362,3.9773080072812728
245.7,31.82256,-2.90922,27.8556,93.175,27.8556,27.8556,27.8556,27.8556,3.97782,3.975127376060518,3.9732795744223366,3.9732774770526875,3.9742231835238813,3.9824687702457413,3.9768175772106336,3.981394415807744
245.8,31.82856,-2.91464,27.8353,93.172,27.8353,27.8353,27.8353,27.8353,3.97857,3.9749645885444855,3.982210171277632,3.98272606650779,3.9828163563878034,3.9750517371851304,3.978220598198666,3.9788982990596224
245.9,31.82768,-2.89575,27.7342,93.169,27.7342,27.7342,27.7342,27.7342,3.97846,3.9809542369358093,3.9820337955683716,3.9753367227760252,3.9785423529183284,3.983025081076205,3.9812763767962203,3.9782306158574317
246.0,31.81792,-2.88174,27.7925,93.167,27.7925,27.7925,27.7925,27.7925,3.97724,3.979216353965508,3.972791785108086,3.9743004849417636,3.9800298263767173,3.9753313177908205,3.980028371129019,3.9795538804243
246.1,31.83368,-2.89694,27.7033,93.164,27.7033,27.7033,27.7033,27.7033,3.97921,3.9778123440593367,3.9782702767155835,3.978355821402355,3.974623736547955,3.9800546461908732,3.9833244289653438,3.983523549198301
246.2,31.8272,-2.91381,27.8508,93.161,27.8508,27.8508,27.8508,27.8508,3.9784,3.9831568281050003,3.979727460553469,3.98150459246104,3.976122069797798,3.9816584234577608,3.9782595903924536,3.9795656340558656
246.3,31.78568,-2.88717,27.7622,93.158,27.7622,27.7622,27.7622,27.7622,3.97321,3.972620441675191,3.9738364011676968,3.9759778851199314,3.9695047514710002,3.969518404846646,3.9701413702993253,3.9753612259218754
246.4,31.836,-2.89555,27.727,93.156,27.727,27.727,27.727,27.727,3.9795,3.9774537681309248,3.981179641377537,3.976004637686425,3.9754401369432157,3.980203034870283,3.9836397186132997,3.9800925266579563
246.5,31.83624,-2.89258,27.7745,93.153,27.7745,27.7745,27.7745,27.7745,3.97953,3.979190186241767,3.9826415400090327,3.978761623487642,3.9844122105594213,3.977378590979389,3.982259853506512,3.982383477871839
246.6,31.7964,-2.90779,27.8308,93.15,27.8308,27.8308,27.8308,27.8308,3.97455,3.9717312079694804,3.9774437864134593,3.974191333730062,3.9751917321685815,3.97899675051302,3.9760427670979963,3.973884714110122
246.7,31.81536,-2.883,27.8135,93.147,27.8135,27.8135,27.8135,27.8135,3.97692,3.9793396347899757,3.9815770745640986,3.9756379827876054,3.977848052780213,3.9758647529052658,3.9803105996146217,3.9797483279529975
246.8,31.83056,-2.88308,27.7674,93.144,27.7674,27.7674,27.7674,27.7674,3.97882,3.9742450714300537,3.983598347175194,3.9808104162859403,3.976164949828026,3.9800858256891756,3.9745168611486292,3.975014061299123
246.9,31.80896,-2.90276,27.7909,93.142,27.7909,27.7909,27.7909,27.7909,3.97612,3.980272728364325,3.979590119276064,3.974667356289492,3.9785329337267155,3.9731364910826317,3.9774333776374626,3.97455338966282
247.0,31.83944,-2.88922,27.7802,93.139,27.7802,27.7802,27.7802,27.7802,3.97993,3.984129913786482,3.9829466956973496,3.982345887160039,3.9764563168598337,3.9841575924625396,3.9754345001998654,3.980380789643746
247.1,31.87024,-2.88348,27.7421,93.136,27.7421,27.7421,27.7421,27.7421,3.98378,3.9853982768462344,3.9802375193169097,3.9869357828632497,3.9798417933141073,3.987243486048989,3.9886785559687983,3.9859623995700404
247.2,31.7944,-2.90698,27.6867,93.133,27.6867,27.6867,27.6867,27.6867,3.9743,3.9733186938922205,3.9704962635987995,3.9734290625854785,3.9710410171354895,3.971115115456549,3.9709693344595385,3.9751425100186664
247.3,31.77984,-2.90122,27.7988,93.131,27.7988,27.7988,27.7988,27.7988,3.97248,3.9750405155971467,3.976370707690296,3.9717307057694655,3.9709209921117865,3.974820670776038,3.9719853993342906,3.977296558129875
247.4,31.82008,-2.8988,27.8347,93.128,27.8347,27.8347,27.8347,27.8347,3.97751,3.9769193293232608,3.9741966133324986,3.9746658522657743,3.977770393690473,3.9730993201827207,3.9767326545566006,3.9804162961715934
247.5,31.82984,-2.91647,27.7992,93.125,27.7992,27.7992,27.7992,27.7992,3.97873,3.9797518101381777,3.980166207542572,3.978426360214976,3.977756641320663,3.9826049020745904,3.981478978689558,3.98139133165184
100.7,32.19248,-2.90509,27.0712,97.203,27.0712,27.0712,27.0712,27.0712,4.02406,4.027707902656691,4.021926422193587,4.022872035996139,4.02614352349861,4.028311039871146,4.022185068104112,4.020133073234676
247.6,31.80672,-2.89338,27.9236,93.122,27.9236,27.9236,27.9236,27.9236,3.97584,3.973327164649691,3.9772059491718714,3.973825464688402,3.974871125165293,3.9784381207620667,3.9747644549794634,3.978643469762971
247.7,31.84688,-2.88466,27.7653,93.119,27.7653,27.7653,27.7653,27.7653,3.98086,3.9829722443237987,3.983974057006527,3.9783387141960884,3.977467760903776,3.9774441277622223,3.9828550699115217,3.9792146502429397
247.8,31.77968,-2.90216,27.799,93.117,27.799,27.799,27.799,27.799,3.97246,3.9770812631208488,3.9767154370775954,3.9718366931195845,3.973407545152193,3.9690052762476404,3.977425124835311,3.977024877864014
247.9,31.82816,-2.8949,27.8312,93.114,27.8312,27.8312,27.8312,27.8312,3.97852,3.9797384301996708,3.9753644264134076,3.9794551629770507,3.9737187865466663,3.974121611003886,3.9819108688866023,3.975662391431536
248.0,31.7968,-2.87902,27.829,93.111,27.829,27.829,27.829,27.829,3.9746,3.9743149882150672,3.9780771525523675,3.9719961462555307,3.979130814386141,3.97399752043337,3.978376864193942,3.976996449274504
248.1,31.85232,-2.90608,27.7876,93.108,27.7876,27.7876,27.7876,27.7876,3.98154,3.9766563706877736,3.98351382244442,3.9801984170718967,3.9784346982816245,3.980676963952952,3.980301243207455,3.981514789558084
248.2,31.85864,-2.8946,27.8002,93.106,27.8002,27.8002,27.8002,27.8002,3.98233,3.981568310357157,3.980889939385425,3.981775851350795,3.983112335360962,3.977711702286113,3.981893246376773,3.9808824987369915
248.3,31.79224,-2.90855,27.799,93.103,27.799,27.799,27.799,27.799,3.97403,3.974697481319953,3.970192887799037,3.9690435979429948,3.971814342468412,3.97115986014154,3.973353578698631,3.9728640872086944
248.4,31.7972,-2.90896,27.8454,93.1,27.8454,27.8454,27.8454,27.8454,3.97465,3.974004484076753,3.9705688107881882,3.9747046868696176,3.9770319076168112,3.9743198199192467,3.9783049976850493,3.9739877847161647
248.5,31.83072,-2.89487,27.7632,93.097,27.7632,27.7632,27.7632,27.7632,3.97884,3.982023984079962,3.980745289660172,3.9823733273137147,3.9803785631839124,3.983601458547874,3.9787575682927283,3.977517275329839
248.6,31.80056,-2.89638,27.6594,93.094,27.6594,27.6594,27.6594,27.6594,3.97507,3.9712295401524034,3.974226115988169,3.971749615620854,3.970630389378,3.97043052513371,3.979847413056923,3.972170283033291
248.7,31.80856,-2.89167,27.7853,93.092,27.7853,27.7853,27.7853,27.7853,3.97607,3.974362435735142,3.9749815632600636,3.972364156254999,3.9740248521144994,3.9741592208034593,3.9806066611569295,3.9792223803083773
248.8,31.81,-2.89886,27.9076,93.089,27.9076,27.9076,27.9076,27.9076,3.97625,3.9759879240054654,3.974846725009178,3.9724171986940973,3.9762207599826698,3.9774816592957025,3.9793328283973217,3.978898449053758
248.9,31.76312,-2.89302,27.8549,93.086,27.8549,27.8549,27.8549,27.8549,3.97039,3.9699602516646197,3.966443823631514,3.974369460899222,3.9692186804982295,3.9728335500638114,3.9710944522538836,3.9693951950084796
249.0,31.80856,-2.87502,27.7132,93.083,27.7132,27.7132,27.7132,27.7132,3.97607,3.9785173363200244,3.9742207634873203,3.9789430413309996,3.9774395096633275,3.9788477812803023,3.974406627557391,3.9738178145157033
249.1,31.79216,-2.8841,27.8483,93.081,27.8483,27.8483,27.8483,27.8483,3.97402,3.9704980688390057,3.9788410822833504,3.972613098282344,3.9767323366032126,3.9718001526836395,3.973956681767805,3.976345492792806
249.2,31.79664,-2.89492,27.8208,93.078,27.8208,27.8208,27.8208,27.8208,3.97458,3.9794545483861734,3.9709242003977416,3.97252326113571,3.9775799363927247,3.9775248925253313,3.9774122558000973,3.9735892516581175
249.3,31.84288,-2.89243,27.7863,93.075,27.7863,27.7863,27.7863,27.7863,3.98036,3.983008814602518,3.97924515199048,3.9806802398130268,3.979402850980969,3.9755729878213866,3.9793266894204553,3.976676245493078
249.4,31.77784,-2.90448,27.7446,93.072,27.7446,27.7446,27.7446,27.7446,3.97223,3.969619217262563,3.9679841971675445,3.973462431567445,3.970162840860538,3.9695301510978345,3.972747365700261,3.972791769895333
249.5,31.82728,-2.90239,27.7609,93.069,27.7609,27.7609,27.7609,27.7609,3.97841,3.97706418001618,3.980499056838566,3.975859454588337,3.978272091674272,3.983317717833499,3.983379326084874,3.9821065420804476
249.6,31.8008,-2.89261,27.7766,93.067,27.7766,27.7766,27.7766,27.7766,3.9751,3.976422705728913,3.9705728051146334,3.976245496185899,3.970430440502447,3.979462850397036,3.979284762683156,3.9783655010311714
249.7,31.80056,-2.89869,27.9208,93.064,27.9208,27.9208,27.9208,27.9208,3.97507,3.9733368726047207,3.97864988733105,3.973272348184751,3.9763293240764335,3.9730361416536395,3.975088159243015,3.9790606370413575
249.8,31.826,-2.8881,27.8496,93.061,27.8496,27.8496,27.8496,27.8496,3.97825,3.9742848907526462,3.977801789448698,3.9751953733587713,3.976905979505338,3.980390008513988,3.975046288835545,3.9760180508882286
249.9,31.81496,-2.88099,27.7691,93.058,27.7691,27.7691,27.7691,27.7691,3.97687,3.980393261536073,3.97654111588827,3.9731180722613697,3.980201729787446,3.9733880538441166,3.978885542474133,3.972909173317605
250.0,31.82024,-2.90153,27.7796,93.056,27.7796,27.7796,27.7796,27.7796,3.97753,3.9817304720575244,3.981319679582173,3.974140034498028,3.9788226419678008,3.9770268519616914,3.976582592184667,3.974520341182557
250.1,31.82952,-2.93014,27.8104,93.053,27.8104,27.8104,27.8104,27.8104,3.97869,3.978125314896842,3.9824706637373435,3.980296754083969,3.974273970207174,3.9766647533422668,3.979090942171125,3.9827929304586975
100.8,32.20216,-2.92744,26.9769,97.2,26.9769,26.9769,26.9769,26.9769,4.02527,4.022236545590006,4.0299304084524845,4.0261183491862225,4.023587022839992,4.0212951332283655,4.025920081201584,4.022674912767722
250.2,31.79808,-2.86949,27.7871,93.05,27.7871,27.7871,27.7871,27.7871,3.97476,3.9744499031903855,3.9734663607378993,3.976647740385912,3.977923416492883,3.9743000787171696,3.971761653252827,3.976423494892499
250.3,31.79112,-2.90979,27.8145,93.047,27.8145,27.8145,27.8145,27.8145,3.97389,3.976941163025105,3.972086265773119,3.9729766195928438,3.9694685218293597,3.970989191951052,3.978821906030118,3.97018108419901
250.4,31.77952,-2.89707,27.8053,93.044,27.8053,27.8053,27.8053,27.8053,3.97244,3.9678683922153217,3.9698960728704193,3.9744293197390337,3.9755498731136854,3.9674758279029883,3.970877009518019,3.9732492195587428
250.5,31.78552,-2.88909,27.8204,93.042,27.8204,27.8204,27.8204,27.8204,3.97319,3.9731440378075655,3.9689553389363623,3.969303349441231,3.970063106636802,3.974597208117736,3.9751572181900365,3.968624617397647
250.6,31.87584,-2.87887,27.6951,93.039,27.6951,27.6951,27.6951,27.6951,3.98448,3.982199282456177,3.981644698187284,3.9803706113582047,3.982853585335541,3.987244060946958,3.9880391614177717,3.988267700821037
250.7,31.83472,-2.87291,27.8635,93.036,27.8635,27.8635,27.8635,27.8635,3.97934,3.9754034561529155,3.9807810996257738,3.974868279463482,3.9775549176889844,3.9823840952002016,3.9793317359163813,3.981576995817521
250.8,31.77216,-2.90546,27.7824,93.033,27.7824,27.7824,27.7824,27.7824,3.97152,3.9697184864558768,3.9682761267942266,3.9720389099816353,3.9672427786675204,3.96659789780986,3.9678652471716873,3.9699522120749857
250.9,31.77264,-2.88215,27.8709,93.031,27.8709,27.8709,27.8709,27.8709,3.97158,3.96665699264152,3.9729829282285998,3.969366327916253,3.970777823132879,3.9667007000282815,3.9725928634856955,3.9709842803811015
251.0,31.81568,-2.89703,27.9487,93.028,27.9487,27.9487,27.9487,27.9487,3.97696,3.973953964874078,3.9812270527645666,3.9761148769840853,3.980187345214213,3.9735984652442418,3.976039062642073,3.979872409366639
251.1,31.81704,-2.85885,27.7303,93.025,27.7303,27.7303,27.7303,27.7303,3.97713,3.9818261675562807,3.9752189927705497,3.9813913543070956,3.9771517919378323,3.9732067603394206,3.974276565812525,3.975265008954461
251.2,31.8168,-2.88349,27.8238,93.022,27.8238,27.8238,27.8238,27.8238,3.9771,3.9746261882630782,3.9759196809895263,3.972257136460295,3.9802059597535258,3.9805876694778015,3.980791404417828,3.979396982805914
251.3,31.79728,-2.90266,27.7932,93.019,27.7932,27.7932,27.7932,27.7932,3.97466,3.9718170370188464,3.9776325708246847,3.9792596146244104,3.972221400587768,3.975068681520921,3.978728079587896,3.9720334174167506
251.4,31.80016,-2.9119,27.8426,93.017,27.8426,27.8426,27.8426,27.8426,3.97502,3.974660739345975,3.9769952854566943,3.971304942009653,3.9738020762084614,3.976235894828105,3.9785742578595236,3.9711060447627786
251.5,31.8108,-2.9394,27.6929,93.014,27.6929,27.6929,27.6929,27.6929,3.97635,3.9769006654749153,3.9766852115941274,3.9804329754426027,3.9745651165327267,3.972580618389644,3.9765623859338715,3.9780995546360884
251.6,31.8048,-2.88988,27.7983,93.011,27.7983,27.7983,27.7983,27.7983,3.9756,3.9725458845458714,3.9802647304901564,3.9740507584198626,3.976805860370793,3.9786551482843313,3.975224459824193,3.977265616224568
251.7,31.7492,-2.88487,27.7712,93.008,27.7712,27.7712,27.7712,27.7712,3.96865,3.9707175876955922,3.969819963922555,3.9660028606427264,3.96621475204517,3.9671912452431224,3.9678328285370577,3.963751849391246
251.8,31.79672,-2.88882,27.9184,93.006,27.9184,27.9184,27.9184,27.9184,3.97459,3.974762025906073,3.976094192113004,3.971058399761624,3.9770762153166097,3.9790570931407463,3.9784171472280367,3.9747990446803514
251.9,31.78152,-2.9353,27.9328,93.003,27.9328,27.9328,27.9328,27.9328,3.97269,3.9690813098930504,3.9743515679847126,3.9757823826968863,3.967760180751935,3.9706157226555523,3.972518839141218,3.972096384821142
252.0,31.80592,-2.91887,27.8046,93.0,27.8046,27.8046,27.8046,27.8046,3.97574,3.9758033515305393,3.9723442281252703,3.972920133157267,3.9760140591797515,3.9740235594571907,3.9801235776129293,3.972968323386994
252.1,31.87312,-2.89279,27.7534,92.997,27.7534,27.7534,27.7534,27.7534,3.98414,3.986756526056021,3.981998931315003,3.9800472542024194,3.9866747024640317,3.980938996011837,3.98525076139887,3.9880082608453096
252.2,31.81008,-2.87322,27.7724,92.994,27.7724,27.7724,27.7724,27.7724,3.97626,3.9763213595164846,3.978294104862389,3.974074948149485,3.9759096348463676,3.9762254392391725,3.9718068154383217,3.974706444737695
252.3,31.79352,-2.90083,27.8255,92.992,27.8255,27.8255,27.8255,27.8255,3.97419,3.97462448989297,3.978893715171146,3.971150945501302,3.972970045908873,3.9750176915765034,3.9750811541245668,3.9749864696515287
252.4,31.82288,-2.88363,27.7396,92.989,27.7396,27.7396,27.7396,27.7396,3.97786,3.9811543130389495,3.982250642229199,3.9825064305180207,3.97379319203403,3.9776328497110223,3.9812359730468043,3.9788377387646117
100.9,32.16384,-2.90605,26.9744,97.197,26.9744,26.9744,26.9744,26.9744,4.02048,4.017978191573532,4.024278252620312,4.0237364278242564,4.017808810348918,4.023701377130218,4.022404401214371,4.019430050932825
252.5,31.81216,-2.91552,27.8553,92.986,27.8553,27.8553,27.8553,27.8553,3.97652,3.978468208339427,3.973218014432482,3.9717329711994753,3.9728518278640856,3.9766860767728773,3.9765710892108648,3.977488250631534
252.6,31.8104,-2.89689,27.8129,92.983,27.8129,27.8129,27.8129,27.8129,3.9763,3.9728605200551144,3.976676302562282,3.971833313123506,3.9751997454070715,3.9717471470326577,3.9798219990074726,3.976957816505222
252.7,31.81464,-2.90412,27.8465,92.981,27.8465,27.8465,27.8465,27.8465,3.97683,3.9760982582952287,3.9800671477322807,3.9782423390381774,3.9730781066972183,3.9780322963379495,3.9809568576113583,3.98142895859082
252.8,31.8492,-2.88219,27.8493,92.978,27.8493,27.8493,27.8493,27.8493,3.98115,3.9808639229143514,3.9822718600226956,3.9839301344272426,3.977386624968959,3.9825845131567608,3.9805177530446305,3.9833073653632787
252.9,31.77248,-2.9081,27.9088,92.975,27.9088,27.9088,27.9088,27.9088,3.97156,3.9673780292496756,3.975225542791427,3.9739384150098735,3.9702692656658427,3.9730625430133237,3.9670864126960814,3.9746417989463896
253.0,31.81072,-2.87484,27.8647,92.972,27.8647,27.8647,27.8647,27.8647,3.97634,3.9743006265844603,3.9800854281162117,3.9735562722221243,3.978711946146031,3.972095681424574,3.975132974122281,3.971429009025258
253.1,31.77688,-2.90462,27.8446,92.969,27.8446,27.8446,27.8446,27.8446,3.97211,3.973394099760887,3.973266317651926,3.9707764766418,3.9737386096494385,3.967536941694807,3.9703335583769057,3.975182595728148
253.2,31.81224,-2.91605,27.8425,92.967,27.8425,27.8425,27.8425,27.8425,3.97653,3.9730710553295867,3.978845815242983,3.9758937296662933,3.9759500459470973,3.977339900977565,3.975352313446028,3.9762217014851773
253.3,31.77656,-2.91554,27.7093,92.964,27.7093,27.7093,27.7093,27.7093,3.97207,3.975573750500062,3.9716879204247095,3.9762166857026124,3.9673408866960433,3.9709097367827186,3.9768909647296016,3.9728477637227697
253.4,31.7884,-2.90934,27.8393,92.961,27.8393,27.8393,27.8393,27.8393,3.97355,3.9754551159877893,3.969319058743465,3.976125021124698,3.974293294411328,3.9693592664570487,3.9689697648478073,3.9757414419095793
253.5,31.79112,-2.89444,27.8657,92.958,27.8657,27.8657,27.8657,27.8657,3.97389,3.9698826235104,3.971113744975163,3.9745611201310083,3.975468547996969,3.974244259789287,3.971513856865896,3.9708650737668627
253.6,31.82136,-2.90915,27.8222,92.956,27.8222,27.8222,27.8222,27.8222,3.97767,3.9749184264831916,3.9795831613842756,3.977852236981542,3.981254186399112,3.9802619817210814,3.981991781974941,3.975524422066042
253.7,31.81976,-2.91231,27.9298,92.953,27.9298,27.9298,27.9298,27.9298,3.97747,3.9820186754114992,3.977828128723554,3.976347435788458,3.977793946163246,3.9784319044969494,3.9824341374849093,3.9743947506167894
253.8,31.76752,-2.88665,27.7413,92.95,27.7413,27.7413,27.7413,27.7413,3.97094,3.9690929795760055,3.972340561814662,3.9724766920987777,3.9683588332779003,3.969666891715732,3.973295567957527,3.9687936308221796
253.9,31.79856,-2.94817,27.7865,92.947,27.7865,27.7865,27.7865,27.7865,3.97482,3.9760383851530343,3.978247489020348,3.978097587256486,3.9793672931413018,3.9704607765201234,3.9716182961099977,3.970117186406512
254.0,31.77992,-2.90645,27.7932,92.944,27.7932,27.7932,27.7932,27.7932,3.97249,3.9713506489828663,3.9760608626887937,3.9681051775161955,3.9726566335705367,3.9702058436817387,3.977342109864921,3.970689352335186
254.1,31.76656,-2.92001,27.8324,92.942,27.8324,27.8324,27.8324,27.8324,3.97082,3.970669973206655,3.9688669762477224,3.9740382660923954,3.9699672186184145,3.9658932948331085,3.9741610197480166,3.973551145675743
254.2,31.79128,-2.91303,27.7935,92.939,27.7935,27.7935,27.7935,27.7935,3.97391,3.977447555976031,3.9693274630149924,3.9784643036234386,3.9717561827692354,3.971292831952198,3.9778748101187036,3.9721612804519464
254.3,31.78888,-2.89634,27.7584,92.936,27.7584,27.7584,27.7584,27.7584,3.97361,3.977892865907153,3.9758706222610973,3.969700373920684,3.9733306584674595,3.9724225398134947,3.9742583518567685,3.9715308177124817
254.4,31.85424,-2.90308,27.8119,92.933,27.8119,27.8119,27.8119,27.8119,3.98178,3.9805520054553063,3.9791380196434423,3.9836594539126673,3.980144169968406,3.9804192424994596,3.979888271456942,3.977671323055203
254.5,31.80616,-2.90443,27.8946,92.931,27.8946,27.8946,27.8946,27.8946,3.97577,3.9712450001338135,3.9756491675299004,3.980611695490019,3.976147632616374,3.9774313026189976,3.9718027171497146,3.971995142423539
254.6,31.76248,-2.88216,27.8795,92.928,27.8795,27.8795,27.8795,27.8795,3.97031,3.974436991415772,3.9733230963898913,3.974712657174801,3.971152476576279,3.9656884205307503,3.974165501680698,3.971318034199928
254.7,31.78176,-2.9002,27.793,92.925,27.793,27.793,27.793,27.793,3.97272,3.9706977085183524,3.9750970490474318,3.9694677488587837,3.9702054744590027,3.9751389262915326,3.9751216104459215,3.976850145070345
254.8,31.8196,-2.87291,27.8128,92.922,27.8128,27.8128,27.8128,27.8128,3.97745,3.9800675038790327,3.9780950844428897,3.9759878647153735,3.9764084974351577,3.9776831508411767,3.97697822263441,3.980278945335151
254.9,31.84496,-2.88932,27.789,92.919,27.789,27.789,27.789,27.789,3.98062,3.9831009160553053,3.9825608264512073,3.9839176391835585,3.9822018678504816,3.9766490276191777,3.978661503122316,3.9761686071791806
255.0,31.75656,-2.9145,27.7605,92.917,27.7605,27.7605,27.7605,27.7605,3.96957,3.9683338753888826,3.965456932647781,3.97262051356763,3.9689190283871674,3.970144577545229,3.971622870767917,3.9723306567504744
255.1,31.7492,-2.87099,27.8623,92.914,27.8623,27.8623,27.8623,27.8623,3.96865,3.96599221437381,3.9654298349481696,3.9683669667504518,3.9709988137086762,3.972865130702632,3.9697382636663074,3.9733706676678864
255.2,31.83904,-2.89583,27.7602,92.911,27.7602,27.7602,27.7602,27.7602,3.97988,3.977425170727262,3.978093933547151,3.9835899726420356,3.9774390276191647,3.979192339546065,3.980802105482627,3.976962595653886
255.3,31.8032,-2.87192,27.8774,92.908,27.8774,27.8774,27.8774,27.8774,3.9754,3.9741560319877083,3.9760940576297106,3.9706656129864593,3.9738444927066325,3.971453360835106,3.978017668073778,3.976260309639838
101.0,32.20808,-2.89716,27.125,97.194,27.125,27.125,27.125,27.125,4.02601,4.0270450119341845,4.0280841291468406,4.030253978763455,4.0243204072241,4.027474684315432,4.027224638348634,4.027423264914503
255.4,31.7728,-2.90399,27.9472,92.906,27.9472,27.9472,27.9472,27.9472,3.9716,3.975114432102063,3.967458033228225,3.9700440441199474,3.973454921269443,3.970063515582902,3.9699508437382613,3.9680572110510837
255.5,31.80624,-2.89592,27.8611,92.903,27.8611,27.8611,27.8611,27.8611,3.97578,3.9794137289198064,3.973374013906591,3.9771948220980526,3.9737191766878426,3.980224928797071,3.9737904363180663,3.9735273541654297
255.6,31.72992,-2.89352,27.8764,92.9,27.8764,27.8764,27.8764,27.8764,3.96624,3.9678294400621654,3.969614354386566,3.9625401302927807,3.9641463378616177,3.9678616394270656,3.9646275025493427,3.9643539743245704
255.7,31.79304,-2.90252,27.8752,92.897,27.8752,27.8752,27.8752,27.8752,3.97413,3.9789455220071055,3.9749689373119694,3.9717333899439913,3.9733520412627366,3.9770804181697703,3.978054966813488,3.97849037976123
255.8,31.80056,-2.88092,27.8107,92.894,27.8107,27.8107,27.8107,27.8107,3.97507,3.9763973070091594,3.976466551523735,3.97549205558818,3.9780377542491157,3.9722528262612604,3.972244156268947,3.973418213774935
255.9,31.81464,-2.87101,27.8627,92.892,27.8627,27.8627,27.8627,27.8627,3.97683,3.974616907782939,3.98086309558684,3.975762541302713,3.9778150565811194,3.9791429761169566,3.9744676085408366,3.9758147350160264
256.0,31.76784,-2.9344,27.8597,92.889,27.8597,27.8597,27.8597,27.8597,3.97098,3.9700567787962373,3.9713878960050657,3.973202952226332,3.974661663356586,3.9741100165313465,3.9751716623160127,3.9675450770327534
256.1,31.794,-2.88778,27.8039,92.886,27.8039,27.8039,27.8039,27.8039,3.97425,3.974900378685082,3.9707659454747053,3.9775609073475158,3.9776201467312133,3.9786476464194296,3.9787036035864216,3.975028576777897
256.2,31.76952,-2.91342,27.6909,92.883,27.6909,27.6909,27.6909,27.6909,3.97119,3.9744301651293097,3.9753945227998786,3.9695907419551575,3.966457285993436,3.969612980895311,3.973238685056079,3.9707248808814506
256.3,31.7976,-2.93889,27.7795,92.881,27.7795,27.7795,27.7795,27.7795,3.9747,3.971688108364913,3.978424187901615,3.971192875483352,3.9782123194730556,3.971358154292603,3.978768342371111,3.9780849173245945
256.4,31.76976,-2.89224,27.7863,92.878,27.7863,27.7863,27.7863,27.7863,3.97122,3.9752762243050777,3.970876166713032,3.971032430131492,3.9685095090215112,3.971682470491563,3.9731554913613674,3.970874068770767
256.5,31.7812,-2.89221,27.8734,92.875,27.8734,27.8734,27.8734,27.8734,3.97265,3.9725749450025023,3.972095539779956,3.968287189733102,3.9765256939416886,3.9734796158869847,3.9750759134173848,3.9703721560874725
256.6,31.76688,-2.8898,27.7551,92.872,27.7551,27.7551,27.7551,27.7551,3.97086,3.9719643344638316,3.975399816828026,3.9721669189221833,3.975821577860922,3.9751310548740566,3.9662565678052566,3.969446916419729
256.7,31.80616,-2.89443,27.9566,92.869,27.9566,27.9566,27.9566,27.9566,3.97577,3.9743637358314055,3.9786386191503023,3.971131540270776,3.9765799464825258,3.972786770198366,3.974360649450839,3.971813484506079
256.8,31.81088,-2.88687,27.9425,92.867,27.9425,27.9425,27.9425,27.9425,3.97636,3.9764926645364342,3.9765971542052454,3.9807461186581112,3.9790883528306558,3.978075804837459,3.9808627276834896,3.975956858558843
256.9,31.7844,-2.90905,27.9084,92.864,27.9084,27.9084,27.9084,27.9084,3.97305,3.968371806842822,3.9773978101236382,3.9766649994296714,3.9761801791792295,3.9702558161486814,3.9719950685609713,3.970973045744075
257.0,31.79072,-2.89605,27.8151,92.861,27.8151,27.8151,27.8151,27.8151,3.97384,3.9714835724373136,3.9783152287536505,3.9752416362375755,3.9717059846363565,3.9753342790003323,3.978236617016408,3.9723351388188486
101.1,32.18096,-2.88495,27.0625,97.192,27.0625,27.0625,27.0625,27.0625,4.02262,4.017899150456901,4.022310400464175,4.021515720539904,4.024978650291756,4.021252872624786,4.026762942304353,4.020218028702975
257.1,31.7548,-2.88953,27.7215,92.858,27.7215,27.7215,27.7215,27.7215,3.96935,3.974020200910332,3.9661098763471783,3.9684051468031383,3.9733841595619976,3.966611847843585,3.974147068934886,3.9683512977001185
257.2,31.78216,-2.87971,27.8966,92.856,27.8966,27.8966,27.8966,27.8966,3.97277,3.9735531579709935,3.972683064460797,3.9758278270386818,3.974047098870738,3.9754753612844684,3.971202120520063,3.972467748328048
257.3,31.78792,-2.89934,27.8023,92.853,27.8023,27.8023,27.8023,27.8023,3.97349,3.976051542033302,3.9691953405536258,3.9689662806337216,3.97092648624706,3.97336734189455,3.9764579399283875,3.9698238012094462
257.4,31.85176,-2.90321,27.8949,92.85,27.8949,27.8949,27.8949,27.8949,3.98147,3.9780232560306312,3.9822352440299733,3.9860905150067127,3.985623245916211,3.985416247303251,3.9790052242906793,3.98121002517877
257.5,31.76192,-2.90083,27.8842,92.847,27.8842,27.8842,27.8842,27.8842,3.97024,3.9688783417503877,3.971017891847769,3.970790918857318,3.9705471594282375,3.967950532316894,3.973575258685096,3.9726229884297424
257.6,31.82352,-2.9179,27.8222,92.844,27.8222,27.8222,27.8222,27.8222,3.97794,3.9739966731507548,3.9759126165513377,3.9741920285754464,3.9747772872731573,3.9803693611412383,3.9732399520212023,3.979040630053964
257.7,31.81208,-2.88846,27.7759,92.842,27.7759,27.7759,27.7759,27.7759,3.97651,3.9775622951435095,3.9778046563855156,3.9799642799719215,3.9720023501461283,3.9745237242931304,3.9814636417548512,3.9716057126700135
257.8,31.79464,-2.92186,27.8608,92.839,27.8608,27.8608,27.8608,27.8608,3.97433,3.9725185942490646,3.9719423190275336,3.97660063154512,3.974767777434824,3.9752758018582366,3.9792536551857327,3.9792938123532466
257.9,31.82992,-2.89414,27.7559,92.836,27.7559,27.7559,27.7559,27.7559,3.97874,3.9782761256144297,3.9782937869391697,3.973812221062283,3.9743068158189434,3.983089937378805,3.9770268902121404,3.978773451063647
258.0,31.7964,-2.89873,27.8674,92.833,27.8674,27.8674,27.8674,27.8674,3.97455,3.978974224008419,3.9784786777931718,3.9778768295170557,3.973181100824656,3.9706513828986267,3.9754273618122147,3.9709382665768014
258.1,31.79656,-2.92326,27.8792,92.831,27.8792,27.8792,27.8792,27.8792,3.97457,3.979185381881231,3.9735186966948026,3.9697599849894374,3.971904259319571,3.971414771044839,3.973380287239839,3.9730713271828626
258.2,31.78568,-2.92241,27.8119,92.828,27.8119,27.8119,27.8119,27.8119,3.97321,3.9715473714335623,3.971189730174175,3.975006882824681,3.9712840306065273,3.9692113081127784,3.976771747243979,3.9683739942305216
258.3,31.81608,-2.91281,27.7618,92.825,27.7618,27.7618,27.7618,27.7618,3.97701,3.972809682608631,3.974898445927239,3.9777447878889753,3.9798645288001966,3.972131046854502,3.973051548373231,3.975166765462554
258.4,31.8128,-2.90516,27.9501,92.822,27.9501,27.9501,27.9501,27.9501,3.9766,3.9807769529290957,3.973044933355105,3.9752964543209086,3.9776325946877233,3.9783746613738846,3.972113379589057,3.980959513099845
258.5,31.77128,-2.87779,27.8208,92.819,27.8208,27.8208,27.8208,27.8208,3.97141,3.9714512642171336,3.975052958195914,3.973448775670839,3.97478537425069,3.974093796905864,3.967515571984751,3.9711877920787098
258.6,31.7544,-2.90166,27.841,92.817,27.841,27.841,27.841,27.841,3.9693,3.9674193478366795,3.973919708219437,3.9730193840901555,3.967948809223008,3.966592061659305,3.964780906275025,3.9685681519669784
258.7,31.78088,-2.8918,27.9194,92.814,27.9194,27.9194,27.9194,27.9194,3.97261,3.9759526417939473,3.9695904733931027,3.976086836052605,3.976346037227691,3.9742365036557934,3.967955166059536,3.972654008058109
258.8,31.76632,-2.881,27.8203,92.811,27.8203,27.8203,27.8203,27.8203,3.97079,3.9674596405058136,3.971235932230419,3.973270530473131,3.969310473526174,3.9661823636666833,3.965872675466639,3.972611950469845
258.9,31.78376,-2.8839,27.8091,92.808,27.8091,27.8091,27.8091,27.8091,3.97297,3.9766405541993377,3.9702642496678173,3.977321954007492,3.9744172971147145,3.9748461744232557,3.972973849722342,3.9705804932397757
259.0,31.8148,-2.90011,27.9759,92.806,27.9759,27.9759,27.9759,27.9759,3.97685,3.9770125907813854,3.9792997372909937,3.976819838332584,3.9799831597719835,3.9769828652149175,3.9759620427401927,3.9776732668899903
259.1,31.77384,-2.91058,27.8118,92.803,27.8118,27.8118,27.8118,27.8118,3.97173,3.969248830577842,3.9746981353731647,3.971666413688165,3.975787544599582,3.9764792067324497,3.9750578217130896,3.9724613664156823
259.2,31.7836,-2.89252,27.9293,92.8,27.9293,27.9293,27.9293,27.9293,3.97295,3.9745300593999056,3.9734801101532207,3.9758316809422736,3.971797973249953,3.9703399946069,3.9701100852398534,3.9759069174512716
259.3,31.78576,-2.91028,27.8659,92.797,27.8659,27.8659,27.8659,27.8659,3.97322,3.9759906632428264,3.9685664167926213,3.969359518030928,3.9739234677558772,3.973451505873454,3.9697483723025737,3.978028437147769
259.4,31.80448,-2.87278,27.8651,92.794,27.8651,27.8651,27.8651,27.8651,3.97556,3.9777911865612507,3.9732230979932006,3.977272174277427,3.9757625376180723,3.9733589101823097,3.9727673554621923,3.9730406816993864
259.5,31.73,-2.88698,27.8273,92.792,27.8273,27.8273,27.8273,27.8273,3.96625,3.966746133666486,3.9670659968618,3.962378577921842,3.9697300208003448,3.967855637059585,3.964742338761037,3.9681407976875103
259.6,31.76912,-2.89687,27.8462,92.789,27.8462,27.8462,27.8462,27.8462,3.97114,3.970668261080548,3.975288342808485,3.9683230521034867,3.967438321353411,3.97501945830355,3.9688331381251087,3.9675308035429304
101.2,32.22576,-2.90782,26.9949,97.189,26.9949,26.9949,26.9949,26.9949,4.02822,4.024967813463408,4.027811624985511,4.0274248198151765,4.027119965844628,4.024962052546996,4.033078537218854,4.025966632426684
259.7,31.78848,-2.89231,27.9659,92.786,27.9659,27.9659,27.9659,27.9659,3.97356,3.9704242538051355,3.9724347705711485,3.9700900907993115,3.9771711884972585,3.970136873229237,3.97109665255978,3.9754221352422006
259.8,31.812,-2.89733,27.9104,92.783,27.9104,27.9104,27.9104,27.9104,3.9765,3.979017742867531,3.9731866431846625,3.9773166587574433,3.981358086652711,3.979557930363644,3.976253049169093,3.976488651769963
259.9,31.77112,-2.90552,27.7778,92.781,27.7778,27.7778,27.7778,27.7778,3.97139,3.971205189677555,3.9714505634891397,3.9718311350538373,3.9710339065195748,3.9713999882284448,3.9731573461699106,3.968291936965029
260.0,31.73768,-2.89252,27.8006,92.778,27.8006,27.8006,27.8006,27.8006,3.96721,3.9682118546664547,3.9653063833698856,3.962683865211097,3.9716339586225695,3.969255725028579,3.9679554553205323,3.9716805497318233
260.1,31.79736,-2.90364,27.8835,92.775,27.8835,27.8835,27.8835,27.8835,3.97467,3.975194483999149,3.9712379206302284,3.9733843079406603,3.978979327610752,3.9721462776348724,3.969888815335622,3.976222370093437
260.2,31.76696,-2.87095,27.8994,92.772,27.8994,27.8994,27.8994,27.8994,3.97087,3.9680259704594354,3.972308180861207,3.9663396198874405,3.970432817707715,3.9667230719748083,3.9695810676670966,3.9726391292886007
260.3,31.75344,-2.91039,27.9075,92.769,27.9075,27.9075,27.9075,27.9075,3.96918,3.970188156626323,3.9645578503036023,3.964729127966267,3.9642762074414577,3.964437889536266,3.9688550331848713,3.9650982056691033
260.4,31.7668,-2.89237,27.8574,92.767,27.8574,27.8574,27.8574,27.8574,3.97085,3.9685292170936686,3.9698527335759204,3.969057853108427,3.966501527224956,3.9717663700689974,3.973588794757982,3.9750470021502546
260.5,31.77712,-2.91174,27.8115,92.764,27.8115,27.8115,27.8115,27.8115,3.97214,3.971448058108744,3.974448917678517,3.967911384852191,3.9767581752015038,3.9744483433486906,3.970251834084009,3.9694856529137312
260.6,31.7668,-2.9119,27.8144,92.761,27.8144,27.8144,27.8144,27.8144,3.97085,3.9702619640177157,3.967105803588349,3.968301721135212,3.9735355607736236,3.969009110673894,3.973898737631796,3.9697182352690072
260.7,31.72808,-2.92679,27.7254,92.758,27.7254,27.7254,27.7254,27.7254,3.96601,3.9670738005329023,3.9706337606681443,3.9641062968829224,3.9661782518789526,3.967962323948423,3.962292172685052,3.968679967489363
260.8,31.80232,-2.89383,27.9619,92.756,27.9619,27.9619,27.9619,27.9619,3.97529,3.976491981190933,3.9751592065495776,3.9729053961856726,3.973434032980532,3.977357638171871,3.976292145254269,3.972426025739666
260.9,31.8112,-2.90799,27.7066,92.753,27.7066,27.7066,27.7066,27.7066,3.9764,3.97229064279882,3.973498940848467,3.975352272635331,3.9746493857665786,3.9718832980860044,3.9768635551662976,3.971909303517374
261.0,31.796,-2.88375,27.8504,92.75,27.8504,27.8504,27.8504,27.8504,3.9745,3.9757422881280244,3.9696036639189165,3.978941389155649,3.9700306656444875,3.970803121020037,3.9769861606595573,3.971235181805042
261.1,31.7528,-2.8938,27.759,92.747,27.759,27.759,27.759,27.759,3.9691,3.972391768689598,3.968166302221095,3.9701392111055847,3.96834133690781,3.9685842931846116,3.9656366257237785,3.9739655926130095
261.2,31.77504,-2.89778,27.8308,92.744,27.8308,27.8308,27.8308,27.8308,3.97188,3.972588721025278,3.9762889588991714,3.975167379628642,3.9765478840113273,3.9677876070980482,3.9731517039392203,3.972479989284309
261.3,31.77944,-2.92116,27.9009,92.742,27.9009,27.9009,27.9009,27.9009,3.97243,3.9748223609694016,3.9709054086639277,3.9709569686908512,3.9698078589780206,3.9700348554857574,3.9713346702480563,3.9684232290834305
261.4,31.79376,-2.89123,27.7296,92.739,27.7296,27.7296,27.7296,27.7296,3.97422,3.979129392926862,3.9720205990543747,3.9709830246322695,3.9749411195580286,3.977663796220641,3.972843162146513,3.969575351303656
261.5,31.7952,-2.90993,27.8884,92.736,27.8884,27.8884,27.8884,27.8884,3.9744,3.976122616470178,3.9793615627575645,3.9714637683380447,3.974995188817304,3.9726348512562644,3.9706846046758666,3.969430723047031
261.6,31.76128,-2.92149,27.92,92.733,27.92,27.92,27.92,27.92,3.97016,3.968084322087414,3.965178162889802,3.9726540350234827,3.974206542361184,3.9668065794225833,3.9751249122647647,3.9681127229440083
261.7,31.78064,-2.89354,27.8432,92.731,27.8432,27.8432,27.8432,27.8432,3.97258,3.974977412764311,3.974905225355789,3.9683674866983063,3.974264105236715,3.9732406520967984,3.975261379690472,3.9757187633917743
261.8,31.78944,-2.91887,28.033,92.728,28.033,28.033,28.033,28.033,3.97368,3.9774960836996964,3.9778859167868696,3.971282943166476,3.9766228964876573,3.9763784380820764,3.97413851545196,3.9727474942060015
261.9,31.81312,-2.93137,27.7345,92.725,27.7345,27.7345,27.7345,27.7345,3.97664,3.9752879466038427,3.975535377336209,3.9800965093579883,3.9751096324785586,3.9730752401656484,3.974165304253889,3.9803120901780766
262.0,31.79488,-2.88054,27.7669,92.722,27.7669,27.7669,27.7669,27.7669,3.97436,3.9733657861112133,3.9740598365441384,3.970321558927646,3.977286843683232,3.9713472803691587,3.970431311123499,3.976236615987763
262.1,31.79664,-2.90841,27.8519,92.719,27.8519,27.8519,27.8519,27.8519,3.97458,3.9738605456200293,3.9736551462429577,3.978409771710845,3.9738203012474513,3.9711456517659594,3.9697369673480334,3.977298222612995
262.2,31.77952,-2.92617,27.8536,92.717,27.8536,27.8536,27.8536,27.8536,3.97244,3.970693227581278,3.9765848199322056,3.9762214617965297,3.968764947467486,3.969071572126301,3.9771620339099845,3.9692236785903896
101.3,32.15912,-2.87415,27.0402,97.186,27.0402,27.0402,27.0402,27.0402,4.01989,4.0239693422174945,4.018785431829106,4.023522410800915,4.01686835639436,4.01941566241654,4.014892957251345,4.022971946382974
262.3,31.81112,-2.91444,27.8779,92.714,27.8779,27.8779,27.8779,27.8779,3.97639,3.9783995339227043,3.9718689344015643,3.97892226088741,3.9766476905822956,3.975146478169995,3.9761930807745514,3.9770655734438116
262.4,31.78688,-2.91082,27.9272,92.711,27.9272,27.9272,27.9272,27.9272,3.97336,3.9765106648942106,3.9697881684791185,3.976073250231076,3.9754202952556272,3.971573940923214,3.9689876699730986,3.9734019344495235
262.5,31.75608,-2.88284,27.7967,92.708,27.7967,27.7967,27.7967,27.7967,3.96951,3.968068441316597,3.973242212890921,3.9698200196970364,3.9691447724672275,3.972525345405803,3.96834040221525,3.9678120650298463
262.6,31.81024,-2.92494,27.791,92.706,27.791,27.791,27.791,27.791,3.97628,3.9721087590927278,3.975259848604148,3.978748123104912,3.975172695889005,3.974760352309556,3.972035789267632,3.9713901201571957
262.7,31.79304,-2.92008,27.8313,92.703,27.8313,27.8313,27.8313,27.8313,3.97413,3.976389844476982,3.976600488675212,3.9750337004442837,3.9752250442274026,3.975940053221428,3.97020287505462,3.9766610169876015
262.8,31.76544,-2.88529,27.9353,92.7,27.9353,27.9353,27.9353,27.9353,3.97068,3.968864427017487,3.9734376150692445,3.9689440540010814,3.9737418436957563,3.9712935271615617,3.9709123727581863,3.9734029227019456
262.9,31.76432,-2.90675,27.9225,92.697,27.9225,27.9225,27.9225,27.9225,3.97054,3.972320199279687,3.9754233023528065,3.971039273913781,3.970504074232449,3.9690705040744523,3.9704197060624438,3.974432024105041
263.0,31.78272,-2.89658,27.8702,92.694,27.8702,27.8702,27.8702,27.8702,3.97284,3.9693240040411277,3.9764653284932088,3.9756693832452292,3.97694557844444,3.9710895144000946,3.974187955190161,3.977003837387053
263.1,31.78648,-2.90736,27.8444,92.692,27.8444,27.8444,27.8444,27.8444,3.97331,3.9764028219288448,3.977245449889965,3.9710535980952457,3.97091245087441,3.9690318210275963,3.97228474000545,3.976572868741689
263.2,31.77984,-2.86969,27.8662,92.689,27.8662,27.8662,27.8662,27.8662,3.97248,3.9742154506460365,3.967900815781489,3.968114114317122,3.9681163187579207,3.97701127419425,3.975106442028532,3.969315139851912
263.3,31.78232,-2.91935,27.8976,92.686,27.8976,27.8976,27.8976,27.8976,3.97279,3.9735930006563085,3.969576027900312,3.9700506319792477,3.9732446546276208,3.9774364538100735,3.968779152806654,3.9698380196718093
263.4,31.81544,-2.89577,27.8823,92.683,27.8823,27.8823,27.8823,27.8823,3.97693,3.9733445202355986,3.979428923874453,3.9813549206877643,3.98109524524423,3.9785504430566867,3.977325855161442,3.9768445885599273
263.5,31.80016,-2.87746,27.7923,92.681,27.7923,27.7923,27.7923,27.7923,3.97502,3.976363875266902,3.973765294669378,3.9778703007963787,3.9779275402223204,3.976382148857108,3.9782478715942937,3.979216766143153
263.6,31.77872,-2.90562,27.7886,92.678,27.7886,27.7886,27.7886,27.7886,3.97234,3.969188139905389,3.9700344075656733,3.96876857800839,3.9742998497566804,3.9687038628234728,3.977134666091546,3.9684198352937083
263.7,31.79656,-2.91131,27.8622,92.675,27.8622,27.8622,27.8622,27.8622,3.97457,3.9794334482203952,3.9707092875560397,3.9712973582365256,3.9747850657376054,3.978506844446306,3.9777738344504656,3.97140646285978
263.8,31.74896,-2.88849,27.9217,92.672,27.9217,27.9217,27.9217,27.9217,3.96862,3.971483251377555,3.971833591783046,3.9729755536604663,3.9676698762815623,3.973241279977444,3.966227070534089,3.9734480047804657
263.9,31.78304,-2.88494,27.815,92.669,27.815,27.815,27.815,27.815,3.97288,3.9705218250860663,3.9684720313794455,3.9720143234749834,3.9695961389858168,3.9705834072616346,3.9735658277042094,3.977383053267414
264.0,31.81664,-2.912,27.9036,92.667,27.9036,27.9036,27.9036,27.9036,3.97708,3.975798422841802,3.974167103499678,3.9763075765820663,3.9776899343870027,3.9737444710361163,3.9732138529167007,3.9816751928369394
264.1,31.76776,-2.87807,27.7723,92.664,27.7723,27.7723,27.7723,27.7723,3.97097,3.9706862378925702,3.9695502297577936,3.97207655498488,3.9747653806146874,3.966624842153136,3.975511837157196,3.972074599275352
264.2,31.7524,-2.89923,27.8844,92.661,27.8844,27.8844,27.8844,27.8844,3.96905,3.9655674768357025,3.972288537848368,3.9708582942704598,3.971572707664097,3.973116463734566,3.964801212977975,3.9644839660757634
264.3,31.75688,-2.89237,27.8337,92.658,27.8337,27.8337,27.8337,27.8337,3.96961,3.973357262196402,3.9709868057255884,3.9722705206301963,3.9648621930799246,3.964718367962898,3.9740598094040847,3.9717517013658
264.4,31.74616,-2.87768,27.7557,92.656,27.7557,27.7557,27.7557,27.7557,3.96827,3.967080011626601,3.969816151478875,3.9721979106843754,3.965100722657509,3.964470928051732,3.969932780468,3.9705719270132778
264.5,31.7532,-2.88847,27.8488,92.653,27.8488,27.8488,27.8488,27.8488,3.96915,3.9719443594319204,3.9720685001453115,3.967023507870599,3.971342306188722,3.9676378978051603,3.964188801531899,3.971294555382931
264.6,31.76296,-2.9,27.8062,92.65,27.8062,27.8062,27.8062,27.8062,3.97037,3.9737922473839338,3.9671338777132306,3.9750632576109837,3.9656149390307545,3.9667018138239696,3.9713603229536907,3.970935281729426
264.7,31.73784,-2.91007,27.8659,92.647,27.8659,27.8659,27.8659,27.8659,3.96723,3.9683557911474336,3.970056449612238,3.9627370053982514,3.968215342478847,3.9659239599236797,3.9701155530200256,3.968318729764568
264.8,31.77168,-2.85937,27.9077,92.644,27.9077,27.9077,27.9077,27.9077,3.97146,3.971396162883338,3.9703845290683324,3.9734274584878055,3.9680500001938515,3.9740731311431943,3.9668878844511415,3.9763319652145563
264.9,31.79272,-2.91184,27.9109,92.642,27.9109,27.9109,27.9109,27.9109,3.97409,3.976274221686458,3.9717428890025857,3.9783982517107312,3.9715398437159686,3.971576699267508,3.9709428000147513,3.9782705267412735
265.0,31.74912,-2.89523,27.7653,92.639,27.7653,27.7653,27.7653,27.7653,3.96864,3.9713124184452573,3.9662614832887932,3.970950675471973,3.969135474861869,3.9673544902834865,3.969842099536656,3.9667768585137
265.1,31.80712,-2.89235,27.9189,92.636,27.9189,27.9189,27.9189,27.9189,3.97589,3.9773817153510325,3.973978029647955,3.9781710523864846,3.975838052017923,3.9782410256291607,3.971925178604213,3.9771725496760575
265.2,31.78264,-2.89164,27.9097,92.633,27.9097,27.9097,27.9097,27.9097,3.97283,3.976343843506555,3.970793482449968,3.973180886286455,3.97228392637168,3.971188752103473,3.9728424897626846,3.971517166232014
265.3,31.79488,-2.86808,27.8599,92.631,27.8599,27.8599,27.8599,27.8599,3.97436,3.9747444217207595,3.9753640270027946,3.976332566979625,3.9767003889916883,3.9780796569523793,3.9790492599284755,3.976849353491993
265.4,31.75416,-2.89929,27.8097,92.628,27.8097,27.8097,27.8097,27.8097,3.96927,3.9732275267219506,3.9643215727144456,3.965936212614253,3.9717359040444813,3.9712573880766264,3.9730470061674907,3.9692105342083006
265.5,31.79016,-2.90143,27.8618,92.625,27.8618,27.8618,27.8618,27.8618,3.97377,3.9691758436834577,3.976234983954287,3.9744263511779097,3.974232296861515,3.9745193832636416,3.97258304727608,3.9769903390137826
265.6,31.74328,-2.87672,27.9835,92.622,27.9835,27.9835,27.9835,27.9835,3.96791,3.9710652880681394,3.967108653793048,3.970169859548958,3.9704709910783085,3.9689024055556366,3.9694938935520803,3.9706861411200896
265.7,31.79056,-2.90204,27.9231,92.619,27.9231,27.9231,27.9231,27.9231,3.97382,3.969558545486758,3.9752148573313812,3.971330123688515,3.971734222919376,3.9699416330332746,3.97824313944037,3.977045691136632
265.8,31.77312,-2.88686,27.9461,92.617,27.9461,27.9461,27.9461,27.9461,3.97164,3.969223249050123,3.967316353079196,3.9761957468223694,3.9714398278636582,3.976072893941414,3.969317983365475,3.9734892903414756
265.9,31.782,-2.89708,27.8289,92.614,27.8289,27.8289,27.8289,27.8289,3.97275,3.9718750976302615,3.976617561461132,3.9692002403746574,3.9735459997442826,3.9722113288783434,3.9729628702781454,3.9760095525804804
266.0,31.74032,-2.88619,27.8567,92.611,27.8567,27.8567,27.8567,27.8567,3.96754,3.9660283228666326,3.962646583802295,3.9647637519709624,3.969249686899456,3.969045326130045,3.9661877311675426,3.9646270669536197
266.1,31.7468,-2.88912,27.8114,92.608,27.8114,27.8114,27.8114,27.8114,3.96835,3.9710573258140944,3.9642651173848735,3.965339776829983,3.9722553824890516,3.9679246938070682,3.9707187570887554,3.9714033413454723
101.4,32.21712,-2.91948,27.026,97.183,27.026,27.026,27.026,27.026,4.02714,4.030943640158133,4.031707280149461,4.0286864807619,4.025053036173108,4.028278171214047,4.0238853712605405,4.032029621800696
266.2,31.7824,-2.90605,27.8497,92.606,27.8497,27.8497,27.8497,27.8497,3.9728,3.9775180808058037,3.9696475381454546,3.9731448139544674,3.9747259292594923,3.970753313118651,3.972000513016893,3.976699885238253
266.3,31.74504,-2.92766,27.9716,92.603,27.9716,27.9716,27.9716,27.9716,3.96813,3.9673187770646545,3.9669844885073657,3.970576636525435,3.970905750107508,3.970138439500798,3.963448087220538,3.966829948722005
266.4,31.77872,-2.92511,27.8636,92.6,27.8636,27.8636,27.8636,27.8636,3.97234,3.9675870201719428,3.972492360040731,3.970041922912556,3.9691472276669764,3.969655290624956,3.9706874750827335,3.9737731948689845
266.5,31.73448,-2.92761,27.8497,92.597,27.8497,27.8497,27.8497,27.8497,3.96681,3.964899678329722,3.971212340925288,3.965178231173245,3.966591002333568,3.971806926534667,3.962770311150445,3.967264410251993
266.6,31.78744,-2.90137,27.9059,92.594,27.9059,27.9059,27.9059,27.9059,3.97343,3.969942955499309,3.9716904957262624,3.972116494740671,3.970072125449498,3.9762742789410304,3.9726297170805545,3.969422731991651
266.7,31.73728,-2.93529,27.8576,92.592,27.8576,27.8576,27.8576,27.8576,3.96716,3.971455096534611,3.969037841380367,3.963878805316452,3.962396373552474,3.96235469912442,3.965159297342457,3.9663095574707405
266.8,31.77984,-2.9024,27.8981,92.589,27.8981,27.8981,27.8981,27.8981,3.97248,3.974930952816992,3.977064130585913,3.9765218874873125,3.9685449207949772,3.974990502213975,3.969830183645837,3.9720172750532945
266.9,31.78136,-2.89799,27.8589,92.586,27.8589,27.8589,27.8589,27.8589,3.97267,3.967791315450963,3.9723378242994865,3.970930459785829,3.973134973281929,3.9708079540811054,3.970431080198878,3.9773634331824232
267.0,31.74944,-2.88716,27.9049,92.583,27.9049,27.9049,27.9049,27.9049,3.96868,3.970173777068723,3.969705571297551,3.9709379687716475,3.972795285164442,3.965694405645802,3.9644143928368343,3.9686102832244314
267.1,31.77992,-2.89243,27.8711,92.581,27.8711,27.8711,27.8711,27.8711,3.97249,3.973104846856196,3.9737627270630007,3.971356870788658,3.968194233489479,3.9713324923355393,3.974494295529041,3.9762115383564365
267.2,31.77192,-2.88647,27.8273,92.578,27.8273,27.8273,27.8273,27.8273,3.97149,3.9699324902802053,3.970972636383372,3.9746265362182833,3.9667888911801166,3.9761498683100127,3.969079485271507,3.975155866147311
267.3,31.75248,-2.89379,27.9581,92.575,27.9581,27.9581,27.9581,27.9581,3.96906,3.968997790605598,3.973680977502436,3.970128658010805,3.9705016751560445,3.9671355841463236,3.9696777001864114,3.973462291207695
267.4,31.74104,-2.90485,28.0044,92.572,28.0044,28.0044,28.0044,28.0044,3.96763,3.9672981737414075,3.9627376593279084,3.9715999256801044,3.9643602091536314,3.968329488076879,3.9654920397244053,3.9725453091443135
267.5,31.71784,-2.90159,27.9257,92.569,27.9257,27.9257,27.9257,27.9257,3.96473,3.969651230549207,3.9691266211339276,3.966452328797851,3.969561042471852,3.9622144218459905,3.9661307654035105,3.9611275086113626
267.6,31.77312,-2.91277,27.8062,92.567,27.8062,27.8062,27.8062,27.8062,3.97164,3.976216615527249,3.9710734392136833,3.9679806063298075,3.972669571494955,3.971488400350697,3.971197011869806,3.9681067212013392
267.7,31.72696,-2.89658,27.8831,92.564,27.8831,27.8831,27.8831,27.8831,3.96587,3.9615804770299365,3.9692999752734592,3.960900073582286,3.962922552375872,3.965500897917725,3.961592381097916,3.967004436777515
267.8,31.76656,-2.92376,27.9119,92.561,27.9119,27.9119,27.9119,27.9119,3.97082,3.971851831579013,3.9758046452263223,3.972186376727218,3.975343021361118,3.9724893827144716,3.97278600891364,3.972395205917325
267.9,31.75768,-2.88401,27.7966,92.558,27.7966,27.7966,27.7966,27.7966,3.96971,3.9711154486626534,3.9648265682816537,3.9696725917697564,3.966305357714631,3.969063053138171,3.9723609385284524,3.9708662893419713
268.0,31.78008,-2.91435,27.866,92.556,27.866,27.866,27.866,27.866,3.97251,3.974847620559334,3.970588998701187,3.9729017805882036,3.9679701455942014,3.9686853987515933,3.9769474076758073,3.9677597718371422
268.1,31.75632,-2.89769,27.8144,92.553,27.8144,27.8144,27.8144,27.8144,3.96954,3.9718595610211875,3.973259980614771,3.9666709031490845,3.9724997132296416,3.9745076699440762,3.9700904631494507,3.966126043225774
268.2,31.75544,-2.89518,27.8374,92.55,27.8374,27.8374,27.8374,27.8374,3.96943,3.965800841144603,3.9668640569841176,3.973707725217066,3.970376578421049,3.9690078227228276,3.966954454144544,3.9656538530496963
268.3,31.78064,-2.88256,27.92,92.547,27.92,27.92,27.92,27.92,3.97258,3.9707717230737254,3.9713770514236204,3.9737979907189187,3.969654616947905,3.9747932481338313,3.974134388655455,3.974754024628301
268.4,31.77088,-2.92522,27.8971,92.544,27.8971,27.8971,27.8971,27.8971,3.97136,3.9723144622721573,3.9686746869637974,3.9734973896631103,3.9736149701464125,3.9745461447798363,3.96977933781952,3.9741121540507156
268.5,31.77024,-2.90488,27.8349,92.542,27.8349,27.8349,27.8349,27.8349,3.97128,3.971601161112458,3.9725501760797806,3.9726929562778954,3.967975189715942,3.970848828026714,3.9735416984953664,3.9729059515354996
268.6,31.77368,-2.89175,27.897,92.539,27.897,27.897,27.897,27.897,3.97171,3.9753202002117205,3.9744410914875865,3.971923703042151,3.9740458982538063,3.970529682304877,3.967072311745958,3.970508960461336
268.7,31.72528,-2.87373,27.8798,92.536,27.8798,27.8798,27.8798,27.8798,3.96566,3.962514019097823,3.9685699760067186,3.9678145317170617,3.9701486322498507,3.9654352625680303,3.9631458842724925,3.9691133084195154
268.8,31.78008,-2.90058,27.955,92.533,27.955,27.955,27.955,27.955,3.97251,3.9688064912886185,3.96784349776335,3.971792944388766,3.973397330237963,3.975359411311208,3.970766544668188,3.968620033506007
268.9,31.7764,-2.90892,27.7781,92.531,27.7781,27.7781,27.7781,27.7781,3.97205,3.9701018364630913,3.9747482706482384,3.968605614969501,3.9707223446231645,3.9690930894936756,3.973964974323008,3.9736723954847375
269.0,31.73704,-2.8696,27.8585,92.528,27.8585,27.8585,27.8585,27.8585,3.96713,3.9622788861828733,3.9692010152236037,3.965342014331304,3.9631866638993984,3.967310833905355,3.967278099988938,3.9719537837978787
269.1,31.75536,-2.88796,27.9945,92.525,27.9945,27.9945,27.9945,27.9945,3.96942,3.973444068384058,3.972632592254379,3.9668268165933225,3.97378709191659,3.9734958164551375,3.97310626072842,3.969570326145943
269.2,31.76,-2.8794,27.8341,92.522,27.8341,27.8341,27.8341,27.8341,3.97,3.9733814504555958,3.9729497213124003,3.9673307143086936,3.973787924549173,3.96751942976771,3.9715966022772298,3.967345433933757
269.3,31.75752,-2.91814,27.8395,92.519,27.8395,27.8395,27.8395,27.8395,3.96969,3.969700663138281,3.968395878202536,3.969711031837133,3.967618653506479,3.9689406259223365,3.968585303610138,3.974090875503259
269.4,31.76848,-2.89218,27.8738,92.517,27.8738,27.8738,27.8738,27.8738,3.97106,3.974741574403634,3.966169274465632,3.974881791496236,3.968131863051367,3.9739895080621936,3.966921440531167,3.971191654481715
269.5,31.79464,-2.91625,27.9815,92.514,27.9815,27.9815,27.9815,27.9815,3.97433,3.9753408092624754,3.9785324394277928,3.9693849790169047,3.9729315845250905,3.9728241371168296,3.975323589803276,3.970523386951825
101.5,32.17992,-2.89754,27.0606,97.181,27.0606,27.0606,27.0606,27.0606,4.02249,4.02018095029925,4.021308774464045,4.0207785373621325,4.019452852938371,4.0264335414628585,4.0247463557862995,4.027180372280928
269.6,31.786,-2.91958,27.9299,92.511,27.9299,27.9299,27.9299,27.9299,3.97325,3.973044896722345,3.9737896936535893,3.9775119629014863,3.9700392652773187,3.9709487898968834,3.9725876426431377,3.9698915371020385
269.7,31.72832,-2.89127,27.8425,92.508,27.8425,27.8425,27.8425,27.8425,3.96604,3.9699845553111155,3.9615894917005825,3.9668238589751112,3.9672890598374635,3.9697397981832574,3.964901374982801,3.9661202680722405
269.8,31.77448,-2.89022,27.9017,92.506,27.9017,27.9017,27.9017,27.9017,3.97181,3.968195434540587,3.9692035890175403,3.966938215450382,3.968767019003883,3.967313455590743,3.973580297225613,3.971354320415427
269.9,31.7912,-2.90723,27.8861,92.503,27.8861,27.8861,27.8861,27.8861,3.9739,3.970696592049894,3.9765016828181277,3.9762081660976607,3.974662020181057,3.973423910564074,3.9713559420258835,3.9736178204543067
270.0,31.7684,-2.87852,27.9347,92.5,27.9347,27.9347,27.9347,27.9347,3.97105,3.9726242478027833,3.9726990372149666,3.9702578760632914,3.9691129588662637,3.967279772088227,3.9736330779999447,3.9684303752661134
270.1,31.78504,-2.90554,27.9057,92.497,27.9057,27.9057,27.9057,27.9057,3.97313,3.9736799214903593,3.97526077530917,3.9711707222186257,3.976325105741914,3.968663647366265,3.9708457137906423,3.9735159691812987
270.2,31.80688,-2.90405,27.9204,92.494,27.9204,27.9204,27.9204,27.9204,3.97586,3.977165265410588,3.980078126987913,3.9724859823082737,3.977007268368815,3.980350224893317,3.9772876435924154,3.975915193071297
270.3,31.78296,-2.90054,27.8898,92.492,27.8898,27.8898,27.8898,27.8898,3.97287,3.975385371169311,3.9709396434612376,3.97486481332983,3.9765645517685484,3.9704665955932907,3.975067978880307,3.973715695342533
270.4,31.76416,-2.90364,27.9889,92.489,27.9889,27.9889,27.9889,27.9889,3.97052,3.9683954285810534,3.966747945067323,3.973589070450522,3.9730775182055664,3.971730042369654,3.971831982641073,3.9714243330383523
270.5,31.78296,-2.88084,27.9075,92.486,27.9075,27.9075,27.9075,27.9075,3.97287,3.971336780883496,3.9683722014005935,3.976788782088674,3.973534135487959,3.970912945278455,3.971962094353027,3.9685976392356777
270.6,31.76112,-2.91563,27.873,92.483,27.873,27.873,27.873,27.873,3.97014,3.967635918433803,3.971377614281509,3.9678003474185854,3.9711867529984706,3.9670100644711277,3.971872771976538,3.9711468865862853
270.7,31.758,-2.91132,27.9747,92.481,27.9747,27.9747,27.9747,27.9747,3.96975,3.973471720311564,3.9664634662530465,3.965000571014356,3.9651153068040146,3.9704002861111944,3.974288350758894,3.9737366791101145
270.8,31.7488,-2.91787,27.9469,92.478,27.9469,27.9469,27.9469,27.9469,3.9686,3.9709959003520994,3.9720664118795916,3.968181927207318,3.973520452491516,3.965052562151094,3.9695869552454526,3.969843742150576
270.9,31.79448,-2.87175,27.8574,92.475,27.8574,27.8574,27.8574,27.8574,3.97431,3.9723571669460553,3.9768532650136983,3.9716095703739636,3.977120682065916,3.9723236489301113,3.974936031909483,3.969441525384122
271.0,31.73712,-2.90487,27.676,92.472,27.676,27.676,27.676,27.676,3.96714,3.965779094117751,3.964428302308832,3.964240288686656,3.970132997983734,3.966118442311394,3.963583665617093,3.9676699821447285
271.1,31.79328,-2.91153,27.9453,92.469,27.9453,27.9453,27.9453,27.9453,3.97416,3.972746770562894,3.9741009994753673,3.9695466848609784,3.9729301475568812,3.9719246672048576,3.9742831999430495,3.977045795815489
271.2,31.76824,-2.90431,27.8872,92.467,27.8872,27.8872,27.8872,27.8872,3.97103,3.97017604435287,3.9758557625758244,3.9695922632011,3.9717198726345013,3.968297457024269,3.9749286700811908,3.968419270031922
271.3,31.72248,-2.88726,27.9164,92.464,27.9164,27.9164,27.9164,27.9164,3.96531,3.963140404994575,3.967923919290817,3.960723707439388,3.9624261332548367,3.96399093326589,3.9613982698583503,3.963782941694831
271.4,31.76464,-2.89004,27.9853,92.461,27.9853,27.9853,27.9853,27.9853,3.97058,3.9734816796353973,3.9663869521962534,3.9661684416640033,3.968654294099092,3.9668543177527797,3.9753740884489313,3.975117067986806
271.5,31.7052,-2.90863,27.8576,92.458,27.8576,27.8576,27.8576,27.8576,3.96315,3.9627823670592983,3.958860493358677,3.965955606843118,3.965178464344647,3.965717979123931,3.9656872537078742,3.965582708738059
101.6,32.15928,-2.90359,27.0724,97.178,27.0724,27.0724,27.0724,27.0724,4.01991,4.017920681625568,4.022579628394854,4.01978307508275,4.021331742457164,4.022902356773328,4.022860767260965,4.022096927995638
271.6,31.77032,-2.90599,27.8478,92.456,27.8478,27.8478,27.8478,27.8478,3.97129,3.971950510544148,3.9685265681002484,3.96788474221449,3.9739687420726924,3.9746544428349573,3.974594062597327,3.9745394588322545
271.7,31.77632,-2.92183,27.832,92.453,27.832,27.832,27.832,27.832,3.97204,3.9725201381150166,3.9675166703863742,3.9690691450762703,3.9697719236481404,3.9718194698747014,3.9752983039302405,3.968768582804292
271.8,31.74064,-2.89792,28.0484,92.45,28.0484,28.0484,28.0484,28.0484,3.96758,3.966113667852299,3.966947972189944,3.97218518167677,3.9627562191193575,3.9708670995939386,3.9714584714943855,3.966614325622557
271.9,31.7576,-2.88077,27.9882,92.447,27.9882,27.9882,27.9882,27.9882,3.9697,3.97303343028246,3.971972024009664,3.9709754612102017,3.9688512622094825,3.9692373506003484,3.96659329643515,3.970397505672315
272.0,31.80128,-2.90873,27.9575,92.444,27.9575,27.9575,27.9575,27.9575,3.97516,3.9744958905309877,3.9745665753997157,3.9732384584945075,3.9757984006379727,3.9721661398721877,3.9754597887038132,3.97407070518326
272.1,31.742,-2.89046,27.802,92.442,27.802,27.802,27.802,27.802,3.96775,3.9710946716841953,3.972363193772835,3.9690220844036554,3.9652634077214493,3.9678000377928364,3.967954460734406,3.9642101397332947
272.2,31.72848,-2.90873,27.8327,92.439,27.8327,27.8327,27.8327,27.8327,3.96606,3.9634232412634494,3.9705116864020664,3.9694596239968254,3.9616702165247593,3.9661427022188858,3.9635271365285263,3.9632446538058037
272.3,31.78928,-2.91643,27.9608,92.436,27.9608,27.9608,27.9608,27.9608,3.97366,3.9718021185748196,3.9695807962937013,3.9775690987730896,3.9775551014111605,3.970910253803042,3.971171749336753,3.9782305678570324
272.4,31.80056,-2.8898,27.9432,92.433,27.9432,27.9432,27.9432,27.9432,3.97507,3.9747228864934248,3.9730316508602073,3.9767643383338203,3.970254309309799,3.978057478053877,3.9767657401741214,3.979030557053486
272.5,31.75328,-2.86479,27.9032,92.431,27.9032,27.9032,27.9032,27.9032,3.96916,3.964787090808794,3.9720537891122323,3.970905904066128,3.966603173840257,3.967812433265517,3.9732960997497684,3.9708912542699957
272.6,31.77728,-2.89185,27.8389,92.428,27.8389,27.8389,27.8389,27.8389,3.97216,3.9691707995222134,3.9747113335205366,3.9766260355223215,3.9771007330072132,3.97523367482166,3.967895617359656,3.967522390458737
272.7,31.78496,-2.90621,27.9838,92.425,27.9838,27.9838,27.9838,27.9838,3.97312,3.977623741295129,3.97514198565263,3.9728952857228426,3.97069561399894,3.9709733432007708,3.9727734320250527,3.970218042986143
272.8,31.73472,-2.90524,28.0285,92.422,28.0285,28.0285,28.0285,28.0285,3.96684,3.966904294027061,3.962280718933339,3.9661365710463676,3.9707781127612174,3.964442960340547,3.9674666496514406,3.9671761565205244
272.9,31.74064,-2.87136,27.9478,92.419,27.9478,27.9478,27.9478,27.9478,3.96758,3.9642028230563553,3.9721906831090146,3.9723786207345975,3.965810545218499,3.9655161718593406,3.9669278503333714,3.9687146897832086
273.0,31.7816,-2.8954,27.8766,92.417,27.8766,27.8766,27.8766,27.8766,3.9727,3.9721576688422293,3.9776707827079507,3.974005411444483,3.976671631688892,3.976760859967529,3.9750929857036508,3.9759158876032576
273.1,31.79224,-2.91149,28.0138,92.414,28.0138,28.0138,28.0138,28.0138,3.97403,3.972360656170391,3.971565076572748,3.9700491860850997,3.9696657747038078,3.9781799473897403,3.97608570544862,3.977985871097213
273.2,31.76512,-2.90093,27.933,92.411,27.933,27.933,27.933,27.933,3.97064,3.975279375357856,3.9726857372159263,3.968033227867169,3.972383394185584,3.9722946186090655,3.9680735750906253,3.974080086446318
273.3,31.73024,-2.89677,28.0211,92.408,28.0211,28.0211,28.0211,28.0211,3.96628,3.9637623255891006,3.9667930781599585,3.971124288423763,3.9687610533309337,3.970570831145065,3.968173701440362,3.9646722401605023
273.4,31.7988,-2.89296,27.9023,92.406,27.9023,27.9023,27.9023,27.9023,3.97485,3.978667441768131,3.9792085888197803,3.969893012181633,3.9786918036335224,3.9786157768723944,3.9757273315333816,3.977698487321809
273.5,31.73816,-2.87732,28.048,92.403,28.048,28.048,28.048,28.048,3.96727,3.970141128754457,3.96302445912626,3.9694316384551316,3.9663611888431203,3.971066585868378,3.9672174899965955,3.9666297130031065
273.6,31.74256,-2.88086,27.8979,92.4,27.8979,27.8979,27.8979,27.8979,3.96782,3.9628726420939935,3.9704029602509423,3.9697361216981686,3.970241149360623,3.9649678399309676,3.9715406736780996,3.96680194119036
273.7,31.75864,-2.89703,27.8856,92.397,27.8856,27.8856,27.8856,27.8856,3.96983,3.9651686153130137,3.9696823921162907,3.9742421218425705,3.9697327988203877,3.9747612385995637,3.9663523400054292,3.9740601234203297
273.8,31.78744,-2.90062,27.9755,92.394,27.9755,27.9755,27.9755,27.9755,3.97343,3.977918901989847,3.9766521529705727,3.9759173940108896,3.97619385772231,3.9735250863384874,3.9774447086442324,3.9749544569306177
273.9,31.7704,-2.89406,27.9218,92.392,27.9218,27.9218,27.9218,27.9218,3.9713,3.967169537039897,3.9722653379758435,3.9738604473450283,3.9733593551702797,3.974636100882328,3.97611881812977,3.9706768165902653
274.0,31.75968,-2.90912,27.9499,92.389,27.9499,27.9499,27.9499,27.9499,3.96996,3.9729827617658184,3.971835724703453,3.966143341775354,3.97109966457068,3.972106990215555,3.970489859386347,3.9726580449508195
274.1,31.76056,-2.8853,27.866,92.386,27.866,27.866,27.866,27.866,3.97007,3.9748158914281095,3.967985800433119,3.9681490701223434,3.971162420542332,3.9710678758188327,3.9736585617965314,3.974009528276951
274.2,31.75032,-2.90305,27.8676,92.383,27.8676,27.8676,27.8676,27.8676,3.96879,3.971421349207085,3.964678686542845,3.9679101381791093,3.973496531146856,3.9650347468677576,3.969720547409889,3.9717651920498693
274.3,31.7624,-2.89264,27.9052,92.381,27.9052,27.9052,27.9052,27.9052,3.9703,3.9714424223206928,3.9720296579865746,3.9677139580780887,3.9730726892983053,3.9746072895188003,3.9703688044856564,3.975101510458934
274.4,31.68808,-2.8743,27.9501,92.378,27.9501,27.9501,27.9501,27.9501,3.96101,3.959888085955454,3.9643621354985967,3.961983107235639,3.9633206475686866,3.959256869330686,3.962788462283282,3.956346413238342
274.5,31.74144,-2.89171,27.8823,92.375,27.8823,27.8823,27.8823,27.8823,3.96768,3.9664543431954966,3.9714339387340134,3.9665086303904804,3.9663469407392062,3.967809231979368,3.972279189531053,3.96329778178061
274.6,31.75408,-2.89654,27.9936,92.372,27.9936,27.9936,27.9936,27.9936,3.96926,3.968339940659571,3.9662456402083186,3.97104794012034,3.966535616719032,3.964392651025341,3.9718796335769917,3.9695855021447497
274.7,31.72048,-2.90776,27.9235,92.369,27.9235,27.9235,27.9235,27.9235,3.96506,3.9615042440697317,3.9665074716842508,3.9694205986834983,3.965725246488099,3.9690444035850283,3.962782875940391,3.9615273228516625
274.8,31.75712,-2.90117,28.0329,92.367,28.0329,28.0329,28.0329,28.0329,3.96964,3.9668643830881605,3.970878812735302,3.967065621401499,3.9698700444351234,3.96954564347699,3.9736800241252905,3.968394599269435
274.9,31.74272,-2.91704,27.8678,92.364,27.8678,27.8678,27.8678,27.8678,3.96784,3.968899333238617,3.969401340925836,3.9706372462477835,3.9722033394251492,3.9648614006478393,3.9675919358806975,3.964637991252154
275.0,31.78952,-2.892,27.9519,92.361,27.9519,27.9519,27.9519,27.9519,3.97369,3.9706188060169927,3.969654382437786,3.972034945015371,3.9747957403261167,3.9784140438654596,3.971104143046126,3.9700282483407308
101.7,32.16304,-2.87979,26.9323,97.175,26.9323,26.9323,26.9323,26.9323,4.02038,4.019253239399847,4.024455805212308,4.019709383375159,4.015848229350379,4.022400137410207,4.020114884603881,4.025304916798653
275.1,31.78488,-2.93202,27.9594,92.358,27.9594,27.9594,27.9594,27.9594,3.97311,3.9771938018841557,3.977314275784132,3.9734269766375023,3.977642093990302,3.977217492905241,3.9711240553050904,3.973193826017684
275.2,31.73568,-2.88547,27.9486,92.356,27.9486,27.9486,27.9486,27.9486,3.96696,3.9623273587355836,3.9637257485004422,3.963405663774457,3.962185216892647,3.9715876337453673,3.9655010373800668,3.962985712785337
275.3,31.74304,-2.88902,27.9299,92.353,27.9299,27.9299,27.9299,27.9299,3.96788,3.9678327744009394,3.9639089986303655,3.965568966623913,3.967382141866999,3.9649944716022842,3.9640479494095855,3.9675767941792497
275.4,31.74464,-2.89853,27.9841,92.35,27.9841,27.9841,27.9841,27.9841,3.96808,3.9691930231302193,3.9724441155999926,3.9635088471751208,3.973037844198511,3.9644194203441003,3.964769452159543,3.9662903421056352
275.5,31.73536,-2.908,27.8596,92.347,27.8596,27.8596,27.8596,27.8596,3.96692,3.964597577080793,3.9643128235384237,3.9694398783828793,3.9649160755424067,3.965723031011883,3.963410223739669,3.964642851116843
275.6,31.75064,-2.90024,27.9512,92.344,27.9512,27.9512,27.9512,27.9512,3.96883,3.97180481430436,3.9706371452238725,3.9674499990607006,3.971387423562984,3.963959029734966,3.9645995269609404,3.9736003871278727
275.7,31.72752,-2.92661,27.8755,92.342,27.8755,27.8755,27.8755,27.8755,3.96594,3.962325114806263,3.962879756517795,3.967457537261784,3.964655285889499,3.968509051379177,3.9705035443469976,3.9631083595007848
275.8,31.7184,-2.88764,27.9004,92.339,27.9004,27.9004,27.9004,27.9004,3.9648,3.9667313263848416,3.9636002632551564,3.9614347785987403,3.963459017659556,3.9646004882340917,3.9614020174942874,3.963090259708197
275.9,31.76024,-2.90246,27.9517,92.336,27.9517,27.9517,27.9517,27.9517,3.97003,3.965769087554232,3.9676889052983113,3.974060596675053,3.9710568096407552,3.9682555327930764,3.9678656858644596,3.9720399452581474
276.0,31.76016,-2.87727,27.993,92.333,27.993,27.993,27.993,27.993,3.97002,3.9726750407249605,3.971458161821898,3.9702693571124383,3.9683707772607333,3.9733074551539245,3.965102632922915,3.9682850317671763
276.1,31.72552,-2.89412,27.8542,92.331,27.8542,27.8542,27.8542,27.8542,3.96569,3.967135585144367,3.9608836652128625,3.962873892203118,3.966092658996934,3.9653462761177267,3.967116009122513,3.9677094061942983
276.2,31.76608,-2.89653,28.0361,92.328,28.0361,28.0361,28.0361,28.0361,3.97076,3.966760731700926,3.968450672956998,3.9730908529965463,3.9691099920694155,3.973085937139971,3.975025970134109,3.9726428628324513
276.3,31.7292,-2.89399,27.9977,92.325,27.9977,27.9977,27.9977,27.9977,3.96615,3.964277280910114,3.965853504919966,3.9630709798401553,3.9641941833168186,3.9658747630145674,3.967780072404735,3.961954280735932
276.4,31.75016,-2.91463,27.9406,92.322,27.9406,27.9406,27.9406,27.9406,3.96877,3.9677784494463193,3.9670260835505586,3.964742901712047,3.971212991286351,3.9712905318159737,3.9726329140573657,3.963804617356151
276.5,31.76352,-2.90676,27.8744,92.319,27.8744,27.8744,27.8744,27.8744,3.97044,3.9672677427683056,3.9724763891233623,3.9689425717923537,3.967731446420371,3.973062584109026,3.9743612712416665,3.9710632904031473
276.6,31.7428,-2.89801,28.0307,92.317,28.0307,28.0307,28.0307,28.0307,3.96785,3.965909237186558,3.9720802688048993,3.9691718433776484,3.9712484531214933,3.963551946986978,3.9692392790373554,3.9671722295368355
276.7,31.75432,-2.90454,27.9672,92.314,27.9672,27.9672,27.9672,27.9672,3.96929,3.9729406611690994,3.9722090031792794,3.9653482485475107,3.967693474593784,3.970028830899479,3.9718342600189995,3.970567344018963
276.8,31.7308,-2.90865,27.9676,92.311,27.9676,27.9676,27.9676,27.9676,3.96635,3.96423842532243,3.9667179302501596,3.968345623107893,3.969455215926377,3.962384365165609,3.9688191234055106,3.968169882963809
276.9,31.73824,-2.90424,27.8997,92.308,27.8997,27.8997,27.8997,27.8997,3.96728,3.9681848852704564,3.968909848490406,3.9715241251326945,3.9689517826954464,3.9698787809554097,3.970768792011041,3.966078502813036
277.0,31.73776,-2.89934,27.9525,92.306,27.9525,27.9525,27.9525,27.9525,3.96722,3.962739742015637,3.9652589190896648,3.971889306822988,3.9639527483353976,3.9649269131863747,3.9717746800934104,3.9718425280716407
277.1,31.72456,-2.86522,27.9037,92.303,27.9037,27.9037,27.9037,27.9037,3.96557,3.9626822310054797,3.966389646364961,3.967899701860372,3.9678335138186065,3.9609121893997434,3.9687351998972358,3.964205197970856
277.2,31.738,-2.90488,28.0147,92.3,28.0147,28.0147,28.0147,28.0147,3.96725,3.9722281266290347,3.9651672043080173,3.9695739958719862,3.96433738259191,3.969798266524392,3.9680181625939506,3.964403571050077
101.8,32.16672,-2.9221,27.1417,97.172,27.1417,27.1417,27.1417,27.1417,4.02084,4.0225435830912755,4.018757052035597,4.02405984889562,4.020096721059564,4.020825304429468,4.025328581110917,4.0222349002195426
277.3,31.7048,-2.91016,28.0167,92.297,28.0167,28.0167,28.0167,28.0167,3.9631,3.96541980575145,3.9609783377643257,3.9680845221183754,3.9656140955104373,3.9630920840706643,3.9648084721448043,3.9597050018432824
277.4,31.73,-2.90229,27.9335,92.294,27.9335,27.9335,27.9335,27.9335,3.96625,3.9635313342093585,3.968910815331904,3.9634755444834235,3.961398862825612,3.963144114151272,3.9689242187189544,3.96319178981205
277.5,31.73472,-2.87748,27.9081,92.292,27.9081,27.9081,27.9081,27.9081,3.96684,3.9627747733371974,3.964115513600575,3.9678042062576067,3.965370688684573,3.965639420120544,3.964706525689897,3.9641959732017016
277.6,31.73512,-2.8764,27.9912,92.289,27.9912,27.9912,27.9912,27.9912,3.96689,3.965059974542405,3.970492757041269,3.9670631987748632,3.9674383955575903,3.9688150266367273,3.9690866326140988,3.971193855058016
277.7,31.73528,-2.87076,27.9832,92.286,27.9832,27.9832,27.9832,27.9832,3.96691,3.9669985753382884,3.9677148505506206,3.967016261645928,3.963096529065819,3.9650822752650923,3.964634931969074,3.9642781315961235
277.8,31.73936,-2.89909,27.8746,92.283,27.8746,27.8746,27.8746,27.8746,3.96742,3.9638479381438416,3.970980583543641,3.971286079038355,3.969738339498056,3.9677032438700888,3.969010021893418,3.9629548248022908
277.9,31.75208,-2.89038,27.9276,92.281,27.9276,27.9276,27.9276,27.9276,3.96901,3.9704566124118528,3.9651746766769245,3.9711147553424544,3.9716356752418185,3.970580650740177,3.965157614738796,3.9711324994471657
278.0,31.76136,-2.91575,28.0771,92.278,28.0771,28.0771,28.0771,28.0771,3.97017,3.9679607182797554,3.968347603047073,3.9685596979778235,3.971173274561542,3.966186775701867,3.9720351848375124,3.97405820962498
278.1,31.72456,-2.9053,27.9455,92.275,27.9455,27.9455,27.9455,27.9455,3.96557,3.9687981430879717,3.965446294839414,3.9681094038622255,3.9680571459839733,3.963142187337649,3.9700726882959394,3.9656218882067513
278.2,31.71104,-2.91673,27.9606,92.272,27.9606,27.9606,27.9606,27.9606,3.96388,3.9646512054190635,3.96643791468313,3.9630169886298625,3.9653613099570095,3.963084994976983,3.9635887846364315,3.9664883592782068
278.3,31.71464,-2.8929,27.9797,92.269,27.9797,27.9797,27.9797,27.9797,3.96433,3.9646431963768696,3.965923192406105,3.959352903656063,3.966809292615162,3.963568840918517,3.962389126512685,3.960349000697069
278.4,31.72776,-2.89942,27.9139,92.267,27.9139,27.9139,27.9139,27.9139,3.96597,3.9660231425538033,3.9706965382401442,3.9671844149740583,3.963097388579453,3.968524240033557,3.9703101454224443,3.9615880741052902
278.5,31.73072,-2.89661,27.9939,92.264,27.9939,27.9939,27.9939,27.9939,3.96634,3.964017900261491,3.9638586454138838,3.9660608073170973,3.9621122263134976,3.968078202789439,3.970886856334709,3.969861040525953
278.6,31.72048,-2.91269,27.9711,92.261,27.9711,27.9711,27.9711,27.9711,3.96506,3.961621658226324,3.96881777471471,3.9673401713422107,3.9648528647643,3.9618255027221085,3.965641354069265,3.96606203033768
278.7,31.7076,-2.88724,28.0164,92.258,28.0164,28.0164,28.0164,28.0164,3.96345,3.9591625291992334,3.9640712450124456,3.9590484934848815,3.960853783548634,3.9643513691640417,3.9598492009946575,3.962562432119433
278.8,31.72752,-2.93611,27.8482,92.256,27.8482,27.8482,27.8482,27.8482,3.96594,3.967875566740129,3.9673223642091355,3.962800058721803,3.9698256959564477,3.968089079641291,3.964571219293998,3.9685297437496505
278.9,31.74264,-2.90378,27.9711,92.253,27.9711,27.9711,27.9711,27.9711,3.96783,3.963212340238459,3.9700205204866337,3.967523056213046,3.970347601319255,3.9709552294916928,3.969202050582751,3.96829456057624
279.0,31.75232,-2.9016,27.9629,92.25,27.9629,27.9629,27.9629,27.9629,3.96904,3.9703943226862797,3.9647893291909018,3.9684096523345724,3.9677944278898427,3.9653016256404903,3.9657188926945937,3.970966439287254
279.1,31.7244,-2.93032,27.8657,92.247,27.8657,27.8657,27.8657,27.8657,3.96555,3.967750831623167,3.9629021905667194,3.967183755521868,3.970061977280841,3.966768731883591,3.969739522710206,3.96618411700484
279.2,31.72768,-2.89424,27.9352,92.244,27.9352,27.9352,27.9352,27.9352,3.96596,3.970640186715942,3.967395739093865,3.961116604029031,3.965987030597734,3.9646528954233498,3.968581012773969,3.9636763169425424
279.3,31.71512,-2.9026,27.9753,92.242,27.9753,27.9753,27.9753,27.9753,3.96439,3.96409589095307,3.9597180390565727,3.9684787484032378,3.963893148648236,3.9656217081648877,3.967505606248982,3.9685118856243866
279.4,31.73632,-2.89158,27.9552,92.239,27.9552,27.9552,27.9552,27.9552,3.96704,3.9638278914682057,3.9702542849015603,3.9670645926759596,3.971784617031643,3.968753738989513,3.967275266689255,3.96588962702677
279.5,31.71648,-2.87,27.9512,92.236,27.9512,27.9512,27.9512,27.9512,3.96456,3.965184472723154,3.966543035062534,3.9692979608934924,3.967362890045319,3.9680150689834908,3.9618084579237878,3.959888253187605
279.6,31.7504,-2.89513,27.9522,92.233,27.9522,27.9522,27.9522,27.9522,3.9688,3.965153931419236,3.9699733397539236,3.966129936515031,3.9735705676949866,3.9651619159844205,3.9656239527659483,3.966453592514816
279.7,31.69352,-2.88541,27.9257,92.231,27.9257,27.9257,27.9257,27.9257,3.96169,3.9601823668300837,3.9643072255010217,3.9652447620614164,3.9666792207375705,3.958587959142188,3.9637112938558325,3.9640198210743725
279.8,31.72752,-2.87929,28.0744,92.228,28.0744,28.0744,28.0744,28.0744,3.96594,3.969865844032287,3.964111041678914,3.963251421183947,3.964386819180585,3.966675918771091,3.963280258448803,3.9706136502412828
279.9,31.7432,-2.89262,27.9742,92.225,27.9742,27.9742,27.9742,27.9742,3.9679,3.9678285996038922,3.9665320185224187,3.9686727486232622,3.9711235485847203,3.9649635645215278,3.9634723244039414,3.972511311545492
280.0,31.74008,-2.91299,27.9736,92.222,27.9736,27.9736,27.9736,27.9736,3.96751,3.9671698331904564,3.9720499910103912,3.9640520690247767,3.9638623510371147,3.966952522714562,3.967936563946048,3.9686518304542897
280.1,31.80008,-2.9246,27.8758,92.219,27.8758,27.8758,27.8758,27.8758,3.97501,3.9786588130118585,3.978668054351814,3.971490603506101,3.9726273292560292,3.9715842622470356,3.97291480765722,3.9720119659336706
280.2,31.7436,-2.89438,27.937,92.217,27.937,27.937,27.937,27.937,3.96795,3.9707334784767805,3.967984537907661,3.9718889684839587,3.966964573565075,3.9683819671928244,3.9702594673074745,3.9697159798003088
280.3,31.71088,-2.906,27.9247,92.214,27.9247,27.9247,27.9247,27.9247,3.96386,3.963840354822638,3.960139243973564,3.968665056954584,3.9687100651618463,3.9597099671164364,3.959589510572957,3.9678718736889853
280.4,31.73248,-2.88075,27.955,92.211,27.955,27.955,27.955,27.955,3.96656,3.9646205589972405,3.9678043472184465,3.964500791748564,3.9619469127043656,3.962712888637107,3.967991929773673,3.9691477894337153
280.5,31.69192,-2.90713,27.9381,92.208,27.9381,27.9381,27.9381,27.9381,3.96149,3.961513864292896,3.9636116606175085,3.9648869640689144,3.9576094856614934,3.9600601628367924,3.9659600161132955,3.9617381081190626
280.6,31.7324,-2.90021,27.9208,92.206,27.9208,27.9208,27.9208,27.9208,3.96655,3.970697538579277,3.9621046510434796,3.961621604220101,3.96184691432953,3.962405934840004,3.967401988101828,3.9700227468918254
101.9,32.18432,-2.89362,27.0667,97.169,27.0667,27.0667,27.0667,27.0667,4.02304,4.025688666587509,4.023010564749294,4.018650608411759,4.026457206126288,4.021894568401898,4.021256860669927,4.0241942150348144
280.7,31.71408,-2.91739,27.9446,92.203,27.9446,27.9446,27.9446,27.9446,3.96426,3.960852913751186,3.963133446326252,3.968951802440136,3.9624409713916444,3.9606260876070705,3.9680559164963483,3.966485589257622
280.8,31.75584,-2.90516,27.8938,92.2,27.8938,27.8938,27.8938,27.8938,3.96948,3.9716751601164306,3.972985601993894,3.9734832225435155,3.970757831880948,3.968842467942053,3.9673417569262552,3.969925020113756
280.9,31.7204,-2.91414,27.9949,92.197,27.9949,27.9949,27.9949,27.9949,3.96505,3.965535367682003,3.9636203384927233,3.9630682202174623,3.9693986914967803,3.966529558445121,3.9672936154012546,3.9640648277143407
281.0,31.73056,-2.91277,28.008,92.194,28.008,28.008,28.008,28.008,3.96632,3.962976595428495,3.961785752208296,3.965323316898748,3.9646702214740137,3.9643485605789994,3.9699003717455694,3.9618096268524208
281.1,31.71792,-2.90079,27.9901,92.192,27.9901,27.9901,27.9901,27.9901,3.96474,3.964313823498242,3.96493980053918,3.9660687530470176,3.9598635415135353,3.9677125307182513,3.9677822228133866,3.963775319914066
281.2,31.77464,-2.9091,28.012,92.189,28.012,28.012,28.012,28.012,3.97183,3.9700501558426495,3.9728459315353697,3.9765955371408994,3.9725939772963126,3.9728150479350908,3.973739342085249,3.974492771549588
281.3,31.72496,-2.86056,28.0083,92.186,28.0083,28.0083,28.0083,28.0083,3.96562,3.968258991998814,3.9651189161410314,3.967344552502344,3.969517826746408,3.9666735461800178,3.9689877517766283,3.963798726461068
281.4,31.7764,-2.88746,27.8845,92.183,27.8845,27.8845,27.8845,27.8845,3.97205,3.9691779388139885,3.9709567842364204,3.9716109091014324,3.975490708219353,3.9706494529606062,3.9742131663153604,3.9724066502212887
281.5,31.75176,-2.88373,28.0516,92.181,28.0516,28.0516,28.0516,28.0516,3.96897,3.966134824565543,3.96573966697357,3.9709518664066996,3.9720254420335683,3.96964848377651,3.964720653592506,3.970426246807869
281.6,31.74352,-2.90166,28.0147,92.178,28.0147,28.0147,28.0147,28.0147,3.96794,3.965234699572216,3.964315930048124,3.9672675119155065,3.9649411665751146,3.963191316729775,3.9666526640546476,3.963838703101584
281.7,31.74064,-2.89841,27.8484,92.175,27.8484,27.8484,27.8484,27.8484,3.96758,3.962767775580292,3.9644650594705553,3.9698755651683286,3.9634241313001675,3.963271000790208,3.9669051629243124,3.970404734628151
281.8,31.74096,-2.90644,27.9179,92.172,27.9179,27.9179,27.9179,27.9179,3.96762,3.9674787525666737,3.969237796111934,3.968179187284097,3.9633695610655537,3.9656385015216333,3.9694479053704925,3.966819075212865
281.9,31.68504,-2.86063,27.89,92.169,27.89,27.89,27.89,27.89,3.96063,3.9580637476265252,3.9597159958830126,3.956186421044158,3.965235615323905,3.9635533160051137,3.965165230762337,3.955858276970292
282.0,31.7244,-2.90163,27.9905,92.167,27.9905,27.9905,27.9905,27.9905,3.96555,3.9635535223039597,3.9650749399955334,3.963986729764984,3.9693399190751517,3.9646243418697025,3.9639607270437103,3.962937689844243
282.1,31.75112,-2.90906,27.9328,92.164,27.9328,27.9328,27.9328,27.9328,3.96889,3.9725914432992355,3.96527999826984,3.97331697723576,3.973152033488282,3.9731922473209154,3.9691695789533514,3.9722275870410835
282.2,31.72944,-2.91131,27.9668,92.161,27.9668,27.9668,27.9668,27.9668,3.96618,3.9701878916846267,3.962599648348313,3.968738816665381,3.96131434136888,3.9633777408832516,3.9612330430721303,3.968641732708114
282.3,31.69664,-2.89497,28.0699,92.158,28.0699,28.0699,28.0699,28.0699,3.96208,3.9600878963101307,3.965055496658476,3.9596822734548978,3.9643556013520915,3.9632148272607983,3.9628716278243132,3.964350363578061
282.4,31.72888,-2.87868,28.053,92.156,28.053,28.053,28.053,28.053,3.96611,3.9615230773488133,3.968141129061033,3.9638549005992747,3.962270032279634,3.965044590607375,3.966929294333896,3.9682584843021678
282.5,31.7708,-2.8837,27.9093,92.153,27.9093,27.9093,27.9093,27.9093,3.97135,3.9733110275506003,3.966838639773341,3.970264714137554,3.9695326884268396,3.9683625000867835,3.9727260741727513,3.9743874503821393
282.6,31.7596,-2.91134,27.9947,92.15,27.9947,27.9947,27.9947,27.9947,3.96995,3.9677919314071537,3.97108559912209,3.966987441945322,3.974240947116456,3.9656427675354333,3.9670961038445447,3.9687618115018353
282.7,31.72792,-2.91171,28.0773,92.147,28.0773,28.0773,28.0773,28.0773,3.96599,3.964721654988996,3.965750454809856,3.968843094429277,3.969871924142662,3.9656485729222815,3.9647603230073094,3.9700210947790864
282.8,31.752,-2.88131,27.9133,92.144,27.9133,27.9133,27.9133,27.9133,3.969,3.9697725308725804,3.9668532689857328,3.967289823052534,3.9667083740973084,3.9729235086410943,3.973059943200112,3.966076415480052
282.9,31.72016,-2.86848,28.0267,92.142,28.0267,28.0267,28.0267,28.0267,3.96502,3.9671042969305517,3.9658136357376454,3.9681764146783123,3.961149097571281,3.9612576339289056,3.964283501739794,3.9678985530013287
283.0,31.68784,-2.90218,27.959,92.139,27.959,27.959,27.959,27.959,3.96098,3.961083942577429,3.9585851811151613,3.958402135397375,3.9576183378286878,3.964131503226184,3.96294074245893,3.9656127506149104
283.1,31.70632,-2.8819,27.9131,92.136,27.9131,27.9131,27.9131,27.9131,3.96329,3.962068939551555,3.966544771589735,3.9620216849073393,3.9640479868902427,3.9682458361204027,3.9659817357745752,3.9652978736202584
283.2,31.76576,-2.92199,28.0609,92.133,28.0609,28.0609,28.0609,28.0609,3.97072,3.9704382044383233,3.97257962274488,3.9676816431163107,3.968757018894376,3.9741480197483763,3.970597996670536,3.96758421660861
283.3,31.72144,-2.91265,27.9448,92.131,27.9448,27.9448,27.9448,27.9448,3.96518,3.967738663122973,3.962657999588844,3.9692696350918384,3.9618886658552146,3.9652173091998364,3.9629386455860955,3.9689985103988734
283.4,31.722,-2.91514,27.962,92.128,27.962,27.962,27.962,27.962,3.96525,3.9603449448681634,3.967757845241801,3.9689340015260814,3.9607520939209038,3.961563949632251,3.9676230406317154,3.969566313473013
283.5,31.7204,-2.89382,27.9502,92.125,27.9502,27.9502,27.9502,27.9502,3.96505,3.967901216443221,3.9618912242208713,3.9629314931783592,3.9648217354827833,3.9607121932042806,3.964928238425584,3.962911757547401
283.6,31.77304,-2.90268,28.0351,92.122,28.0351,28.0351,28.0351,28.0351,3.97163,3.976146072188283,3.973176328705115,3.971985609430576,3.9714130352001593,3.9706190002024786,3.975805808683137,3.9670184373740285
102.0,32.18648,-2.90366,27.0245,97.167,27.0245,27.0245,27.0245,27.0245,4.02331,4.023206602666535,4.022673233673523,4.022297275656827,4.026511886758509,4.021236420105263,4.024515163832048,4.021780419096574
283.7,31.76616,-2.89643,28.0314,92.119,28.0314,28.0314,28.0314,28.0314,3.97077,3.975539789593137,3.9753513585905274,3.966276450696505,3.9751129594310632,3.9709724011196847,3.967526456281004,3.9744266696426487
283.8,31.78016,-2.88171,27.9284,92.117,27.9284,27.9284,27.9284,27.9284,3.97252,3.9716366923180626,3.9753580897077794,3.9759929780840757,3.9684702882624387,3.970052459686096,3.9762717887936345,3.9690287948508147
283.9,31.7228,-2.9098,27.9803,92.114,27.9803,27.9803,27.9803,27.9803,3.96535,3.970214678943991,3.962265771990913,3.9676652048874765,3.966902218791231,3.9626547728436146,3.963978808831491,3.9656376647036047
284.0,31.73352,-2.89859,27.9959,92.111,27.9959,27.9959,27.9959,27.9959,3.96669,3.9633400793779594,3.9693447074730575,3.9625412755670424,3.9664077017469457,3.968725277949811,3.962032309017643,3.965411628589271
284.1,31.68976,-2.92007,28.0328,92.108,28.0328,28.0328,28.0328,28.0328,3.96122,3.958210126521628,3.961815118286054,3.9598608668989,3.962274850255665,3.963317029287947,3.9611621341946943,3.965703987141967
284.2,31.76144,-2.88254,27.9383,92.106,27.9383,27.9383,27.9383,27.9383,3.97018,3.966293916759503,3.9661290730896757,3.9718086080886077,3.9741469826183606,3.9711047806409865,3.9670219911164875,3.9696761894295567
284.3,31.69768,-2.88355,28.0582,92.103,28.0582,28.0582,28.0582,28.0582,3.96221,3.958373508917902,3.9615699849983845,3.9608500753083007,3.961132148944165,3.957574613620627,3.962975032225208,3.960735237413342
284.4,31.73072,-2.89457,28.0246,92.1,28.0246,28.0246,28.0246,28.0246,3.96634,3.97030631300581,3.9631205537901044,3.965001628395187,3.961920564073577,3.9647295116000913,3.962804132718864,3.9650207109154456
284.5,31.69896,-2.8982,27.9192,92.097,27.9192,27.9192,27.9192,27.9192,3.96237,3.9578087818418846,3.966421035546106,3.9650611440092103,3.960288177259212,3.9623588594317942,3.957704382348761,3.96402109558272
284.6,31.71088,-2.90764,28.0057,92.094,28.0057,28.0057,28.0057,28.0057,3.96386,3.9638174208416608,3.9674031648181605,3.9633020406031565,3.959319769039174,3.963020076156097,3.9628332992140987,3.961918251095994
284.7,31.70472,-2.92093,28.0065,92.092,28.0065,28.0065,28.0065,28.0065,3.96309,3.9605111997290354,3.963152270265363,3.961749755742183,3.965693111228793,3.9625001575454313,3.9617079899281795,3.9662080521908307
284.8,31.71,-2.89542,27.935,92.089,27.935,27.935,27.935,27.935,3.96375,3.9610511902660432,3.9663899021434736,3.962541760352758,3.964330545533509,3.963605602327328,3.9667156763327593,3.9667163283056537
284.9,31.71136,-2.88866,28.0036,92.086,28.0036,28.0036,28.0036,28.0036,3.96392,3.963309736618784,3.9634093013591856,3.9689197138848358,3.963821800842214,3.964794093052172,3.96352838120912,3.964574047742858
285.0,31.71096,-2.86971,27.9787,92.083,27.9787,27.9787,27.9787,27.9787,3.96387,3.962141820633969,3.96240896468237,3.95949760784346,3.964743617176081,3.960297729585512,3.9641803102054385,3.965554324284091
285.1,31.74384,-2.9059,27.8871,92.081,27.8871,27.8871,27.8871,27.8871,3.96798,3.9651472480957244,3.9707225999436,3.967703184616209,3.9722050538139637,3.971381497176281,3.9665953452572484,3.966416907616992
285.2,31.69712,-2.89595,27.7877,92.078,27.7877,27.7877,27.7877,27.7877,3.96214,3.9606107589182207,3.9638290311596895,3.957225115561406,3.9579053427023605,3.9583911762799753,3.9655820977623204,3.966140457798024
285.3,31.72872,-2.88328,28.1029,92.075,28.1029,28.1029,28.1029,28.1029,3.96609,3.961708579760149,3.961385760275996,3.968491087128787,3.9702096594137903,3.963531566675779,3.961591241402763,3.961320620506911
285.4,31.7524,-2.88283,27.973,92.072,27.973,27.973,27.973,27.973,3.96905,3.966300261662463,3.9723980623777373,3.9695680639201076,3.9726220888151724,3.96521210981627,3.972237886403552,3.9683971583032345
285.5,31.71064,-2.90934,27.9873,92.069,27.9873,27.9873,27.9873,27.9873,3.96383,3.9677067069216942,3.9618175237824085,3.9668129929249876,3.9626091514504673,3.9668830783094777,3.963244362588665,3.9655387537969884
285.6,31.70552,-2.90419,27.9197,92.067,27.9197,27.9197,27.9197,27.9197,3.96319,3.9625608739222518,3.967097878484703,3.9664034012955303,3.960005712404563,3.9627927522990767,3.96650707302984,3.965638019243385
285.7,31.71696,-2.90788,27.9459,92.064,27.9459,27.9459,27.9459,27.9459,3.96462,3.962327606056114,3.967840598174899,3.9636085137676513,3.9615237851919063,3.960010735760477,3.969486904591259,3.9637444102540584
285.8,31.75056,-2.91353,28.1124,92.061,28.1124,28.1124,28.1124,28.1124,3.96882,3.9720830520011066,3.9712900790524146,3.969135879539404,3.971723523331977,3.9699674380640637,3.965890628943672,3.9698020361621493
285.9,31.72672,-2.87792,28.1278,92.058,28.1278,28.1278,28.1278,28.1278,3.96584,3.9687460711770295,3.9632035527666445,3.9615649650896843,3.9675183659214097,3.9670001848776737,3.9636556388649815,3.9660837760766436
286.0,31.70904,-2.89906,27.8719,92.056,27.8719,27.8719,27.8719,27.8719,3.96363,3.960369132506493,3.9599013326057824,3.9657354577216655,3.963873471224425,3.9616869178868837,3.959857361210877,3.9664529546011313
286.1,31.7332,-2.90111,27.9871,92.053,27.9871,27.9871,27.9871,27.9871,3.96665,3.9623304805779624,3.963978961315112,3.96713579898962,3.9702532977838967,3.971466391243466,3.9715765102065514,3.963688386557645
286.2,31.69488,-2.89628,28.0962,92.05,28.0962,28.0962,28.0962,28.0962,3.96186,3.957656186050939,3.9641858821526164,3.9623796401584164,3.9654612554974413,3.9659468717805786,3.963654608709004,3.9625072917457707
286.3,31.73744,-2.89919,27.9965,92.047,27.9965,27.9965,27.9965,27.9965,3.96718,3.9637934491041538,3.970318279810731,3.967416698659237,3.9708584308096646,3.9664950064814826,3.9638996424345465,3.965100053437389
286.4,31.73064,-2.90331,28.0261,92.044,28.0261,28.0261,28.0261,28.0261,3.96633,3.967186757152602,3.968886214518581,3.9660798271529005,3.9620556754606366,3.9676509251896,3.9654336026094144,3.970810222769868
286.5,31.71328,-2.91142,27.9754,92.042,27.9754,27.9754,27.9754,27.9754,3.96416,3.9616962576169317,3.9663307695169703,3.96424322445651,3.9676984174608227,3.9592531121716155,3.9634528002319045,3.9660427331914363
286.6,31.70032,-2.87652,28.0169,92.039,28.0169,28.0169,28.0169,28.0169,3.96254,3.9603725269952874,3.963809506409382,3.9655038527001447,3.9640006191831088,3.9645788860477955,3.9603692895372533,3.960938350046541
286.7,31.69888,-2.90855,28.0732,92.036,28.0732,28.0732,28.0732,28.0732,3.96236,3.95978349157369,3.9652731008972286,3.965443153284033,3.962195904397105,3.957413005277435,3.964412554378499,3.9640604240020383
286.8,31.7328,-2.91396,28.0183,92.033,28.0183,28.0183,28.0183,28.0183,3.9666,3.9684210491202503,3.969772189839514,3.9702798268790445,3.9692357243763534,3.9676106033535863,3.964999077344948,3.9711554605319446
286.9,31.7492,-2.90121,27.9145,92.031,27.9145,27.9145,27.9145,27.9145,3.96865,3.967224524239432,3.967004389635357,3.9667341633980198,3.9710122614041934,3.9676549697955195,3.9682584523779427,3.964299573719777
287.0,31.70416,-2.86764,27.9501,92.028,27.9501,27.9501,27.9501,27.9501,3.96302,3.9646487362869185,3.9639020200596966,3.9642389141706995,3.962480336541417,3.960649517279239,3.966538131927315,3.9611897085469536
287.1,31.73024,-2.91232,28.0348,92.025,28.0348,28.0348,28.0348,28.0348,3.96628,3.9614003413651124,3.967402987565654,3.9645936370787953,3.9706546290326226,3.9704408721013973,3.9640998690465734,3.9656080283346617
287.2,31.66896,-2.88936,27.9848,92.022,27.9848,27.9848,27.9848,27.9848,3.95862,3.9553438984375555,3.956108137587855,3.96269733633688,3.9550542693231665,3.958393050961352,3.9576295452348216,3.9600682145574684
287.3,31.7048,-2.90369,27.9566,92.019,27.9566,27.9566,27.9566,27.9566,3.9631,3.9583043722145117,3.961475951988668,3.962216430945249,3.964802931373794,3.9613883236785594,3.9585365111872184,3.965139710015329
287.4,31.71784,-2.89633,27.9244,92.017,27.9244,27.9244,27.9244,27.9244,3.96473,3.966191170268035,3.9625229044514674,3.9629416309425274,3.9654072449949633,3.965464782516762,3.9598352659277496,3.9635974111560515
287.5,31.69648,-2.88617,27.9304,92.014,27.9304,27.9304,27.9304,27.9304,3.96206,3.9594871960122355,3.9580103658909107,3.9591947760451585,3.957128868043775,3.958828396102138,3.9576563480583755,3.9581074807869636
102.1,32.15992,-2.87706,27.1164,97.164,27.1164,27.1164,27.1164,27.1164,4.01999,4.016619305969328,4.022108498123155,4.0236452899392825,4.021679917443043,4.020451285265381,4.017980608753154,4.022452154782977
287.6,31.6956,-2.9258,27.9478,92.011,27.9478,27.9478,27.9478,27.9478,3.96195,3.9586440169802795,3.964845949378908,3.960543432924634,3.9628524278275643,3.9594956392367977,3.964866121182166,3.957218220178977
287.7,31.70184,-2.91345,28.0186,92.008,28.0186,28.0186,28.0186,28.0186,3.96273,3.962783641295988,3.9644716578182178,3.9593232452636866,3.9657833952449284,3.962581823649029,3.9674945230548224,3.965628243375513
287.8,31.72464,-2.88638,27.9606,92.006,27.9606,27.9606,27.9606,27.9606,3.96558,3.9672691389980215,3.9648648323039932,3.965057672619543,3.9657503745962357,3.964975860719134,3.963644338483436,3.9632065821313596
287.9,31.71288,-2.89854,28.0028,92.003,28.0028,28.0028,28.0028,28.0028,3.96411,3.959763127040617,3.966788671383064,3.964349505106615,3.9684284107073813,3.9669309487197504,3.9676166243304833,3.964822077267489
288.0,31.66344,-2.89682,28.0021,92.0,28.0021,28.0021,28.0021,28.0021,3.95793,3.9628150374382867,3.9559341623023827,3.9538920476964425,3.9588157752147524,3.9574221711589046,3.95865759307437,3.961705223176208
288.1,31.66608,-2.88933,28.0392,91.997,28.0392,28.0392,28.0392,28.0392,3.95826,3.954386542884719,3.9588159207896547,3.9593714059315674,3.9582436840416806,3.958137681750701,3.9621321494457566,3.954521416782692
288.2,31.70216,-2.91334,27.9442,91.994,27.9442,27.9442,27.9442,27.9442,3.96277,3.966476399193278,3.9656866779094573,3.9675241606013296,3.9613899255020057,3.9638282773161437,3.957987900756098,3.9646946858438397
288.3,31.72744,-2.88417,28.091,91.992,28.091,28.091,28.091,28.091,3.96593,3.9706626542341685,3.96121248067448,3.963582375093327,3.963282567598796,3.965423570372031,3.966720612447806,3.9660183688431916
288.4,31.65032,-2.8877,27.8889,91.989,27.8889,27.8889,27.8889,27.8889,3.95629,3.955381876293692,3.9520387925328704,3.9536124132016015,3.95742221274639,3.955599322777702,3.9597730051380555,3.9571718097315878
288.5,31.704,-2.89643,27.9754,91.986,27.9754,27.9754,27.9754,27.9754,3.963,3.967118081321574,3.959097518189053,3.960610187084248,3.9616094600135945,3.966738970093242,3.9672047920128923,3.9621108476530145
288.6,31.7032,-2.89298,27.9699,91.983,27.9699,27.9699,27.9699,27.9699,3.9629,3.964093552052554,3.959476116448263,3.96610027260445,3.9651611161124647,3.9678296256929553,3.967083057193774,3.9588159915133976
288.7,31.74888,-2.88253,27.9485,91.981,27.9485,27.9485,27.9485,27.9485,3.96861,3.964170853952553,3.972431148623832,3.970821864388478,3.969651321314388,3.968374056428313,3.966982948191903,3.9653761851293123
288.8,31.70608,-2.90891,27.8641,91.978,27.8641,27.8641,27.8641,27.8641,3.96326,3.9652640405329223,3.9592998996348956,3.9650995987888025,3.9593559650890757,3.9681976073232454,3.9629815432080147,3.960251126782084
288.9,31.72432,-2.89008,28.0696,91.975,28.0696,28.0696,28.0696,28.0696,3.96554,3.9640934158767442,3.960906741649442,3.967170677697384,3.965126674772587,3.969826909159698,3.9643915820753564,3.961925861830634
289.0,31.71824,-2.87383,28.047,91.972,28.047,28.047,28.047,28.047,3.96478,3.965328351776364,3.9625592787516726,3.967753826065755,3.961266380764863,3.966015991883489,3.967340890753162,3.9667614489246796
289.1,31.66352,-2.89039,28.0277,91.969,28.0277,28.0277,28.0277,28.0277,3.95794,3.962331401262615,3.962762909366718,3.959312760973712,3.9562724745525752,3.9546209397550554,3.956545952878624,3.9605603150114237
289.2,31.73288,-2.90334,27.9546,91.967,27.9546,27.9546,27.9546,27.9546,3.96661,3.9652340174790193,3.9637725505428083,3.9682305740822033,3.9649705238285358,3.961989034807104,3.9628849947944476,3.9691358762514994
289.3,31.71936,-2.86523,27.9683,91.964,27.9683,27.9683,27.9683,27.9683,3.96492,3.9625355087641037,3.9655015809640584,3.9627342324542862,3.9635274398073683,3.9677889660728782,3.967722756028787,3.9697766951429005
289.4,31.72616,-2.89654,27.979,91.961,27.979,27.979,27.979,27.979,3.96577,3.96397233384687,3.966482679931147,3.969459039816568,3.96115021254207,3.9683525034477904,3.9663021312987627,3.968889466691698
289.5,31.80792,-2.87902,27.9852,91.958,27.9852,27.9852,27.9852,27.9852,3.97599,3.9739306826013965,3.98093106404559,3.974032587451053,3.9765526498743466,3.9712919303312737,3.971306197039662,3.974910656634022
289.6,31.66344,-2.90632,28.0478,91.956,28.0478,28.0478,28.0478,28.0478,3.95793,3.9542577890789374,3.953514451288452,3.953664067872313,3.960287820543816,3.9576545365494207,3.9619036773795417,3.9627774229277293
289.7,31.75464,-2.88398,27.9709,91.953,27.9709,27.9709,27.9709,27.9709,3.96933,3.9649747030659386,3.9702271688189756,3.9706201240211048,3.970643116254219,3.9742370191179535,3.967957497327105,3.970348841617918
289.8,31.70616,-2.9082,27.9496,91.95,27.9496,27.9496,27.9496,27.9496,3.96327,3.96259992744591,3.9663657960878935,3.967662567758363,3.9628959390506284,3.967714324082714,3.964776543421192,3.9621158003485517
289.9,31.71968,-2.89515,28.0103,91.947,28.0103,28.0103,28.0103,28.0103,3.96496,3.964222010348276,3.964479392895614,3.9683589418643055,3.9666176594755864,3.9693760419925987,3.969353476357155,3.962880589495528
290.0,31.71152,-2.9091,28.0045,91.944,28.0045,28.0045,28.0045,28.0045,3.96394,3.9594910164422212,3.958985922281331,3.9681922740607907,3.960516943562612,3.965712763080112,3.9628373303711624,3.959618892195144
290.1,31.70216,-2.87148,28.0326,91.942,28.0326,28.0326,28.0326,28.0326,3.96277,3.962011759203552,3.9630597649777775,3.9603987869032338,3.960513362338088,3.9626984177382014,3.9604834353971565,3.964961262911695
290.2,31.69848,-2.90332,28.0862,91.939,28.0862,28.0862,28.0862,28.0862,3.96231,3.9645492921122947,3.965534383789214,3.96010217575771,3.9578879777444174,3.965972570347601,3.9609068557947773,3.965229911331561
290.3,31.71976,-2.91662,27.9789,91.936,27.9789,27.9789,27.9789,27.9789,3.96497,3.962243553761196,3.9660649017573624,3.9646887588426982,3.968372945729042,3.9609308799407392,3.963129623340901,3.9668084268155117
290.4,31.67528,-2.89857,28.0598,91.933,28.0598,28.0598,28.0598,28.0598,3.95941,3.963381999863641,3.959103069241233,3.955935790380643,3.9548517022416347,3.959064605976094,3.9607119133006004,3.9638930673838404
290.5,31.72944,-2.89194,28.0128,91.931,28.0128,28.0128,28.0128,28.0128,3.96618,3.9665953393747664,3.9626872207919344,3.9678344645628525,3.962796008977888,3.964743610102122,3.9632256666459798,3.963629168447723
290.6,31.7012,-2.9004,28.0662,91.928,28.0662,28.0662,28.0662,28.0662,3.96265,3.964208388092084,3.9655193753857874,3.96161603353747,3.958132152568909,3.964786729516756,3.9633973480436193,3.9642809241546937
290.7,31.68384,-2.9122,28.0792,91.925,28.0792,28.0792,28.0792,28.0792,3.96048,3.9600529888116625,3.957344743466051,3.959815298973591,3.961992866485846,3.9589751848815005,3.9589277160618486,3.963867744001205
290.8,31.69992,-2.88444,27.9603,91.922,27.9603,27.9603,27.9603,27.9603,3.96249,3.9605753921316382,3.9608253427190583,3.9644193221514987,3.9626640735785337,3.958338102350468,3.9622084647495615,3.9646127463338177
102.2,32.1728,-2.91243,27.0018,97.161,27.0018,27.0018,27.0018,27.0018,4.0216,4.017814145005835,4.020156909146464,4.0213256484189035,4.021131169404042,4.02172173894768,4.021532858989587,4.026150755643841
290.9,31.74064,-2.88111,28.1249,91.919,28.1249,28.1249,28.1249,28.1249,3.96758,3.964456209694847,3.9709638530984974,3.962729342195954,3.9678343954732647,3.9638867897417374,3.9690287772136714,3.9693811513871657
291.0,31.69744,-2.92472,28.0175,91.917,28.0175,28.0175,28.0175,28.0175,3.96218,3.965249897927288,3.9641224616937336,3.9612416128816417,3.964111627673775,3.963201149298016,3.965563835400988,3.9604344691078452
291.1,31.71864,-2.91316,27.9383,91.914,27.9383,27.9383,27.9383,27.9383,3.96483,3.963279499487703,3.963533084905632,3.9685272793561968,3.968277557676955,3.961425856803402,3.969755944039759,3.963446721065846
291.2,31.69224,-2.90239,27.9392,91.911,27.9392,27.9392,27.9392,27.9392,3.96153,3.958547459450272,3.957216363126427,3.962638725493975,3.966097229137308,3.961562870595928,3.95734961188774,3.962398886602581
291.3,31.72776,-2.90796,28.0964,91.908,28.0964,28.0964,28.0964,28.0964,3.96597,3.968590102576003,3.968606532271321,3.9696906913802827,3.964219124865038,3.970668471139802,3.964130445979502,3.9656822753186978
291.4,31.72584,-2.89211,28.0874,91.906,28.0874,28.0874,28.0874,28.0874,3.96573,3.9626178979934483,3.969579224668042,3.966166626316626,3.962552920505291,3.968565839401967,3.968815988178372,3.964357986124132
291.5,31.75352,-2.87241,28.0748,91.903,28.0748,28.0748,28.0748,28.0748,3.96919,3.9739453599741266,3.965633176436388,3.9707508856350877,3.9741783868485934,3.970236856009865,3.9711084993327628,3.96581239147901
291.6,31.70472,-2.90571,27.977,91.9,27.977,27.977,27.977,27.977,3.96309,3.958325208027293,3.964875215169597,3.958911273173451,3.9644243865350206,3.9581023241830873,3.9635898419379316,3.959868858363191
291.7,31.72472,-2.87635,27.9875,91.897,27.9875,27.9875,27.9875,27.9875,3.96559,3.9625644462432805,3.960623960034531,3.968075779716979,3.968742714432057,3.9674575312371325,3.9645316887747306,3.9655954772759747
291.8,31.7108,-2.92202,27.9158,91.894,27.9158,27.9158,27.9158,27.9158,3.96385,3.961176466838686,3.9593531049127417,3.968799650712224,3.9605394531338898,3.9591152838437362,3.961703690406165,3.9638124083602606
291.9,31.73928,-2.89316,27.9933,91.892,27.9933,27.9933,27.9933,27.9933,3.96741,3.970750193282764,3.970450550269366,3.9685167762008087,3.969026320972842,3.967422877263142,3.9631322259091215,3.9716182103856297
292.0,31.69072,-2.90892,28.0216,91.889,28.0216,28.0216,28.0216,28.0216,3.96134,3.965692408040708,3.965448706748712,3.9662516317722822,3.961792815555922,3.959787782214831,3.957109003168039,3.9620871568872547
292.1,31.7256,-2.89284,28.1018,91.886,28.1018,28.1018,28.1018,28.1018,3.9657,3.9641151782736217,3.9635381402885463,3.9690454139928746,3.9650597371787755,3.96173676803276,3.9644374373539857,3.9698748468741933
292.2,31.70288,-2.92635,27.9957,91.883,27.9957,27.9957,27.9957,27.9957,3.96286,3.9671124166838445,3.9638111808301377,3.9645245388408665,3.9644419225360497,3.9594610561472496,3.966313074617182,3.9606031617151145
292.3,31.70576,-2.91928,27.9927,91.881,27.9927,27.9927,27.9927,27.9927,3.96322,3.9586176834702895,3.967344887308624,3.962932980978446,3.9625652782484946,3.9644505398786505,3.9654437990602545,3.9617224235748485
292.4,31.70928,-2.89287,28.0306,91.878,28.0306,28.0306,28.0306,28.0306,3.96366,3.959769359953998,3.96835134151143,3.9601930546979105,3.9615435791122993,3.9623332905048687,3.963376872925147,3.958772637509584
292.5,31.71288,-2.90945,28.0647,91.875,28.0647,28.0647,28.0647,28.0647,3.96411,3.9640081746855387,3.9621051196803747,3.9645882432946187,3.9597193109922313,3.962071708705983,3.964999873138838,3.9619838038741384
292.6,31.70384,-2.90485,28.1073,91.872,28.1073,28.1073,28.1073,28.1073,3.96298,3.962486483729612,3.9602378824082898,3.9656484370364504,3.964250326577585,3.9661731446262265,3.964719227627085,3.958035352169164
292.7,31.71152,-2.87246,27.9726,91.869,27.9726,27.9726,27.9726,27.9726,3.96394,3.968031518510675,3.9589751604323036,3.965826418253805,3.968837707031718,3.9626800517091842,3.9672560225403903,3.9642619883539645
292.8,31.744,-2.89794,28.0048,91.867,28.0048,28.0048,28.0048,28.0048,3.968,3.971195234107666,3.9642129968174316,3.972419084033225,3.9715833145031016,3.9701267708480628,3.9659028536751078,3.9717494907061686
292.9,31.7296,-2.88648,28.0237,91.864,28.0237,28.0237,28.0237,28.0237,3.9662,3.9703468369962813,3.9617149454261833,3.96434952945936,3.965046106542765,3.9642592757501705,3.9680302128058083,3.965632716411459
293.0,31.72656,-2.91139,28.0,91.861,28.0,28.0,28.0,28.0,3.96582,3.9623762540520695,3.9704754316838056,3.9707651786623983,3.9662191923679915,3.965435880750628,3.9682268166568617,3.9621282939987834
293.1,31.69456,-2.92012,27.9792,91.858,27.9792,27.9792,27.9792,27.9792,3.96182,3.9575242885398594,3.962106784783386,3.9652336176805796,3.9637621961043505,3.959770286604366,3.962270157230461,3.964215966989416
293.2,31.68392,-2.90121,28.0015,91.856,28.0015,28.0015,28.0015,28.0015,3.96049,3.9580008826559316,3.959214871842466,3.9611616047867493,3.959645687091541,3.9628565202604857,3.959594346180442,3.9571094969091605
293.3,31.72792,-2.92236,27.9443,91.853,27.9443,27.9443,27.9443,27.9443,3.96599,3.9692813370955093,3.9640087363186254,3.9699317875323317,3.96539605034643,3.9705567964127892,3.9672973215041143,3.9661653225538585
293.4,31.72584,-2.91048,27.9815,91.85,27.9815,27.9815,27.9815,27.9815,3.96573,3.9617767189268913,3.9682140930734473,3.9703222640886886,3.9650405977581005,3.960830367079364,3.9651630756290728,3.963367937422831
293.5,31.73992,-2.89643,27.9443,91.847,27.9443,27.9443,27.9443,27.9443,3.96749,3.9705350374836756,3.9654279049128154,3.9643083247765922,3.9692845623580464,3.9636010570531965,3.9686938017574276,3.965938380727714
293.6,31.68984,-2.90167,28.0195,91.844,28.0195,28.0195,28.0195,28.0195,3.96123,3.9611382365853007,3.9622142458955087,3.963698981416387,3.958804801350434,3.961633906264762,3.963764821618615,3.9646827288660007
102.3,32.22456,-2.89377,27.0455,97.158,27.0455,27.0455,27.0455,27.0455,4.02807,4.024534254524707,4.02919095002815,4.025898760291833,4.0279331571028925,4.025263128668405,4.031492881086656,4.027802839955773
293.7,31.69856,-2.89498,27.9958,91.842,27.9958,27.9958,27.9958,27.9958,3.96232,3.9586271816995313,3.966608385874033,3.9576119371616936,3.9600835172309687,3.959711325311153,3.958097235386172,3.964682874897471
293.8,31.66448,-2.891,27.987,91.839,27.987,27.987,27.987,27.987,3.95806,3.961940913505803,3.9582816859041965,3.962880250459313,3.9584471602476046,3.9547197158969927,3.954527559230467,3.9595352862114757
293.9,31.69424,-2.91794,28.0212,91.836,28.0212,28.0212,28.0212,28.0212,3.96178,3.9647501278022093,3.965312786632922,3.963263597106728,3.9641937417049515,3.964284775773043,3.9654206733981745,3.9635312878262163
294.0,31.72728,-2.91413,27.8723,91.833,27.8723,27.8723,27.8723,27.8723,3.96591,3.9653372026018383,3.9701353091543883,3.967691558363943,3.968467118537773,3.9676139363321608,3.9671796004066895,3.96375285630009
294.1,31.692,-2.93268,28.0021,91.831,28.0021,28.0021,28.0021,28.0021,3.9615,3.96161536451207,3.9642443751866296,3.958352407576876,3.957902514893185,3.960317252883031,3.959829581980531,3.9582147162748242
294.2,31.71832,-2.90556,28.0333,91.828,28.0333,28.0333,28.0333,28.0333,3.96479,3.9697077135800782,3.96621462933686,3.966584114259687,3.9602943305297655,3.959883832937495,3.968409761413261,3.9602606494650674
294.3,31.69816,-2.88895,28.0806,91.825,28.0806,28.0806,28.0806,28.0806,3.96227,3.958958469549184,3.9650153450747405,3.9582817624204742,3.9572871483079166,3.9662880874678597,3.9649739705895355,3.9642974494504233
294.4,31.71024,-2.87763,28.0591,91.822,28.0591,28.0591,28.0591,28.0591,3.96378,3.9617539531355197,3.9686724593470974,3.9671501694678204,3.9685229525318158,3.9652203123542287,3.9650197444224116,3.967084376587193
294.5,31.67472,-2.89714,28.0992,91.819,28.0992,28.0992,28.0992,28.0992,3.95934,3.962215146248921,3.9548427829483495,3.95892349307513,3.956933063093404,3.9635678942553416,3.956593441396951,3.9640716126582447
294.6,31.70408,-2.8794,27.9375,91.817,27.9375,27.9375,27.9375,27.9375,3.96301,3.967118171107005,3.9665053001109714,3.9631373926744042,3.9616426950408887,3.9580101959951697,3.9598751072977607,3.9614183343461282
294.7,31.63,-2.89424,28.0867,91.814,28.0867,28.0867,28.0867,28.0867,3.95375,3.953464390175372,3.955119016683276,3.951438499341312,3.956299949545777,3.954428035996404,3.9557033395962002,3.9502589381586493
294.8,31.69712,-2.89839,28.0423,91.811,28.0423,28.0423,28.0423,28.0423,3.96214,3.9587711031505886,3.9625059782606145,3.962662671500785,3.9578468529986783,3.9581165114282517,3.9640459001391437,3.965511309040142
294.9,31.66224,-2.90917,27.9926,91.808,27.9926,27.9926,27.9926,27.9926,3.95778,3.955078235366759,3.9592022531858024,3.958193450518236,3.9558403963603186,3.9537272980531224,3.9530666020983203,3.954176318897934
295.0,31.73008,-2.93578,28.0318,91.806,28.0318,28.0318,28.0318,28.0318,3.96626,3.961283888452244,3.969051781700479,3.9639182551268664,3.9651451975030416,3.965061123869432,3.968412406204153,3.9641257131701377
295.1,31.71952,-2.88165,28.2133,91.803,28.2133,28.2133,28.2133,28.2133,3.96494,3.9622977025074957,3.967537690279385,3.9617279521491544,3.964321290729252,3.963878234773944,3.9674824638802995,3.9606424092894064
295.2,31.71184,-2.9008,28.035,91.8,28.035,28.035,28.035,28.035,3.96398,3.962189254681991,3.9606353834883383,3.9611294719192336,3.961717846206867,3.9680703666039294,3.9680127014528543,3.9648171200011317
295.3,31.73696,-2.87918,28.0315,91.797,28.0315,28.0315,28.0315,28.0315,3.96712,3.967230343771606,3.966353387740737,3.969508852014897,3.963049909549571,3.9694914111832738,3.9686458872445676,3.968765573041862
295.4,31.67744,-2.91424,28.0787,91.794,28.0787,28.0787,28.0787,28.0787,3.95968,3.963129033772441,3.960142959519581,3.963101135919197,3.9617322260286727,3.954944905350005,3.9582224229469514,3.9600172886424
295.5,31.74192,-2.86357,28.0145,91.792,28.0145,28.0145,28.0145,28.0145,3.96774,3.9674103247911345,3.964431942569106,3.9721123782721315,3.970175066389884,3.9666153780147195,3.969267036587253,3.9630565293821167
295.6,31.72208,-2.90373,27.9806,91.789,27.9806,27.9806,27.9806,27.9806,3.96526,3.965019207852056,3.9621620647239695,3.9698770362086906,3.9657611405255264,3.9695106011608057,3.9622286834345593,3.968381695840589
295.7,31.69384,-2.91038,28.1128,91.786,28.1128,28.1128,28.1128,28.1128,3.96173,3.964697330312705,3.964066359344986,3.958033820881672,3.958518314621719,3.9665412105974935,3.963584078495935,3.957475217528454
295.8,31.72656,-2.90322,27.9427,91.783,27.9427,27.9427,27.9427,27.9427,3.96582,3.966195475511061,3.964166085407761,3.9633798961344726,3.963995420779269,3.969848665079324,3.964666483071194,3.9625671448837565
295.9,31.67248,-2.89744,28.0321,91.781,28.0321,28.0321,28.0321,28.0321,3.95906,3.9595564185033,3.954185171285327,3.9559399670678,3.963493426248891,3.961348583337511,3.9597099161768226,3.9610451477887816
296.0,31.67904,-2.90105,28.0261,91.778,28.0261,28.0261,28.0261,28.0261,3.95988,3.9615628239245426,3.959948908339996,3.959672482906569,3.9623138414925525,3.9601011349982986,3.961725000247048,3.9606067847873376
296.1,31.684,-2.90773,27.9805,91.775,27.9805,27.9805,27.9805,27.9805,3.9605,3.9640774438289035,3.9624427134715017,3.960378045993736,3.960240367357755,3.9627838834105336,3.9602363909221836,3.9560806772934085
296.2,31.68568,-2.92705,27.9519,91.772,27.9519,27.9519,27.9519,27.9519,3.96071,3.9634314343930117,3.959327285429873,3.9653832297451985,3.958264971742622,3.9563244671794027,3.958043932164111,3.9574287649166413
296.3,31.6728,-2.91206,28.0237,91.769,28.0237,28.0237,28.0237,28.0237,3.9591,3.9553310892547917,3.9632789604321093,3.9550933288120325,3.957170975696851,3.9549834126432,3.95701938457475,3.9632746353413766
296.4,31.72728,-2.88388,28.0538,91.767,28.0538,28.0538,28.0538,28.0538,3.96591,3.9681052716503498,3.9612965478696722,3.965857213858133,3.966427495956716,3.964147201109191,3.9706522737256975,3.968187780635787
296.5,31.69144,-2.9132,28.0952,91.764,28.0952,28.0952,28.0952,28.0952,3.96143,3.9617720014975593,3.961016677664653,3.9578224220469083,3.9615187422847136,3.9603455226010382,3.9637625170772224,3.9570997477247603
296.6,31.70592,-2.92575,27.9865,91.761,27.9865,27.9865,27.9865,27.9865,3.96324,3.9594739777703074,3.962009838682372,3.9650842455536126,3.9590501258298194,3.964142664749112,3.966592495955158,3.9594203232394753
296.7,31.68352,-2.91583,27.9862,91.758,27.9862,27.9862,27.9862,27.9862,3.96044,3.960508719929868,3.9573843240353077,3.9632731660555653,3.9638056495743115,3.963857062105858,3.9593003612052535,3.9639638121172633
296.8,31.65328,-2.90133,28.1253,91.756,28.1253,28.1253,28.1253,28.1253,3.95666,3.960383308566493,3.958721350884034,3.9518973325550686,3.9519487520556793,3.9602042923273477,3.9529094460590795,3.957506012650241
296.9,31.70328,-2.91139,28.0061,91.753,28.0061,28.0061,28.0061,28.0061,3.96291,3.963872852871148,3.9632186071439084,3.9677308470695714,3.963831905849434,3.959337501783047,3.959891651970687,3.9629607399385605
297.0,31.65064,-2.9042,28.0146,91.75,28.0146,28.0146,28.0146,28.0146,3.95633,3.9533863763390813,3.95952569853984,3.957968860261525,3.958327776053742,3.9558994283495523,3.959735739925387,3.9603701765148114
102.4,32.2144,-2.91257,26.9919,97.156,26.9919,26.9919,26.9919,26.9919,4.0268,4.0281538035090225,4.027989999003304,4.0277009514117115,4.031768566446122,4.031415820747867,4.026176034714622,4.024814425640608
297.1,31.69464,-2.91198,28.1082,91.747,28.1082,28.1082,28.1082,28.1082,3.96183,3.9655849834206554,3.9657200522538285,3.963132008263056,3.9632978857103964,3.9599956872782203,3.9626142090252245,3.9665793836121357
297.2,31.66328,-2.88485,27.9368,91.744,27.9368,27.9368,27.9368,27.9368,3.95791,3.9585187791169307,3.956654195896485,3.9586037470341275,3.9550791058912376,3.9617876277376345,3.9531496647330373,3.9567166705919927
297.3,31.7436,-2.89264,27.964,91.742,27.964,27.964,27.964,27.964,3.96795,3.970924060890911,3.971587043305769,3.970975094807549,3.968420936819817,3.9630417818160493,3.967376649719723,3.966804489360973
297.4,31.71752,-2.86673,28.12,91.739,28.12,28.12,28.12,28.12,3.96469,3.9690704238477905,3.963806839831474,3.9635467484999807,3.961803671777779,3.968281156787608,3.9633858269814013,3.968705264657987
297.5,31.69792,-2.90573,28.0009,91.736,28.0009,28.0009,28.0009,28.0009,3.96224,3.961694449884241,3.9666754934010933,3.964550189057638,3.9665175654695077,3.9593180813636333,3.960846943575306,3.9635043857566417
297.6,31.72552,-2.90427,28.0054,91.733,28.0054,28.0054,28.0054,28.0054,3.96569,3.9688065484781956,3.967152315536949,3.9614028312010903,3.9643191654692065,3.970318413648426,3.970649770492087,3.961660443407902
297.7,31.67464,-2.88225,28.0109,91.731,28.0109,28.0109,28.0109,28.0109,3.95933,3.9642162208307696,3.9620646040627494,3.9546056655678465,3.9638615824463796,3.9615569019863015,3.963277123283998,3.960691246372125
297.8,31.70776,-2.89413,28.0192,91.728,28.0192,28.0192,28.0192,28.0192,3.96347,3.9591556764139817,3.9594046646071233,3.961196301230976,3.9620919331031845,3.9652717811004425,3.959322191648282,3.9664882335292035
297.9,31.69928,-2.91412,28.0113,91.725,28.0113,28.0113,28.0113,28.0113,3.96241,3.961656009656447,3.9649795099435443,3.9666068354476924,3.9647691399162084,3.9641615530466097,3.958544049115694,3.9636113587912605
298.0,31.70064,-2.89165,28.0479,91.722,28.0479,28.0479,28.0479,28.0479,3.96258,3.960595358803368,3.9636008032783563,3.958842224724776,3.9622832524443754,3.965333104602602,3.958951757565895,3.9666364820703546
298.1,31.72456,-2.89405,28.1149,91.719,28.1149,28.1149,28.1149,28.1149,3.96557,3.966719948071268,3.968540478860811,3.9704246263883394,3.9652239312436084,3.9616669238648985,3.965657698505634,3.9688956178053902
298.2,31.71136,-2.92691,27.992,91.717,27.992,27.992,27.992,27.992,3.96392,3.9681438212525384,3.964671552973261,3.962374358849682,3.9649552033593625,3.9614684482926066,3.964618441190448,3.968441652883982
298.3,31.70056,-2.90977,28.0052,91.714,28.0052,28.0052,28.0052,28.0052,3.96257,3.9658240606825044,3.965239364835128,3.962111149287907,3.962993045458789,3.9669509639773533,3.9605877830388483,3.96351695628983
298.4,31.65368,-2.89715,28.0431,91.711,28.0431,28.0431,28.0431,28.0431,3.95671,3.9529122811668342,3.9581213505465893,3.9562307506800036,3.9541216858497794,3.961647580577392,3.9527331934638292,3.9552685269445504
298.5,31.67008,-2.87831,28.1359,91.708,28.1359,28.1359,28.1359,28.1359,3.95876,3.9618265976230727,3.9595553968010164,3.961766173073639,3.9628791004961266,3.961966174490934,3.955772788822941,3.961333232732796
298.6,31.69,-2.88953,28.0244,91.706,28.0244,28.0244,28.0244,28.0244,3.96125,3.9653171176479654,3.964224728007369,3.9602101134210157,3.9619438030829732,3.9622953745782494,3.9623943822801624,3.960689283113338
298.7,31.69496,-2.90846,27.9886,91.703,27.9886,27.9886,27.9886,27.9886,3.96187,3.96571129505174,3.9614199782834034,3.9603367321867657,3.9573831184057044,3.9582454708061166,3.9598809236187122,3.9610223322372464
298.8,31.66536,-2.91062,27.9219,91.7,27.9219,27.9219,27.9219,27.9219,3.95817,3.959085329529649,3.9561071572107176,3.955880951123789,3.955166918467704,3.962672493120364,3.9604837874401877,3.9562753400566413
298.9,31.75008,-2.88803,27.9978,91.697,27.9978,27.9978,27.9978,27.9978,3.96876,3.9643859211967736,3.9681956285480426,3.973176220010905,3.9713264593801436,3.9680790037839793,3.9665880806688154,3.9723359134376164
299.0,31.7284,-2.93639,27.9919,91.694,27.9919,27.9919,27.9919,27.9919,3.96605,3.963813999445356,3.9628460912159222,3.9665100480430526,3.9707288119586432,3.9643356822150153,3.963977498346414,3.9658018699665822
299.1,31.70624,-2.91211,27.9729,91.692,27.9729,27.9729,27.9729,27.9729,3.96328,3.960198670604042,3.9640758455173786,3.9606965210020078,3.962280220909278,3.9587946597193238,3.966726807851953,3.9663086068709195
299.2,31.69328,-2.87886,28.0491,91.689,28.0491,28.0491,28.0491,28.0491,3.96166,3.9570526458729725,3.964511429437493,3.965315427665911,3.963446862628448,3.9578939764373526,3.9638655096770816,3.9637462037079434
299.3,31.68624,-2.89555,28.0296,91.686,28.0296,28.0296,28.0296,28.0296,3.96078,3.9649941495809586,3.9565205265982306,3.9637564318427474,3.9631264293371706,3.959833379792794,3.9605845388036984,3.965492807817102
299.4,31.66824,-2.91138,28.1314,91.683,28.1314,28.1314,28.1314,28.1314,3.95853,3.9588808810513267,3.9550535187687,3.954733597693788,3.9583641199366277,3.9573583373131513,3.9630843282407517,3.9545235200275286
299.5,31.69272,-2.91803,28.0592,91.681,28.0592,28.0592,28.0592,28.0592,3.96159,3.964840010522996,3.9664659724047047,3.96554078542967,3.9596476944967556,3.9638172748803,3.9614986793129323,3.963285603052013
299.6,31.6968,-2.8874,28.1073,91.678,28.1073,28.1073,28.1073,28.1073,3.9621,3.9663310428862255,3.9658689153410944,3.961314582705406,3.9647169337756,3.963426095607987,3.9575843059633957,3.9574216108834426
299.7,31.66064,-2.89883,28.0369,91.675,28.0369,28.0369,28.0369,28.0369,3.95758,3.959586442592311,3.960446519511354,3.9596658329754755,3.9547468028272266,3.9532358672660863,3.96063185873523,3.96228347066219
299.8,31.69824,-2.90328,27.995,91.672,27.995,27.995,27.995,27.995,3.96228,3.960833909319982,3.9617575959805347,3.962506534499561,3.958752036640762,3.966382844188247,3.96680965518547,3.963155755436432
299.9,31.68624,-2.89439,28.0853,91.669,28.0853,28.0853,28.0853,28.0853,3.96078,3.965566202348878,3.9652624870884776,3.9573119935527297,3.9648727675890285,3.9595615605973182,3.96419281632719,3.9578127742056
300.0,31.64392,-2.89753,27.9809,91.667,27.9809,27.9809,27.9809,27.9809,3.95549,3.959267611696616,3.955728238736233,3.9600425721851047,3.959570573911792,3.9555577049283643,3.9529459887042484,3.953899755638676
300.1,31.66888,-2.89868,28.1185,91.664,28.1185,28.1185,28.1185,28.1185,3.95861,3.9617255379273746,3.9605743271254648,3.95759610153693,3.9540666882437447,3.9633938973537672,3.9583515967750156,3.960503921718541
300.2,31.67936,-2.91986,28.0047,91.661,28.0047,28.0047,28.0047,28.0047,3.95992,3.9595637225584315,3.957584383515473,3.9648004421332947,3.9560035211545905,3.959998069106026,3.95863373275804,3.963976082017456
102.5,32.18312,-2.89718,27.1101,97.153,27.1101,27.1101,27.1101,27.1101,4.02289,4.01822217765177,4.0276033952543315,4.024120083152185,4.024887192442119,4.025824784879915,4.021383617292027,4.024645845417037
300.3,31.73432,-2.9154,28.0944,91.658,28.0944,28.0944,28.0944,28.0944,3.96679,3.969768394529745,3.963296750083256,3.971695392465902,3.965282567921558,3.9717026783813356,3.9690668075324083,3.963805510990959
300.4,31.70216,-2.88878,28.073,91.656,28.073,28.073,28.073,28.073,3.96277,3.9670572542164715,3.958508466571489,3.9648398547450223,3.9657257926789597,3.964643854156545,3.96167474368902,3.966010456569689
300.5,31.65656,-2.89161,27.9927,91.653,27.9927,27.9927,27.9927,27.9927,3.95707,3.954294400306029,3.957235392641239,3.953658805712763,3.9523642246868067,3.9574639228524546,3.958944752933024,3.9596691427600557
300.6,31.7,-2.89427,28.124,91.65,28.124,28.124,28.124,28.124,3.9625,3.9665847174317705,3.9658434119212114,3.9656111992958545,3.9645126325128714,3.9646398881226137,3.9655063997250517,3.9628422757388932
300.7,31.65104,-2.9088,28.1671,91.647,28.1671,28.1671,28.1671,28.1671,3.95638,3.951395960296837,3.9554849179465448,3.960585625226339,3.95628343909047,3.960360031454162,3.953758547871337,3.9527785381174
300.8,31.71392,-2.88852,28.0074,91.644,28.0074,28.0074,28.0074,28.0074,3.96424,3.963193113611813,3.964097265350603,3.9689488314359793,3.962400440976461,3.964866867828375,3.9637946814318403,3.9603460556571366
300.9,31.6764,-2.90556,28.0135,91.642,28.0135,28.0135,28.0135,28.0135,3.95955,3.958284598591876,3.9562411863535303,3.9598574538866074,3.9604016502991115,3.9591451381635534,3.9570651747356207,3.95984877317536
301.0,31.6852,-2.88048,28.0574,91.639,28.0574,28.0574,28.0574,28.0574,3.96065,3.9585235252362665,3.9647500121768697,3.957812094604942,3.957075100578649,3.9628953671107205,3.965638411083935,3.96442839087529
301.1,31.71904,-2.9112,28.1058,91.636,28.1058,28.1058,28.1058,28.1058,3.96488,3.960914045132962,3.9636773141442565,3.968418115855858,3.9667733158353875,3.9660769965578315,3.964102342542824,3.964828435783778
301.2,31.65608,-2.90788,28.1277,91.633,28.1277,28.1277,28.1277,28.1277,3.95701,3.953506511025274,3.9528712337635117,3.959372871883614,3.9572969954125288,3.9568100026056703,3.9570752037787686,3.9531250617327975
301.3,31.65328,-2.90227,28.0332,91.631,28.0332,28.0332,28.0332,28.0332,3.95666,3.95488149205342,3.9583817037577833,3.954079948693382,3.9549271895529254,3.9574501908765267,3.9565232731572966,3.9540326785323887
301.4,31.67256,-2.88729,28.0634,91.628,28.0634,28.0634,28.0634,28.0634,3.95907,3.9552921721901013,3.9545944724078916,3.9582830857679747,3.961527111128814,3.9545163516156174,3.960460143360975,3.957553470326967
301.5,31.71128,-2.90053,28.0345,91.625,28.0345,28.0345,28.0345,28.0345,3.96391,3.9638988839219746,3.966260580085356,3.9607536888592842,3.9658070918502295,3.9618304138968563,3.9641668056541586,3.9606177843613617
301.6,31.6496,-2.89943,28.0313,91.622,28.0313,28.0313,28.0313,28.0313,3.9562,3.959317528475719,3.9564126164985853,3.952454110807421,3.958629320436318,3.9568366478820094,3.955440049994103,3.9543196852407
301.7,31.61792,-2.90587,28.0246,91.619,28.0246,28.0246,28.0246,28.0246,3.95224,3.9532214818745315,3.9479599209475675,3.9484518229392624,3.9569215722984885,3.948463582453177,3.9498349067721086,3.9566691809461925
301.8,31.6748,-2.89598,27.9752,91.617,27.9752,27.9752,27.9752,27.9752,3.95935,3.9599916841579654,3.961860729781839,3.9560743032505146,3.956951204181173,3.9632500173977747,3.9625185292409335,3.9607542914751543
301.9,31.69864,-2.90106,28.1092,91.614,28.1092,28.1092,28.1092,28.1092,3.96233,3.9647699895669537,3.962014084127605,3.9598637064188362,3.9643454582542397,3.9593368445518435,3.9606140422572094,3.9662952507035896
302.0,31.714,-2.91176,28.064,91.611,28.064,28.064,28.064,28.064,3.96425,3.9627804096814985,3.9671697051779,3.9688046500665144,3.9658127544470614,3.9608855598702974,3.9634922297051896,3.964256622648001
302.1,31.67384,-2.89809,28.1499,91.608,28.1499,28.1499,28.1499,28.1499,3.95923,3.9550213869913238,3.9632208582177024,3.960037084778302,3.963125128155973,3.956585896929159,3.9639107469957415,3.961882302927844
302.2,31.67488,-2.89774,28.1083,91.606,28.1083,28.1083,28.1083,28.1083,3.95936,3.95484233127932,3.959598502459766,3.9593908885800326,3.959146784143808,3.958066536167459,3.9556096473928277,3.956584318954259
302.3,31.71224,-2.86475,28.0353,91.603,28.0353,28.0353,28.0353,28.0353,3.96403,3.9625471882212704,3.9656482956946326,3.961769506857407,3.9639839624486535,3.9650462476451844,3.962432797811049,3.962297200740913
302.4,31.63944,-2.90917,27.9913,91.6,27.9913,27.9913,27.9913,27.9913,3.95493,3.9593627659053108,3.958572438804828,3.9583161156253235,3.954874856594787,3.954320730379705,3.9535577077425104,3.957647091044393
302.5,31.67472,-2.91259,28.1723,91.597,28.1723,28.1723,28.1723,28.1723,3.95934,3.9590293717892497,3.9639301594785663,3.959155901651698,3.956859062477911,3.9635604645947535,3.9577002357345665,3.9635425608473005
302.6,31.6884,-2.89581,27.9588,91.594,27.9588,27.9588,27.9588,27.9588,3.96105,3.9645530181061797,3.960241330732324,3.961022032078656,3.964185286837878,3.9602505021525247,3.9632015849481856,3.9653549625210864
302.7,31.6944,-2.91489,28.0406,91.592,28.0406,28.0406,28.0406,28.0406,3.9618,3.9601871545346268,3.9623784334937104,3.9660520863533826,3.966694726882859,3.961812850141125,3.9665323607429843,3.9583900369043543
302.8,31.67112,-2.9161,28.042,91.589,28.042,28.042,28.042,28.042,3.95889,3.961530935383988,3.9558821602554746,3.9619402192814235,3.962268506928202,3.957115100173169,3.9578108339565907,3.9554746484391496
302.9,31.684,-2.92155,28.0233,91.586,28.0233,28.0233,28.0233,28.0233,3.9605,3.9614701414875166,3.958776450928629,3.956624972693662,3.9606500641065048,3.9632073238496797,3.9563973731811424,3.9641045849697365
303.0,31.6232,-2.91162,28.0115,91.583,28.0115,28.0115,28.0115,28.0115,3.9529,3.956724150065332,3.949285252975215,3.950730648300493,3.9560492918074495,3.9572120984857166,3.955799739938604,3.94804569145163
102.6,32.17328,-2.90554,27.1376,97.15,27.1376,27.1376,27.1376,27.1376,4.02166,4.018205157791929,4.0170708250841765,4.017515535022831,4.024837800883871,4.021802178172447,4.017342405546369,4.022024485589186
303.1,31.66688,-2.91125,27.9897,91.581,27.9897,27.9897,27.9897,27.9897,3.95836,3.9552505621178105,3.958812658741737,3.9584372023393586,3.962953779068329,3.9544083478319494,3.958011260967875,3.9563844045706276
303.2,31.69336,-2.91925,28.0199,91.578,28.0199,28.0199,28.0199,28.0199,3.96167,3.9588461223238283,3.9573085673634063,3.959463317144464,3.960968987088753,3.963245417881902,3.9642339148593124,3.9582885895512003
303.3,31.65864,-2.90375,28.0609,91.575,28.0609,28.0609,28.0609,28.0609,3.95733,3.960323538170794,3.9550479110250074,3.95757465732843,3.9548197916520413,3.96226846066877,3.961001847421904,3.956902425117304
303.4,31.68344,-2.93549,28.0827,91.572,28.0827,28.0827,28.0827,28.0827,3.96043,3.962826673750552,3.9595081793447546,3.963943384619502,3.961119131213823,3.9641045885095414,3.9574947946064194,3.9625426958323837
303.5,31.69256,-2.89262,28.0334,91.569,28.0334,28.0334,28.0334,28.0334,3.96157,3.9609384561246226,3.9649457154307624,3.9589695417206325,3.9568155302312737,3.9657559062880567,3.9659982021077793,3.958364023529189
303.6,31.67336,-2.90835,28.0335,91.567,28.0335,28.0335,28.0335,28.0335,3.95917,3.9595946723210584,3.9640769036620456,3.963030459495518,3.961731475214727,3.959749773319408,3.9571223429582174,3.9627441709522735
303.7,31.68544,-2.90615,28.0032,91.564,28.0032,28.0032,28.0032,28.0032,3.96068,3.9654867859224834,3.956169041528623,3.9609237096760292,3.9584106024884447,3.960303671097834,3.963588040890373,3.9621558711971754
303.8,31.658,-2.8912,28.0763,91.561,28.0763,28.0763,28.0763,28.0763,3.95725,3.955529270414385,3.9619528793873706,3.960759789372966,3.954418748207549,3.9571767759655874,3.9554426172924835,3.9580890499549737
303.9,31.67592,-2.89442,28.0696,91.558,28.0696,28.0696,28.0696,28.0696,3.95949,3.9640409448071576,3.9628305188002155,3.9564460765259692,3.9572873251462934,3.9609106744317684,3.9631065210125644,3.962957014707897
304.0,31.69528,-2.90945,28.09,91.556,28.09,28.09,28.09,28.09,3.96191,3.966075459230513,3.9617499029830348,3.9585328237818866,3.9619896163196118,3.957045301230684,3.960552604776853,3.958164962936883
304.1,31.68424,-2.89322,28.0352,91.553,28.0352,28.0352,28.0352,28.0352,3.96053,3.964723440682174,3.957915430300264,3.963411833739117,3.9640156042094237,3.963963878029671,3.962625872410673,3.962302148630332
304.2,31.66616,-2.87677,28.0135,91.55,28.0135,28.0135,28.0135,28.0135,3.95827,3.9547696563037906,3.9564042372747634,3.957238929980124,3.963150305603358,3.9546600683071973,3.9631172178265834,3.955007416575778
304.3,31.68536,-2.91518,28.0674,91.547,28.0674,28.0674,28.0674,28.0674,3.96067,3.9591036040214784,3.960856552116528,3.9640572447336484,3.9563583138590017,3.9588028214888507,3.9611090747841162,3.9597118167481855
304.4,31.69696,-2.88869,28.1003,91.544,28.1003,28.1003,28.1003,28.1003,3.96212,3.96571813654011,3.9668069591774824,3.9609003933248665,3.9641947269890165,3.9661036335227386,3.959805522281053,3.9622169852656515
304.5,31.63032,-2.9167,28.0163,91.542,28.0163,28.0163,28.0163,28.0163,3.95379,3.9546515576759997,3.949580242493962,3.950477734800439,3.9552047069930025,3.957418676538245,3.953320144764214,3.9567732068532644
304.6,31.70712,-2.88237,28.0323,91.539,28.0323,28.0323,28.0323,28.0323,3.96339,3.9610736142602567,3.964617783089548,3.9663753099802985,3.962917373079506,3.964137710317058,3.9585493573893604,3.961842969875101
304.7,31.67104,-2.91068,27.997,91.536,27.997,27.997,27.997,27.997,3.95888,3.959902066298815,3.9589127350384707,3.9579317389549153,3.95988949016619,3.9548892100300277,3.9572967169981994,3.9546965277695345
304.8,31.68904,-2.91125,28.0006,91.533,28.0006,28.0006,28.0006,28.0006,3.96113,3.9619190345614035,3.956152232780158,3.963480107203241,3.9610696304402992,3.958244607229229,3.9569251965599586,3.959857685208165
304.9,31.70736,-2.88276,28.0386,91.531,28.0386,28.0386,28.0386,28.0386,3.96342,3.959741345881401,3.9664683800624254,3.966763357997753,3.958509842374309,3.963222334862085,3.9668717639481357,3.960906430924489
305.0,31.64552,-2.88918,28.0213,91.528,28.0213,28.0213,28.0213,28.0213,3.95569,3.95194703508354,3.9549639921052635,3.951702815915918,3.954073018881504,3.951261455821101,3.9602673702128923,3.959468666742017
305.1,31.6612,-2.91019,28.1203,91.525,28.1203,28.1203,28.1203,28.1203,3.95765,3.9604018789498827,3.961648422064803,3.9567219397614477,3.9554913885789253,3.962565742867476,3.9600987682698747,3.95610203318523
305.2,31.67104,-2.89809,28.0745,91.522,28.0745,28.0745,28.0745,28.0745,3.95888,3.9597803768292383,3.963643601852748,3.958048269147525,3.963337162502968,3.962226200013103,3.960702282771728,3.958408449669128
305.3,31.65896,-2.91065,28.1491,91.519,28.1491,28.1491,28.1491,28.1491,3.95737,3.9600241191441437,3.9552693950189566,3.9590467427456564,3.9550627117982984,3.959859307240115,3.9583195423400683,3.9534127214267456
305.4,31.71912,-2.92389,28.1502,91.517,28.1502,28.1502,28.1502,28.1502,3.96489,3.966629606254709,3.964384559254212,3.9687994529824153,3.9680216534994224,3.9603520863248227,3.9680193396023564,3.968848752076495
305.5,31.65672,-2.89716,28.075,91.514,28.075,28.075,28.075,28.075,3.95709,3.9588647739168357,3.9602734891172875,3.9619095463368756,3.957289627452337,3.953617245433606,3.9520900168643336,3.96089415726398
305.6,31.66376,-2.90535,27.9544,91.511,27.9544,27.9544,27.9544,27.9544,3.95797,3.9548525468399878,3.957674948297091,3.955143985635576,3.959777252597022,3.9570741772447926,3.9570423455824195,3.9623232224072966
305.7,31.68176,-2.91419,28.099,91.508,28.099,28.099,28.099,28.099,3.96022,3.9600139796583345,3.9622993405188214,3.962800105364,3.96232849399304,3.9570495785959348,3.9593559158549354,3.9601034138998035
